pid=54774 ppid=54741 AE_TMUX_SERVER=<unset> AE_TMUX_SERVER_KIND=<unset> argc=3 <has-session> <-t> <t1>
pid=54869 ppid=54741 AE_TMUX_SERVER=<unset> AE_TMUX_SERVER_KIND=<unset> argc=6 <new-session> <-d> <-s> <t1> <-c> </private/tmp/aelx/T-100/t100-B-waiting-user/w>
pid=54884 ppid=54741 AE_TMUX_SERVER=<unset> AE_TMUX_SERVER_KIND=<unset> argc=5 <set-environment> <-t> <t1> <-u> <CLAUDECODE>
pid=54896 ppid=54741 AE_TMUX_SERVER=<unset> AE_TMUX_SERVER_KIND=<unset> argc=5 <set-environment> <-t> <t1> <-u> <CLAUDE_CODE_SESSION>
pid=54903 ppid=54741 AE_TMUX_SERVER=<unset> AE_TMUX_SERVER_KIND=<unset> argc=5 <set-environment> <-t> <t1> <AE_SESSION> <1>
pid=54905 ppid=54741 AE_TMUX_SERVER=<unset> AE_TMUX_SERVER_KIND=<unset> argc=5 <set-environment> <-t> <t1> <AE_ORIGIN> </private/tmp/aelx/T-100/t100-B-waiting-user/w>
pid=54910 ppid=54741 AE_TMUX_SERVER=<unset> AE_TMUX_SERVER_KIND=<unset> argc=5 <set-environment> <-t> <t1> <AE_DIR> </private/tmp/aelx/T-100/t100-B-waiting-user/w>
pid=54918 ppid=54741 AE_TMUX_SERVER=<unset> AE_TMUX_SERVER_KIND=<unset> argc=5 <set-environment> <-t> <t1> <AE_MODE> <local>
pid=54921 ppid=54741 AE_TMUX_SERVER=<unset> AE_TMUX_SERVER_KIND=<unset> argc=5 <set-environment> <-t> <t1> <AE_HOME> </tmp/aelx/T-100/t100-B-waiting-user/h/.ae>
pid=54930 ppid=54741 AE_TMUX_SERVER=<unset> AE_TMUX_SERVER_KIND=<unset> argc=5 <set-option> <-t> <t1> <mouse> <on>
pid=54937 ppid=54741 AE_TMUX_SERVER=<unset> AE_TMUX_SERVER_KIND=<unset> argc=5 <set-option> <-t> <t1> <focus-events> <on>
pid=54940 ppid=54741 AE_TMUX_SERVER=<unset> AE_TMUX_SERVER_KIND=<unset> argc=5 <set-option> <-t> <t1> <history-limit> <50000>
pid=54947 ppid=54741 AE_TMUX_SERVER=<unset> AE_TMUX_SERVER_KIND=<unset> argc=5 <set-option> <-t> <t1> <pane-border-status> <top>
pid=54951 ppid=54741 AE_TMUX_SERVER=<unset> AE_TMUX_SERVER_KIND=<unset> argc=5 <set-option> <-t> <t1> <pane-border-format> < #{@ae_agent} >
pid=54953 ppid=54741 AE_TMUX_SERVER=<unset> AE_TMUX_SERVER_KIND=<unset> argc=3 <has-session> <-t> <t1>
pid=54961 ppid=54960 AE_TMUX_SERVER=<unset> AE_TMUX_SERVER_KIND=<unset> argc=3 <list-sessions> <-F> <#{session_id} #{session_name}>
pid=54983 ppid=54741 AE_TMUX_SERVER=<unset> AE_TMUX_SERVER_KIND=<unset> argc=5 <set-option> <-t> <$0> <status-left> <[ae t1] >
pid=54994 ppid=54741 AE_TMUX_SERVER=<unset> AE_TMUX_SERVER_KIND=<unset> argc=5 <set-option> <-t> <$0> <status-left-length> <40>
pid=55000 ppid=54741 AE_TMUX_SERVER=<unset> AE_TMUX_SERVER_KIND=<unset> argc=5 <set-option> <-t> <$0> <status-right> <[…te/tmp/aelx/T-100/t100-B-waiting-user/w#{@ae_branch_status}] #{@ae_watchdog_status}>
pid=55007 ppid=54741 AE_TMUX_SERVER=<unset> AE_TMUX_SERVER_KIND=<unset> argc=5 <set-option> <-t> <$0> <status-right-length> <100>
pid=55014 ppid=54741 AE_TMUX_SERVER=<unset> AE_TMUX_SERVER_KIND=<unset> argc=5 <set-option> <-t> <$0> <status-interval> <5>
pid=55017 ppid=54741 AE_TMUX_SERVER=<unset> AE_TMUX_SERVER_KIND=<unset> argc=5 <set-option> <-t> <$0> <status> <2>
pid=55021 ppid=55020 AE_TMUX_SERVER=<unset> AE_TMUX_SERVER_KIND=<unset> argc=3 <show-options> <-gv> <status-format[0]>
pid=55025 ppid=54741 AE_TMUX_SERVER=<unset> AE_TMUX_SERVER_KIND=<unset> argc=5 <set-option> <-t> <$0> <status-format[0]> <#[align=left range=left #{E:status-left-style}]#[push-default]#{T;=/#{status-left-length}:status-left}#[pop-default]#[norange default]#[list=on align=#{status-justify}]#[list=left-marker]<#[list=right-marker]>#[list=on]#{W:#[range=window|#{window_index} #{E:window-status-style}#{?#{&&:#{window_last_flag},#{!=:#{E:window-status-last-style},default}}, #{E:window-status-last-style},}#{?#{&&:#{window_bell_flag},#{!=:#{E:window-status-bell-style},default}}, #{E:window-status-bell-style},#{?#{&&:#{||:#{window_activity_flag},#{window_silence_flag}},#{!=:#{E:window-status-activity-style},default}}, #{E:window-status-activity-style},}}]#[push-default]#{T:window-status-format}#[pop-default]#[norange default]#{?loop_last_flag,,#{E:window-status-separator}},#[range=window|#{window_index} list=focus #{?#{!=:#{E:window-status-current-style},default},#{E:window-status-current-style},#{E:window-status-style}}#{?#{&&:#{window_last_flag},#{!=:#{E:window-status-last-style},default}}, #{E:window-status-last-style},}#{?#{&&:#{window_bell_flag},#{!=:#{E:window-status-bell-style},default}}, #{E:window-status-bell-style},#{?#{&&:#{||:#{window_activity_flag},#{window_silence_flag}},#{!=:#{E:window-status-activity-style},default}}, #{E:window-status-activity-style},}}]#[push-default]#{T:window-status-current-format}#[pop-default]#[norange list=on default]#{?loop_last_flag,,#{E:window-status-separator}}}#[nolist align=right range=right #{E:status-right-style}]#[push-default]#{T;=/#{status-right-length}:status-right}#[pop-default]#[norange default]>
pid=55027 ppid=54741 AE_TMUX_SERVER=<unset> AE_TMUX_SERVER_KIND=<unset> argc=5 <set-option> <-t> <$0> <status-format[1]> <#[align=left] #{@ae_agent}#[align=right]#{@ae_agents_status} >
pid=55029 ppid=54741 AE_TMUX_SERVER=<unset> AE_TMUX_SERVER_KIND=<unset> argc=5 <set-option> <-t> <$0> <window-status-format> <#I:#W#{@ae_window_status}#F>
pid=55031 ppid=54741 AE_TMUX_SERVER=<unset> AE_TMUX_SERVER_KIND=<unset> argc=5 <set-option> <-t> <$0> <window-status-current-format> <#I:#W#{@ae_window_status}#F>
pid=55033 ppid=54741 AE_TMUX_SERVER=<unset> AE_TMUX_SERVER_KIND=<unset> argc=5 <set-option> <-t> <t1> <automatic-rename> <off>
pid=55037 ppid=54741 AE_TMUX_SERVER=<unset> AE_TMUX_SERVER_KIND=<unset> argc=4 <rename-window> <-t> <t1> <t1>
pid=55039 ppid=54741 AE_TMUX_SERVER=<unset> AE_TMUX_SERVER_KIND=<unset> argc=5 <display-message> <-t> <t1> <-p> <#{pane_id}>
pid=55041 ppid=54741 AE_TMUX_SERVER=<unset> AE_TMUX_SERVER_KIND=<unset> argc=5 <select-pane> <-t> <%0> <-T> <ae:grok:grok>
pid=55043 ppid=54741 AE_TMUX_SERVER=<unset> AE_TMUX_SERVER_KIND=<unset> argc=6 <set-option> <-p> <-t> <%0> <@ae_agent> <grok:grok>
pid=55045 ppid=54741 AE_TMUX_SERVER=<unset> AE_TMUX_SERVER_KIND=<unset> argc=6 <set-option> <-p> <-t> <%0> <@ae_slot> <main>
pid=55067 ppid=55066 AE_TMUX_SERVER=<unset> AE_TMUX_SERVER_KIND=<unset> argc=3 <display-message> <-p> <#{socket_path}>
pid=55282 ppid=54741 AE_TMUX_SERVER=<unset> AE_TMUX_SERVER_KIND=<unset> argc=6 <list-panes> <-s> <-t> <t1> <-F> <#{pane_id}	#{@ae_agent}>
pid=55316 ppid=55315 AE_TMUX_SERVER=<unset> AE_TMUX_SERVER_KIND=<unset> argc=8 <-S> </private/tmp/aelx/T-100/t100-B-waiting-user/t/tmux-501/default> <list-panes> <-s> <-t> <t1> <-F> <#{pane_id}|#{@ae_slot}|#{@ae_agent}>
pid=55489 ppid=55488 AE_TMUX_SERVER=<unset> AE_TMUX_SERVER_KIND=<unset> argc=5 <display-message> <-p> <-t> <%0> <#{pane_current_command}>
pid=55499 ppid=54741 AE_TMUX_SERVER=<unset> AE_TMUX_SERVER_KIND=<unset> argc=4 <load-buffer> <-b> <ae-ps-54741-%0> <->
pid=55508 ppid=54741 AE_TMUX_SERVER=<unset> AE_TMUX_SERVER_KIND=<unset> argc=6 <paste-buffer> <-d> <-b> <ae-ps-54741-%0> <-t> <%0>
pid=55569 ppid=54741 AE_TMUX_SERVER=<unset> AE_TMUX_SERVER_KIND=<unset> argc=4 <send-keys> <-t> <%0> <Enter>
pid=55691 ppid=55689 AE_TMUX_SERVER=<unset> AE_TMUX_SERVER_KIND=<unset> argc=8 <-S> </private/tmp/aelx/T-100/t100-B-waiting-user/t/tmux-501/default> <list-panes> <-s> <-t> <t1> <-F> <#{pane_id} #{@ae_agent}>
pid=55695 ppid=55693 AE_TMUX_SERVER=<unset> AE_TMUX_SERVER_KIND=<unset> argc=12 <-S> </private/tmp/aelx/T-100/t100-B-waiting-user/t/tmux-501/default> <new-window> <-d> <-t> <t1:99> <-n> <ae-monitor> <-P> <-F> <#{pane_id}> </tmp/aelx/T-100/t100-B-waiting-user/h/.ae/sessions/t1/events-tail>
pid=55698 ppid=55615 AE_TMUX_SERVER=<unset> AE_TMUX_SERVER_KIND=<unset> argc=8 <-S> </private/tmp/aelx/T-100/t100-B-waiting-user/t/tmux-501/default> <set-option> <-p> <-t> <%1> <@ae_agent> <_events>
pid=55700 ppid=55615 AE_TMUX_SERVER=<unset> AE_TMUX_SERVER_KIND=<unset> argc=7 <-S> </private/tmp/aelx/T-100/t100-B-waiting-user/t/tmux-501/default> <select-pane> <-t> <%1> <-T> <ae events>
pid=55702 ppid=55615 AE_TMUX_SERVER=<unset> AE_TMUX_SERVER_KIND=<unset> argc=7 <-S> </private/tmp/aelx/T-100/t100-B-waiting-user/t/tmux-501/default> <set-window-option> <-t> <t1:ae-monitor> <pane-border-status> <top>
pid=55704 ppid=55615 AE_TMUX_SERVER=<unset> AE_TMUX_SERVER_KIND=<unset> argc=6 <-S> </private/tmp/aelx/T-100/t100-B-waiting-user/t/tmux-501/default> <select-pane> <-t> <%1> <-d>
pid=55751 ppid=55749 AE_TMUX_SERVER=<unset> AE_TMUX_SERVER_KIND=<unset> argc=8 <-S> </private/tmp/aelx/T-100/t100-B-waiting-user/t/tmux-501/default> <list-panes> <-s> <-t> <t1> <-F> <#{pane_id} #{@ae_agent}>
pid=55758 ppid=55756 AE_TMUX_SERVER=<unset> AE_TMUX_SERVER_KIND=<unset> argc=8 <-S> </private/tmp/aelx/T-100/t100-B-waiting-user/t/tmux-501/default> <list-panes> <-s> <-t> <t1> <-F> <#{pane_id} #{@ae_agent}>
pid=55764 ppid=55762 AE_TMUX_SERVER=<unset> AE_TMUX_SERVER_KIND=<unset> argc=8 <-S> </private/tmp/aelx/T-100/t100-B-waiting-user/t/tmux-501/default> <list-panes> <-s> <-t> <t1> <-F> <#{pane_id} #{@ae_agent}>
pid=55770 ppid=55769 AE_TMUX_SERVER=<unset> AE_TMUX_SERVER_KIND=<unset> argc=11 <-S> </private/tmp/aelx/T-100/t100-B-waiting-user/t/tmux-501/default> <split-window> <-v> <-b> <-t> <%1> <-P> <-F> <#{pane_id}> </tmp/aelx/T-100/t100-B-waiting-user/h/.ae/sessions/t1/watchdog _run>
pid=55774 ppid=55713 AE_TMUX_SERVER=<unset> AE_TMUX_SERVER_KIND=<unset> argc=8 <-S> </private/tmp/aelx/T-100/t100-B-waiting-user/t/tmux-501/default> <set-option> <-p> <-t> <%2> <@ae_agent> <_watchdog>
pid=55776 ppid=55713 AE_TMUX_SERVER=<unset> AE_TMUX_SERVER_KIND=<unset> argc=7 <-S> </private/tmp/aelx/T-100/t100-B-waiting-user/t/tmux-501/default> <select-pane> <-t> <%2> <-T> <ae watchdog>
pid=55788 ppid=55713 AE_TMUX_SERVER=<unset> AE_TMUX_SERVER_KIND=<unset> argc=6 <-S> </private/tmp/aelx/T-100/t100-B-waiting-user/t/tmux-501/default> <select-pane> <-t> <%2> <-d>
pid=55811 ppid=54741 AE_TMUX_SERVER=<unset> AE_TMUX_SERVER_KIND=<unset> argc=3 <select-pane> <-t> <%0>
pid=55816 ppid=55813 AE_TMUX_SERVER=<unset> AE_TMUX_SERVER_KIND=<unset> argc=5 <-S> </private/tmp/aelx/T-100/t100-B-waiting-user/t/tmux-501/default> <list-sessions> <-F> <#{session_id} #{session_name}>
pid=54741 ppid=54539 AE_TMUX_SERVER=<unset> AE_TMUX_SERVER_KIND=<unset> argc=3 <attach-session> <-t> <t1>
pid=55826 ppid=55772 AE_TMUX_SERVER=<unset> AE_TMUX_SERVER_KIND=<unset> argc=7 <-S> </private/tmp/aelx/T-100/t100-B-waiting-user/t/tmux-501/default> <set-option> <-t> <$0> <@ae_watchdog_status> <[watch ◌ starting]>
pid=55851 ppid=55849 AE_TMUX_SERVER=<unset> AE_TMUX_SERVER_KIND=<unset> argc=5 <-S> </private/tmp/aelx/T-100/t100-B-waiting-user/t/tmux-501/default> <list-sessions> <-F> <#{session_id} #{session_name}>
pid=55853 ppid=55836 AE_TMUX_SERVER=<unset> AE_TMUX_SERVER_KIND=<unset> argc=7 <-S> </private/tmp/aelx/T-100/t100-B-waiting-user/t/tmux-501/default> <set-option> <-t> <$0> <@ae_branch_name> <main>
pid=55864 ppid=55862 AE_TMUX_SERVER=<unset> AE_TMUX_SERVER_KIND=<unset> argc=5 <-S> </private/tmp/aelx/T-100/t100-B-waiting-user/t/tmux-501/default> <list-sessions> <-F> <#{session_id} #{session_name}>
pid=55867 ppid=55772 AE_TMUX_SERVER=<unset> AE_TMUX_SERVER_KIND=<unset> argc=7 <-S> </private/tmp/aelx/T-100/t100-B-waiting-user/t/tmux-501/default> <set-option> <-t> <$0> <@ae_branch_status> < main>
pid=55869 ppid=55772 AE_TMUX_SERVER=<unset> AE_TMUX_SERVER_KIND=<unset> argc=5 <-S> </private/tmp/aelx/T-100/t100-B-waiting-user/t/tmux-501/default> <has-session> <-t> <t1>
pid=55877 ppid=55772 AE_TMUX_SERVER=<unset> AE_TMUX_SERVER_KIND=<unset> argc=8 <-S> </private/tmp/aelx/T-100/t100-B-waiting-user/t/tmux-501/default> <list-panes> <-s> <-t> <t1> <-F> <#{pane_id}|#{@ae_agent}|#{pane_current_command}|#{pane_pid}>
pid=55881 ppid=55879 AE_TMUX_SERVER=<unset> AE_TMUX_SERVER_KIND=<unset> argc=7 <-S> </private/tmp/aelx/T-100/t100-B-waiting-user/t/tmux-501/default> <display-message> <-p> <-t> <%0> <#{@ae_slot}>
pid=55888 ppid=55887 AE_TMUX_SERVER=<unset> AE_TMUX_SERVER_KIND=<unset> argc=11 <-S> </private/tmp/aelx/T-100/t100-B-waiting-user/t/tmux-501/default> <capture-pane> <-p> <-J> <-S> <-40> <-E> <-> <-t> <%0>
pid=55929 ppid=55927 AE_TMUX_SERVER=<unset> AE_TMUX_SERVER_KIND=<unset> argc=5 <-S> </private/tmp/aelx/T-100/t100-B-waiting-user/t/tmux-501/default> <list-sessions> <-F> <#{session_id} #{session_name}>
pid=55932 ppid=55772 AE_TMUX_SERVER=<unset> AE_TMUX_SERVER_KIND=<unset> argc=7 <-S> </private/tmp/aelx/T-100/t100-B-waiting-user/t/tmux-501/default> <set-option> <-t> <$0> <@ae_watchdog_status> <[watch ● 1/1]>
pid=55948 ppid=55946 AE_TMUX_SERVER=<unset> AE_TMUX_SERVER_KIND=<unset> argc=5 <-S> </private/tmp/aelx/T-100/t100-B-waiting-user/t/tmux-501/default> <list-sessions> <-F> <#{session_id} #{session_name}>
pid=55950 ppid=55934 AE_TMUX_SERVER=<unset> AE_TMUX_SERVER_KIND=<unset> argc=7 <-S> </private/tmp/aelx/T-100/t100-B-waiting-user/t/tmux-501/default> <set-option> <-t> <$0> <@ae_branch_name> <main>
pid=55961 ppid=55959 AE_TMUX_SERVER=<unset> AE_TMUX_SERVER_KIND=<unset> argc=5 <-S> </private/tmp/aelx/T-100/t100-B-waiting-user/t/tmux-501/default> <list-sessions> <-F> <#{session_id} #{session_name}>
pid=55964 ppid=55772 AE_TMUX_SERVER=<unset> AE_TMUX_SERVER_KIND=<unset> argc=7 <-S> </private/tmp/aelx/T-100/t100-B-waiting-user/t/tmux-501/default> <set-option> <-t> <$0> <@ae_branch_status> < main>
pid=55977 ppid=55975 AE_TMUX_SERVER=<unset> AE_TMUX_SERVER_KIND=<unset> argc=5 <-S> </private/tmp/aelx/T-100/t100-B-waiting-user/t/tmux-501/default> <list-sessions> <-F> <#{session_id} #{session_name}>
pid=55979 ppid=55772 AE_TMUX_SERVER=<unset> AE_TMUX_SERVER_KIND=<unset> argc=7 <-S> </private/tmp/aelx/T-100/t100-B-waiting-user/t/tmux-501/default> <set-option> <-t> <$0> <@ae_agents_status> <grok●>
pid=55986 ppid=55985 AE_TMUX_SERVER=<unset> AE_TMUX_SERVER_KIND=<unset> argc=8 <-S> </private/tmp/aelx/T-100/t100-B-waiting-user/t/tmux-501/default> <list-panes> <-s> <-t> <t1> <-F> <#{pane_id}|#{window_id}|#{@ae_agent}>
pid=55989 ppid=55772 AE_TMUX_SERVER=<unset> AE_TMUX_SERVER_KIND=<unset> argc=8 <-S> </private/tmp/aelx/T-100/t100-B-waiting-user/t/tmux-501/default> <set-option> <-w> <-t> <@0> <@ae_window_status> <●>
pid=55991 ppid=55772 AE_TMUX_SERVER=<unset> AE_TMUX_SERVER_KIND=<unset> argc=8 <-S> </private/tmp/aelx/T-100/t100-B-waiting-user/t/tmux-501/default> <set-option> <-w> <-t> <@1> <@ae_window_status> <>
pid=57320 ppid=55772 AE_TMUX_SERVER=<unset> AE_TMUX_SERVER_KIND=<unset> argc=5 <-S> </private/tmp/aelx/T-100/t100-B-waiting-user/t/tmux-501/default> <has-session> <-t> <t1>
pid=57331 ppid=55772 AE_TMUX_SERVER=<unset> AE_TMUX_SERVER_KIND=<unset> argc=8 <-S> </private/tmp/aelx/T-100/t100-B-waiting-user/t/tmux-501/default> <list-panes> <-s> <-t> <t1> <-F> <#{pane_id}|#{@ae_agent}|#{pane_current_command}|#{pane_pid}>
pid=57339 ppid=57338 AE_TMUX_SERVER=<unset> AE_TMUX_SERVER_KIND=<unset> argc=7 <-S> </private/tmp/aelx/T-100/t100-B-waiting-user/t/tmux-501/default> <display-message> <-p> <-t> <%0> <#{@ae_slot}>
pid=57352 ppid=57350 AE_TMUX_SERVER=<unset> AE_TMUX_SERVER_KIND=<unset> argc=11 <-S> </private/tmp/aelx/T-100/t100-B-waiting-user/t/tmux-501/default> <capture-pane> <-p> <-J> <-S> <-40> <-E> <-> <-t> <%0>
pid=57414 ppid=57412 AE_TMUX_SERVER=<unset> AE_TMUX_SERVER_KIND=<unset> argc=5 <-S> </private/tmp/aelx/T-100/t100-B-waiting-user/t/tmux-501/default> <list-sessions> <-F> <#{session_id} #{session_name}>
pid=57420 ppid=55772 AE_TMUX_SERVER=<unset> AE_TMUX_SERVER_KIND=<unset> argc=7 <-S> </private/tmp/aelx/T-100/t100-B-waiting-user/t/tmux-501/default> <set-option> <-t> <$0> <@ae_watchdog_status> <[watch ● 1/1]>
pid=57445 ppid=57443 AE_TMUX_SERVER=<unset> AE_TMUX_SERVER_KIND=<unset> argc=5 <-S> </private/tmp/aelx/T-100/t100-B-waiting-user/t/tmux-501/default> <list-sessions> <-F> <#{session_id} #{session_name}>
pid=57456 ppid=57427 AE_TMUX_SERVER=<unset> AE_TMUX_SERVER_KIND=<unset> argc=7 <-S> </private/tmp/aelx/T-100/t100-B-waiting-user/t/tmux-501/default> <set-option> <-t> <$0> <@ae_branch_name> <main>
pid=57482 ppid=57480 AE_TMUX_SERVER=<unset> AE_TMUX_SERVER_KIND=<unset> argc=5 <-S> </private/tmp/aelx/T-100/t100-B-waiting-user/t/tmux-501/default> <list-sessions> <-F> <#{session_id} #{session_name}>
pid=57487 ppid=55772 AE_TMUX_SERVER=<unset> AE_TMUX_SERVER_KIND=<unset> argc=7 <-S> </private/tmp/aelx/T-100/t100-B-waiting-user/t/tmux-501/default> <set-option> <-t> <$0> <@ae_branch_status> < main>
pid=57503 ppid=57501 AE_TMUX_SERVER=<unset> AE_TMUX_SERVER_KIND=<unset> argc=5 <-S> </private/tmp/aelx/T-100/t100-B-waiting-user/t/tmux-501/default> <list-sessions> <-F> <#{session_id} #{session_name}>
pid=57506 ppid=55772 AE_TMUX_SERVER=<unset> AE_TMUX_SERVER_KIND=<unset> argc=7 <-S> </private/tmp/aelx/T-100/t100-B-waiting-user/t/tmux-501/default> <set-option> <-t> <$0> <@ae_agents_status> <grok●>
pid=57512 ppid=57511 AE_TMUX_SERVER=<unset> AE_TMUX_SERVER_KIND=<unset> argc=8 <-S> </private/tmp/aelx/T-100/t100-B-waiting-user/t/tmux-501/default> <list-panes> <-s> <-t> <t1> <-F> <#{pane_id}|#{window_id}|#{@ae_agent}>
pid=57516 ppid=55772 AE_TMUX_SERVER=<unset> AE_TMUX_SERVER_KIND=<unset> argc=8 <-S> </private/tmp/aelx/T-100/t100-B-waiting-user/t/tmux-501/default> <set-option> <-w> <-t> <@0> <@ae_window_status> <●>
pid=57518 ppid=55772 AE_TMUX_SERVER=<unset> AE_TMUX_SERVER_KIND=<unset> argc=8 <-S> </private/tmp/aelx/T-100/t100-B-waiting-user/t/tmux-501/default> <set-option> <-w> <-t> <@1> <@ae_window_status> <>
pid=59116 ppid=55772 AE_TMUX_SERVER=<unset> AE_TMUX_SERVER_KIND=<unset> argc=5 <-S> </private/tmp/aelx/T-100/t100-B-waiting-user/t/tmux-501/default> <has-session> <-t> <t1>
pid=59126 ppid=55772 AE_TMUX_SERVER=<unset> AE_TMUX_SERVER_KIND=<unset> argc=8 <-S> </private/tmp/aelx/T-100/t100-B-waiting-user/t/tmux-501/default> <list-panes> <-s> <-t> <t1> <-F> <#{pane_id}|#{@ae_agent}|#{pane_current_command}|#{pane_pid}>
pid=59129 ppid=59128 AE_TMUX_SERVER=<unset> AE_TMUX_SERVER_KIND=<unset> argc=7 <-S> </private/tmp/aelx/T-100/t100-B-waiting-user/t/tmux-501/default> <display-message> <-p> <-t> <%0> <#{@ae_slot}>
pid=59134 ppid=59133 AE_TMUX_SERVER=<unset> AE_TMUX_SERVER_KIND=<unset> argc=11 <-S> </private/tmp/aelx/T-100/t100-B-waiting-user/t/tmux-501/default> <capture-pane> <-p> <-J> <-S> <-40> <-E> <-> <-t> <%0>
pid=59151 ppid=59150 AE_TMUX_SERVER=<unset> AE_TMUX_SERVER_KIND=<unset> argc=11 <-S> </private/tmp/aelx/T-100/t100-B-waiting-user/t/tmux-501/default> <capture-pane> <-p> <-J> <-S> <-40> <-E> <-> <-t> <%0>
pid=59358 ppid=59357 AE_TMUX_SERVER=<unset> AE_TMUX_SERVER_KIND=<unset> argc=11 <-S> </private/tmp/aelx/T-100/t100-B-waiting-user/t/tmux-501/default> <capture-pane> <-p> <-J> <-S> <-40> <-E> <-> <-t> <%0>
pid=59387 ppid=59385 AE_TMUX_SERVER=<unset> AE_TMUX_SERVER_KIND=<unset> argc=5 <-S> </private/tmp/aelx/T-100/t100-B-waiting-user/t/tmux-501/default> <list-sessions> <-F> <#{session_id} #{session_name}>
pid=59389 ppid=55772 AE_TMUX_SERVER=<unset> AE_TMUX_SERVER_KIND=<unset> argc=7 <-S> </private/tmp/aelx/T-100/t100-B-waiting-user/t/tmux-501/default> <set-option> <-t> <$0> <@ae_watchdog_status> <[watch ● 1/1]>
pid=59406 ppid=59404 AE_TMUX_SERVER=<unset> AE_TMUX_SERVER_KIND=<unset> argc=5 <-S> </private/tmp/aelx/T-100/t100-B-waiting-user/t/tmux-501/default> <list-sessions> <-F> <#{session_id} #{session_name}>
pid=59408 ppid=59392 AE_TMUX_SERVER=<unset> AE_TMUX_SERVER_KIND=<unset> argc=7 <-S> </private/tmp/aelx/T-100/t100-B-waiting-user/t/tmux-501/default> <set-option> <-t> <$0> <@ae_branch_name> <main>
pid=59419 ppid=59416 AE_TMUX_SERVER=<unset> AE_TMUX_SERVER_KIND=<unset> argc=5 <-S> </private/tmp/aelx/T-100/t100-B-waiting-user/t/tmux-501/default> <list-sessions> <-F> <#{session_id} #{session_name}>
pid=59421 ppid=55772 AE_TMUX_SERVER=<unset> AE_TMUX_SERVER_KIND=<unset> argc=7 <-S> </private/tmp/aelx/T-100/t100-B-waiting-user/t/tmux-501/default> <set-option> <-t> <$0> <@ae_branch_status> < main>
pid=59434 ppid=59432 AE_TMUX_SERVER=<unset> AE_TMUX_SERVER_KIND=<unset> argc=5 <-S> </private/tmp/aelx/T-100/t100-B-waiting-user/t/tmux-501/default> <list-sessions> <-F> <#{session_id} #{session_name}>
pid=59436 ppid=55772 AE_TMUX_SERVER=<unset> AE_TMUX_SERVER_KIND=<unset> argc=7 <-S> </private/tmp/aelx/T-100/t100-B-waiting-user/t/tmux-501/default> <set-option> <-t> <$0> <@ae_agents_status> <grok⏳>
pid=59443 ppid=59442 AE_TMUX_SERVER=<unset> AE_TMUX_SERVER_KIND=<unset> argc=8 <-S> </private/tmp/aelx/T-100/t100-B-waiting-user/t/tmux-501/default> <list-panes> <-s> <-t> <t1> <-F> <#{pane_id}|#{window_id}|#{@ae_agent}>
pid=59446 ppid=55772 AE_TMUX_SERVER=<unset> AE_TMUX_SERVER_KIND=<unset> argc=8 <-S> </private/tmp/aelx/T-100/t100-B-waiting-user/t/tmux-501/default> <set-option> <-w> <-t> <@0> <@ae_window_status> <⏳>
pid=59448 ppid=55772 AE_TMUX_SERVER=<unset> AE_TMUX_SERVER_KIND=<unset> argc=8 <-S> </private/tmp/aelx/T-100/t100-B-waiting-user/t/tmux-501/default> <set-option> <-w> <-t> <@1> <@ae_window_status> <>
pid=60834 ppid=55772 AE_TMUX_SERVER=<unset> AE_TMUX_SERVER_KIND=<unset> argc=5 <-S> </private/tmp/aelx/T-100/t100-B-waiting-user/t/tmux-501/default> <has-session> <-t> <t1>
pid=60842 ppid=55772 AE_TMUX_SERVER=<unset> AE_TMUX_SERVER_KIND=<unset> argc=8 <-S> </private/tmp/aelx/T-100/t100-B-waiting-user/t/tmux-501/default> <list-panes> <-s> <-t> <t1> <-F> <#{pane_id}|#{@ae_agent}|#{pane_current_command}|#{pane_pid}>
pid=60845 ppid=60844 AE_TMUX_SERVER=<unset> AE_TMUX_SERVER_KIND=<unset> argc=7 <-S> </private/tmp/aelx/T-100/t100-B-waiting-user/t/tmux-501/default> <display-message> <-p> <-t> <%0> <#{@ae_slot}>
pid=60850 ppid=60849 AE_TMUX_SERVER=<unset> AE_TMUX_SERVER_KIND=<unset> argc=11 <-S> </private/tmp/aelx/T-100/t100-B-waiting-user/t/tmux-501/default> <capture-pane> <-p> <-J> <-S> <-40> <-E> <-> <-t> <%0>
pid=60884 ppid=60882 AE_TMUX_SERVER=<unset> AE_TMUX_SERVER_KIND=<unset> argc=5 <-S> </private/tmp/aelx/T-100/t100-B-waiting-user/t/tmux-501/default> <list-sessions> <-F> <#{session_id} #{session_name}>
pid=60887 ppid=55772 AE_TMUX_SERVER=<unset> AE_TMUX_SERVER_KIND=<unset> argc=7 <-S> </private/tmp/aelx/T-100/t100-B-waiting-user/t/tmux-501/default> <set-option> <-t> <$0> <@ae_watchdog_status> <[watch ● 1/1]>
pid=60903 ppid=60901 AE_TMUX_SERVER=<unset> AE_TMUX_SERVER_KIND=<unset> argc=5 <-S> </private/tmp/aelx/T-100/t100-B-waiting-user/t/tmux-501/default> <list-sessions> <-F> <#{session_id} #{session_name}>
pid=60905 ppid=60889 AE_TMUX_SERVER=<unset> AE_TMUX_SERVER_KIND=<unset> argc=7 <-S> </private/tmp/aelx/T-100/t100-B-waiting-user/t/tmux-501/default> <set-option> <-t> <$0> <@ae_branch_name> <main>
pid=60916 ppid=60914 AE_TMUX_SERVER=<unset> AE_TMUX_SERVER_KIND=<unset> argc=5 <-S> </private/tmp/aelx/T-100/t100-B-waiting-user/t/tmux-501/default> <list-sessions> <-F> <#{session_id} #{session_name}>
pid=60918 ppid=55772 AE_TMUX_SERVER=<unset> AE_TMUX_SERVER_KIND=<unset> argc=7 <-S> </private/tmp/aelx/T-100/t100-B-waiting-user/t/tmux-501/default> <set-option> <-t> <$0> <@ae_branch_status> < main>
pid=60931 ppid=60929 AE_TMUX_SERVER=<unset> AE_TMUX_SERVER_KIND=<unset> argc=5 <-S> </private/tmp/aelx/T-100/t100-B-waiting-user/t/tmux-501/default> <list-sessions> <-F> <#{session_id} #{session_name}>
pid=60934 ppid=55772 AE_TMUX_SERVER=<unset> AE_TMUX_SERVER_KIND=<unset> argc=7 <-S> </private/tmp/aelx/T-100/t100-B-waiting-user/t/tmux-501/default> <set-option> <-t> <$0> <@ae_agents_status> <grok⏳>
pid=60940 ppid=60939 AE_TMUX_SERVER=<unset> AE_TMUX_SERVER_KIND=<unset> argc=8 <-S> </private/tmp/aelx/T-100/t100-B-waiting-user/t/tmux-501/default> <list-panes> <-s> <-t> <t1> <-F> <#{pane_id}|#{window_id}|#{@ae_agent}>
pid=60944 ppid=55772 AE_TMUX_SERVER=<unset> AE_TMUX_SERVER_KIND=<unset> argc=8 <-S> </private/tmp/aelx/T-100/t100-B-waiting-user/t/tmux-501/default> <set-option> <-w> <-t> <@0> <@ae_window_status> <⏳>
pid=60946 ppid=55772 AE_TMUX_SERVER=<unset> AE_TMUX_SERVER_KIND=<unset> argc=8 <-S> </private/tmp/aelx/T-100/t100-B-waiting-user/t/tmux-501/default> <set-option> <-w> <-t> <@1> <@ae_window_status> <>
pid=62539 ppid=55772 AE_TMUX_SERVER=<unset> AE_TMUX_SERVER_KIND=<unset> argc=5 <-S> </private/tmp/aelx/T-100/t100-B-waiting-user/t/tmux-501/default> <has-session> <-t> <t1>
pid=62547 ppid=55772 AE_TMUX_SERVER=<unset> AE_TMUX_SERVER_KIND=<unset> argc=8 <-S> </private/tmp/aelx/T-100/t100-B-waiting-user/t/tmux-501/default> <list-panes> <-s> <-t> <t1> <-F> <#{pane_id}|#{@ae_agent}|#{pane_current_command}|#{pane_pid}>
pid=62550 ppid=62549 AE_TMUX_SERVER=<unset> AE_TMUX_SERVER_KIND=<unset> argc=7 <-S> </private/tmp/aelx/T-100/t100-B-waiting-user/t/tmux-501/default> <display-message> <-p> <-t> <%0> <#{@ae_slot}>
pid=62555 ppid=62554 AE_TMUX_SERVER=<unset> AE_TMUX_SERVER_KIND=<unset> argc=11 <-S> </private/tmp/aelx/T-100/t100-B-waiting-user/t/tmux-501/default> <capture-pane> <-p> <-J> <-S> <-40> <-E> <-> <-t> <%0>
pid=62590 ppid=62588 AE_TMUX_SERVER=<unset> AE_TMUX_SERVER_KIND=<unset> argc=5 <-S> </private/tmp/aelx/T-100/t100-B-waiting-user/t/tmux-501/default> <list-sessions> <-F> <#{session_id} #{session_name}>
pid=62592 ppid=55772 AE_TMUX_SERVER=<unset> AE_TMUX_SERVER_KIND=<unset> argc=7 <-S> </private/tmp/aelx/T-100/t100-B-waiting-user/t/tmux-501/default> <set-option> <-t> <$0> <@ae_watchdog_status> <[watch ● 1/1]>
pid=62610 ppid=62608 AE_TMUX_SERVER=<unset> AE_TMUX_SERVER_KIND=<unset> argc=5 <-S> </private/tmp/aelx/T-100/t100-B-waiting-user/t/tmux-501/default> <list-sessions> <-F> <#{session_id} #{session_name}>
pid=62613 ppid=62595 AE_TMUX_SERVER=<unset> AE_TMUX_SERVER_KIND=<unset> argc=7 <-S> </private/tmp/aelx/T-100/t100-B-waiting-user/t/tmux-501/default> <set-option> <-t> <$0> <@ae_branch_name> <main>
pid=62623 ppid=62621 AE_TMUX_SERVER=<unset> AE_TMUX_SERVER_KIND=<unset> argc=5 <-S> </private/tmp/aelx/T-100/t100-B-waiting-user/t/tmux-501/default> <list-sessions> <-F> <#{session_id} #{session_name}>
pid=62626 ppid=55772 AE_TMUX_SERVER=<unset> AE_TMUX_SERVER_KIND=<unset> argc=7 <-S> </private/tmp/aelx/T-100/t100-B-waiting-user/t/tmux-501/default> <set-option> <-t> <$0> <@ae_branch_status> < main>
pid=62640 ppid=62638 AE_TMUX_SERVER=<unset> AE_TMUX_SERVER_KIND=<unset> argc=5 <-S> </private/tmp/aelx/T-100/t100-B-waiting-user/t/tmux-501/default> <list-sessions> <-F> <#{session_id} #{session_name}>
pid=62642 ppid=55772 AE_TMUX_SERVER=<unset> AE_TMUX_SERVER_KIND=<unset> argc=7 <-S> </private/tmp/aelx/T-100/t100-B-waiting-user/t/tmux-501/default> <set-option> <-t> <$0> <@ae_agents_status> <grok⏳>
pid=62649 ppid=62648 AE_TMUX_SERVER=<unset> AE_TMUX_SERVER_KIND=<unset> argc=8 <-S> </private/tmp/aelx/T-100/t100-B-waiting-user/t/tmux-501/default> <list-panes> <-s> <-t> <t1> <-F> <#{pane_id}|#{window_id}|#{@ae_agent}>
pid=62652 ppid=55772 AE_TMUX_SERVER=<unset> AE_TMUX_SERVER_KIND=<unset> argc=8 <-S> </private/tmp/aelx/T-100/t100-B-waiting-user/t/tmux-501/default> <set-option> <-w> <-t> <@0> <@ae_window_status> <⏳>
pid=62654 ppid=55772 AE_TMUX_SERVER=<unset> AE_TMUX_SERVER_KIND=<unset> argc=8 <-S> </private/tmp/aelx/T-100/t100-B-waiting-user/t/tmux-501/default> <set-option> <-w> <-t> <@1> <@ae_window_status> <>
pid=63876 ppid=55772 AE_TMUX_SERVER=<unset> AE_TMUX_SERVER_KIND=<unset> argc=5 <-S> </private/tmp/aelx/T-100/t100-B-waiting-user/t/tmux-501/default> <has-session> <-t> <t1>
pid=63884 ppid=55772 AE_TMUX_SERVER=<unset> AE_TMUX_SERVER_KIND=<unset> argc=8 <-S> </private/tmp/aelx/T-100/t100-B-waiting-user/t/tmux-501/default> <list-panes> <-s> <-t> <t1> <-F> <#{pane_id}|#{@ae_agent}|#{pane_current_command}|#{pane_pid}>
pid=63889 ppid=63888 AE_TMUX_SERVER=<unset> AE_TMUX_SERVER_KIND=<unset> argc=7 <-S> </private/tmp/aelx/T-100/t100-B-waiting-user/t/tmux-501/default> <display-message> <-p> <-t> <%0> <#{@ae_slot}>
pid=63901 ppid=63899 AE_TMUX_SERVER=<unset> AE_TMUX_SERVER_KIND=<unset> argc=11 <-S> </private/tmp/aelx/T-100/t100-B-waiting-user/t/tmux-501/default> <capture-pane> <-p> <-J> <-S> <-40> <-E> <-> <-t> <%0>
pid=63941 ppid=63939 AE_TMUX_SERVER=<unset> AE_TMUX_SERVER_KIND=<unset> argc=5 <-S> </private/tmp/aelx/T-100/t100-B-waiting-user/t/tmux-501/default> <list-sessions> <-F> <#{session_id} #{session_name}>
pid=63944 ppid=55772 AE_TMUX_SERVER=<unset> AE_TMUX_SERVER_KIND=<unset> argc=7 <-S> </private/tmp/aelx/T-100/t100-B-waiting-user/t/tmux-501/default> <set-option> <-t> <$0> <@ae_watchdog_status> <[watch ● 1/1]>
pid=63960 ppid=63958 AE_TMUX_SERVER=<unset> AE_TMUX_SERVER_KIND=<unset> argc=5 <-S> </private/tmp/aelx/T-100/t100-B-waiting-user/t/tmux-501/default> <list-sessions> <-F> <#{session_id} #{session_name}>
pid=63962 ppid=63946 AE_TMUX_SERVER=<unset> AE_TMUX_SERVER_KIND=<unset> argc=7 <-S> </private/tmp/aelx/T-100/t100-B-waiting-user/t/tmux-501/default> <set-option> <-t> <$0> <@ae_branch_name> <main>
pid=63974 ppid=63972 AE_TMUX_SERVER=<unset> AE_TMUX_SERVER_KIND=<unset> argc=5 <-S> </private/tmp/aelx/T-100/t100-B-waiting-user/t/tmux-501/default> <list-sessions> <-F> <#{session_id} #{session_name}>
pid=63976 ppid=55772 AE_TMUX_SERVER=<unset> AE_TMUX_SERVER_KIND=<unset> argc=7 <-S> </private/tmp/aelx/T-100/t100-B-waiting-user/t/tmux-501/default> <set-option> <-t> <$0> <@ae_branch_status> < main>
pid=63989 ppid=63987 AE_TMUX_SERVER=<unset> AE_TMUX_SERVER_KIND=<unset> argc=5 <-S> </private/tmp/aelx/T-100/t100-B-waiting-user/t/tmux-501/default> <list-sessions> <-F> <#{session_id} #{session_name}>
pid=63992 ppid=55772 AE_TMUX_SERVER=<unset> AE_TMUX_SERVER_KIND=<unset> argc=7 <-S> </private/tmp/aelx/T-100/t100-B-waiting-user/t/tmux-501/default> <set-option> <-t> <$0> <@ae_agents_status> <grok⏳>
pid=63998 ppid=63997 AE_TMUX_SERVER=<unset> AE_TMUX_SERVER_KIND=<unset> argc=8 <-S> </private/tmp/aelx/T-100/t100-B-waiting-user/t/tmux-501/default> <list-panes> <-s> <-t> <t1> <-F> <#{pane_id}|#{window_id}|#{@ae_agent}>
pid=64002 ppid=55772 AE_TMUX_SERVER=<unset> AE_TMUX_SERVER_KIND=<unset> argc=8 <-S> </private/tmp/aelx/T-100/t100-B-waiting-user/t/tmux-501/default> <set-option> <-w> <-t> <@0> <@ae_window_status> <⏳>
pid=64004 ppid=55772 AE_TMUX_SERVER=<unset> AE_TMUX_SERVER_KIND=<unset> argc=8 <-S> </private/tmp/aelx/T-100/t100-B-waiting-user/t/tmux-501/default> <set-option> <-w> <-t> <@1> <@ae_window_status> <>
pid=65160 ppid=55772 AE_TMUX_SERVER=<unset> AE_TMUX_SERVER_KIND=<unset> argc=5 <-S> </private/tmp/aelx/T-100/t100-B-waiting-user/t/tmux-501/default> <has-session> <-t> <t1>
pid=65176 ppid=55772 AE_TMUX_SERVER=<unset> AE_TMUX_SERVER_KIND=<unset> argc=8 <-S> </private/tmp/aelx/T-100/t100-B-waiting-user/t/tmux-501/default> <list-panes> <-s> <-t> <t1> <-F> <#{pane_id}|#{@ae_agent}|#{pane_current_command}|#{pane_pid}>
pid=65187 ppid=65185 AE_TMUX_SERVER=<unset> AE_TMUX_SERVER_KIND=<unset> argc=7 <-S> </private/tmp/aelx/T-100/t100-B-waiting-user/t/tmux-501/default> <display-message> <-p> <-t> <%0> <#{@ae_slot}>
pid=65199 ppid=65198 AE_TMUX_SERVER=<unset> AE_TMUX_SERVER_KIND=<unset> argc=11 <-S> </private/tmp/aelx/T-100/t100-B-waiting-user/t/tmux-501/default> <capture-pane> <-p> <-J> <-S> <-40> <-E> <-> <-t> <%0>
pid=65237 ppid=65235 AE_TMUX_SERVER=<unset> AE_TMUX_SERVER_KIND=<unset> argc=5 <-S> </private/tmp/aelx/T-100/t100-B-waiting-user/t/tmux-501/default> <list-sessions> <-F> <#{session_id} #{session_name}>
pid=65239 ppid=55772 AE_TMUX_SERVER=<unset> AE_TMUX_SERVER_KIND=<unset> argc=7 <-S> </private/tmp/aelx/T-100/t100-B-waiting-user/t/tmux-501/default> <set-option> <-t> <$0> <@ae_watchdog_status> <[watch ● 1/1]>
pid=65256 ppid=65254 AE_TMUX_SERVER=<unset> AE_TMUX_SERVER_KIND=<unset> argc=5 <-S> </private/tmp/aelx/T-100/t100-B-waiting-user/t/tmux-501/default> <list-sessions> <-F> <#{session_id} #{session_name}>
pid=65259 ppid=65242 AE_TMUX_SERVER=<unset> AE_TMUX_SERVER_KIND=<unset> argc=7 <-S> </private/tmp/aelx/T-100/t100-B-waiting-user/t/tmux-501/default> <set-option> <-t> <$0> <@ae_branch_name> <main>
pid=65269 ppid=65267 AE_TMUX_SERVER=<unset> AE_TMUX_SERVER_KIND=<unset> argc=5 <-S> </private/tmp/aelx/T-100/t100-B-waiting-user/t/tmux-501/default> <list-sessions> <-F> <#{session_id} #{session_name}>
pid=65271 ppid=55772 AE_TMUX_SERVER=<unset> AE_TMUX_SERVER_KIND=<unset> argc=7 <-S> </private/tmp/aelx/T-100/t100-B-waiting-user/t/tmux-501/default> <set-option> <-t> <$0> <@ae_branch_status> < main>
pid=65285 ppid=65282 AE_TMUX_SERVER=<unset> AE_TMUX_SERVER_KIND=<unset> argc=5 <-S> </private/tmp/aelx/T-100/t100-B-waiting-user/t/tmux-501/default> <list-sessions> <-F> <#{session_id} #{session_name}>
pid=65287 ppid=55772 AE_TMUX_SERVER=<unset> AE_TMUX_SERVER_KIND=<unset> argc=7 <-S> </private/tmp/aelx/T-100/t100-B-waiting-user/t/tmux-501/default> <set-option> <-t> <$0> <@ae_agents_status> <grok⏳>
pid=65293 ppid=65292 AE_TMUX_SERVER=<unset> AE_TMUX_SERVER_KIND=<unset> argc=8 <-S> </private/tmp/aelx/T-100/t100-B-waiting-user/t/tmux-501/default> <list-panes> <-s> <-t> <t1> <-F> <#{pane_id}|#{window_id}|#{@ae_agent}>
pid=65297 ppid=55772 AE_TMUX_SERVER=<unset> AE_TMUX_SERVER_KIND=<unset> argc=8 <-S> </private/tmp/aelx/T-100/t100-B-waiting-user/t/tmux-501/default> <set-option> <-w> <-t> <@0> <@ae_window_status> <⏳>
pid=65299 ppid=55772 AE_TMUX_SERVER=<unset> AE_TMUX_SERVER_KIND=<unset> argc=8 <-S> </private/tmp/aelx/T-100/t100-B-waiting-user/t/tmux-501/default> <set-option> <-w> <-t> <@1> <@ae_window_status> <>
pid=66525 ppid=55772 AE_TMUX_SERVER=<unset> AE_TMUX_SERVER_KIND=<unset> argc=5 <-S> </private/tmp/aelx/T-100/t100-B-waiting-user/t/tmux-501/default> <has-session> <-t> <t1>
pid=66533 ppid=55772 AE_TMUX_SERVER=<unset> AE_TMUX_SERVER_KIND=<unset> argc=8 <-S> </private/tmp/aelx/T-100/t100-B-waiting-user/t/tmux-501/default> <list-panes> <-s> <-t> <t1> <-F> <#{pane_id}|#{@ae_agent}|#{pane_current_command}|#{pane_pid}>
pid=66537 ppid=66536 AE_TMUX_SERVER=<unset> AE_TMUX_SERVER_KIND=<unset> argc=7 <-S> </private/tmp/aelx/T-100/t100-B-waiting-user/t/tmux-501/default> <display-message> <-p> <-t> <%0> <#{@ae_slot}>
pid=66542 ppid=66541 AE_TMUX_SERVER=<unset> AE_TMUX_SERVER_KIND=<unset> argc=11 <-S> </private/tmp/aelx/T-100/t100-B-waiting-user/t/tmux-501/default> <capture-pane> <-p> <-J> <-S> <-40> <-E> <-> <-t> <%0>
pid=66577 ppid=66574 AE_TMUX_SERVER=<unset> AE_TMUX_SERVER_KIND=<unset> argc=5 <-S> </private/tmp/aelx/T-100/t100-B-waiting-user/t/tmux-501/default> <list-sessions> <-F> <#{session_id} #{session_name}>
pid=66579 ppid=55772 AE_TMUX_SERVER=<unset> AE_TMUX_SERVER_KIND=<unset> argc=7 <-S> </private/tmp/aelx/T-100/t100-B-waiting-user/t/tmux-501/default> <set-option> <-t> <$0> <@ae_watchdog_status> <[watch ● 1/1]>
pid=66595 ppid=66593 AE_TMUX_SERVER=<unset> AE_TMUX_SERVER_KIND=<unset> argc=5 <-S> </private/tmp/aelx/T-100/t100-B-waiting-user/t/tmux-501/default> <list-sessions> <-F> <#{session_id} #{session_name}>
pid=66598 ppid=66581 AE_TMUX_SERVER=<unset> AE_TMUX_SERVER_KIND=<unset> argc=7 <-S> </private/tmp/aelx/T-100/t100-B-waiting-user/t/tmux-501/default> <set-option> <-t> <$0> <@ae_branch_name> <main>
pid=66610 ppid=66608 AE_TMUX_SERVER=<unset> AE_TMUX_SERVER_KIND=<unset> argc=5 <-S> </private/tmp/aelx/T-100/t100-B-waiting-user/t/tmux-501/default> <list-sessions> <-F> <#{session_id} #{session_name}>
pid=66612 ppid=55772 AE_TMUX_SERVER=<unset> AE_TMUX_SERVER_KIND=<unset> argc=7 <-S> </private/tmp/aelx/T-100/t100-B-waiting-user/t/tmux-501/default> <set-option> <-t> <$0> <@ae_branch_status> < main>
pid=66625 ppid=66623 AE_TMUX_SERVER=<unset> AE_TMUX_SERVER_KIND=<unset> argc=5 <-S> </private/tmp/aelx/T-100/t100-B-waiting-user/t/tmux-501/default> <list-sessions> <-F> <#{session_id} #{session_name}>
pid=66628 ppid=55772 AE_TMUX_SERVER=<unset> AE_TMUX_SERVER_KIND=<unset> argc=7 <-S> </private/tmp/aelx/T-100/t100-B-waiting-user/t/tmux-501/default> <set-option> <-t> <$0> <@ae_agents_status> <grok⏳>
pid=66634 ppid=66633 AE_TMUX_SERVER=<unset> AE_TMUX_SERVER_KIND=<unset> argc=8 <-S> </private/tmp/aelx/T-100/t100-B-waiting-user/t/tmux-501/default> <list-panes> <-s> <-t> <t1> <-F> <#{pane_id}|#{window_id}|#{@ae_agent}>
pid=66638 ppid=55772 AE_TMUX_SERVER=<unset> AE_TMUX_SERVER_KIND=<unset> argc=8 <-S> </private/tmp/aelx/T-100/t100-B-waiting-user/t/tmux-501/default> <set-option> <-w> <-t> <@0> <@ae_window_status> <⏳>
pid=66640 ppid=55772 AE_TMUX_SERVER=<unset> AE_TMUX_SERVER_KIND=<unset> argc=8 <-S> </private/tmp/aelx/T-100/t100-B-waiting-user/t/tmux-501/default> <set-option> <-w> <-t> <@1> <@ae_window_status> <>
pid=68651 ppid=55772 AE_TMUX_SERVER=<unset> AE_TMUX_SERVER_KIND=<unset> argc=5 <-S> </private/tmp/aelx/T-100/t100-B-waiting-user/t/tmux-501/default> <has-session> <-t> <t1>
pid=68659 ppid=55772 AE_TMUX_SERVER=<unset> AE_TMUX_SERVER_KIND=<unset> argc=8 <-S> </private/tmp/aelx/T-100/t100-B-waiting-user/t/tmux-501/default> <list-panes> <-s> <-t> <t1> <-F> <#{pane_id}|#{@ae_agent}|#{pane_current_command}|#{pane_pid}>
pid=68662 ppid=68661 AE_TMUX_SERVER=<unset> AE_TMUX_SERVER_KIND=<unset> argc=7 <-S> </private/tmp/aelx/T-100/t100-B-waiting-user/t/tmux-501/default> <display-message> <-p> <-t> <%0> <#{@ae_slot}>
pid=68667 ppid=68666 AE_TMUX_SERVER=<unset> AE_TMUX_SERVER_KIND=<unset> argc=11 <-S> </private/tmp/aelx/T-100/t100-B-waiting-user/t/tmux-501/default> <capture-pane> <-p> <-J> <-S> <-40> <-E> <-> <-t> <%0>
pid=68709 ppid=68707 AE_TMUX_SERVER=<unset> AE_TMUX_SERVER_KIND=<unset> argc=5 <-S> </private/tmp/aelx/T-100/t100-B-waiting-user/t/tmux-501/default> <list-sessions> <-F> <#{session_id} #{session_name}>
pid=68712 ppid=55772 AE_TMUX_SERVER=<unset> AE_TMUX_SERVER_KIND=<unset> argc=7 <-S> </private/tmp/aelx/T-100/t100-B-waiting-user/t/tmux-501/default> <set-option> <-t> <$0> <@ae_watchdog_status> <[watch ● 1/1]>
pid=68728 ppid=68726 AE_TMUX_SERVER=<unset> AE_TMUX_SERVER_KIND=<unset> argc=5 <-S> </private/tmp/aelx/T-100/t100-B-waiting-user/t/tmux-501/default> <list-sessions> <-F> <#{session_id} #{session_name}>
pid=68731 ppid=68714 AE_TMUX_SERVER=<unset> AE_TMUX_SERVER_KIND=<unset> argc=7 <-S> </private/tmp/aelx/T-100/t100-B-waiting-user/t/tmux-501/default> <set-option> <-t> <$0> <@ae_branch_name> <main>
pid=68742 ppid=68740 AE_TMUX_SERVER=<unset> AE_TMUX_SERVER_KIND=<unset> argc=5 <-S> </private/tmp/aelx/T-100/t100-B-waiting-user/t/tmux-501/default> <list-sessions> <-F> <#{session_id} #{session_name}>
pid=68744 ppid=55772 AE_TMUX_SERVER=<unset> AE_TMUX_SERVER_KIND=<unset> argc=7 <-S> </private/tmp/aelx/T-100/t100-B-waiting-user/t/tmux-501/default> <set-option> <-t> <$0> <@ae_branch_status> < main>
pid=68758 ppid=68756 AE_TMUX_SERVER=<unset> AE_TMUX_SERVER_KIND=<unset> argc=5 <-S> </private/tmp/aelx/T-100/t100-B-waiting-user/t/tmux-501/default> <list-sessions> <-F> <#{session_id} #{session_name}>
pid=68760 ppid=55772 AE_TMUX_SERVER=<unset> AE_TMUX_SERVER_KIND=<unset> argc=7 <-S> </private/tmp/aelx/T-100/t100-B-waiting-user/t/tmux-501/default> <set-option> <-t> <$0> <@ae_agents_status> <grok⏳>
pid=68767 ppid=68766 AE_TMUX_SERVER=<unset> AE_TMUX_SERVER_KIND=<unset> argc=8 <-S> </private/tmp/aelx/T-100/t100-B-waiting-user/t/tmux-501/default> <list-panes> <-s> <-t> <t1> <-F> <#{pane_id}|#{window_id}|#{@ae_agent}>
pid=68771 ppid=55772 AE_TMUX_SERVER=<unset> AE_TMUX_SERVER_KIND=<unset> argc=8 <-S> </private/tmp/aelx/T-100/t100-B-waiting-user/t/tmux-501/default> <set-option> <-w> <-t> <@0> <@ae_window_status> <⏳>
pid=68773 ppid=55772 AE_TMUX_SERVER=<unset> AE_TMUX_SERVER_KIND=<unset> argc=8 <-S> </private/tmp/aelx/T-100/t100-B-waiting-user/t/tmux-501/default> <set-option> <-w> <-t> <@1> <@ae_window_status> <>
pid=70166 ppid=55772 AE_TMUX_SERVER=<unset> AE_TMUX_SERVER_KIND=<unset> argc=5 <-S> </private/tmp/aelx/T-100/t100-B-waiting-user/t/tmux-501/default> <has-session> <-t> <t1>
pid=70174 ppid=55772 AE_TMUX_SERVER=<unset> AE_TMUX_SERVER_KIND=<unset> argc=8 <-S> </private/tmp/aelx/T-100/t100-B-waiting-user/t/tmux-501/default> <list-panes> <-s> <-t> <t1> <-F> <#{pane_id}|#{@ae_agent}|#{pane_current_command}|#{pane_pid}>
pid=70177 ppid=70176 AE_TMUX_SERVER=<unset> AE_TMUX_SERVER_KIND=<unset> argc=7 <-S> </private/tmp/aelx/T-100/t100-B-waiting-user/t/tmux-501/default> <display-message> <-p> <-t> <%0> <#{@ae_slot}>
pid=70182 ppid=70181 AE_TMUX_SERVER=<unset> AE_TMUX_SERVER_KIND=<unset> argc=11 <-S> </private/tmp/aelx/T-100/t100-B-waiting-user/t/tmux-501/default> <capture-pane> <-p> <-J> <-S> <-40> <-E> <-> <-t> <%0>
pid=70218 ppid=70215 AE_TMUX_SERVER=<unset> AE_TMUX_SERVER_KIND=<unset> argc=5 <-S> </private/tmp/aelx/T-100/t100-B-waiting-user/t/tmux-501/default> <list-sessions> <-F> <#{session_id} #{session_name}>
pid=70220 ppid=55772 AE_TMUX_SERVER=<unset> AE_TMUX_SERVER_KIND=<unset> argc=7 <-S> </private/tmp/aelx/T-100/t100-B-waiting-user/t/tmux-501/default> <set-option> <-t> <$0> <@ae_watchdog_status> <[watch ● 1/1]>
pid=70237 ppid=70235 AE_TMUX_SERVER=<unset> AE_TMUX_SERVER_KIND=<unset> argc=5 <-S> </private/tmp/aelx/T-100/t100-B-waiting-user/t/tmux-501/default> <list-sessions> <-F> <#{session_id} #{session_name}>
pid=70240 ppid=70222 AE_TMUX_SERVER=<unset> AE_TMUX_SERVER_KIND=<unset> argc=7 <-S> </private/tmp/aelx/T-100/t100-B-waiting-user/t/tmux-501/default> <set-option> <-t> <$0> <@ae_branch_name> <main>
pid=70250 ppid=70248 AE_TMUX_SERVER=<unset> AE_TMUX_SERVER_KIND=<unset> argc=5 <-S> </private/tmp/aelx/T-100/t100-B-waiting-user/t/tmux-501/default> <list-sessions> <-F> <#{session_id} #{session_name}>
pid=70253 ppid=55772 AE_TMUX_SERVER=<unset> AE_TMUX_SERVER_KIND=<unset> argc=7 <-S> </private/tmp/aelx/T-100/t100-B-waiting-user/t/tmux-501/default> <set-option> <-t> <$0> <@ae_branch_status> < main>
pid=70266 ppid=70264 AE_TMUX_SERVER=<unset> AE_TMUX_SERVER_KIND=<unset> argc=5 <-S> </private/tmp/aelx/T-100/t100-B-waiting-user/t/tmux-501/default> <list-sessions> <-F> <#{session_id} #{session_name}>
pid=70268 ppid=55772 AE_TMUX_SERVER=<unset> AE_TMUX_SERVER_KIND=<unset> argc=7 <-S> </private/tmp/aelx/T-100/t100-B-waiting-user/t/tmux-501/default> <set-option> <-t> <$0> <@ae_agents_status> <grok⏳>
pid=70277 ppid=70276 AE_TMUX_SERVER=<unset> AE_TMUX_SERVER_KIND=<unset> argc=8 <-S> </private/tmp/aelx/T-100/t100-B-waiting-user/t/tmux-501/default> <list-panes> <-s> <-t> <t1> <-F> <#{pane_id}|#{window_id}|#{@ae_agent}>
pid=70285 ppid=55772 AE_TMUX_SERVER=<unset> AE_TMUX_SERVER_KIND=<unset> argc=8 <-S> </private/tmp/aelx/T-100/t100-B-waiting-user/t/tmux-501/default> <set-option> <-w> <-t> <@0> <@ae_window_status> <⏳>
pid=70289 ppid=55772 AE_TMUX_SERVER=<unset> AE_TMUX_SERVER_KIND=<unset> argc=8 <-S> </private/tmp/aelx/T-100/t100-B-waiting-user/t/tmux-501/default> <set-option> <-w> <-t> <@1> <@ae_window_status> <>
pid=71619 ppid=55772 AE_TMUX_SERVER=<unset> AE_TMUX_SERVER_KIND=<unset> argc=5 <-S> </private/tmp/aelx/T-100/t100-B-waiting-user/t/tmux-501/default> <has-session> <-t> <t1>
pid=71627 ppid=55772 AE_TMUX_SERVER=<unset> AE_TMUX_SERVER_KIND=<unset> argc=8 <-S> </private/tmp/aelx/T-100/t100-B-waiting-user/t/tmux-501/default> <list-panes> <-s> <-t> <t1> <-F> <#{pane_id}|#{@ae_agent}|#{pane_current_command}|#{pane_pid}>
pid=71630 ppid=71629 AE_TMUX_SERVER=<unset> AE_TMUX_SERVER_KIND=<unset> argc=7 <-S> </private/tmp/aelx/T-100/t100-B-waiting-user/t/tmux-501/default> <display-message> <-p> <-t> <%0> <#{@ae_slot}>
pid=71635 ppid=71634 AE_TMUX_SERVER=<unset> AE_TMUX_SERVER_KIND=<unset> argc=11 <-S> </private/tmp/aelx/T-100/t100-B-waiting-user/t/tmux-501/default> <capture-pane> <-p> <-J> <-S> <-40> <-E> <-> <-t> <%0>
pid=71670 ppid=71668 AE_TMUX_SERVER=<unset> AE_TMUX_SERVER_KIND=<unset> argc=5 <-S> </private/tmp/aelx/T-100/t100-B-waiting-user/t/tmux-501/default> <list-sessions> <-F> <#{session_id} #{session_name}>
pid=71672 ppid=55772 AE_TMUX_SERVER=<unset> AE_TMUX_SERVER_KIND=<unset> argc=7 <-S> </private/tmp/aelx/T-100/t100-B-waiting-user/t/tmux-501/default> <set-option> <-t> <$0> <@ae_watchdog_status> <[watch ● 1/1]>
pid=71689 ppid=71687 AE_TMUX_SERVER=<unset> AE_TMUX_SERVER_KIND=<unset> argc=5 <-S> </private/tmp/aelx/T-100/t100-B-waiting-user/t/tmux-501/default> <list-sessions> <-F> <#{session_id} #{session_name}>
pid=71691 ppid=71675 AE_TMUX_SERVER=<unset> AE_TMUX_SERVER_KIND=<unset> argc=7 <-S> </private/tmp/aelx/T-100/t100-B-waiting-user/t/tmux-501/default> <set-option> <-t> <$0> <@ae_branch_name> <main>
pid=71702 ppid=71700 AE_TMUX_SERVER=<unset> AE_TMUX_SERVER_KIND=<unset> argc=5 <-S> </private/tmp/aelx/T-100/t100-B-waiting-user/t/tmux-501/default> <list-sessions> <-F> <#{session_id} #{session_name}>
pid=71704 ppid=55772 AE_TMUX_SERVER=<unset> AE_TMUX_SERVER_KIND=<unset> argc=7 <-S> </private/tmp/aelx/T-100/t100-B-waiting-user/t/tmux-501/default> <set-option> <-t> <$0> <@ae_branch_status> < main>
pid=71717 ppid=71715 AE_TMUX_SERVER=<unset> AE_TMUX_SERVER_KIND=<unset> argc=5 <-S> </private/tmp/aelx/T-100/t100-B-waiting-user/t/tmux-501/default> <list-sessions> <-F> <#{session_id} #{session_name}>
pid=71720 ppid=55772 AE_TMUX_SERVER=<unset> AE_TMUX_SERVER_KIND=<unset> argc=7 <-S> </private/tmp/aelx/T-100/t100-B-waiting-user/t/tmux-501/default> <set-option> <-t> <$0> <@ae_agents_status> <grok⏳>
pid=71726 ppid=71725 AE_TMUX_SERVER=<unset> AE_TMUX_SERVER_KIND=<unset> argc=8 <-S> </private/tmp/aelx/T-100/t100-B-waiting-user/t/tmux-501/default> <list-panes> <-s> <-t> <t1> <-F> <#{pane_id}|#{window_id}|#{@ae_agent}>
pid=71730 ppid=55772 AE_TMUX_SERVER=<unset> AE_TMUX_SERVER_KIND=<unset> argc=8 <-S> </private/tmp/aelx/T-100/t100-B-waiting-user/t/tmux-501/default> <set-option> <-w> <-t> <@0> <@ae_window_status> <⏳>
pid=71732 ppid=55772 AE_TMUX_SERVER=<unset> AE_TMUX_SERVER_KIND=<unset> argc=8 <-S> </private/tmp/aelx/T-100/t100-B-waiting-user/t/tmux-501/default> <set-option> <-w> <-t> <@1> <@ae_window_status> <>
pid=73521 ppid=55772 AE_TMUX_SERVER=<unset> AE_TMUX_SERVER_KIND=<unset> argc=5 <-S> </private/tmp/aelx/T-100/t100-B-waiting-user/t/tmux-501/default> <has-session> <-t> <t1>
pid=73529 ppid=55772 AE_TMUX_SERVER=<unset> AE_TMUX_SERVER_KIND=<unset> argc=8 <-S> </private/tmp/aelx/T-100/t100-B-waiting-user/t/tmux-501/default> <list-panes> <-s> <-t> <t1> <-F> <#{pane_id}|#{@ae_agent}|#{pane_current_command}|#{pane_pid}>
pid=73532 ppid=73531 AE_TMUX_SERVER=<unset> AE_TMUX_SERVER_KIND=<unset> argc=7 <-S> </private/tmp/aelx/T-100/t100-B-waiting-user/t/tmux-501/default> <display-message> <-p> <-t> <%0> <#{@ae_slot}>
pid=73537 ppid=73536 AE_TMUX_SERVER=<unset> AE_TMUX_SERVER_KIND=<unset> argc=11 <-S> </private/tmp/aelx/T-100/t100-B-waiting-user/t/tmux-501/default> <capture-pane> <-p> <-J> <-S> <-40> <-E> <-> <-t> <%0>
pid=73571 ppid=73569 AE_TMUX_SERVER=<unset> AE_TMUX_SERVER_KIND=<unset> argc=5 <-S> </private/tmp/aelx/T-100/t100-B-waiting-user/t/tmux-501/default> <list-sessions> <-F> <#{session_id} #{session_name}>
pid=73574 ppid=55772 AE_TMUX_SERVER=<unset> AE_TMUX_SERVER_KIND=<unset> argc=7 <-S> </private/tmp/aelx/T-100/t100-B-waiting-user/t/tmux-501/default> <set-option> <-t> <$0> <@ae_watchdog_status> <[watch ● 1/1]>
pid=73590 ppid=73588 AE_TMUX_SERVER=<unset> AE_TMUX_SERVER_KIND=<unset> argc=5 <-S> </private/tmp/aelx/T-100/t100-B-waiting-user/t/tmux-501/default> <list-sessions> <-F> <#{session_id} #{session_name}>
pid=73593 ppid=73576 AE_TMUX_SERVER=<unset> AE_TMUX_SERVER_KIND=<unset> argc=7 <-S> </private/tmp/aelx/T-100/t100-B-waiting-user/t/tmux-501/default> <set-option> <-t> <$0> <@ae_branch_name> <main>
pid=73603 ppid=73601 AE_TMUX_SERVER=<unset> AE_TMUX_SERVER_KIND=<unset> argc=5 <-S> </private/tmp/aelx/T-100/t100-B-waiting-user/t/tmux-501/default> <list-sessions> <-F> <#{session_id} #{session_name}>
pid=73606 ppid=55772 AE_TMUX_SERVER=<unset> AE_TMUX_SERVER_KIND=<unset> argc=7 <-S> </private/tmp/aelx/T-100/t100-B-waiting-user/t/tmux-501/default> <set-option> <-t> <$0> <@ae_branch_status> < main>
pid=73619 ppid=73617 AE_TMUX_SERVER=<unset> AE_TMUX_SERVER_KIND=<unset> argc=5 <-S> </private/tmp/aelx/T-100/t100-B-waiting-user/t/tmux-501/default> <list-sessions> <-F> <#{session_id} #{session_name}>
pid=73621 ppid=55772 AE_TMUX_SERVER=<unset> AE_TMUX_SERVER_KIND=<unset> argc=7 <-S> </private/tmp/aelx/T-100/t100-B-waiting-user/t/tmux-501/default> <set-option> <-t> <$0> <@ae_agents_status> <grok●>
pid=73628 ppid=73627 AE_TMUX_SERVER=<unset> AE_TMUX_SERVER_KIND=<unset> argc=8 <-S> </private/tmp/aelx/T-100/t100-B-waiting-user/t/tmux-501/default> <list-panes> <-s> <-t> <t1> <-F> <#{pane_id}|#{window_id}|#{@ae_agent}>
pid=73631 ppid=55772 AE_TMUX_SERVER=<unset> AE_TMUX_SERVER_KIND=<unset> argc=8 <-S> </private/tmp/aelx/T-100/t100-B-waiting-user/t/tmux-501/default> <set-option> <-w> <-t> <@0> <@ae_window_status> <●>
pid=73634 ppid=55772 AE_TMUX_SERVER=<unset> AE_TMUX_SERVER_KIND=<unset> argc=8 <-S> </private/tmp/aelx/T-100/t100-B-waiting-user/t/tmux-501/default> <set-option> <-w> <-t> <@1> <@ae_window_status> <>
pid=74976 ppid=55772 AE_TMUX_SERVER=<unset> AE_TMUX_SERVER_KIND=<unset> argc=5 <-S> </private/tmp/aelx/T-100/t100-B-waiting-user/t/tmux-501/default> <has-session> <-t> <t1>
pid=74984 ppid=55772 AE_TMUX_SERVER=<unset> AE_TMUX_SERVER_KIND=<unset> argc=8 <-S> </private/tmp/aelx/T-100/t100-B-waiting-user/t/tmux-501/default> <list-panes> <-s> <-t> <t1> <-F> <#{pane_id}|#{@ae_agent}|#{pane_current_command}|#{pane_pid}>
pid=74988 ppid=74987 AE_TMUX_SERVER=<unset> AE_TMUX_SERVER_KIND=<unset> argc=7 <-S> </private/tmp/aelx/T-100/t100-B-waiting-user/t/tmux-501/default> <display-message> <-p> <-t> <%0> <#{@ae_slot}>
pid=74992 ppid=74991 AE_TMUX_SERVER=<unset> AE_TMUX_SERVER_KIND=<unset> argc=11 <-S> </private/tmp/aelx/T-100/t100-B-waiting-user/t/tmux-501/default> <capture-pane> <-p> <-J> <-S> <-40> <-E> <-> <-t> <%0>
pid=75027 ppid=75025 AE_TMUX_SERVER=<unset> AE_TMUX_SERVER_KIND=<unset> argc=5 <-S> </private/tmp/aelx/T-100/t100-B-waiting-user/t/tmux-501/default> <list-sessions> <-F> <#{session_id} #{session_name}>
pid=75029 ppid=55772 AE_TMUX_SERVER=<unset> AE_TMUX_SERVER_KIND=<unset> argc=7 <-S> </private/tmp/aelx/T-100/t100-B-waiting-user/t/tmux-501/default> <set-option> <-t> <$0> <@ae_watchdog_status> <[watch ● 1/1]>
pid=75046 ppid=75044 AE_TMUX_SERVER=<unset> AE_TMUX_SERVER_KIND=<unset> argc=5 <-S> </private/tmp/aelx/T-100/t100-B-waiting-user/t/tmux-501/default> <list-sessions> <-F> <#{session_id} #{session_name}>
pid=75048 ppid=75032 AE_TMUX_SERVER=<unset> AE_TMUX_SERVER_KIND=<unset> argc=7 <-S> </private/tmp/aelx/T-100/t100-B-waiting-user/t/tmux-501/default> <set-option> <-t> <$0> <@ae_branch_name> <main>
pid=75059 ppid=75057 AE_TMUX_SERVER=<unset> AE_TMUX_SERVER_KIND=<unset> argc=5 <-S> </private/tmp/aelx/T-100/t100-B-waiting-user/t/tmux-501/default> <list-sessions> <-F> <#{session_id} #{session_name}>
pid=75064 ppid=55772 AE_TMUX_SERVER=<unset> AE_TMUX_SERVER_KIND=<unset> argc=7 <-S> </private/tmp/aelx/T-100/t100-B-waiting-user/t/tmux-501/default> <set-option> <-t> <$0> <@ae_branch_status> < main>
pid=75091 ppid=75089 AE_TMUX_SERVER=<unset> AE_TMUX_SERVER_KIND=<unset> argc=5 <-S> </private/tmp/aelx/T-100/t100-B-waiting-user/t/tmux-501/default> <list-sessions> <-F> <#{session_id} #{session_name}>
pid=75103 ppid=55772 AE_TMUX_SERVER=<unset> AE_TMUX_SERVER_KIND=<unset> argc=7 <-S> </private/tmp/aelx/T-100/t100-B-waiting-user/t/tmux-501/default> <set-option> <-t> <$0> <@ae_agents_status> <grok●>
pid=75113 ppid=75112 AE_TMUX_SERVER=<unset> AE_TMUX_SERVER_KIND=<unset> argc=8 <-S> </private/tmp/aelx/T-100/t100-B-waiting-user/t/tmux-501/default> <list-panes> <-s> <-t> <t1> <-F> <#{pane_id}|#{window_id}|#{@ae_agent}>
pid=75119 ppid=55772 AE_TMUX_SERVER=<unset> AE_TMUX_SERVER_KIND=<unset> argc=8 <-S> </private/tmp/aelx/T-100/t100-B-waiting-user/t/tmux-501/default> <set-option> <-w> <-t> <@0> <@ae_window_status> <●>
pid=75124 ppid=55772 AE_TMUX_SERVER=<unset> AE_TMUX_SERVER_KIND=<unset> argc=8 <-S> </private/tmp/aelx/T-100/t100-B-waiting-user/t/tmux-501/default> <set-option> <-w> <-t> <@1> <@ae_window_status> <>
pid=76704 ppid=55772 AE_TMUX_SERVER=<unset> AE_TMUX_SERVER_KIND=<unset> argc=5 <-S> </private/tmp/aelx/T-100/t100-B-waiting-user/t/tmux-501/default> <has-session> <-t> <t1>
pid=76712 ppid=55772 AE_TMUX_SERVER=<unset> AE_TMUX_SERVER_KIND=<unset> argc=8 <-S> </private/tmp/aelx/T-100/t100-B-waiting-user/t/tmux-501/default> <list-panes> <-s> <-t> <t1> <-F> <#{pane_id}|#{@ae_agent}|#{pane_current_command}|#{pane_pid}>
pid=76718 ppid=76717 AE_TMUX_SERVER=<unset> AE_TMUX_SERVER_KIND=<unset> argc=7 <-S> </private/tmp/aelx/T-100/t100-B-waiting-user/t/tmux-501/default> <display-message> <-p> <-t> <%0> <#{@ae_slot}>
pid=76725 ppid=76724 AE_TMUX_SERVER=<unset> AE_TMUX_SERVER_KIND=<unset> argc=11 <-S> </private/tmp/aelx/T-100/t100-B-waiting-user/t/tmux-501/default> <capture-pane> <-p> <-J> <-S> <-40> <-E> <-> <-t> <%0>
pid=76788 ppid=76786 AE_TMUX_SERVER=<unset> AE_TMUX_SERVER_KIND=<unset> argc=5 <-S> </private/tmp/aelx/T-100/t100-B-waiting-user/t/tmux-501/default> <list-sessions> <-F> <#{session_id} #{session_name}>
pid=76793 ppid=55772 AE_TMUX_SERVER=<unset> AE_TMUX_SERVER_KIND=<unset> argc=7 <-S> </private/tmp/aelx/T-100/t100-B-waiting-user/t/tmux-501/default> <set-option> <-t> <$0> <@ae_watchdog_status> <[watch ● 1/1]>
pid=76820 ppid=76817 AE_TMUX_SERVER=<unset> AE_TMUX_SERVER_KIND=<unset> argc=5 <-S> </private/tmp/aelx/T-100/t100-B-waiting-user/t/tmux-501/default> <list-sessions> <-F> <#{session_id} #{session_name}>
pid=76826 ppid=76800 AE_TMUX_SERVER=<unset> AE_TMUX_SERVER_KIND=<unset> argc=7 <-S> </private/tmp/aelx/T-100/t100-B-waiting-user/t/tmux-501/default> <set-option> <-t> <$0> <@ae_branch_name> <main>
pid=76842 ppid=76840 AE_TMUX_SERVER=<unset> AE_TMUX_SERVER_KIND=<unset> argc=5 <-S> </private/tmp/aelx/T-100/t100-B-waiting-user/t/tmux-501/default> <list-sessions> <-F> <#{session_id} #{session_name}>
pid=76846 ppid=55772 AE_TMUX_SERVER=<unset> AE_TMUX_SERVER_KIND=<unset> argc=7 <-S> </private/tmp/aelx/T-100/t100-B-waiting-user/t/tmux-501/default> <set-option> <-t> <$0> <@ae_branch_status> < main>
pid=76871 ppid=76869 AE_TMUX_SERVER=<unset> AE_TMUX_SERVER_KIND=<unset> argc=5 <-S> </private/tmp/aelx/T-100/t100-B-waiting-user/t/tmux-501/default> <list-sessions> <-F> <#{session_id} #{session_name}>
pid=76879 ppid=55772 AE_TMUX_SERVER=<unset> AE_TMUX_SERVER_KIND=<unset> argc=7 <-S> </private/tmp/aelx/T-100/t100-B-waiting-user/t/tmux-501/default> <set-option> <-t> <$0> <@ae_agents_status> <grok●>
pid=76894 ppid=76892 AE_TMUX_SERVER=<unset> AE_TMUX_SERVER_KIND=<unset> argc=8 <-S> </private/tmp/aelx/T-100/t100-B-waiting-user/t/tmux-501/default> <list-panes> <-s> <-t> <t1> <-F> <#{pane_id}|#{window_id}|#{@ae_agent}>
pid=76902 ppid=55772 AE_TMUX_SERVER=<unset> AE_TMUX_SERVER_KIND=<unset> argc=8 <-S> </private/tmp/aelx/T-100/t100-B-waiting-user/t/tmux-501/default> <set-option> <-w> <-t> <@0> <@ae_window_status> <●>
pid=76909 ppid=55772 AE_TMUX_SERVER=<unset> AE_TMUX_SERVER_KIND=<unset> argc=8 <-S> </private/tmp/aelx/T-100/t100-B-waiting-user/t/tmux-501/default> <set-option> <-w> <-t> <@1> <@ae_window_status> <>
pid=78289 ppid=55772 AE_TMUX_SERVER=<unset> AE_TMUX_SERVER_KIND=<unset> argc=5 <-S> </private/tmp/aelx/T-100/t100-B-waiting-user/t/tmux-501/default> <has-session> <-t> <t1>
pid=78310 ppid=55772 AE_TMUX_SERVER=<unset> AE_TMUX_SERVER_KIND=<unset> argc=8 <-S> </private/tmp/aelx/T-100/t100-B-waiting-user/t/tmux-501/default> <list-panes> <-s> <-t> <t1> <-F> <#{pane_id}|#{@ae_agent}|#{pane_current_command}|#{pane_pid}>
pid=78323 ppid=78322 AE_TMUX_SERVER=<unset> AE_TMUX_SERVER_KIND=<unset> argc=7 <-S> </private/tmp/aelx/T-100/t100-B-waiting-user/t/tmux-501/default> <display-message> <-p> <-t> <%0> <#{@ae_slot}>
pid=78342 ppid=78341 AE_TMUX_SERVER=<unset> AE_TMUX_SERVER_KIND=<unset> argc=11 <-S> </private/tmp/aelx/T-100/t100-B-waiting-user/t/tmux-501/default> <capture-pane> <-p> <-J> <-S> <-40> <-E> <-> <-t> <%0>
pid=78408 ppid=78406 AE_TMUX_SERVER=<unset> AE_TMUX_SERVER_KIND=<unset> argc=5 <-S> </private/tmp/aelx/T-100/t100-B-waiting-user/t/tmux-501/default> <list-sessions> <-F> <#{session_id} #{session_name}>
pid=78411 ppid=55772 AE_TMUX_SERVER=<unset> AE_TMUX_SERVER_KIND=<unset> argc=7 <-S> </private/tmp/aelx/T-100/t100-B-waiting-user/t/tmux-501/default> <set-option> <-t> <$0> <@ae_watchdog_status> <[watch ● 1/1]>
pid=78428 ppid=78426 AE_TMUX_SERVER=<unset> AE_TMUX_SERVER_KIND=<unset> argc=5 <-S> </private/tmp/aelx/T-100/t100-B-waiting-user/t/tmux-501/default> <list-sessions> <-F> <#{session_id} #{session_name}>
pid=78430 ppid=78414 AE_TMUX_SERVER=<unset> AE_TMUX_SERVER_KIND=<unset> argc=7 <-S> </private/tmp/aelx/T-100/t100-B-waiting-user/t/tmux-501/default> <set-option> <-t> <$0> <@ae_branch_name> <main>
pid=78441 ppid=78439 AE_TMUX_SERVER=<unset> AE_TMUX_SERVER_KIND=<unset> argc=5 <-S> </private/tmp/aelx/T-100/t100-B-waiting-user/t/tmux-501/default> <list-sessions> <-F> <#{session_id} #{session_name}>
pid=78443 ppid=55772 AE_TMUX_SERVER=<unset> AE_TMUX_SERVER_KIND=<unset> argc=7 <-S> </private/tmp/aelx/T-100/t100-B-waiting-user/t/tmux-501/default> <set-option> <-t> <$0> <@ae_branch_status> < main>
pid=78457 ppid=78455 AE_TMUX_SERVER=<unset> AE_TMUX_SERVER_KIND=<unset> argc=5 <-S> </private/tmp/aelx/T-100/t100-B-waiting-user/t/tmux-501/default> <list-sessions> <-F> <#{session_id} #{session_name}>
pid=78459 ppid=55772 AE_TMUX_SERVER=<unset> AE_TMUX_SERVER_KIND=<unset> argc=7 <-S> </private/tmp/aelx/T-100/t100-B-waiting-user/t/tmux-501/default> <set-option> <-t> <$0> <@ae_agents_status> <grok●>
pid=78465 ppid=78464 AE_TMUX_SERVER=<unset> AE_TMUX_SERVER_KIND=<unset> argc=8 <-S> </private/tmp/aelx/T-100/t100-B-waiting-user/t/tmux-501/default> <list-panes> <-s> <-t> <t1> <-F> <#{pane_id}|#{window_id}|#{@ae_agent}>
pid=78469 ppid=55772 AE_TMUX_SERVER=<unset> AE_TMUX_SERVER_KIND=<unset> argc=8 <-S> </private/tmp/aelx/T-100/t100-B-waiting-user/t/tmux-501/default> <set-option> <-w> <-t> <@0> <@ae_window_status> <●>
pid=78471 ppid=55772 AE_TMUX_SERVER=<unset> AE_TMUX_SERVER_KIND=<unset> argc=8 <-S> </private/tmp/aelx/T-100/t100-B-waiting-user/t/tmux-501/default> <set-option> <-w> <-t> <@1> <@ae_window_status> <>
pid=79805 ppid=55772 AE_TMUX_SERVER=<unset> AE_TMUX_SERVER_KIND=<unset> argc=5 <-S> </private/tmp/aelx/T-100/t100-B-waiting-user/t/tmux-501/default> <has-session> <-t> <t1>
pid=79811 ppid=55772 AE_TMUX_SERVER=<unset> AE_TMUX_SERVER_KIND=<unset> argc=8 <-S> </private/tmp/aelx/T-100/t100-B-waiting-user/t/tmux-501/default> <list-panes> <-s> <-t> <t1> <-F> <#{pane_id}|#{@ae_agent}|#{pane_current_command}|#{pane_pid}>
pid=79813 ppid=79812 AE_TMUX_SERVER=<unset> AE_TMUX_SERVER_KIND=<unset> argc=7 <-S> </private/tmp/aelx/T-100/t100-B-waiting-user/t/tmux-501/default> <display-message> <-p> <-t> <%0> <#{@ae_slot}>
pid=79816 ppid=79815 AE_TMUX_SERVER=<unset> AE_TMUX_SERVER_KIND=<unset> argc=11 <-S> </private/tmp/aelx/T-100/t100-B-waiting-user/t/tmux-501/default> <capture-pane> <-p> <-J> <-S> <-40> <-E> <-> <-t> <%0>
pid=79844 ppid=79842 AE_TMUX_SERVER=<unset> AE_TMUX_SERVER_KIND=<unset> argc=5 <-S> </private/tmp/aelx/T-100/t100-B-waiting-user/t/tmux-501/default> <list-sessions> <-F> <#{session_id} #{session_name}>
pid=79845 ppid=55772 AE_TMUX_SERVER=<unset> AE_TMUX_SERVER_KIND=<unset> argc=7 <-S> </private/tmp/aelx/T-100/t100-B-waiting-user/t/tmux-501/default> <set-option> <-t> <$0> <@ae_watchdog_status> <[watch ● 1/1]>
pid=79858 ppid=79856 AE_TMUX_SERVER=<unset> AE_TMUX_SERVER_KIND=<unset> argc=5 <-S> </private/tmp/aelx/T-100/t100-B-waiting-user/t/tmux-501/default> <list-sessions> <-F> <#{session_id} #{session_name}>
pid=79859 ppid=79846 AE_TMUX_SERVER=<unset> AE_TMUX_SERVER_KIND=<unset> argc=7 <-S> </private/tmp/aelx/T-100/t100-B-waiting-user/t/tmux-501/default> <set-option> <-t> <$0> <@ae_branch_name> <main>
pid=79867 ppid=79865 AE_TMUX_SERVER=<unset> AE_TMUX_SERVER_KIND=<unset> argc=5 <-S> </private/tmp/aelx/T-100/t100-B-waiting-user/t/tmux-501/default> <list-sessions> <-F> <#{session_id} #{session_name}>
pid=79868 ppid=55772 AE_TMUX_SERVER=<unset> AE_TMUX_SERVER_KIND=<unset> argc=7 <-S> </private/tmp/aelx/T-100/t100-B-waiting-user/t/tmux-501/default> <set-option> <-t> <$0> <@ae_branch_status> < main>
pid=79879 ppid=79877 AE_TMUX_SERVER=<unset> AE_TMUX_SERVER_KIND=<unset> argc=5 <-S> </private/tmp/aelx/T-100/t100-B-waiting-user/t/tmux-501/default> <list-sessions> <-F> <#{session_id} #{session_name}>
pid=79880 ppid=55772 AE_TMUX_SERVER=<unset> AE_TMUX_SERVER_KIND=<unset> argc=7 <-S> </private/tmp/aelx/T-100/t100-B-waiting-user/t/tmux-501/default> <set-option> <-t> <$0> <@ae_agents_status> <grok●>
pid=79885 ppid=79884 AE_TMUX_SERVER=<unset> AE_TMUX_SERVER_KIND=<unset> argc=8 <-S> </private/tmp/aelx/T-100/t100-B-waiting-user/t/tmux-501/default> <list-panes> <-s> <-t> <t1> <-F> <#{pane_id}|#{window_id}|#{@ae_agent}>
pid=79887 ppid=55772 AE_TMUX_SERVER=<unset> AE_TMUX_SERVER_KIND=<unset> argc=8 <-S> </private/tmp/aelx/T-100/t100-B-waiting-user/t/tmux-501/default> <set-option> <-w> <-t> <@0> <@ae_window_status> <●>
pid=79888 ppid=55772 AE_TMUX_SERVER=<unset> AE_TMUX_SERVER_KIND=<unset> argc=8 <-S> </private/tmp/aelx/T-100/t100-B-waiting-user/t/tmux-501/default> <set-option> <-w> <-t> <@1> <@ae_window_status> <>
pid=80766 ppid=55772 AE_TMUX_SERVER=<unset> AE_TMUX_SERVER_KIND=<unset> argc=5 <-S> </private/tmp/aelx/T-100/t100-B-waiting-user/t/tmux-501/default> <has-session> <-t> <t1>
pid=80772 ppid=55772 AE_TMUX_SERVER=<unset> AE_TMUX_SERVER_KIND=<unset> argc=8 <-S> </private/tmp/aelx/T-100/t100-B-waiting-user/t/tmux-501/default> <list-panes> <-s> <-t> <t1> <-F> <#{pane_id}|#{@ae_agent}|#{pane_current_command}|#{pane_pid}>
pid=80774 ppid=80773 AE_TMUX_SERVER=<unset> AE_TMUX_SERVER_KIND=<unset> argc=7 <-S> </private/tmp/aelx/T-100/t100-B-waiting-user/t/tmux-501/default> <display-message> <-p> <-t> <%0> <#{@ae_slot}>
pid=80777 ppid=80776 AE_TMUX_SERVER=<unset> AE_TMUX_SERVER_KIND=<unset> argc=11 <-S> </private/tmp/aelx/T-100/t100-B-waiting-user/t/tmux-501/default> <capture-pane> <-p> <-J> <-S> <-40> <-E> <-> <-t> <%0>
pid=80805 ppid=80803 AE_TMUX_SERVER=<unset> AE_TMUX_SERVER_KIND=<unset> argc=5 <-S> </private/tmp/aelx/T-100/t100-B-waiting-user/t/tmux-501/default> <list-sessions> <-F> <#{session_id} #{session_name}>
pid=80815 ppid=55772 AE_TMUX_SERVER=<unset> AE_TMUX_SERVER_KIND=<unset> argc=7 <-S> </private/tmp/aelx/T-100/t100-B-waiting-user/t/tmux-501/default> <set-option> <-t> <$0> <@ae_watchdog_status> <[watch ● 1/1]>
pid=80845 ppid=80843 AE_TMUX_SERVER=<unset> AE_TMUX_SERVER_KIND=<unset> argc=5 <-S> </private/tmp/aelx/T-100/t100-B-waiting-user/t/tmux-501/default> <list-sessions> <-F> <#{session_id} #{session_name}>
pid=80853 ppid=80824 AE_TMUX_SERVER=<unset> AE_TMUX_SERVER_KIND=<unset> argc=7 <-S> </private/tmp/aelx/T-100/t100-B-waiting-user/t/tmux-501/default> <set-option> <-t> <$0> <@ae_branch_name> <main>
pid=80866 ppid=80864 AE_TMUX_SERVER=<unset> AE_TMUX_SERVER_KIND=<unset> argc=5 <-S> </private/tmp/aelx/T-100/t100-B-waiting-user/t/tmux-501/default> <list-sessions> <-F> <#{session_id} #{session_name}>
pid=80867 ppid=55772 AE_TMUX_SERVER=<unset> AE_TMUX_SERVER_KIND=<unset> argc=7 <-S> </private/tmp/aelx/T-100/t100-B-waiting-user/t/tmux-501/default> <set-option> <-t> <$0> <@ae_branch_status> < main>
pid=80878 ppid=80876 AE_TMUX_SERVER=<unset> AE_TMUX_SERVER_KIND=<unset> argc=5 <-S> </private/tmp/aelx/T-100/t100-B-waiting-user/t/tmux-501/default> <list-sessions> <-F> <#{session_id} #{session_name}>
pid=80880 ppid=55772 AE_TMUX_SERVER=<unset> AE_TMUX_SERVER_KIND=<unset> argc=7 <-S> </private/tmp/aelx/T-100/t100-B-waiting-user/t/tmux-501/default> <set-option> <-t> <$0> <@ae_agents_status> <grok●>
pid=80885 ppid=80884 AE_TMUX_SERVER=<unset> AE_TMUX_SERVER_KIND=<unset> argc=8 <-S> </private/tmp/aelx/T-100/t100-B-waiting-user/t/tmux-501/default> <list-panes> <-s> <-t> <t1> <-F> <#{pane_id}|#{window_id}|#{@ae_agent}>
pid=80891 ppid=55772 AE_TMUX_SERVER=<unset> AE_TMUX_SERVER_KIND=<unset> argc=8 <-S> </private/tmp/aelx/T-100/t100-B-waiting-user/t/tmux-501/default> <set-option> <-w> <-t> <@0> <@ae_window_status> <●>
pid=80896 ppid=55772 AE_TMUX_SERVER=<unset> AE_TMUX_SERVER_KIND=<unset> argc=8 <-S> </private/tmp/aelx/T-100/t100-B-waiting-user/t/tmux-501/default> <set-option> <-w> <-t> <@1> <@ae_window_status> <>
pid=81330 ppid=55772 AE_TMUX_SERVER=<unset> AE_TMUX_SERVER_KIND=<unset> argc=5 <-S> </private/tmp/aelx/T-100/t100-B-waiting-user/t/tmux-501/default> <has-session> <-t> <t1>
pid=81336 ppid=55772 AE_TMUX_SERVER=<unset> AE_TMUX_SERVER_KIND=<unset> argc=8 <-S> </private/tmp/aelx/T-100/t100-B-waiting-user/t/tmux-501/default> <list-panes> <-s> <-t> <t1> <-F> <#{pane_id}|#{@ae_agent}|#{pane_current_command}|#{pane_pid}>
pid=81338 ppid=81337 AE_TMUX_SERVER=<unset> AE_TMUX_SERVER_KIND=<unset> argc=7 <-S> </private/tmp/aelx/T-100/t100-B-waiting-user/t/tmux-501/default> <display-message> <-p> <-t> <%0> <#{@ae_slot}>
pid=81341 ppid=81340 AE_TMUX_SERVER=<unset> AE_TMUX_SERVER_KIND=<unset> argc=11 <-S> </private/tmp/aelx/T-100/t100-B-waiting-user/t/tmux-501/default> <capture-pane> <-p> <-J> <-S> <-40> <-E> <-> <-t> <%0>
pid=81369 ppid=81367 AE_TMUX_SERVER=<unset> AE_TMUX_SERVER_KIND=<unset> argc=5 <-S> </private/tmp/aelx/T-100/t100-B-waiting-user/t/tmux-501/default> <list-sessions> <-F> <#{session_id} #{session_name}>
pid=81370 ppid=55772 AE_TMUX_SERVER=<unset> AE_TMUX_SERVER_KIND=<unset> argc=7 <-S> </private/tmp/aelx/T-100/t100-B-waiting-user/t/tmux-501/default> <set-option> <-t> <$0> <@ae_watchdog_status> <[watch ● 1/1]>
pid=81383 ppid=81381 AE_TMUX_SERVER=<unset> AE_TMUX_SERVER_KIND=<unset> argc=5 <-S> </private/tmp/aelx/T-100/t100-B-waiting-user/t/tmux-501/default> <list-sessions> <-F> <#{session_id} #{session_name}>
pid=81384 ppid=81371 AE_TMUX_SERVER=<unset> AE_TMUX_SERVER_KIND=<unset> argc=7 <-S> </private/tmp/aelx/T-100/t100-B-waiting-user/t/tmux-501/default> <set-option> <-t> <$0> <@ae_branch_name> <main>
pid=81392 ppid=81390 AE_TMUX_SERVER=<unset> AE_TMUX_SERVER_KIND=<unset> argc=5 <-S> </private/tmp/aelx/T-100/t100-B-waiting-user/t/tmux-501/default> <list-sessions> <-F> <#{session_id} #{session_name}>
pid=81393 ppid=55772 AE_TMUX_SERVER=<unset> AE_TMUX_SERVER_KIND=<unset> argc=7 <-S> </private/tmp/aelx/T-100/t100-B-waiting-user/t/tmux-501/default> <set-option> <-t> <$0> <@ae_branch_status> < main>
pid=81404 ppid=81402 AE_TMUX_SERVER=<unset> AE_TMUX_SERVER_KIND=<unset> argc=5 <-S> </private/tmp/aelx/T-100/t100-B-waiting-user/t/tmux-501/default> <list-sessions> <-F> <#{session_id} #{session_name}>
pid=81405 ppid=55772 AE_TMUX_SERVER=<unset> AE_TMUX_SERVER_KIND=<unset> argc=7 <-S> </private/tmp/aelx/T-100/t100-B-waiting-user/t/tmux-501/default> <set-option> <-t> <$0> <@ae_agents_status> <grok●>
pid=81418 ppid=81417 AE_TMUX_SERVER=<unset> AE_TMUX_SERVER_KIND=<unset> argc=8 <-S> </private/tmp/aelx/T-100/t100-B-waiting-user/t/tmux-501/default> <list-panes> <-s> <-t> <t1> <-F> <#{pane_id}|#{window_id}|#{@ae_agent}>
pid=81427 ppid=55772 AE_TMUX_SERVER=<unset> AE_TMUX_SERVER_KIND=<unset> argc=8 <-S> </private/tmp/aelx/T-100/t100-B-waiting-user/t/tmux-501/default> <set-option> <-w> <-t> <@0> <@ae_window_status> <●>
pid=81428 ppid=55772 AE_TMUX_SERVER=<unset> AE_TMUX_SERVER_KIND=<unset> argc=8 <-S> </private/tmp/aelx/T-100/t100-B-waiting-user/t/tmux-501/default> <set-option> <-w> <-t> <@1> <@ae_window_status> <>
pid=82606 ppid=55772 AE_TMUX_SERVER=<unset> AE_TMUX_SERVER_KIND=<unset> argc=5 <-S> </private/tmp/aelx/T-100/t100-B-waiting-user/t/tmux-501/default> <has-session> <-t> <t1>
pid=82614 ppid=55772 AE_TMUX_SERVER=<unset> AE_TMUX_SERVER_KIND=<unset> argc=8 <-S> </private/tmp/aelx/T-100/t100-B-waiting-user/t/tmux-501/default> <list-panes> <-s> <-t> <t1> <-F> <#{pane_id}|#{@ae_agent}|#{pane_current_command}|#{pane_pid}>
pid=82617 ppid=82616 AE_TMUX_SERVER=<unset> AE_TMUX_SERVER_KIND=<unset> argc=7 <-S> </private/tmp/aelx/T-100/t100-B-waiting-user/t/tmux-501/default> <display-message> <-p> <-t> <%0> <#{@ae_slot}>
pid=82622 ppid=82621 AE_TMUX_SERVER=<unset> AE_TMUX_SERVER_KIND=<unset> argc=11 <-S> </private/tmp/aelx/T-100/t100-B-waiting-user/t/tmux-501/default> <capture-pane> <-p> <-J> <-S> <-40> <-E> <-> <-t> <%0>
pid=82656 ppid=82654 AE_TMUX_SERVER=<unset> AE_TMUX_SERVER_KIND=<unset> argc=5 <-S> </private/tmp/aelx/T-100/t100-B-waiting-user/t/tmux-501/default> <list-sessions> <-F> <#{session_id} #{session_name}>
pid=82659 ppid=55772 AE_TMUX_SERVER=<unset> AE_TMUX_SERVER_KIND=<unset> argc=7 <-S> </private/tmp/aelx/T-100/t100-B-waiting-user/t/tmux-501/default> <set-option> <-t> <$0> <@ae_watchdog_status> <[watch ● 1/1]>
pid=82683 ppid=82681 AE_TMUX_SERVER=<unset> AE_TMUX_SERVER_KIND=<unset> argc=5 <-S> </private/tmp/aelx/T-100/t100-B-waiting-user/t/tmux-501/default> <list-sessions> <-F> <#{session_id} #{session_name}>
pid=82692 ppid=82667 AE_TMUX_SERVER=<unset> AE_TMUX_SERVER_KIND=<unset> argc=7 <-S> </private/tmp/aelx/T-100/t100-B-waiting-user/t/tmux-501/default> <set-option> <-t> <$0> <@ae_branch_name> <main>
pid=82713 ppid=82709 AE_TMUX_SERVER=<unset> AE_TMUX_SERVER_KIND=<unset> argc=5 <-S> </private/tmp/aelx/T-100/t100-B-waiting-user/t/tmux-501/default> <list-sessions> <-F> <#{session_id} #{session_name}>
pid=82721 ppid=55772 AE_TMUX_SERVER=<unset> AE_TMUX_SERVER_KIND=<unset> argc=7 <-S> </private/tmp/aelx/T-100/t100-B-waiting-user/t/tmux-501/default> <set-option> <-t> <$0> <@ae_branch_status> < main>
pid=82735 ppid=82733 AE_TMUX_SERVER=<unset> AE_TMUX_SERVER_KIND=<unset> argc=5 <-S> </private/tmp/aelx/T-100/t100-B-waiting-user/t/tmux-501/default> <list-sessions> <-F> <#{session_id} #{session_name}>
pid=82744 ppid=55772 AE_TMUX_SERVER=<unset> AE_TMUX_SERVER_KIND=<unset> argc=7 <-S> </private/tmp/aelx/T-100/t100-B-waiting-user/t/tmux-501/default> <set-option> <-t> <$0> <@ae_agents_status> <grok●>
pid=82756 ppid=82755 AE_TMUX_SERVER=<unset> AE_TMUX_SERVER_KIND=<unset> argc=8 <-S> </private/tmp/aelx/T-100/t100-B-waiting-user/t/tmux-501/default> <list-panes> <-s> <-t> <t1> <-F> <#{pane_id}|#{window_id}|#{@ae_agent}>
pid=82765 ppid=55772 AE_TMUX_SERVER=<unset> AE_TMUX_SERVER_KIND=<unset> argc=8 <-S> </private/tmp/aelx/T-100/t100-B-waiting-user/t/tmux-501/default> <set-option> <-w> <-t> <@0> <@ae_window_status> <●>
pid=82771 ppid=55772 AE_TMUX_SERVER=<unset> AE_TMUX_SERVER_KIND=<unset> argc=8 <-S> </private/tmp/aelx/T-100/t100-B-waiting-user/t/tmux-501/default> <set-option> <-w> <-t> <@1> <@ae_window_status> <>
pid=84021 ppid=55772 AE_TMUX_SERVER=<unset> AE_TMUX_SERVER_KIND=<unset> argc=5 <-S> </private/tmp/aelx/T-100/t100-B-waiting-user/t/tmux-501/default> <has-session> <-t> <t1>
pid=84029 ppid=55772 AE_TMUX_SERVER=<unset> AE_TMUX_SERVER_KIND=<unset> argc=8 <-S> </private/tmp/aelx/T-100/t100-B-waiting-user/t/tmux-501/default> <list-panes> <-s> <-t> <t1> <-F> <#{pane_id}|#{@ae_agent}|#{pane_current_command}|#{pane_pid}>
pid=84032 ppid=84031 AE_TMUX_SERVER=<unset> AE_TMUX_SERVER_KIND=<unset> argc=7 <-S> </private/tmp/aelx/T-100/t100-B-waiting-user/t/tmux-501/default> <display-message> <-p> <-t> <%0> <#{@ae_slot}>
pid=84037 ppid=84036 AE_TMUX_SERVER=<unset> AE_TMUX_SERVER_KIND=<unset> argc=11 <-S> </private/tmp/aelx/T-100/t100-B-waiting-user/t/tmux-501/default> <capture-pane> <-p> <-J> <-S> <-40> <-E> <-> <-t> <%0>
pid=84071 ppid=84069 AE_TMUX_SERVER=<unset> AE_TMUX_SERVER_KIND=<unset> argc=5 <-S> </private/tmp/aelx/T-100/t100-B-waiting-user/t/tmux-501/default> <list-sessions> <-F> <#{session_id} #{session_name}>
pid=84074 ppid=55772 AE_TMUX_SERVER=<unset> AE_TMUX_SERVER_KIND=<unset> argc=7 <-S> </private/tmp/aelx/T-100/t100-B-waiting-user/t/tmux-501/default> <set-option> <-t> <$0> <@ae_watchdog_status> <[watch ● 1/1]>
pid=84090 ppid=84088 AE_TMUX_SERVER=<unset> AE_TMUX_SERVER_KIND=<unset> argc=5 <-S> </private/tmp/aelx/T-100/t100-B-waiting-user/t/tmux-501/default> <list-sessions> <-F> <#{session_id} #{session_name}>
pid=84093 ppid=84076 AE_TMUX_SERVER=<unset> AE_TMUX_SERVER_KIND=<unset> argc=7 <-S> </private/tmp/aelx/T-100/t100-B-waiting-user/t/tmux-501/default> <set-option> <-t> <$0> <@ae_branch_name> <main>
pid=84103 ppid=84101 AE_TMUX_SERVER=<unset> AE_TMUX_SERVER_KIND=<unset> argc=5 <-S> </private/tmp/aelx/T-100/t100-B-waiting-user/t/tmux-501/default> <list-sessions> <-F> <#{session_id} #{session_name}>
pid=84105 ppid=55772 AE_TMUX_SERVER=<unset> AE_TMUX_SERVER_KIND=<unset> argc=7 <-S> </private/tmp/aelx/T-100/t100-B-waiting-user/t/tmux-501/default> <set-option> <-t> <$0> <@ae_branch_status> < main>
pid=84118 ppid=84116 AE_TMUX_SERVER=<unset> AE_TMUX_SERVER_KIND=<unset> argc=5 <-S> </private/tmp/aelx/T-100/t100-B-waiting-user/t/tmux-501/default> <list-sessions> <-F> <#{session_id} #{session_name}>
pid=84121 ppid=55772 AE_TMUX_SERVER=<unset> AE_TMUX_SERVER_KIND=<unset> argc=7 <-S> </private/tmp/aelx/T-100/t100-B-waiting-user/t/tmux-501/default> <set-option> <-t> <$0> <@ae_agents_status> <grok●>
pid=84127 ppid=84126 AE_TMUX_SERVER=<unset> AE_TMUX_SERVER_KIND=<unset> argc=8 <-S> </private/tmp/aelx/T-100/t100-B-waiting-user/t/tmux-501/default> <list-panes> <-s> <-t> <t1> <-F> <#{pane_id}|#{window_id}|#{@ae_agent}>
pid=84131 ppid=55772 AE_TMUX_SERVER=<unset> AE_TMUX_SERVER_KIND=<unset> argc=8 <-S> </private/tmp/aelx/T-100/t100-B-waiting-user/t/tmux-501/default> <set-option> <-w> <-t> <@0> <@ae_window_status> <●>
pid=84133 ppid=55772 AE_TMUX_SERVER=<unset> AE_TMUX_SERVER_KIND=<unset> argc=8 <-S> </private/tmp/aelx/T-100/t100-B-waiting-user/t/tmux-501/default> <set-option> <-w> <-t> <@1> <@ae_window_status> <>
pid=85782 ppid=55772 AE_TMUX_SERVER=<unset> AE_TMUX_SERVER_KIND=<unset> argc=5 <-S> </private/tmp/aelx/T-100/t100-B-waiting-user/t/tmux-501/default> <has-session> <-t> <t1>
pid=85791 ppid=55772 AE_TMUX_SERVER=<unset> AE_TMUX_SERVER_KIND=<unset> argc=8 <-S> </private/tmp/aelx/T-100/t100-B-waiting-user/t/tmux-501/default> <list-panes> <-s> <-t> <t1> <-F> <#{pane_id}|#{@ae_agent}|#{pane_current_command}|#{pane_pid}>
pid=85794 ppid=85793 AE_TMUX_SERVER=<unset> AE_TMUX_SERVER_KIND=<unset> argc=7 <-S> </private/tmp/aelx/T-100/t100-B-waiting-user/t/tmux-501/default> <display-message> <-p> <-t> <%0> <#{@ae_slot}>
pid=85798 ppid=85797 AE_TMUX_SERVER=<unset> AE_TMUX_SERVER_KIND=<unset> argc=11 <-S> </private/tmp/aelx/T-100/t100-B-waiting-user/t/tmux-501/default> <capture-pane> <-p> <-J> <-S> <-40> <-E> <-> <-t> <%0>
pid=85833 ppid=85831 AE_TMUX_SERVER=<unset> AE_TMUX_SERVER_KIND=<unset> argc=5 <-S> </private/tmp/aelx/T-100/t100-B-waiting-user/t/tmux-501/default> <list-sessions> <-F> <#{session_id} #{session_name}>
pid=85835 ppid=55772 AE_TMUX_SERVER=<unset> AE_TMUX_SERVER_KIND=<unset> argc=7 <-S> </private/tmp/aelx/T-100/t100-B-waiting-user/t/tmux-501/default> <set-option> <-t> <$0> <@ae_watchdog_status> <[watch ● 1/1]>
pid=85852 ppid=85849 AE_TMUX_SERVER=<unset> AE_TMUX_SERVER_KIND=<unset> argc=5 <-S> </private/tmp/aelx/T-100/t100-B-waiting-user/t/tmux-501/default> <list-sessions> <-F> <#{session_id} #{session_name}>
pid=85854 ppid=85838 AE_TMUX_SERVER=<unset> AE_TMUX_SERVER_KIND=<unset> argc=7 <-S> </private/tmp/aelx/T-100/t100-B-waiting-user/t/tmux-501/default> <set-option> <-t> <$0> <@ae_branch_name> <main>
pid=85864 ppid=85862 AE_TMUX_SERVER=<unset> AE_TMUX_SERVER_KIND=<unset> argc=5 <-S> </private/tmp/aelx/T-100/t100-B-waiting-user/t/tmux-501/default> <list-sessions> <-F> <#{session_id} #{session_name}>
pid=85867 ppid=55772 AE_TMUX_SERVER=<unset> AE_TMUX_SERVER_KIND=<unset> argc=7 <-S> </private/tmp/aelx/T-100/t100-B-waiting-user/t/tmux-501/default> <set-option> <-t> <$0> <@ae_branch_status> < main>
pid=85880 ppid=85878 AE_TMUX_SERVER=<unset> AE_TMUX_SERVER_KIND=<unset> argc=5 <-S> </private/tmp/aelx/T-100/t100-B-waiting-user/t/tmux-501/default> <list-sessions> <-F> <#{session_id} #{session_name}>
pid=85882 ppid=55772 AE_TMUX_SERVER=<unset> AE_TMUX_SERVER_KIND=<unset> argc=7 <-S> </private/tmp/aelx/T-100/t100-B-waiting-user/t/tmux-501/default> <set-option> <-t> <$0> <@ae_agents_status> <grok●>
pid=85889 ppid=85888 AE_TMUX_SERVER=<unset> AE_TMUX_SERVER_KIND=<unset> argc=8 <-S> </private/tmp/aelx/T-100/t100-B-waiting-user/t/tmux-501/default> <list-panes> <-s> <-t> <t1> <-F> <#{pane_id}|#{window_id}|#{@ae_agent}>
pid=85892 ppid=55772 AE_TMUX_SERVER=<unset> AE_TMUX_SERVER_KIND=<unset> argc=8 <-S> </private/tmp/aelx/T-100/t100-B-waiting-user/t/tmux-501/default> <set-option> <-w> <-t> <@0> <@ae_window_status> <●>
pid=85894 ppid=55772 AE_TMUX_SERVER=<unset> AE_TMUX_SERVER_KIND=<unset> argc=8 <-S> </private/tmp/aelx/T-100/t100-B-waiting-user/t/tmux-501/default> <set-option> <-w> <-t> <@1> <@ae_window_status> <>
pid=87213 ppid=55772 AE_TMUX_SERVER=<unset> AE_TMUX_SERVER_KIND=<unset> argc=5 <-S> </private/tmp/aelx/T-100/t100-B-waiting-user/t/tmux-501/default> <has-session> <-t> <t1>
pid=87221 ppid=55772 AE_TMUX_SERVER=<unset> AE_TMUX_SERVER_KIND=<unset> argc=8 <-S> </private/tmp/aelx/T-100/t100-B-waiting-user/t/tmux-501/default> <list-panes> <-s> <-t> <t1> <-F> <#{pane_id}|#{@ae_agent}|#{pane_current_command}|#{pane_pid}>
pid=87224 ppid=87223 AE_TMUX_SERVER=<unset> AE_TMUX_SERVER_KIND=<unset> argc=7 <-S> </private/tmp/aelx/T-100/t100-B-waiting-user/t/tmux-501/default> <display-message> <-p> <-t> <%0> <#{@ae_slot}>
pid=87229 ppid=87228 AE_TMUX_SERVER=<unset> AE_TMUX_SERVER_KIND=<unset> argc=11 <-S> </private/tmp/aelx/T-100/t100-B-waiting-user/t/tmux-501/default> <capture-pane> <-p> <-J> <-S> <-40> <-E> <-> <-t> <%0>
pid=87263 ppid=87261 AE_TMUX_SERVER=<unset> AE_TMUX_SERVER_KIND=<unset> argc=5 <-S> </private/tmp/aelx/T-100/t100-B-waiting-user/t/tmux-501/default> <list-sessions> <-F> <#{session_id} #{session_name}>
pid=87266 ppid=55772 AE_TMUX_SERVER=<unset> AE_TMUX_SERVER_KIND=<unset> argc=7 <-S> </private/tmp/aelx/T-100/t100-B-waiting-user/t/tmux-501/default> <set-option> <-t> <$0> <@ae_watchdog_status> <[watch ● 1/1]>
pid=87283 ppid=87280 AE_TMUX_SERVER=<unset> AE_TMUX_SERVER_KIND=<unset> argc=5 <-S> </private/tmp/aelx/T-100/t100-B-waiting-user/t/tmux-501/default> <list-sessions> <-F> <#{session_id} #{session_name}>
pid=87286 ppid=87268 AE_TMUX_SERVER=<unset> AE_TMUX_SERVER_KIND=<unset> argc=7 <-S> </private/tmp/aelx/T-100/t100-B-waiting-user/t/tmux-501/default> <set-option> <-t> <$0> <@ae_branch_name> <main>
pid=87296 ppid=87294 AE_TMUX_SERVER=<unset> AE_TMUX_SERVER_KIND=<unset> argc=5 <-S> </private/tmp/aelx/T-100/t100-B-waiting-user/t/tmux-501/default> <list-sessions> <-F> <#{session_id} #{session_name}>
pid=87298 ppid=55772 AE_TMUX_SERVER=<unset> AE_TMUX_SERVER_KIND=<unset> argc=7 <-S> </private/tmp/aelx/T-100/t100-B-waiting-user/t/tmux-501/default> <set-option> <-t> <$0> <@ae_branch_status> < main>
pid=87312 ppid=87309 AE_TMUX_SERVER=<unset> AE_TMUX_SERVER_KIND=<unset> argc=5 <-S> </private/tmp/aelx/T-100/t100-B-waiting-user/t/tmux-501/default> <list-sessions> <-F> <#{session_id} #{session_name}>
pid=87314 ppid=55772 AE_TMUX_SERVER=<unset> AE_TMUX_SERVER_KIND=<unset> argc=7 <-S> </private/tmp/aelx/T-100/t100-B-waiting-user/t/tmux-501/default> <set-option> <-t> <$0> <@ae_agents_status> <grok●>
pid=87320 ppid=87319 AE_TMUX_SERVER=<unset> AE_TMUX_SERVER_KIND=<unset> argc=8 <-S> </private/tmp/aelx/T-100/t100-B-waiting-user/t/tmux-501/default> <list-panes> <-s> <-t> <t1> <-F> <#{pane_id}|#{window_id}|#{@ae_agent}>
pid=87324 ppid=55772 AE_TMUX_SERVER=<unset> AE_TMUX_SERVER_KIND=<unset> argc=8 <-S> </private/tmp/aelx/T-100/t100-B-waiting-user/t/tmux-501/default> <set-option> <-w> <-t> <@0> <@ae_window_status> <●>
pid=87326 ppid=55772 AE_TMUX_SERVER=<unset> AE_TMUX_SERVER_KIND=<unset> argc=8 <-S> </private/tmp/aelx/T-100/t100-B-waiting-user/t/tmux-501/default> <set-option> <-w> <-t> <@1> <@ae_window_status> <>
pid=88594 ppid=55772 AE_TMUX_SERVER=<unset> AE_TMUX_SERVER_KIND=<unset> argc=5 <-S> </private/tmp/aelx/T-100/t100-B-waiting-user/t/tmux-501/default> <has-session> <-t> <t1>
pid=88612 ppid=55772 AE_TMUX_SERVER=<unset> AE_TMUX_SERVER_KIND=<unset> argc=8 <-S> </private/tmp/aelx/T-100/t100-B-waiting-user/t/tmux-501/default> <list-panes> <-s> <-t> <t1> <-F> <#{pane_id}|#{@ae_agent}|#{pane_current_command}|#{pane_pid}>
pid=88626 ppid=88625 AE_TMUX_SERVER=<unset> AE_TMUX_SERVER_KIND=<unset> argc=7 <-S> </private/tmp/aelx/T-100/t100-B-waiting-user/t/tmux-501/default> <display-message> <-p> <-t> <%0> <#{@ae_slot}>
pid=88642 ppid=88641 AE_TMUX_SERVER=<unset> AE_TMUX_SERVER_KIND=<unset> argc=11 <-S> </private/tmp/aelx/T-100/t100-B-waiting-user/t/tmux-501/default> <capture-pane> <-p> <-J> <-S> <-40> <-E> <-> <-t> <%0>
pid=88700 ppid=88698 AE_TMUX_SERVER=<unset> AE_TMUX_SERVER_KIND=<unset> argc=5 <-S> </private/tmp/aelx/T-100/t100-B-waiting-user/t/tmux-501/default> <list-sessions> <-F> <#{session_id} #{session_name}>
pid=88703 ppid=55772 AE_TMUX_SERVER=<unset> AE_TMUX_SERVER_KIND=<unset> argc=7 <-S> </private/tmp/aelx/T-100/t100-B-waiting-user/t/tmux-501/default> <set-option> <-t> <$0> <@ae_watchdog_status> <[watch ● 1/1]>
pid=88730 ppid=88728 AE_TMUX_SERVER=<unset> AE_TMUX_SERVER_KIND=<unset> argc=5 <-S> </private/tmp/aelx/T-100/t100-B-waiting-user/t/tmux-501/default> <list-sessions> <-F> <#{session_id} #{session_name}>
pid=88738 ppid=88708 AE_TMUX_SERVER=<unset> AE_TMUX_SERVER_KIND=<unset> argc=7 <-S> </private/tmp/aelx/T-100/t100-B-waiting-user/t/tmux-501/default> <set-option> <-t> <$0> <@ae_branch_name> <main>
pid=88757 ppid=88755 AE_TMUX_SERVER=<unset> AE_TMUX_SERVER_KIND=<unset> argc=5 <-S> </private/tmp/aelx/T-100/t100-B-waiting-user/t/tmux-501/default> <list-sessions> <-F> <#{session_id} #{session_name}>
pid=88763 ppid=55772 AE_TMUX_SERVER=<unset> AE_TMUX_SERVER_KIND=<unset> argc=7 <-S> </private/tmp/aelx/T-100/t100-B-waiting-user/t/tmux-501/default> <set-option> <-t> <$0> <@ae_branch_status> < main>
pid=88781 ppid=88779 AE_TMUX_SERVER=<unset> AE_TMUX_SERVER_KIND=<unset> argc=5 <-S> </private/tmp/aelx/T-100/t100-B-waiting-user/t/tmux-501/default> <list-sessions> <-F> <#{session_id} #{session_name}>
pid=88791 ppid=55772 AE_TMUX_SERVER=<unset> AE_TMUX_SERVER_KIND=<unset> argc=7 <-S> </private/tmp/aelx/T-100/t100-B-waiting-user/t/tmux-501/default> <set-option> <-t> <$0> <@ae_agents_status> <grok●>
pid=88806 ppid=88805 AE_TMUX_SERVER=<unset> AE_TMUX_SERVER_KIND=<unset> argc=8 <-S> </private/tmp/aelx/T-100/t100-B-waiting-user/t/tmux-501/default> <list-panes> <-s> <-t> <t1> <-F> <#{pane_id}|#{window_id}|#{@ae_agent}>
pid=88814 ppid=55772 AE_TMUX_SERVER=<unset> AE_TMUX_SERVER_KIND=<unset> argc=8 <-S> </private/tmp/aelx/T-100/t100-B-waiting-user/t/tmux-501/default> <set-option> <-w> <-t> <@0> <@ae_window_status> <●>
pid=88819 ppid=55772 AE_TMUX_SERVER=<unset> AE_TMUX_SERVER_KIND=<unset> argc=8 <-S> </private/tmp/aelx/T-100/t100-B-waiting-user/t/tmux-501/default> <set-option> <-w> <-t> <@1> <@ae_window_status> <>
pid=90191 ppid=55772 AE_TMUX_SERVER=<unset> AE_TMUX_SERVER_KIND=<unset> argc=5 <-S> </private/tmp/aelx/T-100/t100-B-waiting-user/t/tmux-501/default> <has-session> <-t> <t1>
pid=90205 ppid=55772 AE_TMUX_SERVER=<unset> AE_TMUX_SERVER_KIND=<unset> argc=8 <-S> </private/tmp/aelx/T-100/t100-B-waiting-user/t/tmux-501/default> <list-panes> <-s> <-t> <t1> <-F> <#{pane_id}|#{@ae_agent}|#{pane_current_command}|#{pane_pid}>
pid=90208 ppid=90207 AE_TMUX_SERVER=<unset> AE_TMUX_SERVER_KIND=<unset> argc=7 <-S> </private/tmp/aelx/T-100/t100-B-waiting-user/t/tmux-501/default> <display-message> <-p> <-t> <%0> <#{@ae_slot}>
pid=90213 ppid=90211 AE_TMUX_SERVER=<unset> AE_TMUX_SERVER_KIND=<unset> argc=11 <-S> </private/tmp/aelx/T-100/t100-B-waiting-user/t/tmux-501/default> <capture-pane> <-p> <-J> <-S> <-40> <-E> <-> <-t> <%0>
pid=90361 ppid=90241 AE_TMUX_SERVER=<unset> AE_TMUX_SERVER_KIND=<unset> argc=8 <-S> </private/tmp/aelx/T-100/t100-B-waiting-user/t/tmux-501/default> <list-panes> <-s> <-t> <t1> <-F> <#{pane_id}	#{@ae_agent}>
pid=90371 ppid=90370 AE_TMUX_SERVER=<unset> AE_TMUX_SERVER_KIND=<unset> argc=7 <-S> </private/tmp/aelx/T-100/t100-B-waiting-user/t/tmux-501/default> <display-message> <-p> <-t> <%0> <#{@ae_slot}>
pid=90383 ppid=90382 AE_TMUX_SERVER=<unset> AE_TMUX_SERVER_KIND=<unset> argc=7 <-S> </private/tmp/aelx/T-100/t100-B-waiting-user/t/tmux-501/default> <display-message> <-p> <-t> <%0> <#S>
pid=90396 ppid=90394 AE_TMUX_SERVER=<unset> AE_TMUX_SERVER_KIND=<unset> argc=7 <-S> </private/tmp/aelx/T-100/t100-B-waiting-user/t/tmux-501/default> <display-message> <-p> <-t> <%0> <#{pane_current_command}>
pid=90419 ppid=90416 AE_TMUX_SERVER=<unset> AE_TMUX_SERVER_KIND=<unset> argc=6 <-S> </private/tmp/aelx/T-100/t100-B-waiting-user/t/tmux-501/default> <list-panes> <-a> <-F> <#{pane_id}|#{@ae_agent}|#{pane_current_command}>
pid=90434 ppid=90432 AE_TMUX_SERVER=<unset> AE_TMUX_SERVER_KIND=<unset> argc=5 <-S> </private/tmp/aelx/T-100/t100-B-waiting-user/t/tmux-501/default> <list-clients> <-F> <#{pane_id}|#{client_activity}>
pid=90445 ppid=90241 AE_TMUX_SERVER=<unset> AE_TMUX_SERVER_KIND=<unset> argc=7 <-S> </private/tmp/aelx/T-100/t100-B-waiting-user/t/tmux-501/default> <send-keys> <-t> <%0> <-X> <cancel>
pid=90457 ppid=90456 AE_TMUX_SERVER=<unset> AE_TMUX_SERVER_KIND=<unset> argc=6 <-S> </private/tmp/aelx/T-100/t100-B-waiting-user/t/tmux-501/default> <load-buffer> <-b> <ae-send-90241> <->
pid=90469 ppid=90241 AE_TMUX_SERVER=<unset> AE_TMUX_SERVER_KIND=<unset> argc=8 <-S> </private/tmp/aelx/T-100/t100-B-waiting-user/t/tmux-501/default> <paste-buffer> <-d> <-b> <ae-send-90241> <-t> <%0>
pid=90564 ppid=90241 AE_TMUX_SERVER=<unset> AE_TMUX_SERVER_KIND=<unset> argc=6 <-S> </private/tmp/aelx/T-100/t100-B-waiting-user/t/tmux-501/default> <send-keys> <-t> <%0> <Enter>
pid=90658 ppid=90656 AE_TMUX_SERVER=<unset> AE_TMUX_SERVER_KIND=<unset> argc=5 <-S> </private/tmp/aelx/T-100/t100-B-waiting-user/t/tmux-501/default> <list-sessions> <-F> <#{session_id} #{session_name}>
pid=90660 ppid=55772 AE_TMUX_SERVER=<unset> AE_TMUX_SERVER_KIND=<unset> argc=7 <-S> </private/tmp/aelx/T-100/t100-B-waiting-user/t/tmux-501/default> <set-option> <-t> <$0> <@ae_watchdog_status> <[watch ⚠ 0/1]>
pid=90677 ppid=90675 AE_TMUX_SERVER=<unset> AE_TMUX_SERVER_KIND=<unset> argc=5 <-S> </private/tmp/aelx/T-100/t100-B-waiting-user/t/tmux-501/default> <list-sessions> <-F> <#{session_id} #{session_name}>
pid=90679 ppid=90663 AE_TMUX_SERVER=<unset> AE_TMUX_SERVER_KIND=<unset> argc=7 <-S> </private/tmp/aelx/T-100/t100-B-waiting-user/t/tmux-501/default> <set-option> <-t> <$0> <@ae_branch_name> <main>
pid=90689 ppid=90687 AE_TMUX_SERVER=<unset> AE_TMUX_SERVER_KIND=<unset> argc=5 <-S> </private/tmp/aelx/T-100/t100-B-waiting-user/t/tmux-501/default> <list-sessions> <-F> <#{session_id} #{session_name}>
pid=90692 ppid=55772 AE_TMUX_SERVER=<unset> AE_TMUX_SERVER_KIND=<unset> argc=7 <-S> </private/tmp/aelx/T-100/t100-B-waiting-user/t/tmux-501/default> <set-option> <-t> <$0> <@ae_branch_status> < main>
pid=90705 ppid=90703 AE_TMUX_SERVER=<unset> AE_TMUX_SERVER_KIND=<unset> argc=5 <-S> </private/tmp/aelx/T-100/t100-B-waiting-user/t/tmux-501/default> <list-sessions> <-F> <#{session_id} #{session_name}>
pid=90707 ppid=55772 AE_TMUX_SERVER=<unset> AE_TMUX_SERVER_KIND=<unset> argc=7 <-S> </private/tmp/aelx/T-100/t100-B-waiting-user/t/tmux-501/default> <set-option> <-t> <$0> <@ae_agents_status> <grok◌>
pid=90714 ppid=90713 AE_TMUX_SERVER=<unset> AE_TMUX_SERVER_KIND=<unset> argc=8 <-S> </private/tmp/aelx/T-100/t100-B-waiting-user/t/tmux-501/default> <list-panes> <-s> <-t> <t1> <-F> <#{pane_id}|#{window_id}|#{@ae_agent}>
pid=90717 ppid=55772 AE_TMUX_SERVER=<unset> AE_TMUX_SERVER_KIND=<unset> argc=8 <-S> </private/tmp/aelx/T-100/t100-B-waiting-user/t/tmux-501/default> <set-option> <-w> <-t> <@0> <@ae_window_status> <◌>
pid=90719 ppid=55772 AE_TMUX_SERVER=<unset> AE_TMUX_SERVER_KIND=<unset> argc=8 <-S> </private/tmp/aelx/T-100/t100-B-waiting-user/t/tmux-501/default> <set-option> <-w> <-t> <@1> <@ae_window_status> <>
pid=91734 ppid=55772 AE_TMUX_SERVER=<unset> AE_TMUX_SERVER_KIND=<unset> argc=5 <-S> </private/tmp/aelx/T-100/t100-B-waiting-user/t/tmux-501/default> <has-session> <-t> <t1>
pid=91754 ppid=55772 AE_TMUX_SERVER=<unset> AE_TMUX_SERVER_KIND=<unset> argc=8 <-S> </private/tmp/aelx/T-100/t100-B-waiting-user/t/tmux-501/default> <list-panes> <-s> <-t> <t1> <-F> <#{pane_id}|#{@ae_agent}|#{pane_current_command}|#{pane_pid}>
pid=91768 ppid=91765 AE_TMUX_SERVER=<unset> AE_TMUX_SERVER_KIND=<unset> argc=7 <-S> </private/tmp/aelx/T-100/t100-B-waiting-user/t/tmux-501/default> <display-message> <-p> <-t> <%0> <#{@ae_slot}>
pid=91784 ppid=91783 AE_TMUX_SERVER=<unset> AE_TMUX_SERVER_KIND=<unset> argc=11 <-S> </private/tmp/aelx/T-100/t100-B-waiting-user/t/tmux-501/default> <capture-pane> <-p> <-J> <-S> <-40> <-E> <-> <-t> <%0>
pid=91880 ppid=91841 AE_TMUX_SERVER=<unset> AE_TMUX_SERVER_KIND=<unset> argc=8 <-S> </private/tmp/aelx/T-100/t100-B-waiting-user/t/tmux-501/default> <list-panes> <-s> <-t> <t1> <-F> <#{pane_id}	#{@ae_agent}>
pid=91889 ppid=91888 AE_TMUX_SERVER=<unset> AE_TMUX_SERVER_KIND=<unset> argc=7 <-S> </private/tmp/aelx/T-100/t100-B-waiting-user/t/tmux-501/default> <display-message> <-p> <-t> <%0> <#{@ae_slot}>
pid=91903 ppid=91901 AE_TMUX_SERVER=<unset> AE_TMUX_SERVER_KIND=<unset> argc=7 <-S> </private/tmp/aelx/T-100/t100-B-waiting-user/t/tmux-501/default> <display-message> <-p> <-t> <%0> <#S>
pid=91914 ppid=91912 AE_TMUX_SERVER=<unset> AE_TMUX_SERVER_KIND=<unset> argc=7 <-S> </private/tmp/aelx/T-100/t100-B-waiting-user/t/tmux-501/default> <display-message> <-p> <-t> <%0> <#{pane_current_command}>
pid=91934 ppid=91932 AE_TMUX_SERVER=<unset> AE_TMUX_SERVER_KIND=<unset> argc=6 <-S> </private/tmp/aelx/T-100/t100-B-waiting-user/t/tmux-501/default> <list-panes> <-a> <-F> <#{pane_id}|#{@ae_agent}|#{pane_current_command}>
pid=91946 ppid=91945 AE_TMUX_SERVER=<unset> AE_TMUX_SERVER_KIND=<unset> argc=5 <-S> </private/tmp/aelx/T-100/t100-B-waiting-user/t/tmux-501/default> <list-clients> <-F> <#{pane_id}|#{client_activity}>
pid=91954 ppid=91841 AE_TMUX_SERVER=<unset> AE_TMUX_SERVER_KIND=<unset> argc=7 <-S> </private/tmp/aelx/T-100/t100-B-waiting-user/t/tmux-501/default> <send-keys> <-t> <%0> <-X> <cancel>
pid=91966 ppid=91964 AE_TMUX_SERVER=<unset> AE_TMUX_SERVER_KIND=<unset> argc=6 <-S> </private/tmp/aelx/T-100/t100-B-waiting-user/t/tmux-501/default> <load-buffer> <-b> <ae-send-91841> <->
pid=91972 ppid=91841 AE_TMUX_SERVER=<unset> AE_TMUX_SERVER_KIND=<unset> argc=8 <-S> </private/tmp/aelx/T-100/t100-B-waiting-user/t/tmux-501/default> <paste-buffer> <-d> <-b> <ae-send-91841> <-t> <%0>
pid=92117 ppid=91841 AE_TMUX_SERVER=<unset> AE_TMUX_SERVER_KIND=<unset> argc=6 <-S> </private/tmp/aelx/T-100/t100-B-waiting-user/t/tmux-501/default> <send-keys> <-t> <%0> <Enter>
pid=92330 ppid=92328 AE_TMUX_SERVER=<unset> AE_TMUX_SERVER_KIND=<unset> argc=5 <-S> </private/tmp/aelx/T-100/t100-B-waiting-user/t/tmux-501/default> <list-sessions> <-F> <#{session_id} #{session_name}>
pid=92334 ppid=55772 AE_TMUX_SERVER=<unset> AE_TMUX_SERVER_KIND=<unset> argc=7 <-S> </private/tmp/aelx/T-100/t100-B-waiting-user/t/tmux-501/default> <set-option> <-t> <$0> <@ae_watchdog_status> <[watch ⚠ 0/1]>
pid=92359 ppid=92357 AE_TMUX_SERVER=<unset> AE_TMUX_SERVER_KIND=<unset> argc=5 <-S> </private/tmp/aelx/T-100/t100-B-waiting-user/t/tmux-501/default> <list-sessions> <-F> <#{session_id} #{session_name}>
pid=92362 ppid=92343 AE_TMUX_SERVER=<unset> AE_TMUX_SERVER_KIND=<unset> argc=7 <-S> </private/tmp/aelx/T-100/t100-B-waiting-user/t/tmux-501/default> <set-option> <-t> <$0> <@ae_branch_name> <main>
pid=92372 ppid=92370 AE_TMUX_SERVER=<unset> AE_TMUX_SERVER_KIND=<unset> argc=5 <-S> </private/tmp/aelx/T-100/t100-B-waiting-user/t/tmux-501/default> <list-sessions> <-F> <#{session_id} #{session_name}>
pid=92375 ppid=55772 AE_TMUX_SERVER=<unset> AE_TMUX_SERVER_KIND=<unset> argc=7 <-S> </private/tmp/aelx/T-100/t100-B-waiting-user/t/tmux-501/default> <set-option> <-t> <$0> <@ae_branch_status> < main>
pid=92387 ppid=92385 AE_TMUX_SERVER=<unset> AE_TMUX_SERVER_KIND=<unset> argc=5 <-S> </private/tmp/aelx/T-100/t100-B-waiting-user/t/tmux-501/default> <list-sessions> <-F> <#{session_id} #{session_name}>
pid=92390 ppid=55772 AE_TMUX_SERVER=<unset> AE_TMUX_SERVER_KIND=<unset> argc=7 <-S> </private/tmp/aelx/T-100/t100-B-waiting-user/t/tmux-501/default> <set-option> <-t> <$0> <@ae_agents_status> <grok◌>
pid=92396 ppid=92395 AE_TMUX_SERVER=<unset> AE_TMUX_SERVER_KIND=<unset> argc=8 <-S> </private/tmp/aelx/T-100/t100-B-waiting-user/t/tmux-501/default> <list-panes> <-s> <-t> <t1> <-F> <#{pane_id}|#{window_id}|#{@ae_agent}>
pid=92400 ppid=55772 AE_TMUX_SERVER=<unset> AE_TMUX_SERVER_KIND=<unset> argc=8 <-S> </private/tmp/aelx/T-100/t100-B-waiting-user/t/tmux-501/default> <set-option> <-w> <-t> <@0> <@ae_window_status> <◌>
pid=92402 ppid=55772 AE_TMUX_SERVER=<unset> AE_TMUX_SERVER_KIND=<unset> argc=8 <-S> </private/tmp/aelx/T-100/t100-B-waiting-user/t/tmux-501/default> <set-option> <-w> <-t> <@1> <@ae_window_status> <>
pid=93471 ppid=55772 AE_TMUX_SERVER=<unset> AE_TMUX_SERVER_KIND=<unset> argc=5 <-S> </private/tmp/aelx/T-100/t100-B-waiting-user/t/tmux-501/default> <has-session> <-t> <t1>
pid=93491 ppid=55772 AE_TMUX_SERVER=<unset> AE_TMUX_SERVER_KIND=<unset> argc=8 <-S> </private/tmp/aelx/T-100/t100-B-waiting-user/t/tmux-501/default> <list-panes> <-s> <-t> <t1> <-F> <#{pane_id}|#{@ae_agent}|#{pane_current_command}|#{pane_pid}>
pid=93506 ppid=93504 AE_TMUX_SERVER=<unset> AE_TMUX_SERVER_KIND=<unset> argc=7 <-S> </private/tmp/aelx/T-100/t100-B-waiting-user/t/tmux-501/default> <display-message> <-p> <-t> <%0> <#{@ae_slot}>
pid=93523 ppid=93522 AE_TMUX_SERVER=<unset> AE_TMUX_SERVER_KIND=<unset> argc=11 <-S> </private/tmp/aelx/T-100/t100-B-waiting-user/t/tmux-501/default> <capture-pane> <-p> <-J> <-S> <-40> <-E> <-> <-t> <%0>
pid=93575 ppid=93573 AE_TMUX_SERVER=<unset> AE_TMUX_SERVER_KIND=<unset> argc=7 <-S> </private/tmp/aelx/T-100/t100-B-waiting-user/t/tmux-501/default> <display-message> <-p> <-t> <%2> <#{@ae_agent}>
pid=93589 ppid=93588 AE_TMUX_SERVER=<unset> AE_TMUX_SERVER_KIND=<unset> argc=7 <-S> </private/tmp/aelx/T-100/t100-B-waiting-user/t/tmux-501/default> <display-message> <-p> <-t> <%2> <#S>
pid=93620 ppid=55772 AE_TMUX_SERVER=<unset> AE_TMUX_SERVER_KIND=<unset> argc=6 <-S> </private/tmp/aelx/T-100/t100-B-waiting-user/t/tmux-501/default> <display-message> <-d> <10000> <[ae watchdog] grok:grok may need attention — stale after 2 nudges>
pid=93741 ppid=93739 AE_TMUX_SERVER=<unset> AE_TMUX_SERVER_KIND=<unset> argc=5 <-S> </private/tmp/aelx/T-100/t100-B-waiting-user/t/tmux-501/default> <list-sessions> <-F> <#{session_id} #{session_name}>
pid=93754 ppid=55772 AE_TMUX_SERVER=<unset> AE_TMUX_SERVER_KIND=<unset> argc=7 <-S> </private/tmp/aelx/T-100/t100-B-waiting-user/t/tmux-501/default> <set-option> <-t> <$0> <@ae_watchdog_status> <[watch ⚠ 0/1]>
pid=93776 ppid=93774 AE_TMUX_SERVER=<unset> AE_TMUX_SERVER_KIND=<unset> argc=5 <-S> </private/tmp/aelx/T-100/t100-B-waiting-user/t/tmux-501/default> <list-sessions> <-F> <#{session_id} #{session_name}>
pid=93779 ppid=93762 AE_TMUX_SERVER=<unset> AE_TMUX_SERVER_KIND=<unset> argc=7 <-S> </private/tmp/aelx/T-100/t100-B-waiting-user/t/tmux-501/default> <set-option> <-t> <$0> <@ae_branch_name> <main>
pid=93790 ppid=93788 AE_TMUX_SERVER=<unset> AE_TMUX_SERVER_KIND=<unset> argc=5 <-S> </private/tmp/aelx/T-100/t100-B-waiting-user/t/tmux-501/default> <list-sessions> <-F> <#{session_id} #{session_name}>
pid=93792 ppid=55772 AE_TMUX_SERVER=<unset> AE_TMUX_SERVER_KIND=<unset> argc=7 <-S> </private/tmp/aelx/T-100/t100-B-waiting-user/t/tmux-501/default> <set-option> <-t> <$0> <@ae_branch_status> < main>
pid=93806 ppid=93804 AE_TMUX_SERVER=<unset> AE_TMUX_SERVER_KIND=<unset> argc=5 <-S> </private/tmp/aelx/T-100/t100-B-waiting-user/t/tmux-501/default> <list-sessions> <-F> <#{session_id} #{session_name}>
pid=93808 ppid=55772 AE_TMUX_SERVER=<unset> AE_TMUX_SERVER_KIND=<unset> argc=7 <-S> </private/tmp/aelx/T-100/t100-B-waiting-user/t/tmux-501/default> <set-option> <-t> <$0> <@ae_agents_status> <grok◌>
pid=93815 ppid=93814 AE_TMUX_SERVER=<unset> AE_TMUX_SERVER_KIND=<unset> argc=8 <-S> </private/tmp/aelx/T-100/t100-B-waiting-user/t/tmux-501/default> <list-panes> <-s> <-t> <t1> <-F> <#{pane_id}|#{window_id}|#{@ae_agent}>
pid=93819 ppid=55772 AE_TMUX_SERVER=<unset> AE_TMUX_SERVER_KIND=<unset> argc=8 <-S> </private/tmp/aelx/T-100/t100-B-waiting-user/t/tmux-501/default> <set-option> <-w> <-t> <@0> <@ae_window_status> <◌>
pid=93821 ppid=55772 AE_TMUX_SERVER=<unset> AE_TMUX_SERVER_KIND=<unset> argc=8 <-S> </private/tmp/aelx/T-100/t100-B-waiting-user/t/tmux-501/default> <set-option> <-w> <-t> <@1> <@ae_window_status> <>
pid=95077 ppid=55772 AE_TMUX_SERVER=<unset> AE_TMUX_SERVER_KIND=<unset> argc=5 <-S> </private/tmp/aelx/T-100/t100-B-waiting-user/t/tmux-501/default> <has-session> <-t> <t1>
pid=95085 ppid=55772 AE_TMUX_SERVER=<unset> AE_TMUX_SERVER_KIND=<unset> argc=8 <-S> </private/tmp/aelx/T-100/t100-B-waiting-user/t/tmux-501/default> <list-panes> <-s> <-t> <t1> <-F> <#{pane_id}|#{@ae_agent}|#{pane_current_command}|#{pane_pid}>
pid=95089 ppid=95088 AE_TMUX_SERVER=<unset> AE_TMUX_SERVER_KIND=<unset> argc=7 <-S> </private/tmp/aelx/T-100/t100-B-waiting-user/t/tmux-501/default> <display-message> <-p> <-t> <%0> <#{@ae_slot}>
pid=95093 ppid=95092 AE_TMUX_SERVER=<unset> AE_TMUX_SERVER_KIND=<unset> argc=11 <-S> </private/tmp/aelx/T-100/t100-B-waiting-user/t/tmux-501/default> <capture-pane> <-p> <-J> <-S> <-40> <-E> <-> <-t> <%0>
pid=95137 ppid=95135 AE_TMUX_SERVER=<unset> AE_TMUX_SERVER_KIND=<unset> argc=5 <-S> </private/tmp/aelx/T-100/t100-B-waiting-user/t/tmux-501/default> <list-sessions> <-F> <#{session_id} #{session_name}>
pid=95139 ppid=55772 AE_TMUX_SERVER=<unset> AE_TMUX_SERVER_KIND=<unset> argc=7 <-S> </private/tmp/aelx/T-100/t100-B-waiting-user/t/tmux-501/default> <set-option> <-t> <$0> <@ae_watchdog_status> <[watch ⚠ 0/1]>
pid=95156 ppid=95154 AE_TMUX_SERVER=<unset> AE_TMUX_SERVER_KIND=<unset> argc=5 <-S> </private/tmp/aelx/T-100/t100-B-waiting-user/t/tmux-501/default> <list-sessions> <-F> <#{session_id} #{session_name}>
pid=95158 ppid=95142 AE_TMUX_SERVER=<unset> AE_TMUX_SERVER_KIND=<unset> argc=7 <-S> </private/tmp/aelx/T-100/t100-B-waiting-user/t/tmux-501/default> <set-option> <-t> <$0> <@ae_branch_name> <main>
pid=95171 ppid=95168 AE_TMUX_SERVER=<unset> AE_TMUX_SERVER_KIND=<unset> argc=5 <-S> </private/tmp/aelx/T-100/t100-B-waiting-user/t/tmux-501/default> <list-sessions> <-F> <#{session_id} #{session_name}>
pid=95173 ppid=55772 AE_TMUX_SERVER=<unset> AE_TMUX_SERVER_KIND=<unset> argc=7 <-S> </private/tmp/aelx/T-100/t100-B-waiting-user/t/tmux-501/default> <set-option> <-t> <$0> <@ae_branch_status> < main>
pid=95186 ppid=95184 AE_TMUX_SERVER=<unset> AE_TMUX_SERVER_KIND=<unset> argc=5 <-S> </private/tmp/aelx/T-100/t100-B-waiting-user/t/tmux-501/default> <list-sessions> <-F> <#{session_id} #{session_name}>
pid=95188 ppid=55772 AE_TMUX_SERVER=<unset> AE_TMUX_SERVER_KIND=<unset> argc=7 <-S> </private/tmp/aelx/T-100/t100-B-waiting-user/t/tmux-501/default> <set-option> <-t> <$0> <@ae_agents_status> <grok◌>
pid=95195 ppid=95194 AE_TMUX_SERVER=<unset> AE_TMUX_SERVER_KIND=<unset> argc=8 <-S> </private/tmp/aelx/T-100/t100-B-waiting-user/t/tmux-501/default> <list-panes> <-s> <-t> <t1> <-F> <#{pane_id}|#{window_id}|#{@ae_agent}>
pid=95198 ppid=55772 AE_TMUX_SERVER=<unset> AE_TMUX_SERVER_KIND=<unset> argc=8 <-S> </private/tmp/aelx/T-100/t100-B-waiting-user/t/tmux-501/default> <set-option> <-w> <-t> <@0> <@ae_window_status> <◌>
pid=95200 ppid=55772 AE_TMUX_SERVER=<unset> AE_TMUX_SERVER_KIND=<unset> argc=8 <-S> </private/tmp/aelx/T-100/t100-B-waiting-user/t/tmux-501/default> <set-option> <-w> <-t> <@1> <@ae_window_status> <>
pid=96406 ppid=55772 AE_TMUX_SERVER=<unset> AE_TMUX_SERVER_KIND=<unset> argc=5 <-S> </private/tmp/aelx/T-100/t100-B-waiting-user/t/tmux-501/default> <has-session> <-t> <t1>
pid=96414 ppid=55772 AE_TMUX_SERVER=<unset> AE_TMUX_SERVER_KIND=<unset> argc=8 <-S> </private/tmp/aelx/T-100/t100-B-waiting-user/t/tmux-501/default> <list-panes> <-s> <-t> <t1> <-F> <#{pane_id}|#{@ae_agent}|#{pane_current_command}|#{pane_pid}>
pid=96417 ppid=96416 AE_TMUX_SERVER=<unset> AE_TMUX_SERVER_KIND=<unset> argc=7 <-S> </private/tmp/aelx/T-100/t100-B-waiting-user/t/tmux-501/default> <display-message> <-p> <-t> <%0> <#{@ae_slot}>
pid=96422 ppid=96421 AE_TMUX_SERVER=<unset> AE_TMUX_SERVER_KIND=<unset> argc=11 <-S> </private/tmp/aelx/T-100/t100-B-waiting-user/t/tmux-501/default> <capture-pane> <-p> <-J> <-S> <-40> <-E> <-> <-t> <%0>
pid=96478 ppid=96476 AE_TMUX_SERVER=<unset> AE_TMUX_SERVER_KIND=<unset> argc=5 <-S> </private/tmp/aelx/T-100/t100-B-waiting-user/t/tmux-501/default> <list-sessions> <-F> <#{session_id} #{session_name}>
pid=96494 ppid=55772 AE_TMUX_SERVER=<unset> AE_TMUX_SERVER_KIND=<unset> argc=7 <-S> </private/tmp/aelx/T-100/t100-B-waiting-user/t/tmux-501/default> <set-option> <-t> <$0> <@ae_watchdog_status> <[watch ⚠ 0/1]>
pid=96554 ppid=96552 AE_TMUX_SERVER=<unset> AE_TMUX_SERVER_KIND=<unset> argc=5 <-S> </private/tmp/aelx/T-100/t100-B-waiting-user/t/tmux-501/default> <list-sessions> <-F> <#{session_id} #{session_name}>
pid=96572 ppid=96520 AE_TMUX_SERVER=<unset> AE_TMUX_SERVER_KIND=<unset> argc=7 <-S> </private/tmp/aelx/T-100/t100-B-waiting-user/t/tmux-501/default> <set-option> <-t> <$0> <@ae_branch_name> <main>
pid=96613 ppid=96610 AE_TMUX_SERVER=<unset> AE_TMUX_SERVER_KIND=<unset> argc=5 <-S> </private/tmp/aelx/T-100/t100-B-waiting-user/t/tmux-501/default> <list-sessions> <-F> <#{session_id} #{session_name}>
pid=96625 ppid=55772 AE_TMUX_SERVER=<unset> AE_TMUX_SERVER_KIND=<unset> argc=7 <-S> </private/tmp/aelx/T-100/t100-B-waiting-user/t/tmux-501/default> <set-option> <-t> <$0> <@ae_branch_status> < main>
pid=96651 ppid=96649 AE_TMUX_SERVER=<unset> AE_TMUX_SERVER_KIND=<unset> argc=5 <-S> </private/tmp/aelx/T-100/t100-B-waiting-user/t/tmux-501/default> <list-sessions> <-F> <#{session_id} #{session_name}>
pid=96662 ppid=55772 AE_TMUX_SERVER=<unset> AE_TMUX_SERVER_KIND=<unset> argc=7 <-S> </private/tmp/aelx/T-100/t100-B-waiting-user/t/tmux-501/default> <set-option> <-t> <$0> <@ae_agents_status> <grok◌>
pid=96678 ppid=96677 AE_TMUX_SERVER=<unset> AE_TMUX_SERVER_KIND=<unset> argc=8 <-S> </private/tmp/aelx/T-100/t100-B-waiting-user/t/tmux-501/default> <list-panes> <-s> <-t> <t1> <-F> <#{pane_id}|#{window_id}|#{@ae_agent}>
pid=96691 ppid=55772 AE_TMUX_SERVER=<unset> AE_TMUX_SERVER_KIND=<unset> argc=8 <-S> </private/tmp/aelx/T-100/t100-B-waiting-user/t/tmux-501/default> <set-option> <-w> <-t> <@0> <@ae_window_status> <◌>
pid=96701 ppid=55772 AE_TMUX_SERVER=<unset> AE_TMUX_SERVER_KIND=<unset> argc=8 <-S> </private/tmp/aelx/T-100/t100-B-waiting-user/t/tmux-501/default> <set-option> <-w> <-t> <@1> <@ae_window_status> <>
pid=97807 ppid=55772 AE_TMUX_SERVER=<unset> AE_TMUX_SERVER_KIND=<unset> argc=5 <-S> </private/tmp/aelx/T-100/t100-B-waiting-user/t/tmux-501/default> <has-session> <-t> <t1>
pid=97815 ppid=55772 AE_TMUX_SERVER=<unset> AE_TMUX_SERVER_KIND=<unset> argc=8 <-S> </private/tmp/aelx/T-100/t100-B-waiting-user/t/tmux-501/default> <list-panes> <-s> <-t> <t1> <-F> <#{pane_id}|#{@ae_agent}|#{pane_current_command}|#{pane_pid}>
pid=97819 ppid=97817 AE_TMUX_SERVER=<unset> AE_TMUX_SERVER_KIND=<unset> argc=7 <-S> </private/tmp/aelx/T-100/t100-B-waiting-user/t/tmux-501/default> <display-message> <-p> <-t> <%0> <#{@ae_slot}>
pid=97823 ppid=97822 AE_TMUX_SERVER=<unset> AE_TMUX_SERVER_KIND=<unset> argc=11 <-S> </private/tmp/aelx/T-100/t100-B-waiting-user/t/tmux-501/default> <capture-pane> <-p> <-J> <-S> <-40> <-E> <-> <-t> <%0>
pid=97867 ppid=97865 AE_TMUX_SERVER=<unset> AE_TMUX_SERVER_KIND=<unset> argc=5 <-S> </private/tmp/aelx/T-100/t100-B-waiting-user/t/tmux-501/default> <list-sessions> <-F> <#{session_id} #{session_name}>
pid=97869 ppid=55772 AE_TMUX_SERVER=<unset> AE_TMUX_SERVER_KIND=<unset> argc=7 <-S> </private/tmp/aelx/T-100/t100-B-waiting-user/t/tmux-501/default> <set-option> <-t> <$0> <@ae_watchdog_status> <[watch ⚠ 0/1]>
pid=97885 ppid=97883 AE_TMUX_SERVER=<unset> AE_TMUX_SERVER_KIND=<unset> argc=5 <-S> </private/tmp/aelx/T-100/t100-B-waiting-user/t/tmux-501/default> <list-sessions> <-F> <#{session_id} #{session_name}>
pid=97888 ppid=97871 AE_TMUX_SERVER=<unset> AE_TMUX_SERVER_KIND=<unset> argc=7 <-S> </private/tmp/aelx/T-100/t100-B-waiting-user/t/tmux-501/default> <set-option> <-t> <$0> <@ae_branch_name> <main>
pid=97898 ppid=97896 AE_TMUX_SERVER=<unset> AE_TMUX_SERVER_KIND=<unset> argc=5 <-S> </private/tmp/aelx/T-100/t100-B-waiting-user/t/tmux-501/default> <list-sessions> <-F> <#{session_id} #{session_name}>
pid=97900 ppid=55772 AE_TMUX_SERVER=<unset> AE_TMUX_SERVER_KIND=<unset> argc=7 <-S> </private/tmp/aelx/T-100/t100-B-waiting-user/t/tmux-501/default> <set-option> <-t> <$0> <@ae_branch_status> < main>
pid=97913 ppid=97911 AE_TMUX_SERVER=<unset> AE_TMUX_SERVER_KIND=<unset> argc=5 <-S> </private/tmp/aelx/T-100/t100-B-waiting-user/t/tmux-501/default> <list-sessions> <-F> <#{session_id} #{session_name}>
pid=97915 ppid=55772 AE_TMUX_SERVER=<unset> AE_TMUX_SERVER_KIND=<unset> argc=7 <-S> </private/tmp/aelx/T-100/t100-B-waiting-user/t/tmux-501/default> <set-option> <-t> <$0> <@ae_agents_status> <grok◌>
pid=97922 ppid=97921 AE_TMUX_SERVER=<unset> AE_TMUX_SERVER_KIND=<unset> argc=8 <-S> </private/tmp/aelx/T-100/t100-B-waiting-user/t/tmux-501/default> <list-panes> <-s> <-t> <t1> <-F> <#{pane_id}|#{window_id}|#{@ae_agent}>
pid=97925 ppid=55772 AE_TMUX_SERVER=<unset> AE_TMUX_SERVER_KIND=<unset> argc=8 <-S> </private/tmp/aelx/T-100/t100-B-waiting-user/t/tmux-501/default> <set-option> <-w> <-t> <@0> <@ae_window_status> <◌>
pid=97928 ppid=55772 AE_TMUX_SERVER=<unset> AE_TMUX_SERVER_KIND=<unset> argc=8 <-S> </private/tmp/aelx/T-100/t100-B-waiting-user/t/tmux-501/default> <set-option> <-w> <-t> <@1> <@ae_window_status> <>
pid=99281 ppid=55772 AE_TMUX_SERVER=<unset> AE_TMUX_SERVER_KIND=<unset> argc=5 <-S> </private/tmp/aelx/T-100/t100-B-waiting-user/t/tmux-501/default> <has-session> <-t> <t1>
pid=99289 ppid=55772 AE_TMUX_SERVER=<unset> AE_TMUX_SERVER_KIND=<unset> argc=8 <-S> </private/tmp/aelx/T-100/t100-B-waiting-user/t/tmux-501/default> <list-panes> <-s> <-t> <t1> <-F> <#{pane_id}|#{@ae_agent}|#{pane_current_command}|#{pane_pid}>
pid=99293 ppid=99292 AE_TMUX_SERVER=<unset> AE_TMUX_SERVER_KIND=<unset> argc=7 <-S> </private/tmp/aelx/T-100/t100-B-waiting-user/t/tmux-501/default> <display-message> <-p> <-t> <%0> <#{@ae_slot}>
pid=99298 ppid=99297 AE_TMUX_SERVER=<unset> AE_TMUX_SERVER_KIND=<unset> argc=11 <-S> </private/tmp/aelx/T-100/t100-B-waiting-user/t/tmux-501/default> <capture-pane> <-p> <-J> <-S> <-40> <-E> <-> <-t> <%0>
pid=99343 ppid=99341 AE_TMUX_SERVER=<unset> AE_TMUX_SERVER_KIND=<unset> argc=5 <-S> </private/tmp/aelx/T-100/t100-B-waiting-user/t/tmux-501/default> <list-sessions> <-F> <#{session_id} #{session_name}>
pid=99345 ppid=55772 AE_TMUX_SERVER=<unset> AE_TMUX_SERVER_KIND=<unset> argc=7 <-S> </private/tmp/aelx/T-100/t100-B-waiting-user/t/tmux-501/default> <set-option> <-t> <$0> <@ae_watchdog_status> <[watch ⚠ 0/1]>
pid=99363 ppid=99361 AE_TMUX_SERVER=<unset> AE_TMUX_SERVER_KIND=<unset> argc=5 <-S> </private/tmp/aelx/T-100/t100-B-waiting-user/t/tmux-501/default> <list-sessions> <-F> <#{session_id} #{session_name}>
pid=99367 ppid=99348 AE_TMUX_SERVER=<unset> AE_TMUX_SERVER_KIND=<unset> argc=7 <-S> </private/tmp/aelx/T-100/t100-B-waiting-user/t/tmux-501/default> <set-option> <-t> <$0> <@ae_branch_name> <main>
pid=99390 ppid=99388 AE_TMUX_SERVER=<unset> AE_TMUX_SERVER_KIND=<unset> argc=5 <-S> </private/tmp/aelx/T-100/t100-B-waiting-user/t/tmux-501/default> <list-sessions> <-F> <#{session_id} #{session_name}>
pid=99401 ppid=55772 AE_TMUX_SERVER=<unset> AE_TMUX_SERVER_KIND=<unset> argc=7 <-S> </private/tmp/aelx/T-100/t100-B-waiting-user/t/tmux-501/default> <set-option> <-t> <$0> <@ae_branch_status> < main>
pid=99419 ppid=99417 AE_TMUX_SERVER=<unset> AE_TMUX_SERVER_KIND=<unset> argc=5 <-S> </private/tmp/aelx/T-100/t100-B-waiting-user/t/tmux-501/default> <list-sessions> <-F> <#{session_id} #{session_name}>
pid=99429 ppid=55772 AE_TMUX_SERVER=<unset> AE_TMUX_SERVER_KIND=<unset> argc=7 <-S> </private/tmp/aelx/T-100/t100-B-waiting-user/t/tmux-501/default> <set-option> <-t> <$0> <@ae_agents_status> <grok◌>
pid=99437 ppid=99436 AE_TMUX_SERVER=<unset> AE_TMUX_SERVER_KIND=<unset> argc=8 <-S> </private/tmp/aelx/T-100/t100-B-waiting-user/t/tmux-501/default> <list-panes> <-s> <-t> <t1> <-F> <#{pane_id}|#{window_id}|#{@ae_agent}>
pid=99443 ppid=55772 AE_TMUX_SERVER=<unset> AE_TMUX_SERVER_KIND=<unset> argc=8 <-S> </private/tmp/aelx/T-100/t100-B-waiting-user/t/tmux-501/default> <set-option> <-w> <-t> <@0> <@ae_window_status> <◌>
pid=99452 ppid=55772 AE_TMUX_SERVER=<unset> AE_TMUX_SERVER_KIND=<unset> argc=8 <-S> </private/tmp/aelx/T-100/t100-B-waiting-user/t/tmux-501/default> <set-option> <-w> <-t> <@1> <@ae_window_status> <>
pid=1179 ppid=55772 AE_TMUX_SERVER=<unset> AE_TMUX_SERVER_KIND=<unset> argc=5 <-S> </private/tmp/aelx/T-100/t100-B-waiting-user/t/tmux-501/default> <has-session> <-t> <t1>
pid=1192 ppid=55772 AE_TMUX_SERVER=<unset> AE_TMUX_SERVER_KIND=<unset> argc=8 <-S> </private/tmp/aelx/T-100/t100-B-waiting-user/t/tmux-501/default> <list-panes> <-s> <-t> <t1> <-F> <#{pane_id}|#{@ae_agent}|#{pane_current_command}|#{pane_pid}>
pid=1196 ppid=1195 AE_TMUX_SERVER=<unset> AE_TMUX_SERVER_KIND=<unset> argc=7 <-S> </private/tmp/aelx/T-100/t100-B-waiting-user/t/tmux-501/default> <display-message> <-p> <-t> <%0> <#{@ae_slot}>
pid=1202 ppid=1201 AE_TMUX_SERVER=<unset> AE_TMUX_SERVER_KIND=<unset> argc=11 <-S> </private/tmp/aelx/T-100/t100-B-waiting-user/t/tmux-501/default> <capture-pane> <-p> <-J> <-S> <-40> <-E> <-> <-t> <%0>
pid=1256 ppid=1254 AE_TMUX_SERVER=<unset> AE_TMUX_SERVER_KIND=<unset> argc=5 <-S> </private/tmp/aelx/T-100/t100-B-waiting-user/t/tmux-501/default> <list-sessions> <-F> <#{session_id} #{session_name}>
pid=1262 ppid=55772 AE_TMUX_SERVER=<unset> AE_TMUX_SERVER_KIND=<unset> argc=7 <-S> </private/tmp/aelx/T-100/t100-B-waiting-user/t/tmux-501/default> <set-option> <-t> <$0> <@ae_watchdog_status> <[watch ⚠ 0/1]>
pid=1279 ppid=1277 AE_TMUX_SERVER=<unset> AE_TMUX_SERVER_KIND=<unset> argc=5 <-S> </private/tmp/aelx/T-100/t100-B-waiting-user/t/tmux-501/default> <list-sessions> <-F> <#{session_id} #{session_name}>
pid=1281 ppid=1265 AE_TMUX_SERVER=<unset> AE_TMUX_SERVER_KIND=<unset> argc=7 <-S> </private/tmp/aelx/T-100/t100-B-waiting-user/t/tmux-501/default> <set-option> <-t> <$0> <@ae_branch_name> <main>
pid=1298 ppid=1295 AE_TMUX_SERVER=<unset> AE_TMUX_SERVER_KIND=<unset> argc=5 <-S> </private/tmp/aelx/T-100/t100-B-waiting-user/t/tmux-501/default> <list-sessions> <-F> <#{session_id} #{session_name}>
pid=1300 ppid=55772 AE_TMUX_SERVER=<unset> AE_TMUX_SERVER_KIND=<unset> argc=7 <-S> </private/tmp/aelx/T-100/t100-B-waiting-user/t/tmux-501/default> <set-option> <-t> <$0> <@ae_branch_status> < main>
pid=1319 ppid=1317 AE_TMUX_SERVER=<unset> AE_TMUX_SERVER_KIND=<unset> argc=5 <-S> </private/tmp/aelx/T-100/t100-B-waiting-user/t/tmux-501/default> <list-sessions> <-F> <#{session_id} #{session_name}>
pid=1321 ppid=55772 AE_TMUX_SERVER=<unset> AE_TMUX_SERVER_KIND=<unset> argc=7 <-S> </private/tmp/aelx/T-100/t100-B-waiting-user/t/tmux-501/default> <set-option> <-t> <$0> <@ae_agents_status> <grok◌>
pid=1328 ppid=1327 AE_TMUX_SERVER=<unset> AE_TMUX_SERVER_KIND=<unset> argc=8 <-S> </private/tmp/aelx/T-100/t100-B-waiting-user/t/tmux-501/default> <list-panes> <-s> <-t> <t1> <-F> <#{pane_id}|#{window_id}|#{@ae_agent}>
pid=1331 ppid=55772 AE_TMUX_SERVER=<unset> AE_TMUX_SERVER_KIND=<unset> argc=8 <-S> </private/tmp/aelx/T-100/t100-B-waiting-user/t/tmux-501/default> <set-option> <-w> <-t> <@0> <@ae_window_status> <◌>
pid=1337 ppid=55772 AE_TMUX_SERVER=<unset> AE_TMUX_SERVER_KIND=<unset> argc=8 <-S> </private/tmp/aelx/T-100/t100-B-waiting-user/t/tmux-501/default> <set-option> <-w> <-t> <@1> <@ae_window_status> <>
pid=3202 ppid=55772 AE_TMUX_SERVER=<unset> AE_TMUX_SERVER_KIND=<unset> argc=5 <-S> </private/tmp/aelx/T-100/t100-B-waiting-user/t/tmux-501/default> <has-session> <-t> <t1>
pid=3211 ppid=55772 AE_TMUX_SERVER=<unset> AE_TMUX_SERVER_KIND=<unset> argc=8 <-S> </private/tmp/aelx/T-100/t100-B-waiting-user/t/tmux-501/default> <list-panes> <-s> <-t> <t1> <-F> <#{pane_id}|#{@ae_agent}|#{pane_current_command}|#{pane_pid}>
pid=3215 ppid=3213 AE_TMUX_SERVER=<unset> AE_TMUX_SERVER_KIND=<unset> argc=7 <-S> </private/tmp/aelx/T-100/t100-B-waiting-user/t/tmux-501/default> <display-message> <-p> <-t> <%0> <#{@ae_slot}>
pid=3219 ppid=3218 AE_TMUX_SERVER=<unset> AE_TMUX_SERVER_KIND=<unset> argc=11 <-S> </private/tmp/aelx/T-100/t100-B-waiting-user/t/tmux-501/default> <capture-pane> <-p> <-J> <-S> <-40> <-E> <-> <-t> <%0>
pid=3264 ppid=3262 AE_TMUX_SERVER=<unset> AE_TMUX_SERVER_KIND=<unset> argc=5 <-S> </private/tmp/aelx/T-100/t100-B-waiting-user/t/tmux-501/default> <list-sessions> <-F> <#{session_id} #{session_name}>
pid=3267 ppid=55772 AE_TMUX_SERVER=<unset> AE_TMUX_SERVER_KIND=<unset> argc=7 <-S> </private/tmp/aelx/T-100/t100-B-waiting-user/t/tmux-501/default> <set-option> <-t> <$0> <@ae_watchdog_status> <[watch ⚠ 0/1]>
pid=3283 ppid=3281 AE_TMUX_SERVER=<unset> AE_TMUX_SERVER_KIND=<unset> argc=5 <-S> </private/tmp/aelx/T-100/t100-B-waiting-user/t/tmux-501/default> <list-sessions> <-F> <#{session_id} #{session_name}>
pid=3286 ppid=3269 AE_TMUX_SERVER=<unset> AE_TMUX_SERVER_KIND=<unset> argc=7 <-S> </private/tmp/aelx/T-100/t100-B-waiting-user/t/tmux-501/default> <set-option> <-t> <$0> <@ae_branch_name> <main>
pid=3296 ppid=3294 AE_TMUX_SERVER=<unset> AE_TMUX_SERVER_KIND=<unset> argc=5 <-S> </private/tmp/aelx/T-100/t100-B-waiting-user/t/tmux-501/default> <list-sessions> <-F> <#{session_id} #{session_name}>
pid=3298 ppid=55772 AE_TMUX_SERVER=<unset> AE_TMUX_SERVER_KIND=<unset> argc=7 <-S> </private/tmp/aelx/T-100/t100-B-waiting-user/t/tmux-501/default> <set-option> <-t> <$0> <@ae_branch_status> < main>
pid=3312 ppid=3309 AE_TMUX_SERVER=<unset> AE_TMUX_SERVER_KIND=<unset> argc=5 <-S> </private/tmp/aelx/T-100/t100-B-waiting-user/t/tmux-501/default> <list-sessions> <-F> <#{session_id} #{session_name}>
pid=3314 ppid=55772 AE_TMUX_SERVER=<unset> AE_TMUX_SERVER_KIND=<unset> argc=7 <-S> </private/tmp/aelx/T-100/t100-B-waiting-user/t/tmux-501/default> <set-option> <-t> <$0> <@ae_agents_status> <grok◌>
pid=3321 ppid=3320 AE_TMUX_SERVER=<unset> AE_TMUX_SERVER_KIND=<unset> argc=8 <-S> </private/tmp/aelx/T-100/t100-B-waiting-user/t/tmux-501/default> <list-panes> <-s> <-t> <t1> <-F> <#{pane_id}|#{window_id}|#{@ae_agent}>
pid=3325 ppid=55772 AE_TMUX_SERVER=<unset> AE_TMUX_SERVER_KIND=<unset> argc=8 <-S> </private/tmp/aelx/T-100/t100-B-waiting-user/t/tmux-501/default> <set-option> <-w> <-t> <@0> <@ae_window_status> <◌>
pid=3330 ppid=55772 AE_TMUX_SERVER=<unset> AE_TMUX_SERVER_KIND=<unset> argc=8 <-S> </private/tmp/aelx/T-100/t100-B-waiting-user/t/tmux-501/default> <set-option> <-w> <-t> <@1> <@ae_window_status> <>
pid=3747 ppid=3745 AE_TMUX_SERVER=<unset> AE_TMUX_SERVER_KIND=<unset> argc=5 <-S> </private/tmp/aelx/T-100/t100-B-waiting-user/t/tmux-501/default> <list-sessions> <-F> <#{session_id} #{session_name}>
