pid=52445 ppid=52426 AE_TMUX_SERVER=<unset> AE_TMUX_SERVER_KIND=<unset> argc=3 <has-session> <-t> <t1>
pid=52479 ppid=52426 AE_TMUX_SERVER=<unset> AE_TMUX_SERVER_KIND=<unset> argc=6 <new-session> <-d> <-s> <t1> <-c> </private/tmp/aelx/T-100/t100-A-waiting-user/w>
pid=52485 ppid=52426 AE_TMUX_SERVER=<unset> AE_TMUX_SERVER_KIND=<unset> argc=5 <set-environment> <-t> <t1> <-u> <CLAUDECODE>
pid=52488 ppid=52426 AE_TMUX_SERVER=<unset> AE_TMUX_SERVER_KIND=<unset> argc=5 <set-environment> <-t> <t1> <-u> <CLAUDE_CODE_SESSION>
pid=52490 ppid=52426 AE_TMUX_SERVER=<unset> AE_TMUX_SERVER_KIND=<unset> argc=5 <set-environment> <-t> <t1> <AE_SESSION> <1>
pid=52492 ppid=52426 AE_TMUX_SERVER=<unset> AE_TMUX_SERVER_KIND=<unset> argc=5 <set-environment> <-t> <t1> <AE_ORIGIN> </private/tmp/aelx/T-100/t100-A-waiting-user/w>
pid=52494 ppid=52426 AE_TMUX_SERVER=<unset> AE_TMUX_SERVER_KIND=<unset> argc=5 <set-environment> <-t> <t1> <AE_DIR> </private/tmp/aelx/T-100/t100-A-waiting-user/w>
pid=52496 ppid=52426 AE_TMUX_SERVER=<unset> AE_TMUX_SERVER_KIND=<unset> argc=5 <set-environment> <-t> <t1> <AE_MODE> <local>
pid=52498 ppid=52426 AE_TMUX_SERVER=<unset> AE_TMUX_SERVER_KIND=<unset> argc=5 <set-environment> <-t> <t1> <AE_HOME> </tmp/aelx/T-100/t100-A-waiting-user/h/.ae>
pid=52501 ppid=52426 AE_TMUX_SERVER=<unset> AE_TMUX_SERVER_KIND=<unset> argc=5 <set-option> <-t> <t1> <mouse> <on>
pid=52503 ppid=52426 AE_TMUX_SERVER=<unset> AE_TMUX_SERVER_KIND=<unset> argc=5 <set-option> <-t> <t1> <focus-events> <on>
pid=52505 ppid=52426 AE_TMUX_SERVER=<unset> AE_TMUX_SERVER_KIND=<unset> argc=5 <set-option> <-t> <t1> <history-limit> <50000>
pid=52507 ppid=52426 AE_TMUX_SERVER=<unset> AE_TMUX_SERVER_KIND=<unset> argc=5 <set-option> <-t> <t1> <pane-border-status> <top>
pid=52509 ppid=52426 AE_TMUX_SERVER=<unset> AE_TMUX_SERVER_KIND=<unset> argc=5 <set-option> <-t> <t1> <pane-border-format> < #{@ae_agent} >
pid=52511 ppid=52426 AE_TMUX_SERVER=<unset> AE_TMUX_SERVER_KIND=<unset> argc=3 <has-session> <-t> <t1>
pid=52514 ppid=52513 AE_TMUX_SERVER=<unset> AE_TMUX_SERVER_KIND=<unset> argc=3 <list-sessions> <-F> <#{session_id} #{session_name}>
pid=52525 ppid=52426 AE_TMUX_SERVER=<unset> AE_TMUX_SERVER_KIND=<unset> argc=5 <set-option> <-t> <$0> <status-left> <[ae t1] >
pid=52528 ppid=52426 AE_TMUX_SERVER=<unset> AE_TMUX_SERVER_KIND=<unset> argc=5 <set-option> <-t> <$0> <status-left-length> <40>
pid=52532 ppid=52426 AE_TMUX_SERVER=<unset> AE_TMUX_SERVER_KIND=<unset> argc=5 <set-option> <-t> <$0> <status-right> <[…te/tmp/aelx/T-100/t100-A-waiting-user/w#{@ae_branch_status}] #{@ae_watchdog_status}>
pid=52536 ppid=52426 AE_TMUX_SERVER=<unset> AE_TMUX_SERVER_KIND=<unset> argc=5 <set-option> <-t> <$0> <status-right-length> <100>
pid=52537 ppid=52426 AE_TMUX_SERVER=<unset> AE_TMUX_SERVER_KIND=<unset> argc=5 <set-option> <-t> <$0> <status-interval> <5>
pid=52541 ppid=52426 AE_TMUX_SERVER=<unset> AE_TMUX_SERVER_KIND=<unset> argc=5 <set-option> <-t> <$0> <status> <2>
pid=52544 ppid=52543 AE_TMUX_SERVER=<unset> AE_TMUX_SERVER_KIND=<unset> argc=3 <show-options> <-gv> <status-format[0]>
pid=52546 ppid=52426 AE_TMUX_SERVER=<unset> AE_TMUX_SERVER_KIND=<unset> argc=5 <set-option> <-t> <$0> <status-format[0]> <#[align=left range=left #{E:status-left-style}]#[push-default]#{T;=/#{status-left-length}:status-left}#[pop-default]#[norange default]#[list=on align=#{status-justify}]#[list=left-marker]<#[list=right-marker]>#[list=on]#{W:#[range=window|#{window_index} #{E:window-status-style}#{?#{&&:#{window_last_flag},#{!=:#{E:window-status-last-style},default}}, #{E:window-status-last-style},}#{?#{&&:#{window_bell_flag},#{!=:#{E:window-status-bell-style},default}}, #{E:window-status-bell-style},#{?#{&&:#{||:#{window_activity_flag},#{window_silence_flag}},#{!=:#{E:window-status-activity-style},default}}, #{E:window-status-activity-style},}}]#[push-default]#{T:window-status-format}#[pop-default]#[norange default]#{?loop_last_flag,,#{E:window-status-separator}},#[range=window|#{window_index} list=focus #{?#{!=:#{E:window-status-current-style},default},#{E:window-status-current-style},#{E:window-status-style}}#{?#{&&:#{window_last_flag},#{!=:#{E:window-status-last-style},default}}, #{E:window-status-last-style},}#{?#{&&:#{window_bell_flag},#{!=:#{E:window-status-bell-style},default}}, #{E:window-status-bell-style},#{?#{&&:#{||:#{window_activity_flag},#{window_silence_flag}},#{!=:#{E:window-status-activity-style},default}}, #{E:window-status-activity-style},}}]#[push-default]#{T:window-status-current-format}#[pop-default]#[norange list=on default]#{?loop_last_flag,,#{E:window-status-separator}}}#[nolist align=right range=right #{E:status-right-style}]#[push-default]#{T;=/#{status-right-length}:status-right}#[pop-default]#[norange default]>
pid=52548 ppid=52426 AE_TMUX_SERVER=<unset> AE_TMUX_SERVER_KIND=<unset> argc=5 <set-option> <-t> <$0> <status-format[1]> <#[align=left] #{@ae_agent}#[align=right]#{@ae_agents_status} >
pid=52550 ppid=52426 AE_TMUX_SERVER=<unset> AE_TMUX_SERVER_KIND=<unset> argc=5 <set-option> <-t> <$0> <window-status-format> <#I:#W#{@ae_window_status}#F>
pid=52553 ppid=52426 AE_TMUX_SERVER=<unset> AE_TMUX_SERVER_KIND=<unset> argc=5 <set-option> <-t> <$0> <window-status-current-format> <#I:#W#{@ae_window_status}#F>
pid=52555 ppid=52426 AE_TMUX_SERVER=<unset> AE_TMUX_SERVER_KIND=<unset> argc=5 <set-option> <-t> <t1> <automatic-rename> <off>
pid=52558 ppid=52426 AE_TMUX_SERVER=<unset> AE_TMUX_SERVER_KIND=<unset> argc=4 <rename-window> <-t> <t1> <t1>
pid=52561 ppid=52426 AE_TMUX_SERVER=<unset> AE_TMUX_SERVER_KIND=<unset> argc=5 <display-message> <-t> <t1> <-p> <#{pane_id}>
pid=52563 ppid=52426 AE_TMUX_SERVER=<unset> AE_TMUX_SERVER_KIND=<unset> argc=5 <select-pane> <-t> <%0> <-T> <ae:grok:grok>
pid=52566 ppid=52426 AE_TMUX_SERVER=<unset> AE_TMUX_SERVER_KIND=<unset> argc=6 <set-option> <-p> <-t> <%0> <@ae_agent> <grok:grok>
pid=52570 ppid=52426 AE_TMUX_SERVER=<unset> AE_TMUX_SERVER_KIND=<unset> argc=6 <set-option> <-p> <-t> <%0> <@ae_slot> <main>
pid=52595 ppid=52593 AE_TMUX_SERVER=<unset> AE_TMUX_SERVER_KIND=<unset> argc=3 <display-message> <-p> <#{socket_path}>
pid=52710 ppid=52426 AE_TMUX_SERVER=<unset> AE_TMUX_SERVER_KIND=<unset> argc=6 <list-panes> <-s> <-t> <t1> <-F> <#{pane_id}	#{@ae_agent}>
pid=52736 ppid=52735 AE_TMUX_SERVER=<unset> AE_TMUX_SERVER_KIND=<unset> argc=8 <-S> </private/tmp/aelx/T-100/t100-A-waiting-user/t/tmux-501/default> <list-panes> <-s> <-t> <t1> <-F> <#{pane_id}|#{@ae_slot}|#{@ae_agent}>
pid=52843 ppid=52842 AE_TMUX_SERVER=<unset> AE_TMUX_SERVER_KIND=<unset> argc=5 <display-message> <-p> <-t> <%0> <#{pane_current_command}>
pid=52848 ppid=52426 AE_TMUX_SERVER=<unset> AE_TMUX_SERVER_KIND=<unset> argc=4 <load-buffer> <-b> <ae-ps-52426-%0> <->
pid=52850 ppid=52426 AE_TMUX_SERVER=<unset> AE_TMUX_SERVER_KIND=<unset> argc=6 <paste-buffer> <-d> <-b> <ae-ps-52426-%0> <-t> <%0>
pid=52913 ppid=52426 AE_TMUX_SERVER=<unset> AE_TMUX_SERVER_KIND=<unset> argc=4 <send-keys> <-t> <%0> <Enter>
pid=53106 ppid=53103 AE_TMUX_SERVER=<unset> AE_TMUX_SERVER_KIND=<unset> argc=8 <-S> </private/tmp/aelx/T-100/t100-A-waiting-user/t/tmux-501/default> <list-panes> <-s> <-t> <t1> <-F> <#{pane_id} #{@ae_agent}>
pid=53110 ppid=53109 AE_TMUX_SERVER=<unset> AE_TMUX_SERVER_KIND=<unset> argc=12 <-S> </private/tmp/aelx/T-100/t100-A-waiting-user/t/tmux-501/default> <new-window> <-d> <-t> <t1:99> <-n> <ae-monitor> <-P> <-F> <#{pane_id}> </tmp/aelx/T-100/t100-A-waiting-user/h/.ae/sessions/t1/events-tail>
pid=53113 ppid=52983 AE_TMUX_SERVER=<unset> AE_TMUX_SERVER_KIND=<unset> argc=8 <-S> </private/tmp/aelx/T-100/t100-A-waiting-user/t/tmux-501/default> <set-option> <-p> <-t> <%1> <@ae_agent> <_events>
pid=53115 ppid=52983 AE_TMUX_SERVER=<unset> AE_TMUX_SERVER_KIND=<unset> argc=7 <-S> </private/tmp/aelx/T-100/t100-A-waiting-user/t/tmux-501/default> <select-pane> <-t> <%1> <-T> <ae events>
pid=53117 ppid=52983 AE_TMUX_SERVER=<unset> AE_TMUX_SERVER_KIND=<unset> argc=7 <-S> </private/tmp/aelx/T-100/t100-A-waiting-user/t/tmux-501/default> <set-window-option> <-t> <t1:ae-monitor> <pane-border-status> <top>
pid=53120 ppid=52983 AE_TMUX_SERVER=<unset> AE_TMUX_SERVER_KIND=<unset> argc=6 <-S> </private/tmp/aelx/T-100/t100-A-waiting-user/t/tmux-501/default> <select-pane> <-t> <%1> <-d>
pid=53161 ppid=53159 AE_TMUX_SERVER=<unset> AE_TMUX_SERVER_KIND=<unset> argc=8 <-S> </private/tmp/aelx/T-100/t100-A-waiting-user/t/tmux-501/default> <list-panes> <-s> <-t> <t1> <-F> <#{pane_id} #{@ae_agent}>
pid=53169 ppid=53167 AE_TMUX_SERVER=<unset> AE_TMUX_SERVER_KIND=<unset> argc=8 <-S> </private/tmp/aelx/T-100/t100-A-waiting-user/t/tmux-501/default> <list-panes> <-s> <-t> <t1> <-F> <#{pane_id} #{@ae_agent}>
pid=53189 ppid=53187 AE_TMUX_SERVER=<unset> AE_TMUX_SERVER_KIND=<unset> argc=8 <-S> </private/tmp/aelx/T-100/t100-A-waiting-user/t/tmux-501/default> <list-panes> <-s> <-t> <t1> <-F> <#{pane_id} #{@ae_agent}>
pid=53194 ppid=53192 AE_TMUX_SERVER=<unset> AE_TMUX_SERVER_KIND=<unset> argc=11 <-S> </private/tmp/aelx/T-100/t100-A-waiting-user/t/tmux-501/default> <split-window> <-v> <-b> <-t> <%1> <-P> <-F> <#{pane_id}> </tmp/aelx/T-100/t100-A-waiting-user/h/.ae/sessions/t1/watchdog _run>
pid=53198 ppid=53128 AE_TMUX_SERVER=<unset> AE_TMUX_SERVER_KIND=<unset> argc=8 <-S> </private/tmp/aelx/T-100/t100-A-waiting-user/t/tmux-501/default> <set-option> <-p> <-t> <%2> <@ae_agent> <_watchdog>
pid=53200 ppid=53128 AE_TMUX_SERVER=<unset> AE_TMUX_SERVER_KIND=<unset> argc=7 <-S> </private/tmp/aelx/T-100/t100-A-waiting-user/t/tmux-501/default> <select-pane> <-t> <%2> <-T> <ae watchdog>
pid=53217 ppid=53128 AE_TMUX_SERVER=<unset> AE_TMUX_SERVER_KIND=<unset> argc=6 <-S> </private/tmp/aelx/T-100/t100-A-waiting-user/t/tmux-501/default> <select-pane> <-t> <%2> <-d>
pid=53264 ppid=52426 AE_TMUX_SERVER=<unset> AE_TMUX_SERVER_KIND=<unset> argc=3 <select-pane> <-t> <%0>
pid=53273 ppid=53271 AE_TMUX_SERVER=<unset> AE_TMUX_SERVER_KIND=<unset> argc=5 <-S> </private/tmp/aelx/T-100/t100-A-waiting-user/t/tmux-501/default> <list-sessions> <-F> <#{session_id} #{session_name}>
pid=52426 ppid=52136 AE_TMUX_SERVER=<unset> AE_TMUX_SERVER_KIND=<unset> argc=3 <attach-session> <-t> <t1>
pid=53295 ppid=53196 AE_TMUX_SERVER=<unset> AE_TMUX_SERVER_KIND=<unset> argc=7 <-S> </private/tmp/aelx/T-100/t100-A-waiting-user/t/tmux-501/default> <set-option> <-t> <$0> <@ae_watchdog_status> <[watch ◌ starting]>
pid=53360 ppid=53358 AE_TMUX_SERVER=<unset> AE_TMUX_SERVER_KIND=<unset> argc=5 <-S> </private/tmp/aelx/T-100/t100-A-waiting-user/t/tmux-501/default> <list-sessions> <-F> <#{session_id} #{session_name}>
pid=53380 ppid=53318 AE_TMUX_SERVER=<unset> AE_TMUX_SERVER_KIND=<unset> argc=7 <-S> </private/tmp/aelx/T-100/t100-A-waiting-user/t/tmux-501/default> <set-option> <-t> <$0> <@ae_branch_name> <main>
pid=53415 ppid=53412 AE_TMUX_SERVER=<unset> AE_TMUX_SERVER_KIND=<unset> argc=5 <-S> </private/tmp/aelx/T-100/t100-A-waiting-user/t/tmux-501/default> <list-sessions> <-F> <#{session_id} #{session_name}>
pid=53429 ppid=53196 AE_TMUX_SERVER=<unset> AE_TMUX_SERVER_KIND=<unset> argc=7 <-S> </private/tmp/aelx/T-100/t100-A-waiting-user/t/tmux-501/default> <set-option> <-t> <$0> <@ae_branch_status> < main>
pid=53449 ppid=53196 AE_TMUX_SERVER=<unset> AE_TMUX_SERVER_KIND=<unset> argc=5 <-S> </private/tmp/aelx/T-100/t100-A-waiting-user/t/tmux-501/default> <has-session> <-t> <t1>
pid=53501 ppid=53196 AE_TMUX_SERVER=<unset> AE_TMUX_SERVER_KIND=<unset> argc=8 <-S> </private/tmp/aelx/T-100/t100-A-waiting-user/t/tmux-501/default> <list-panes> <-s> <-t> <t1> <-F> <#{pane_id}|#{@ae_agent}|#{pane_current_command}|#{pane_pid}>
pid=53513 ppid=53511 AE_TMUX_SERVER=<unset> AE_TMUX_SERVER_KIND=<unset> argc=7 <-S> </private/tmp/aelx/T-100/t100-A-waiting-user/t/tmux-501/default> <display-message> <-p> <-t> <%0> <#{@ae_slot}>
pid=53528 ppid=53526 AE_TMUX_SERVER=<unset> AE_TMUX_SERVER_KIND=<unset> argc=11 <-S> </private/tmp/aelx/T-100/t100-A-waiting-user/t/tmux-501/default> <capture-pane> <-p> <-J> <-S> <-40> <-E> <-> <-t> <%0>
pid=53622 ppid=53620 AE_TMUX_SERVER=<unset> AE_TMUX_SERVER_KIND=<unset> argc=5 <-S> </private/tmp/aelx/T-100/t100-A-waiting-user/t/tmux-501/default> <list-sessions> <-F> <#{session_id} #{session_name}>
pid=53634 ppid=53196 AE_TMUX_SERVER=<unset> AE_TMUX_SERVER_KIND=<unset> argc=7 <-S> </private/tmp/aelx/T-100/t100-A-waiting-user/t/tmux-501/default> <set-option> <-t> <$0> <@ae_watchdog_status> <[watch ● 1/1]>
pid=53668 ppid=53665 AE_TMUX_SERVER=<unset> AE_TMUX_SERVER_KIND=<unset> argc=5 <-S> </private/tmp/aelx/T-100/t100-A-waiting-user/t/tmux-501/default> <list-sessions> <-F> <#{session_id} #{session_name}>
pid=53678 ppid=53643 AE_TMUX_SERVER=<unset> AE_TMUX_SERVER_KIND=<unset> argc=7 <-S> </private/tmp/aelx/T-100/t100-A-waiting-user/t/tmux-501/default> <set-option> <-t> <$0> <@ae_branch_name> <main>
pid=53701 ppid=53699 AE_TMUX_SERVER=<unset> AE_TMUX_SERVER_KIND=<unset> argc=5 <-S> </private/tmp/aelx/T-100/t100-A-waiting-user/t/tmux-501/default> <list-sessions> <-F> <#{session_id} #{session_name}>
pid=53704 ppid=53196 AE_TMUX_SERVER=<unset> AE_TMUX_SERVER_KIND=<unset> argc=7 <-S> </private/tmp/aelx/T-100/t100-A-waiting-user/t/tmux-501/default> <set-option> <-t> <$0> <@ae_branch_status> < main>
pid=53717 ppid=53715 AE_TMUX_SERVER=<unset> AE_TMUX_SERVER_KIND=<unset> argc=5 <-S> </private/tmp/aelx/T-100/t100-A-waiting-user/t/tmux-501/default> <list-sessions> <-F> <#{session_id} #{session_name}>
pid=53720 ppid=53196 AE_TMUX_SERVER=<unset> AE_TMUX_SERVER_KIND=<unset> argc=7 <-S> </private/tmp/aelx/T-100/t100-A-waiting-user/t/tmux-501/default> <set-option> <-t> <$0> <@ae_agents_status> <grok●>
pid=53726 ppid=53725 AE_TMUX_SERVER=<unset> AE_TMUX_SERVER_KIND=<unset> argc=8 <-S> </private/tmp/aelx/T-100/t100-A-waiting-user/t/tmux-501/default> <list-panes> <-s> <-t> <t1> <-F> <#{pane_id}|#{window_id}|#{@ae_agent}>
pid=53730 ppid=53196 AE_TMUX_SERVER=<unset> AE_TMUX_SERVER_KIND=<unset> argc=8 <-S> </private/tmp/aelx/T-100/t100-A-waiting-user/t/tmux-501/default> <set-option> <-w> <-t> <@0> <@ae_window_status> <●>
pid=53733 ppid=53196 AE_TMUX_SERVER=<unset> AE_TMUX_SERVER_KIND=<unset> argc=8 <-S> </private/tmp/aelx/T-100/t100-A-waiting-user/t/tmux-501/default> <set-option> <-w> <-t> <@1> <@ae_window_status> <>
pid=55001 ppid=53196 AE_TMUX_SERVER=<unset> AE_TMUX_SERVER_KIND=<unset> argc=5 <-S> </private/tmp/aelx/T-100/t100-A-waiting-user/t/tmux-501/default> <has-session> <-t> <t1>
pid=55020 ppid=53196 AE_TMUX_SERVER=<unset> AE_TMUX_SERVER_KIND=<unset> argc=8 <-S> </private/tmp/aelx/T-100/t100-A-waiting-user/t/tmux-501/default> <list-panes> <-s> <-t> <t1> <-F> <#{pane_id}|#{@ae_agent}|#{pane_current_command}|#{pane_pid}>
pid=55027 ppid=55025 AE_TMUX_SERVER=<unset> AE_TMUX_SERVER_KIND=<unset> argc=7 <-S> </private/tmp/aelx/T-100/t100-A-waiting-user/t/tmux-501/default> <display-message> <-p> <-t> <%0> <#{@ae_slot}>
pid=55036 ppid=55035 AE_TMUX_SERVER=<unset> AE_TMUX_SERVER_KIND=<unset> argc=11 <-S> </private/tmp/aelx/T-100/t100-A-waiting-user/t/tmux-501/default> <capture-pane> <-p> <-J> <-S> <-40> <-E> <-> <-t> <%0>
pid=55116 ppid=55114 AE_TMUX_SERVER=<unset> AE_TMUX_SERVER_KIND=<unset> argc=5 <-S> </private/tmp/aelx/T-100/t100-A-waiting-user/t/tmux-501/default> <list-sessions> <-F> <#{session_id} #{session_name}>
pid=55135 ppid=53196 AE_TMUX_SERVER=<unset> AE_TMUX_SERVER_KIND=<unset> argc=7 <-S> </private/tmp/aelx/T-100/t100-A-waiting-user/t/tmux-501/default> <set-option> <-t> <$0> <@ae_watchdog_status> <[watch ● 1/1]>
pid=55175 ppid=55173 AE_TMUX_SERVER=<unset> AE_TMUX_SERVER_KIND=<unset> argc=5 <-S> </private/tmp/aelx/T-100/t100-A-waiting-user/t/tmux-501/default> <list-sessions> <-F> <#{session_id} #{session_name}>
pid=55189 ppid=55148 AE_TMUX_SERVER=<unset> AE_TMUX_SERVER_KIND=<unset> argc=7 <-S> </private/tmp/aelx/T-100/t100-A-waiting-user/t/tmux-501/default> <set-option> <-t> <$0> <@ae_branch_name> <main>
pid=55202 ppid=55200 AE_TMUX_SERVER=<unset> AE_TMUX_SERVER_KIND=<unset> argc=5 <-S> </private/tmp/aelx/T-100/t100-A-waiting-user/t/tmux-501/default> <list-sessions> <-F> <#{session_id} #{session_name}>
pid=55209 ppid=53196 AE_TMUX_SERVER=<unset> AE_TMUX_SERVER_KIND=<unset> argc=7 <-S> </private/tmp/aelx/T-100/t100-A-waiting-user/t/tmux-501/default> <set-option> <-t> <$0> <@ae_branch_status> < main>
pid=55226 ppid=55223 AE_TMUX_SERVER=<unset> AE_TMUX_SERVER_KIND=<unset> argc=5 <-S> </private/tmp/aelx/T-100/t100-A-waiting-user/t/tmux-501/default> <list-sessions> <-F> <#{session_id} #{session_name}>
pid=55235 ppid=53196 AE_TMUX_SERVER=<unset> AE_TMUX_SERVER_KIND=<unset> argc=7 <-S> </private/tmp/aelx/T-100/t100-A-waiting-user/t/tmux-501/default> <set-option> <-t> <$0> <@ae_agents_status> <grok●>
pid=55247 ppid=55244 AE_TMUX_SERVER=<unset> AE_TMUX_SERVER_KIND=<unset> argc=8 <-S> </private/tmp/aelx/T-100/t100-A-waiting-user/t/tmux-501/default> <list-panes> <-s> <-t> <t1> <-F> <#{pane_id}|#{window_id}|#{@ae_agent}>
pid=55254 ppid=53196 AE_TMUX_SERVER=<unset> AE_TMUX_SERVER_KIND=<unset> argc=8 <-S> </private/tmp/aelx/T-100/t100-A-waiting-user/t/tmux-501/default> <set-option> <-w> <-t> <@0> <@ae_window_status> <●>
pid=55264 ppid=53196 AE_TMUX_SERVER=<unset> AE_TMUX_SERVER_KIND=<unset> argc=8 <-S> </private/tmp/aelx/T-100/t100-A-waiting-user/t/tmux-501/default> <set-option> <-w> <-t> <@1> <@ae_window_status> <>
pid=56671 ppid=53196 AE_TMUX_SERVER=<unset> AE_TMUX_SERVER_KIND=<unset> argc=5 <-S> </private/tmp/aelx/T-100/t100-A-waiting-user/t/tmux-501/default> <has-session> <-t> <t1>
pid=56679 ppid=53196 AE_TMUX_SERVER=<unset> AE_TMUX_SERVER_KIND=<unset> argc=8 <-S> </private/tmp/aelx/T-100/t100-A-waiting-user/t/tmux-501/default> <list-panes> <-s> <-t> <t1> <-F> <#{pane_id}|#{@ae_agent}|#{pane_current_command}|#{pane_pid}>
pid=56683 ppid=56682 AE_TMUX_SERVER=<unset> AE_TMUX_SERVER_KIND=<unset> argc=7 <-S> </private/tmp/aelx/T-100/t100-A-waiting-user/t/tmux-501/default> <display-message> <-p> <-t> <%0> <#{@ae_slot}>
pid=56687 ppid=56686 AE_TMUX_SERVER=<unset> AE_TMUX_SERVER_KIND=<unset> argc=11 <-S> </private/tmp/aelx/T-100/t100-A-waiting-user/t/tmux-501/default> <capture-pane> <-p> <-J> <-S> <-40> <-E> <-> <-t> <%0>
pid=56704 ppid=56703 AE_TMUX_SERVER=<unset> AE_TMUX_SERVER_KIND=<unset> argc=11 <-S> </private/tmp/aelx/T-100/t100-A-waiting-user/t/tmux-501/default> <capture-pane> <-p> <-J> <-S> <-40> <-E> <-> <-t> <%0>
pid=56920 ppid=56918 AE_TMUX_SERVER=<unset> AE_TMUX_SERVER_KIND=<unset> argc=11 <-S> </private/tmp/aelx/T-100/t100-A-waiting-user/t/tmux-501/default> <capture-pane> <-p> <-J> <-S> <-40> <-E> <-> <-t> <%0>
pid=56950 ppid=56948 AE_TMUX_SERVER=<unset> AE_TMUX_SERVER_KIND=<unset> argc=5 <-S> </private/tmp/aelx/T-100/t100-A-waiting-user/t/tmux-501/default> <list-sessions> <-F> <#{session_id} #{session_name}>
pid=56956 ppid=53196 AE_TMUX_SERVER=<unset> AE_TMUX_SERVER_KIND=<unset> argc=7 <-S> </private/tmp/aelx/T-100/t100-A-waiting-user/t/tmux-501/default> <set-option> <-t> <$0> <@ae_watchdog_status> <[watch ● 1/1]>
pid=56974 ppid=56972 AE_TMUX_SERVER=<unset> AE_TMUX_SERVER_KIND=<unset> argc=5 <-S> </private/tmp/aelx/T-100/t100-A-waiting-user/t/tmux-501/default> <list-sessions> <-F> <#{session_id} #{session_name}>
pid=56982 ppid=56960 AE_TMUX_SERVER=<unset> AE_TMUX_SERVER_KIND=<unset> argc=7 <-S> </private/tmp/aelx/T-100/t100-A-waiting-user/t/tmux-501/default> <set-option> <-t> <$0> <@ae_branch_name> <main>
pid=56999 ppid=56997 AE_TMUX_SERVER=<unset> AE_TMUX_SERVER_KIND=<unset> argc=5 <-S> </private/tmp/aelx/T-100/t100-A-waiting-user/t/tmux-501/default> <list-sessions> <-F> <#{session_id} #{session_name}>
pid=57005 ppid=53196 AE_TMUX_SERVER=<unset> AE_TMUX_SERVER_KIND=<unset> argc=7 <-S> </private/tmp/aelx/T-100/t100-A-waiting-user/t/tmux-501/default> <set-option> <-t> <$0> <@ae_branch_status> < main>
pid=57024 ppid=57022 AE_TMUX_SERVER=<unset> AE_TMUX_SERVER_KIND=<unset> argc=5 <-S> </private/tmp/aelx/T-100/t100-A-waiting-user/t/tmux-501/default> <list-sessions> <-F> <#{session_id} #{session_name}>
pid=57034 ppid=53196 AE_TMUX_SERVER=<unset> AE_TMUX_SERVER_KIND=<unset> argc=7 <-S> </private/tmp/aelx/T-100/t100-A-waiting-user/t/tmux-501/default> <set-option> <-t> <$0> <@ae_agents_status> <grok⏳>
pid=57068 ppid=57067 AE_TMUX_SERVER=<unset> AE_TMUX_SERVER_KIND=<unset> argc=8 <-S> </private/tmp/aelx/T-100/t100-A-waiting-user/t/tmux-501/default> <list-panes> <-s> <-t> <t1> <-F> <#{pane_id}|#{window_id}|#{@ae_agent}>
pid=57089 ppid=53196 AE_TMUX_SERVER=<unset> AE_TMUX_SERVER_KIND=<unset> argc=8 <-S> </private/tmp/aelx/T-100/t100-A-waiting-user/t/tmux-501/default> <set-option> <-w> <-t> <@0> <@ae_window_status> <⏳>
pid=57117 ppid=53196 AE_TMUX_SERVER=<unset> AE_TMUX_SERVER_KIND=<unset> argc=8 <-S> </private/tmp/aelx/T-100/t100-A-waiting-user/t/tmux-501/default> <set-option> <-w> <-t> <@1> <@ae_window_status> <>
pid=59252 ppid=53196 AE_TMUX_SERVER=<unset> AE_TMUX_SERVER_KIND=<unset> argc=5 <-S> </private/tmp/aelx/T-100/t100-A-waiting-user/t/tmux-501/default> <has-session> <-t> <t1>
pid=59379 ppid=53196 AE_TMUX_SERVER=<unset> AE_TMUX_SERVER_KIND=<unset> argc=8 <-S> </private/tmp/aelx/T-100/t100-A-waiting-user/t/tmux-501/default> <list-panes> <-s> <-t> <t1> <-F> <#{pane_id}|#{@ae_agent}|#{pane_current_command}|#{pane_pid}>
pid=59394 ppid=59390 AE_TMUX_SERVER=<unset> AE_TMUX_SERVER_KIND=<unset> argc=7 <-S> </private/tmp/aelx/T-100/t100-A-waiting-user/t/tmux-501/default> <display-message> <-p> <-t> <%0> <#{@ae_slot}>
pid=59421 ppid=59419 AE_TMUX_SERVER=<unset> AE_TMUX_SERVER_KIND=<unset> argc=11 <-S> </private/tmp/aelx/T-100/t100-A-waiting-user/t/tmux-501/default> <capture-pane> <-p> <-J> <-S> <-40> <-E> <-> <-t> <%0>
pid=59533 ppid=59531 AE_TMUX_SERVER=<unset> AE_TMUX_SERVER_KIND=<unset> argc=5 <-S> </private/tmp/aelx/T-100/t100-A-waiting-user/t/tmux-501/default> <list-sessions> <-F> <#{session_id} #{session_name}>
pid=59548 ppid=53196 AE_TMUX_SERVER=<unset> AE_TMUX_SERVER_KIND=<unset> argc=7 <-S> </private/tmp/aelx/T-100/t100-A-waiting-user/t/tmux-501/default> <set-option> <-t> <$0> <@ae_watchdog_status> <[watch ● 1/1]>
pid=59582 ppid=59579 AE_TMUX_SERVER=<unset> AE_TMUX_SERVER_KIND=<unset> argc=5 <-S> </private/tmp/aelx/T-100/t100-A-waiting-user/t/tmux-501/default> <list-sessions> <-F> <#{session_id} #{session_name}>
pid=59588 ppid=59558 AE_TMUX_SERVER=<unset> AE_TMUX_SERVER_KIND=<unset> argc=7 <-S> </private/tmp/aelx/T-100/t100-A-waiting-user/t/tmux-501/default> <set-option> <-t> <$0> <@ae_branch_name> <main>
pid=59602 ppid=59600 AE_TMUX_SERVER=<unset> AE_TMUX_SERVER_KIND=<unset> argc=5 <-S> </private/tmp/aelx/T-100/t100-A-waiting-user/t/tmux-501/default> <list-sessions> <-F> <#{session_id} #{session_name}>
pid=59604 ppid=53196 AE_TMUX_SERVER=<unset> AE_TMUX_SERVER_KIND=<unset> argc=7 <-S> </private/tmp/aelx/T-100/t100-A-waiting-user/t/tmux-501/default> <set-option> <-t> <$0> <@ae_branch_status> < main>
pid=59619 ppid=59617 AE_TMUX_SERVER=<unset> AE_TMUX_SERVER_KIND=<unset> argc=5 <-S> </private/tmp/aelx/T-100/t100-A-waiting-user/t/tmux-501/default> <list-sessions> <-F> <#{session_id} #{session_name}>
pid=59621 ppid=53196 AE_TMUX_SERVER=<unset> AE_TMUX_SERVER_KIND=<unset> argc=7 <-S> </private/tmp/aelx/T-100/t100-A-waiting-user/t/tmux-501/default> <set-option> <-t> <$0> <@ae_agents_status> <grok⏳>
pid=59628 ppid=59627 AE_TMUX_SERVER=<unset> AE_TMUX_SERVER_KIND=<unset> argc=8 <-S> </private/tmp/aelx/T-100/t100-A-waiting-user/t/tmux-501/default> <list-panes> <-s> <-t> <t1> <-F> <#{pane_id}|#{window_id}|#{@ae_agent}>
pid=59631 ppid=53196 AE_TMUX_SERVER=<unset> AE_TMUX_SERVER_KIND=<unset> argc=8 <-S> </private/tmp/aelx/T-100/t100-A-waiting-user/t/tmux-501/default> <set-option> <-w> <-t> <@0> <@ae_window_status> <⏳>
pid=59634 ppid=53196 AE_TMUX_SERVER=<unset> AE_TMUX_SERVER_KIND=<unset> argc=8 <-S> </private/tmp/aelx/T-100/t100-A-waiting-user/t/tmux-501/default> <set-option> <-w> <-t> <@1> <@ae_window_status> <>
pid=60897 ppid=53196 AE_TMUX_SERVER=<unset> AE_TMUX_SERVER_KIND=<unset> argc=5 <-S> </private/tmp/aelx/T-100/t100-A-waiting-user/t/tmux-501/default> <has-session> <-t> <t1>
pid=60905 ppid=53196 AE_TMUX_SERVER=<unset> AE_TMUX_SERVER_KIND=<unset> argc=8 <-S> </private/tmp/aelx/T-100/t100-A-waiting-user/t/tmux-501/default> <list-panes> <-s> <-t> <t1> <-F> <#{pane_id}|#{@ae_agent}|#{pane_current_command}|#{pane_pid}>
pid=60908 ppid=60907 AE_TMUX_SERVER=<unset> AE_TMUX_SERVER_KIND=<unset> argc=7 <-S> </private/tmp/aelx/T-100/t100-A-waiting-user/t/tmux-501/default> <display-message> <-p> <-t> <%0> <#{@ae_slot}>
pid=60913 ppid=60912 AE_TMUX_SERVER=<unset> AE_TMUX_SERVER_KIND=<unset> argc=11 <-S> </private/tmp/aelx/T-100/t100-A-waiting-user/t/tmux-501/default> <capture-pane> <-p> <-J> <-S> <-40> <-E> <-> <-t> <%0>
pid=60961 ppid=60959 AE_TMUX_SERVER=<unset> AE_TMUX_SERVER_KIND=<unset> argc=5 <-S> </private/tmp/aelx/T-100/t100-A-waiting-user/t/tmux-501/default> <list-sessions> <-F> <#{session_id} #{session_name}>
pid=60964 ppid=53196 AE_TMUX_SERVER=<unset> AE_TMUX_SERVER_KIND=<unset> argc=7 <-S> </private/tmp/aelx/T-100/t100-A-waiting-user/t/tmux-501/default> <set-option> <-t> <$0> <@ae_watchdog_status> <[watch ● 1/1]>
pid=60980 ppid=60978 AE_TMUX_SERVER=<unset> AE_TMUX_SERVER_KIND=<unset> argc=5 <-S> </private/tmp/aelx/T-100/t100-A-waiting-user/t/tmux-501/default> <list-sessions> <-F> <#{session_id} #{session_name}>
pid=60983 ppid=60966 AE_TMUX_SERVER=<unset> AE_TMUX_SERVER_KIND=<unset> argc=7 <-S> </private/tmp/aelx/T-100/t100-A-waiting-user/t/tmux-501/default> <set-option> <-t> <$0> <@ae_branch_name> <main>
pid=60993 ppid=60991 AE_TMUX_SERVER=<unset> AE_TMUX_SERVER_KIND=<unset> argc=5 <-S> </private/tmp/aelx/T-100/t100-A-waiting-user/t/tmux-501/default> <list-sessions> <-F> <#{session_id} #{session_name}>
pid=60995 ppid=53196 AE_TMUX_SERVER=<unset> AE_TMUX_SERVER_KIND=<unset> argc=7 <-S> </private/tmp/aelx/T-100/t100-A-waiting-user/t/tmux-501/default> <set-option> <-t> <$0> <@ae_branch_status> < main>
pid=61009 ppid=61006 AE_TMUX_SERVER=<unset> AE_TMUX_SERVER_KIND=<unset> argc=5 <-S> </private/tmp/aelx/T-100/t100-A-waiting-user/t/tmux-501/default> <list-sessions> <-F> <#{session_id} #{session_name}>
pid=61011 ppid=53196 AE_TMUX_SERVER=<unset> AE_TMUX_SERVER_KIND=<unset> argc=7 <-S> </private/tmp/aelx/T-100/t100-A-waiting-user/t/tmux-501/default> <set-option> <-t> <$0> <@ae_agents_status> <grok⏳>
pid=61017 ppid=61016 AE_TMUX_SERVER=<unset> AE_TMUX_SERVER_KIND=<unset> argc=8 <-S> </private/tmp/aelx/T-100/t100-A-waiting-user/t/tmux-501/default> <list-panes> <-s> <-t> <t1> <-F> <#{pane_id}|#{window_id}|#{@ae_agent}>
pid=61021 ppid=53196 AE_TMUX_SERVER=<unset> AE_TMUX_SERVER_KIND=<unset> argc=8 <-S> </private/tmp/aelx/T-100/t100-A-waiting-user/t/tmux-501/default> <set-option> <-w> <-t> <@0> <@ae_window_status> <⏳>
pid=61023 ppid=53196 AE_TMUX_SERVER=<unset> AE_TMUX_SERVER_KIND=<unset> argc=8 <-S> </private/tmp/aelx/T-100/t100-A-waiting-user/t/tmux-501/default> <set-option> <-w> <-t> <@1> <@ae_window_status> <>
pid=62287 ppid=53196 AE_TMUX_SERVER=<unset> AE_TMUX_SERVER_KIND=<unset> argc=5 <-S> </private/tmp/aelx/T-100/t100-A-waiting-user/t/tmux-501/default> <has-session> <-t> <t1>
pid=62296 ppid=53196 AE_TMUX_SERVER=<unset> AE_TMUX_SERVER_KIND=<unset> argc=8 <-S> </private/tmp/aelx/T-100/t100-A-waiting-user/t/tmux-501/default> <list-panes> <-s> <-t> <t1> <-F> <#{pane_id}|#{@ae_agent}|#{pane_current_command}|#{pane_pid}>
pid=62299 ppid=62298 AE_TMUX_SERVER=<unset> AE_TMUX_SERVER_KIND=<unset> argc=7 <-S> </private/tmp/aelx/T-100/t100-A-waiting-user/t/tmux-501/default> <display-message> <-p> <-t> <%0> <#{@ae_slot}>
pid=62303 ppid=62302 AE_TMUX_SERVER=<unset> AE_TMUX_SERVER_KIND=<unset> argc=11 <-S> </private/tmp/aelx/T-100/t100-A-waiting-user/t/tmux-501/default> <capture-pane> <-p> <-J> <-S> <-40> <-E> <-> <-t> <%0>
pid=62340 ppid=62338 AE_TMUX_SERVER=<unset> AE_TMUX_SERVER_KIND=<unset> argc=5 <-S> </private/tmp/aelx/T-100/t100-A-waiting-user/t/tmux-501/default> <list-sessions> <-F> <#{session_id} #{session_name}>
pid=62343 ppid=53196 AE_TMUX_SERVER=<unset> AE_TMUX_SERVER_KIND=<unset> argc=7 <-S> </private/tmp/aelx/T-100/t100-A-waiting-user/t/tmux-501/default> <set-option> <-t> <$0> <@ae_watchdog_status> <[watch ● 1/1]>
pid=62359 ppid=62357 AE_TMUX_SERVER=<unset> AE_TMUX_SERVER_KIND=<unset> argc=5 <-S> </private/tmp/aelx/T-100/t100-A-waiting-user/t/tmux-501/default> <list-sessions> <-F> <#{session_id} #{session_name}>
pid=62362 ppid=62345 AE_TMUX_SERVER=<unset> AE_TMUX_SERVER_KIND=<unset> argc=7 <-S> </private/tmp/aelx/T-100/t100-A-waiting-user/t/tmux-501/default> <set-option> <-t> <$0> <@ae_branch_name> <main>
pid=62372 ppid=62370 AE_TMUX_SERVER=<unset> AE_TMUX_SERVER_KIND=<unset> argc=5 <-S> </private/tmp/aelx/T-100/t100-A-waiting-user/t/tmux-501/default> <list-sessions> <-F> <#{session_id} #{session_name}>
pid=62374 ppid=53196 AE_TMUX_SERVER=<unset> AE_TMUX_SERVER_KIND=<unset> argc=7 <-S> </private/tmp/aelx/T-100/t100-A-waiting-user/t/tmux-501/default> <set-option> <-t> <$0> <@ae_branch_status> < main>
pid=62387 ppid=62385 AE_TMUX_SERVER=<unset> AE_TMUX_SERVER_KIND=<unset> argc=5 <-S> </private/tmp/aelx/T-100/t100-A-waiting-user/t/tmux-501/default> <list-sessions> <-F> <#{session_id} #{session_name}>
pid=62390 ppid=53196 AE_TMUX_SERVER=<unset> AE_TMUX_SERVER_KIND=<unset> argc=7 <-S> </private/tmp/aelx/T-100/t100-A-waiting-user/t/tmux-501/default> <set-option> <-t> <$0> <@ae_agents_status> <grok⏳>
pid=62396 ppid=62395 AE_TMUX_SERVER=<unset> AE_TMUX_SERVER_KIND=<unset> argc=8 <-S> </private/tmp/aelx/T-100/t100-A-waiting-user/t/tmux-501/default> <list-panes> <-s> <-t> <t1> <-F> <#{pane_id}|#{window_id}|#{@ae_agent}>
pid=62400 ppid=53196 AE_TMUX_SERVER=<unset> AE_TMUX_SERVER_KIND=<unset> argc=8 <-S> </private/tmp/aelx/T-100/t100-A-waiting-user/t/tmux-501/default> <set-option> <-w> <-t> <@0> <@ae_window_status> <⏳>
pid=62403 ppid=53196 AE_TMUX_SERVER=<unset> AE_TMUX_SERVER_KIND=<unset> argc=8 <-S> </private/tmp/aelx/T-100/t100-A-waiting-user/t/tmux-501/default> <set-option> <-w> <-t> <@1> <@ae_window_status> <>
pid=63779 ppid=53196 AE_TMUX_SERVER=<unset> AE_TMUX_SERVER_KIND=<unset> argc=5 <-S> </private/tmp/aelx/T-100/t100-A-waiting-user/t/tmux-501/default> <has-session> <-t> <t1>
pid=63788 ppid=53196 AE_TMUX_SERVER=<unset> AE_TMUX_SERVER_KIND=<unset> argc=8 <-S> </private/tmp/aelx/T-100/t100-A-waiting-user/t/tmux-501/default> <list-panes> <-s> <-t> <t1> <-F> <#{pane_id}|#{@ae_agent}|#{pane_current_command}|#{pane_pid}>
pid=63791 ppid=63790 AE_TMUX_SERVER=<unset> AE_TMUX_SERVER_KIND=<unset> argc=7 <-S> </private/tmp/aelx/T-100/t100-A-waiting-user/t/tmux-501/default> <display-message> <-p> <-t> <%0> <#{@ae_slot}>
pid=63796 ppid=63795 AE_TMUX_SERVER=<unset> AE_TMUX_SERVER_KIND=<unset> argc=11 <-S> </private/tmp/aelx/T-100/t100-A-waiting-user/t/tmux-501/default> <capture-pane> <-p> <-J> <-S> <-40> <-E> <-> <-t> <%0>
pid=63831 ppid=63829 AE_TMUX_SERVER=<unset> AE_TMUX_SERVER_KIND=<unset> argc=5 <-S> </private/tmp/aelx/T-100/t100-A-waiting-user/t/tmux-501/default> <list-sessions> <-F> <#{session_id} #{session_name}>
pid=63833 ppid=53196 AE_TMUX_SERVER=<unset> AE_TMUX_SERVER_KIND=<unset> argc=7 <-S> </private/tmp/aelx/T-100/t100-A-waiting-user/t/tmux-501/default> <set-option> <-t> <$0> <@ae_watchdog_status> <[watch ● 1/1]>
pid=63849 ppid=63847 AE_TMUX_SERVER=<unset> AE_TMUX_SERVER_KIND=<unset> argc=5 <-S> </private/tmp/aelx/T-100/t100-A-waiting-user/t/tmux-501/default> <list-sessions> <-F> <#{session_id} #{session_name}>
pid=63852 ppid=63835 AE_TMUX_SERVER=<unset> AE_TMUX_SERVER_KIND=<unset> argc=7 <-S> </private/tmp/aelx/T-100/t100-A-waiting-user/t/tmux-501/default> <set-option> <-t> <$0> <@ae_branch_name> <main>
pid=63862 ppid=63860 AE_TMUX_SERVER=<unset> AE_TMUX_SERVER_KIND=<unset> argc=5 <-S> </private/tmp/aelx/T-100/t100-A-waiting-user/t/tmux-501/default> <list-sessions> <-F> <#{session_id} #{session_name}>
pid=63865 ppid=53196 AE_TMUX_SERVER=<unset> AE_TMUX_SERVER_KIND=<unset> argc=7 <-S> </private/tmp/aelx/T-100/t100-A-waiting-user/t/tmux-501/default> <set-option> <-t> <$0> <@ae_branch_status> < main>
pid=63878 ppid=63876 AE_TMUX_SERVER=<unset> AE_TMUX_SERVER_KIND=<unset> argc=5 <-S> </private/tmp/aelx/T-100/t100-A-waiting-user/t/tmux-501/default> <list-sessions> <-F> <#{session_id} #{session_name}>
pid=63880 ppid=53196 AE_TMUX_SERVER=<unset> AE_TMUX_SERVER_KIND=<unset> argc=7 <-S> </private/tmp/aelx/T-100/t100-A-waiting-user/t/tmux-501/default> <set-option> <-t> <$0> <@ae_agents_status> <grok⏳>
pid=63887 ppid=63886 AE_TMUX_SERVER=<unset> AE_TMUX_SERVER_KIND=<unset> argc=8 <-S> </private/tmp/aelx/T-100/t100-A-waiting-user/t/tmux-501/default> <list-panes> <-s> <-t> <t1> <-F> <#{pane_id}|#{window_id}|#{@ae_agent}>
pid=63890 ppid=53196 AE_TMUX_SERVER=<unset> AE_TMUX_SERVER_KIND=<unset> argc=8 <-S> </private/tmp/aelx/T-100/t100-A-waiting-user/t/tmux-501/default> <set-option> <-w> <-t> <@0> <@ae_window_status> <⏳>
pid=63892 ppid=53196 AE_TMUX_SERVER=<unset> AE_TMUX_SERVER_KIND=<unset> argc=8 <-S> </private/tmp/aelx/T-100/t100-A-waiting-user/t/tmux-501/default> <set-option> <-w> <-t> <@1> <@ae_window_status> <>
pid=65140 ppid=53196 AE_TMUX_SERVER=<unset> AE_TMUX_SERVER_KIND=<unset> argc=5 <-S> </private/tmp/aelx/T-100/t100-A-waiting-user/t/tmux-501/default> <has-session> <-t> <t1>
pid=65148 ppid=53196 AE_TMUX_SERVER=<unset> AE_TMUX_SERVER_KIND=<unset> argc=8 <-S> </private/tmp/aelx/T-100/t100-A-waiting-user/t/tmux-501/default> <list-panes> <-s> <-t> <t1> <-F> <#{pane_id}|#{@ae_agent}|#{pane_current_command}|#{pane_pid}>
pid=65152 ppid=65151 AE_TMUX_SERVER=<unset> AE_TMUX_SERVER_KIND=<unset> argc=7 <-S> </private/tmp/aelx/T-100/t100-A-waiting-user/t/tmux-501/default> <display-message> <-p> <-t> <%0> <#{@ae_slot}>
pid=65156 ppid=65155 AE_TMUX_SERVER=<unset> AE_TMUX_SERVER_KIND=<unset> argc=11 <-S> </private/tmp/aelx/T-100/t100-A-waiting-user/t/tmux-501/default> <capture-pane> <-p> <-J> <-S> <-40> <-E> <-> <-t> <%0>
pid=65191 ppid=65189 AE_TMUX_SERVER=<unset> AE_TMUX_SERVER_KIND=<unset> argc=5 <-S> </private/tmp/aelx/T-100/t100-A-waiting-user/t/tmux-501/default> <list-sessions> <-F> <#{session_id} #{session_name}>
pid=65193 ppid=53196 AE_TMUX_SERVER=<unset> AE_TMUX_SERVER_KIND=<unset> argc=7 <-S> </private/tmp/aelx/T-100/t100-A-waiting-user/t/tmux-501/default> <set-option> <-t> <$0> <@ae_watchdog_status> <[watch ● 1/1]>
pid=65210 ppid=65208 AE_TMUX_SERVER=<unset> AE_TMUX_SERVER_KIND=<unset> argc=5 <-S> </private/tmp/aelx/T-100/t100-A-waiting-user/t/tmux-501/default> <list-sessions> <-F> <#{session_id} #{session_name}>
pid=65212 ppid=65196 AE_TMUX_SERVER=<unset> AE_TMUX_SERVER_KIND=<unset> argc=7 <-S> </private/tmp/aelx/T-100/t100-A-waiting-user/t/tmux-501/default> <set-option> <-t> <$0> <@ae_branch_name> <main>
pid=65223 ppid=65221 AE_TMUX_SERVER=<unset> AE_TMUX_SERVER_KIND=<unset> argc=5 <-S> </private/tmp/aelx/T-100/t100-A-waiting-user/t/tmux-501/default> <list-sessions> <-F> <#{session_id} #{session_name}>
pid=65225 ppid=53196 AE_TMUX_SERVER=<unset> AE_TMUX_SERVER_KIND=<unset> argc=7 <-S> </private/tmp/aelx/T-100/t100-A-waiting-user/t/tmux-501/default> <set-option> <-t> <$0> <@ae_branch_status> < main>
pid=65238 ppid=65236 AE_TMUX_SERVER=<unset> AE_TMUX_SERVER_KIND=<unset> argc=5 <-S> </private/tmp/aelx/T-100/t100-A-waiting-user/t/tmux-501/default> <list-sessions> <-F> <#{session_id} #{session_name}>
pid=65241 ppid=53196 AE_TMUX_SERVER=<unset> AE_TMUX_SERVER_KIND=<unset> argc=7 <-S> </private/tmp/aelx/T-100/t100-A-waiting-user/t/tmux-501/default> <set-option> <-t> <$0> <@ae_agents_status> <grok⏳>
pid=65247 ppid=65246 AE_TMUX_SERVER=<unset> AE_TMUX_SERVER_KIND=<unset> argc=8 <-S> </private/tmp/aelx/T-100/t100-A-waiting-user/t/tmux-501/default> <list-panes> <-s> <-t> <t1> <-F> <#{pane_id}|#{window_id}|#{@ae_agent}>
pid=65251 ppid=53196 AE_TMUX_SERVER=<unset> AE_TMUX_SERVER_KIND=<unset> argc=8 <-S> </private/tmp/aelx/T-100/t100-A-waiting-user/t/tmux-501/default> <set-option> <-w> <-t> <@0> <@ae_window_status> <⏳>
pid=65253 ppid=53196 AE_TMUX_SERVER=<unset> AE_TMUX_SERVER_KIND=<unset> argc=8 <-S> </private/tmp/aelx/T-100/t100-A-waiting-user/t/tmux-501/default> <set-option> <-w> <-t> <@1> <@ae_window_status> <>
pid=66700 ppid=53196 AE_TMUX_SERVER=<unset> AE_TMUX_SERVER_KIND=<unset> argc=5 <-S> </private/tmp/aelx/T-100/t100-A-waiting-user/t/tmux-501/default> <has-session> <-t> <t1>
pid=66708 ppid=53196 AE_TMUX_SERVER=<unset> AE_TMUX_SERVER_KIND=<unset> argc=8 <-S> </private/tmp/aelx/T-100/t100-A-waiting-user/t/tmux-501/default> <list-panes> <-s> <-t> <t1> <-F> <#{pane_id}|#{@ae_agent}|#{pane_current_command}|#{pane_pid}>
pid=66712 ppid=66711 AE_TMUX_SERVER=<unset> AE_TMUX_SERVER_KIND=<unset> argc=7 <-S> </private/tmp/aelx/T-100/t100-A-waiting-user/t/tmux-501/default> <display-message> <-p> <-t> <%0> <#{@ae_slot}>
pid=66716 ppid=66715 AE_TMUX_SERVER=<unset> AE_TMUX_SERVER_KIND=<unset> argc=11 <-S> </private/tmp/aelx/T-100/t100-A-waiting-user/t/tmux-501/default> <capture-pane> <-p> <-J> <-S> <-40> <-E> <-> <-t> <%0>
pid=66751 ppid=66749 AE_TMUX_SERVER=<unset> AE_TMUX_SERVER_KIND=<unset> argc=5 <-S> </private/tmp/aelx/T-100/t100-A-waiting-user/t/tmux-501/default> <list-sessions> <-F> <#{session_id} #{session_name}>
pid=66754 ppid=53196 AE_TMUX_SERVER=<unset> AE_TMUX_SERVER_KIND=<unset> argc=7 <-S> </private/tmp/aelx/T-100/t100-A-waiting-user/t/tmux-501/default> <set-option> <-t> <$0> <@ae_watchdog_status> <[watch ● 1/1]>
pid=66770 ppid=66768 AE_TMUX_SERVER=<unset> AE_TMUX_SERVER_KIND=<unset> argc=5 <-S> </private/tmp/aelx/T-100/t100-A-waiting-user/t/tmux-501/default> <list-sessions> <-F> <#{session_id} #{session_name}>
pid=66772 ppid=66756 AE_TMUX_SERVER=<unset> AE_TMUX_SERVER_KIND=<unset> argc=7 <-S> </private/tmp/aelx/T-100/t100-A-waiting-user/t/tmux-501/default> <set-option> <-t> <$0> <@ae_branch_name> <main>
pid=66783 ppid=66781 AE_TMUX_SERVER=<unset> AE_TMUX_SERVER_KIND=<unset> argc=5 <-S> </private/tmp/aelx/T-100/t100-A-waiting-user/t/tmux-501/default> <list-sessions> <-F> <#{session_id} #{session_name}>
pid=66785 ppid=53196 AE_TMUX_SERVER=<unset> AE_TMUX_SERVER_KIND=<unset> argc=7 <-S> </private/tmp/aelx/T-100/t100-A-waiting-user/t/tmux-501/default> <set-option> <-t> <$0> <@ae_branch_status> < main>
pid=66799 ppid=66797 AE_TMUX_SERVER=<unset> AE_TMUX_SERVER_KIND=<unset> argc=5 <-S> </private/tmp/aelx/T-100/t100-A-waiting-user/t/tmux-501/default> <list-sessions> <-F> <#{session_id} #{session_name}>
pid=66802 ppid=53196 AE_TMUX_SERVER=<unset> AE_TMUX_SERVER_KIND=<unset> argc=7 <-S> </private/tmp/aelx/T-100/t100-A-waiting-user/t/tmux-501/default> <set-option> <-t> <$0> <@ae_agents_status> <grok⏳>
pid=66808 ppid=66807 AE_TMUX_SERVER=<unset> AE_TMUX_SERVER_KIND=<unset> argc=8 <-S> </private/tmp/aelx/T-100/t100-A-waiting-user/t/tmux-501/default> <list-panes> <-s> <-t> <t1> <-F> <#{pane_id}|#{window_id}|#{@ae_agent}>
pid=66812 ppid=53196 AE_TMUX_SERVER=<unset> AE_TMUX_SERVER_KIND=<unset> argc=8 <-S> </private/tmp/aelx/T-100/t100-A-waiting-user/t/tmux-501/default> <set-option> <-w> <-t> <@0> <@ae_window_status> <⏳>
pid=66814 ppid=53196 AE_TMUX_SERVER=<unset> AE_TMUX_SERVER_KIND=<unset> argc=8 <-S> </private/tmp/aelx/T-100/t100-A-waiting-user/t/tmux-501/default> <set-option> <-w> <-t> <@1> <@ae_window_status> <>
pid=68092 ppid=53196 AE_TMUX_SERVER=<unset> AE_TMUX_SERVER_KIND=<unset> argc=5 <-S> </private/tmp/aelx/T-100/t100-A-waiting-user/t/tmux-501/default> <has-session> <-t> <t1>
pid=68121 ppid=53196 AE_TMUX_SERVER=<unset> AE_TMUX_SERVER_KIND=<unset> argc=8 <-S> </private/tmp/aelx/T-100/t100-A-waiting-user/t/tmux-501/default> <list-panes> <-s> <-t> <t1> <-F> <#{pane_id}|#{@ae_agent}|#{pane_current_command}|#{pane_pid}>
pid=68145 ppid=68143 AE_TMUX_SERVER=<unset> AE_TMUX_SERVER_KIND=<unset> argc=7 <-S> </private/tmp/aelx/T-100/t100-A-waiting-user/t/tmux-501/default> <display-message> <-p> <-t> <%0> <#{@ae_slot}>
pid=68160 ppid=68158 AE_TMUX_SERVER=<unset> AE_TMUX_SERVER_KIND=<unset> argc=11 <-S> </private/tmp/aelx/T-100/t100-A-waiting-user/t/tmux-501/default> <capture-pane> <-p> <-J> <-S> <-40> <-E> <-> <-t> <%0>
pid=68232 ppid=68230 AE_TMUX_SERVER=<unset> AE_TMUX_SERVER_KIND=<unset> argc=5 <-S> </private/tmp/aelx/T-100/t100-A-waiting-user/t/tmux-501/default> <list-sessions> <-F> <#{session_id} #{session_name}>
pid=68244 ppid=53196 AE_TMUX_SERVER=<unset> AE_TMUX_SERVER_KIND=<unset> argc=7 <-S> </private/tmp/aelx/T-100/t100-A-waiting-user/t/tmux-501/default> <set-option> <-t> <$0> <@ae_watchdog_status> <[watch ● 1/1]>
pid=68279 ppid=68277 AE_TMUX_SERVER=<unset> AE_TMUX_SERVER_KIND=<unset> argc=5 <-S> </private/tmp/aelx/T-100/t100-A-waiting-user/t/tmux-501/default> <list-sessions> <-F> <#{session_id} #{session_name}>
pid=68291 ppid=68256 AE_TMUX_SERVER=<unset> AE_TMUX_SERVER_KIND=<unset> argc=7 <-S> </private/tmp/aelx/T-100/t100-A-waiting-user/t/tmux-501/default> <set-option> <-t> <$0> <@ae_branch_name> <main>
pid=68322 ppid=68320 AE_TMUX_SERVER=<unset> AE_TMUX_SERVER_KIND=<unset> argc=5 <-S> </private/tmp/aelx/T-100/t100-A-waiting-user/t/tmux-501/default> <list-sessions> <-F> <#{session_id} #{session_name}>
pid=68334 ppid=53196 AE_TMUX_SERVER=<unset> AE_TMUX_SERVER_KIND=<unset> argc=7 <-S> </private/tmp/aelx/T-100/t100-A-waiting-user/t/tmux-501/default> <set-option> <-t> <$0> <@ae_branch_status> < main>
pid=68363 ppid=68361 AE_TMUX_SERVER=<unset> AE_TMUX_SERVER_KIND=<unset> argc=5 <-S> </private/tmp/aelx/T-100/t100-A-waiting-user/t/tmux-501/default> <list-sessions> <-F> <#{session_id} #{session_name}>
pid=68377 ppid=53196 AE_TMUX_SERVER=<unset> AE_TMUX_SERVER_KIND=<unset> argc=7 <-S> </private/tmp/aelx/T-100/t100-A-waiting-user/t/tmux-501/default> <set-option> <-t> <$0> <@ae_agents_status> <grok⏳>
pid=68396 ppid=68394 AE_TMUX_SERVER=<unset> AE_TMUX_SERVER_KIND=<unset> argc=8 <-S> </private/tmp/aelx/T-100/t100-A-waiting-user/t/tmux-501/default> <list-panes> <-s> <-t> <t1> <-F> <#{pane_id}|#{window_id}|#{@ae_agent}>
pid=68411 ppid=53196 AE_TMUX_SERVER=<unset> AE_TMUX_SERVER_KIND=<unset> argc=8 <-S> </private/tmp/aelx/T-100/t100-A-waiting-user/t/tmux-501/default> <set-option> <-w> <-t> <@0> <@ae_window_status> <⏳>
pid=68440 ppid=53196 AE_TMUX_SERVER=<unset> AE_TMUX_SERVER_KIND=<unset> argc=8 <-S> </private/tmp/aelx/T-100/t100-A-waiting-user/t/tmux-501/default> <set-option> <-w> <-t> <@1> <@ae_window_status> <>
pid=70176 ppid=53196 AE_TMUX_SERVER=<unset> AE_TMUX_SERVER_KIND=<unset> argc=5 <-S> </private/tmp/aelx/T-100/t100-A-waiting-user/t/tmux-501/default> <has-session> <-t> <t1>
pid=70185 ppid=53196 AE_TMUX_SERVER=<unset> AE_TMUX_SERVER_KIND=<unset> argc=8 <-S> </private/tmp/aelx/T-100/t100-A-waiting-user/t/tmux-501/default> <list-panes> <-s> <-t> <t1> <-F> <#{pane_id}|#{@ae_agent}|#{pane_current_command}|#{pane_pid}>
pid=70189 ppid=70188 AE_TMUX_SERVER=<unset> AE_TMUX_SERVER_KIND=<unset> argc=7 <-S> </private/tmp/aelx/T-100/t100-A-waiting-user/t/tmux-501/default> <display-message> <-p> <-t> <%0> <#{@ae_slot}>
pid=70193 ppid=70192 AE_TMUX_SERVER=<unset> AE_TMUX_SERVER_KIND=<unset> argc=11 <-S> </private/tmp/aelx/T-100/t100-A-waiting-user/t/tmux-501/default> <capture-pane> <-p> <-J> <-S> <-40> <-E> <-> <-t> <%0>
pid=70233 ppid=70231 AE_TMUX_SERVER=<unset> AE_TMUX_SERVER_KIND=<unset> argc=5 <-S> </private/tmp/aelx/T-100/t100-A-waiting-user/t/tmux-501/default> <list-sessions> <-F> <#{session_id} #{session_name}>
pid=70235 ppid=53196 AE_TMUX_SERVER=<unset> AE_TMUX_SERVER_KIND=<unset> argc=7 <-S> </private/tmp/aelx/T-100/t100-A-waiting-user/t/tmux-501/default> <set-option> <-t> <$0> <@ae_watchdog_status> <[watch ● 1/1]>
pid=70258 ppid=70256 AE_TMUX_SERVER=<unset> AE_TMUX_SERVER_KIND=<unset> argc=5 <-S> </private/tmp/aelx/T-100/t100-A-waiting-user/t/tmux-501/default> <list-sessions> <-F> <#{session_id} #{session_name}>
pid=70270 ppid=70238 AE_TMUX_SERVER=<unset> AE_TMUX_SERVER_KIND=<unset> argc=7 <-S> </private/tmp/aelx/T-100/t100-A-waiting-user/t/tmux-501/default> <set-option> <-t> <$0> <@ae_branch_name> <main>
pid=70292 ppid=70290 AE_TMUX_SERVER=<unset> AE_TMUX_SERVER_KIND=<unset> argc=5 <-S> </private/tmp/aelx/T-100/t100-A-waiting-user/t/tmux-501/default> <list-sessions> <-F> <#{session_id} #{session_name}>
pid=70301 ppid=53196 AE_TMUX_SERVER=<unset> AE_TMUX_SERVER_KIND=<unset> argc=7 <-S> </private/tmp/aelx/T-100/t100-A-waiting-user/t/tmux-501/default> <set-option> <-t> <$0> <@ae_branch_status> < main>
pid=70326 ppid=70324 AE_TMUX_SERVER=<unset> AE_TMUX_SERVER_KIND=<unset> argc=5 <-S> </private/tmp/aelx/T-100/t100-A-waiting-user/t/tmux-501/default> <list-sessions> <-F> <#{session_id} #{session_name}>
pid=70335 ppid=53196 AE_TMUX_SERVER=<unset> AE_TMUX_SERVER_KIND=<unset> argc=7 <-S> </private/tmp/aelx/T-100/t100-A-waiting-user/t/tmux-501/default> <set-option> <-t> <$0> <@ae_agents_status> <grok⏳>
pid=70351 ppid=70350 AE_TMUX_SERVER=<unset> AE_TMUX_SERVER_KIND=<unset> argc=8 <-S> </private/tmp/aelx/T-100/t100-A-waiting-user/t/tmux-501/default> <list-panes> <-s> <-t> <t1> <-F> <#{pane_id}|#{window_id}|#{@ae_agent}>
pid=70358 ppid=53196 AE_TMUX_SERVER=<unset> AE_TMUX_SERVER_KIND=<unset> argc=8 <-S> </private/tmp/aelx/T-100/t100-A-waiting-user/t/tmux-501/default> <set-option> <-w> <-t> <@0> <@ae_window_status> <⏳>
pid=70370 ppid=53196 AE_TMUX_SERVER=<unset> AE_TMUX_SERVER_KIND=<unset> argc=8 <-S> </private/tmp/aelx/T-100/t100-A-waiting-user/t/tmux-501/default> <set-option> <-w> <-t> <@1> <@ae_window_status> <>
pid=72174 ppid=53196 AE_TMUX_SERVER=<unset> AE_TMUX_SERVER_KIND=<unset> argc=5 <-S> </private/tmp/aelx/T-100/t100-A-waiting-user/t/tmux-501/default> <has-session> <-t> <t1>
pid=72182 ppid=53196 AE_TMUX_SERVER=<unset> AE_TMUX_SERVER_KIND=<unset> argc=8 <-S> </private/tmp/aelx/T-100/t100-A-waiting-user/t/tmux-501/default> <list-panes> <-s> <-t> <t1> <-F> <#{pane_id}|#{@ae_agent}|#{pane_current_command}|#{pane_pid}>
pid=72185 ppid=72184 AE_TMUX_SERVER=<unset> AE_TMUX_SERVER_KIND=<unset> argc=7 <-S> </private/tmp/aelx/T-100/t100-A-waiting-user/t/tmux-501/default> <display-message> <-p> <-t> <%0> <#{@ae_slot}>
pid=72190 ppid=72189 AE_TMUX_SERVER=<unset> AE_TMUX_SERVER_KIND=<unset> argc=11 <-S> </private/tmp/aelx/T-100/t100-A-waiting-user/t/tmux-501/default> <capture-pane> <-p> <-J> <-S> <-40> <-E> <-> <-t> <%0>
pid=72225 ppid=72223 AE_TMUX_SERVER=<unset> AE_TMUX_SERVER_KIND=<unset> argc=5 <-S> </private/tmp/aelx/T-100/t100-A-waiting-user/t/tmux-501/default> <list-sessions> <-F> <#{session_id} #{session_name}>
pid=72227 ppid=53196 AE_TMUX_SERVER=<unset> AE_TMUX_SERVER_KIND=<unset> argc=7 <-S> </private/tmp/aelx/T-100/t100-A-waiting-user/t/tmux-501/default> <set-option> <-t> <$0> <@ae_watchdog_status> <[watch ● 1/1]>
pid=72243 ppid=72241 AE_TMUX_SERVER=<unset> AE_TMUX_SERVER_KIND=<unset> argc=5 <-S> </private/tmp/aelx/T-100/t100-A-waiting-user/t/tmux-501/default> <list-sessions> <-F> <#{session_id} #{session_name}>
pid=72246 ppid=72229 AE_TMUX_SERVER=<unset> AE_TMUX_SERVER_KIND=<unset> argc=7 <-S> </private/tmp/aelx/T-100/t100-A-waiting-user/t/tmux-501/default> <set-option> <-t> <$0> <@ae_branch_name> <main>
pid=72256 ppid=72254 AE_TMUX_SERVER=<unset> AE_TMUX_SERVER_KIND=<unset> argc=5 <-S> </private/tmp/aelx/T-100/t100-A-waiting-user/t/tmux-501/default> <list-sessions> <-F> <#{session_id} #{session_name}>
pid=72259 ppid=53196 AE_TMUX_SERVER=<unset> AE_TMUX_SERVER_KIND=<unset> argc=7 <-S> </private/tmp/aelx/T-100/t100-A-waiting-user/t/tmux-501/default> <set-option> <-t> <$0> <@ae_branch_status> < main>
pid=72272 ppid=72270 AE_TMUX_SERVER=<unset> AE_TMUX_SERVER_KIND=<unset> argc=5 <-S> </private/tmp/aelx/T-100/t100-A-waiting-user/t/tmux-501/default> <list-sessions> <-F> <#{session_id} #{session_name}>
pid=72274 ppid=53196 AE_TMUX_SERVER=<unset> AE_TMUX_SERVER_KIND=<unset> argc=7 <-S> </private/tmp/aelx/T-100/t100-A-waiting-user/t/tmux-501/default> <set-option> <-t> <$0> <@ae_agents_status> <grok⏳>
pid=72281 ppid=72280 AE_TMUX_SERVER=<unset> AE_TMUX_SERVER_KIND=<unset> argc=8 <-S> </private/tmp/aelx/T-100/t100-A-waiting-user/t/tmux-501/default> <list-panes> <-s> <-t> <t1> <-F> <#{pane_id}|#{window_id}|#{@ae_agent}>
pid=72284 ppid=53196 AE_TMUX_SERVER=<unset> AE_TMUX_SERVER_KIND=<unset> argc=8 <-S> </private/tmp/aelx/T-100/t100-A-waiting-user/t/tmux-501/default> <set-option> <-w> <-t> <@0> <@ae_window_status> <⏳>
pid=72287 ppid=53196 AE_TMUX_SERVER=<unset> AE_TMUX_SERVER_KIND=<unset> argc=8 <-S> </private/tmp/aelx/T-100/t100-A-waiting-user/t/tmux-501/default> <set-option> <-w> <-t> <@1> <@ae_window_status> <>
pid=73645 ppid=53196 AE_TMUX_SERVER=<unset> AE_TMUX_SERVER_KIND=<unset> argc=5 <-S> </private/tmp/aelx/T-100/t100-A-waiting-user/t/tmux-501/default> <has-session> <-t> <t1>
pid=73653 ppid=53196 AE_TMUX_SERVER=<unset> AE_TMUX_SERVER_KIND=<unset> argc=8 <-S> </private/tmp/aelx/T-100/t100-A-waiting-user/t/tmux-501/default> <list-panes> <-s> <-t> <t1> <-F> <#{pane_id}|#{@ae_agent}|#{pane_current_command}|#{pane_pid}>
pid=73657 ppid=73656 AE_TMUX_SERVER=<unset> AE_TMUX_SERVER_KIND=<unset> argc=7 <-S> </private/tmp/aelx/T-100/t100-A-waiting-user/t/tmux-501/default> <display-message> <-p> <-t> <%0> <#{@ae_slot}>
pid=73665 ppid=73664 AE_TMUX_SERVER=<unset> AE_TMUX_SERVER_KIND=<unset> argc=11 <-S> </private/tmp/aelx/T-100/t100-A-waiting-user/t/tmux-501/default> <capture-pane> <-p> <-J> <-S> <-40> <-E> <-> <-t> <%0>
pid=73708 ppid=73705 AE_TMUX_SERVER=<unset> AE_TMUX_SERVER_KIND=<unset> argc=5 <-S> </private/tmp/aelx/T-100/t100-A-waiting-user/t/tmux-501/default> <list-sessions> <-F> <#{session_id} #{session_name}>
pid=73718 ppid=53196 AE_TMUX_SERVER=<unset> AE_TMUX_SERVER_KIND=<unset> argc=7 <-S> </private/tmp/aelx/T-100/t100-A-waiting-user/t/tmux-501/default> <set-option> <-t> <$0> <@ae_watchdog_status> <[watch ● 1/1]>
pid=73755 ppid=73753 AE_TMUX_SERVER=<unset> AE_TMUX_SERVER_KIND=<unset> argc=5 <-S> </private/tmp/aelx/T-100/t100-A-waiting-user/t/tmux-501/default> <list-sessions> <-F> <#{session_id} #{session_name}>
pid=73767 ppid=73730 AE_TMUX_SERVER=<unset> AE_TMUX_SERVER_KIND=<unset> argc=7 <-S> </private/tmp/aelx/T-100/t100-A-waiting-user/t/tmux-501/default> <set-option> <-t> <$0> <@ae_branch_name> <main>
pid=73787 ppid=73785 AE_TMUX_SERVER=<unset> AE_TMUX_SERVER_KIND=<unset> argc=5 <-S> </private/tmp/aelx/T-100/t100-A-waiting-user/t/tmux-501/default> <list-sessions> <-F> <#{session_id} #{session_name}>
pid=73789 ppid=53196 AE_TMUX_SERVER=<unset> AE_TMUX_SERVER_KIND=<unset> argc=7 <-S> </private/tmp/aelx/T-100/t100-A-waiting-user/t/tmux-501/default> <set-option> <-t> <$0> <@ae_branch_status> < main>
pid=73802 ppid=73800 AE_TMUX_SERVER=<unset> AE_TMUX_SERVER_KIND=<unset> argc=5 <-S> </private/tmp/aelx/T-100/t100-A-waiting-user/t/tmux-501/default> <list-sessions> <-F> <#{session_id} #{session_name}>
pid=73805 ppid=53196 AE_TMUX_SERVER=<unset> AE_TMUX_SERVER_KIND=<unset> argc=7 <-S> </private/tmp/aelx/T-100/t100-A-waiting-user/t/tmux-501/default> <set-option> <-t> <$0> <@ae_agents_status> <grok⏳>
pid=73811 ppid=73810 AE_TMUX_SERVER=<unset> AE_TMUX_SERVER_KIND=<unset> argc=8 <-S> </private/tmp/aelx/T-100/t100-A-waiting-user/t/tmux-501/default> <list-panes> <-s> <-t> <t1> <-F> <#{pane_id}|#{window_id}|#{@ae_agent}>
pid=73814 ppid=53196 AE_TMUX_SERVER=<unset> AE_TMUX_SERVER_KIND=<unset> argc=8 <-S> </private/tmp/aelx/T-100/t100-A-waiting-user/t/tmux-501/default> <set-option> <-w> <-t> <@0> <@ae_window_status> <⏳>
pid=73816 ppid=53196 AE_TMUX_SERVER=<unset> AE_TMUX_SERVER_KIND=<unset> argc=8 <-S> </private/tmp/aelx/T-100/t100-A-waiting-user/t/tmux-501/default> <set-option> <-w> <-t> <@1> <@ae_window_status> <>
pid=74823 ppid=53196 AE_TMUX_SERVER=<unset> AE_TMUX_SERVER_KIND=<unset> argc=5 <-S> </private/tmp/aelx/T-100/t100-A-waiting-user/t/tmux-501/default> <has-session> <-t> <t1>
pid=74840 ppid=53196 AE_TMUX_SERVER=<unset> AE_TMUX_SERVER_KIND=<unset> argc=8 <-S> </private/tmp/aelx/T-100/t100-A-waiting-user/t/tmux-501/default> <list-panes> <-s> <-t> <t1> <-F> <#{pane_id}|#{@ae_agent}|#{pane_current_command}|#{pane_pid}>
pid=74845 ppid=74844 AE_TMUX_SERVER=<unset> AE_TMUX_SERVER_KIND=<unset> argc=7 <-S> </private/tmp/aelx/T-100/t100-A-waiting-user/t/tmux-501/default> <display-message> <-p> <-t> <%0> <#{@ae_slot}>
pid=74848 ppid=74847 AE_TMUX_SERVER=<unset> AE_TMUX_SERVER_KIND=<unset> argc=11 <-S> </private/tmp/aelx/T-100/t100-A-waiting-user/t/tmux-501/default> <capture-pane> <-p> <-J> <-S> <-40> <-E> <-> <-t> <%0>
pid=74876 ppid=74874 AE_TMUX_SERVER=<unset> AE_TMUX_SERVER_KIND=<unset> argc=5 <-S> </private/tmp/aelx/T-100/t100-A-waiting-user/t/tmux-501/default> <list-sessions> <-F> <#{session_id} #{session_name}>
pid=74879 ppid=53196 AE_TMUX_SERVER=<unset> AE_TMUX_SERVER_KIND=<unset> argc=7 <-S> </private/tmp/aelx/T-100/t100-A-waiting-user/t/tmux-501/default> <set-option> <-t> <$0> <@ae_watchdog_status> <[watch ● 1/1]>
pid=74893 ppid=74891 AE_TMUX_SERVER=<unset> AE_TMUX_SERVER_KIND=<unset> argc=5 <-S> </private/tmp/aelx/T-100/t100-A-waiting-user/t/tmux-501/default> <list-sessions> <-F> <#{session_id} #{session_name}>
pid=74894 ppid=74881 AE_TMUX_SERVER=<unset> AE_TMUX_SERVER_KIND=<unset> argc=7 <-S> </private/tmp/aelx/T-100/t100-A-waiting-user/t/tmux-501/default> <set-option> <-t> <$0> <@ae_branch_name> <main>
pid=74903 ppid=74901 AE_TMUX_SERVER=<unset> AE_TMUX_SERVER_KIND=<unset> argc=5 <-S> </private/tmp/aelx/T-100/t100-A-waiting-user/t/tmux-501/default> <list-sessions> <-F> <#{session_id} #{session_name}>
pid=74904 ppid=53196 AE_TMUX_SERVER=<unset> AE_TMUX_SERVER_KIND=<unset> argc=7 <-S> </private/tmp/aelx/T-100/t100-A-waiting-user/t/tmux-501/default> <set-option> <-t> <$0> <@ae_branch_status> < main>
pid=74915 ppid=74913 AE_TMUX_SERVER=<unset> AE_TMUX_SERVER_KIND=<unset> argc=5 <-S> </private/tmp/aelx/T-100/t100-A-waiting-user/t/tmux-501/default> <list-sessions> <-F> <#{session_id} #{session_name}>
pid=74916 ppid=53196 AE_TMUX_SERVER=<unset> AE_TMUX_SERVER_KIND=<unset> argc=7 <-S> </private/tmp/aelx/T-100/t100-A-waiting-user/t/tmux-501/default> <set-option> <-t> <$0> <@ae_agents_status> <grok⏳>
pid=74921 ppid=74920 AE_TMUX_SERVER=<unset> AE_TMUX_SERVER_KIND=<unset> argc=8 <-S> </private/tmp/aelx/T-100/t100-A-waiting-user/t/tmux-501/default> <list-panes> <-s> <-t> <t1> <-F> <#{pane_id}|#{window_id}|#{@ae_agent}>
pid=74923 ppid=53196 AE_TMUX_SERVER=<unset> AE_TMUX_SERVER_KIND=<unset> argc=8 <-S> </private/tmp/aelx/T-100/t100-A-waiting-user/t/tmux-501/default> <set-option> <-w> <-t> <@0> <@ae_window_status> <⏳>
pid=74924 ppid=53196 AE_TMUX_SERVER=<unset> AE_TMUX_SERVER_KIND=<unset> argc=8 <-S> </private/tmp/aelx/T-100/t100-A-waiting-user/t/tmux-501/default> <set-option> <-w> <-t> <@1> <@ae_window_status> <>
pid=75978 ppid=53196 AE_TMUX_SERVER=<unset> AE_TMUX_SERVER_KIND=<unset> argc=5 <-S> </private/tmp/aelx/T-100/t100-A-waiting-user/t/tmux-501/default> <has-session> <-t> <t1>
pid=75987 ppid=53196 AE_TMUX_SERVER=<unset> AE_TMUX_SERVER_KIND=<unset> argc=8 <-S> </private/tmp/aelx/T-100/t100-A-waiting-user/t/tmux-501/default> <list-panes> <-s> <-t> <t1> <-F> <#{pane_id}|#{@ae_agent}|#{pane_current_command}|#{pane_pid}>
pid=75994 ppid=75993 AE_TMUX_SERVER=<unset> AE_TMUX_SERVER_KIND=<unset> argc=7 <-S> </private/tmp/aelx/T-100/t100-A-waiting-user/t/tmux-501/default> <display-message> <-p> <-t> <%0> <#{@ae_slot}>
pid=76006 ppid=76005 AE_TMUX_SERVER=<unset> AE_TMUX_SERVER_KIND=<unset> argc=11 <-S> </private/tmp/aelx/T-100/t100-A-waiting-user/t/tmux-501/default> <capture-pane> <-p> <-J> <-S> <-40> <-E> <-> <-t> <%0>
pid=76035 ppid=76033 AE_TMUX_SERVER=<unset> AE_TMUX_SERVER_KIND=<unset> argc=5 <-S> </private/tmp/aelx/T-100/t100-A-waiting-user/t/tmux-501/default> <list-sessions> <-F> <#{session_id} #{session_name}>
pid=76037 ppid=53196 AE_TMUX_SERVER=<unset> AE_TMUX_SERVER_KIND=<unset> argc=7 <-S> </private/tmp/aelx/T-100/t100-A-waiting-user/t/tmux-501/default> <set-option> <-t> <$0> <@ae_watchdog_status> <[watch ● 1/1]>
pid=76079 ppid=76077 AE_TMUX_SERVER=<unset> AE_TMUX_SERVER_KIND=<unset> argc=5 <-S> </private/tmp/aelx/T-100/t100-A-waiting-user/t/tmux-501/default> <list-sessions> <-F> <#{session_id} #{session_name}>
pid=76086 ppid=76049 AE_TMUX_SERVER=<unset> AE_TMUX_SERVER_KIND=<unset> argc=7 <-S> </private/tmp/aelx/T-100/t100-A-waiting-user/t/tmux-501/default> <set-option> <-t> <$0> <@ae_branch_name> <main>
pid=76118 ppid=76116 AE_TMUX_SERVER=<unset> AE_TMUX_SERVER_KIND=<unset> argc=5 <-S> </private/tmp/aelx/T-100/t100-A-waiting-user/t/tmux-501/default> <list-sessions> <-F> <#{session_id} #{session_name}>
pid=76130 ppid=53196 AE_TMUX_SERVER=<unset> AE_TMUX_SERVER_KIND=<unset> argc=7 <-S> </private/tmp/aelx/T-100/t100-A-waiting-user/t/tmux-501/default> <set-option> <-t> <$0> <@ae_branch_status> < main>
pid=76156 ppid=76153 AE_TMUX_SERVER=<unset> AE_TMUX_SERVER_KIND=<unset> argc=5 <-S> </private/tmp/aelx/T-100/t100-A-waiting-user/t/tmux-501/default> <list-sessions> <-F> <#{session_id} #{session_name}>
pid=76163 ppid=53196 AE_TMUX_SERVER=<unset> AE_TMUX_SERVER_KIND=<unset> argc=7 <-S> </private/tmp/aelx/T-100/t100-A-waiting-user/t/tmux-501/default> <set-option> <-t> <$0> <@ae_agents_status> <grok⏳>
pid=76183 ppid=76181 AE_TMUX_SERVER=<unset> AE_TMUX_SERVER_KIND=<unset> argc=8 <-S> </private/tmp/aelx/T-100/t100-A-waiting-user/t/tmux-501/default> <list-panes> <-s> <-t> <t1> <-F> <#{pane_id}|#{window_id}|#{@ae_agent}>
pid=76194 ppid=53196 AE_TMUX_SERVER=<unset> AE_TMUX_SERVER_KIND=<unset> argc=8 <-S> </private/tmp/aelx/T-100/t100-A-waiting-user/t/tmux-501/default> <set-option> <-w> <-t> <@0> <@ae_window_status> <⏳>
pid=76202 ppid=53196 AE_TMUX_SERVER=<unset> AE_TMUX_SERVER_KIND=<unset> argc=8 <-S> </private/tmp/aelx/T-100/t100-A-waiting-user/t/tmux-501/default> <set-option> <-w> <-t> <@1> <@ae_window_status> <>
pid=77397 ppid=53196 AE_TMUX_SERVER=<unset> AE_TMUX_SERVER_KIND=<unset> argc=5 <-S> </private/tmp/aelx/T-100/t100-A-waiting-user/t/tmux-501/default> <has-session> <-t> <t1>
pid=77405 ppid=53196 AE_TMUX_SERVER=<unset> AE_TMUX_SERVER_KIND=<unset> argc=8 <-S> </private/tmp/aelx/T-100/t100-A-waiting-user/t/tmux-501/default> <list-panes> <-s> <-t> <t1> <-F> <#{pane_id}|#{@ae_agent}|#{pane_current_command}|#{pane_pid}>
pid=77408 ppid=77407 AE_TMUX_SERVER=<unset> AE_TMUX_SERVER_KIND=<unset> argc=7 <-S> </private/tmp/aelx/T-100/t100-A-waiting-user/t/tmux-501/default> <display-message> <-p> <-t> <%0> <#{@ae_slot}>
pid=77413 ppid=77412 AE_TMUX_SERVER=<unset> AE_TMUX_SERVER_KIND=<unset> argc=11 <-S> </private/tmp/aelx/T-100/t100-A-waiting-user/t/tmux-501/default> <capture-pane> <-p> <-J> <-S> <-40> <-E> <-> <-t> <%0>
pid=77452 ppid=77449 AE_TMUX_SERVER=<unset> AE_TMUX_SERVER_KIND=<unset> argc=5 <-S> </private/tmp/aelx/T-100/t100-A-waiting-user/t/tmux-501/default> <list-sessions> <-F> <#{session_id} #{session_name}>
pid=77454 ppid=53196 AE_TMUX_SERVER=<unset> AE_TMUX_SERVER_KIND=<unset> argc=7 <-S> </private/tmp/aelx/T-100/t100-A-waiting-user/t/tmux-501/default> <set-option> <-t> <$0> <@ae_watchdog_status> <[watch ● 1/1]>
pid=77473 ppid=77471 AE_TMUX_SERVER=<unset> AE_TMUX_SERVER_KIND=<unset> argc=5 <-S> </private/tmp/aelx/T-100/t100-A-waiting-user/t/tmux-501/default> <list-sessions> <-F> <#{session_id} #{session_name}>
pid=77476 ppid=77457 AE_TMUX_SERVER=<unset> AE_TMUX_SERVER_KIND=<unset> argc=7 <-S> </private/tmp/aelx/T-100/t100-A-waiting-user/t/tmux-501/default> <set-option> <-t> <$0> <@ae_branch_name> <main>
pid=77487 ppid=77485 AE_TMUX_SERVER=<unset> AE_TMUX_SERVER_KIND=<unset> argc=5 <-S> </private/tmp/aelx/T-100/t100-A-waiting-user/t/tmux-501/default> <list-sessions> <-F> <#{session_id} #{session_name}>
pid=77496 ppid=53196 AE_TMUX_SERVER=<unset> AE_TMUX_SERVER_KIND=<unset> argc=7 <-S> </private/tmp/aelx/T-100/t100-A-waiting-user/t/tmux-501/default> <set-option> <-t> <$0> <@ae_branch_status> < main>
pid=77521 ppid=77519 AE_TMUX_SERVER=<unset> AE_TMUX_SERVER_KIND=<unset> argc=5 <-S> </private/tmp/aelx/T-100/t100-A-waiting-user/t/tmux-501/default> <list-sessions> <-F> <#{session_id} #{session_name}>
pid=77530 ppid=53196 AE_TMUX_SERVER=<unset> AE_TMUX_SERVER_KIND=<unset> argc=7 <-S> </private/tmp/aelx/T-100/t100-A-waiting-user/t/tmux-501/default> <set-option> <-t> <$0> <@ae_agents_status> <grok⏳>
pid=77545 ppid=77544 AE_TMUX_SERVER=<unset> AE_TMUX_SERVER_KIND=<unset> argc=8 <-S> </private/tmp/aelx/T-100/t100-A-waiting-user/t/tmux-501/default> <list-panes> <-s> <-t> <t1> <-F> <#{pane_id}|#{window_id}|#{@ae_agent}>
pid=77556 ppid=53196 AE_TMUX_SERVER=<unset> AE_TMUX_SERVER_KIND=<unset> argc=8 <-S> </private/tmp/aelx/T-100/t100-A-waiting-user/t/tmux-501/default> <set-option> <-w> <-t> <@0> <@ae_window_status> <⏳>
pid=77569 ppid=53196 AE_TMUX_SERVER=<unset> AE_TMUX_SERVER_KIND=<unset> argc=8 <-S> </private/tmp/aelx/T-100/t100-A-waiting-user/t/tmux-501/default> <set-option> <-w> <-t> <@1> <@ae_window_status> <>
pid=78826 ppid=53196 AE_TMUX_SERVER=<unset> AE_TMUX_SERVER_KIND=<unset> argc=5 <-S> </private/tmp/aelx/T-100/t100-A-waiting-user/t/tmux-501/default> <has-session> <-t> <t1>
pid=78834 ppid=53196 AE_TMUX_SERVER=<unset> AE_TMUX_SERVER_KIND=<unset> argc=8 <-S> </private/tmp/aelx/T-100/t100-A-waiting-user/t/tmux-501/default> <list-panes> <-s> <-t> <t1> <-F> <#{pane_id}|#{@ae_agent}|#{pane_current_command}|#{pane_pid}>
pid=78839 ppid=78837 AE_TMUX_SERVER=<unset> AE_TMUX_SERVER_KIND=<unset> argc=7 <-S> </private/tmp/aelx/T-100/t100-A-waiting-user/t/tmux-501/default> <display-message> <-p> <-t> <%0> <#{@ae_slot}>
pid=78844 ppid=78843 AE_TMUX_SERVER=<unset> AE_TMUX_SERVER_KIND=<unset> argc=11 <-S> </private/tmp/aelx/T-100/t100-A-waiting-user/t/tmux-501/default> <capture-pane> <-p> <-J> <-S> <-40> <-E> <-> <-t> <%0>
pid=78879 ppid=78877 AE_TMUX_SERVER=<unset> AE_TMUX_SERVER_KIND=<unset> argc=5 <-S> </private/tmp/aelx/T-100/t100-A-waiting-user/t/tmux-501/default> <list-sessions> <-F> <#{session_id} #{session_name}>
pid=78882 ppid=53196 AE_TMUX_SERVER=<unset> AE_TMUX_SERVER_KIND=<unset> argc=7 <-S> </private/tmp/aelx/T-100/t100-A-waiting-user/t/tmux-501/default> <set-option> <-t> <$0> <@ae_watchdog_status> <[watch ● 1/1]>
pid=78899 ppid=78897 AE_TMUX_SERVER=<unset> AE_TMUX_SERVER_KIND=<unset> argc=5 <-S> </private/tmp/aelx/T-100/t100-A-waiting-user/t/tmux-501/default> <list-sessions> <-F> <#{session_id} #{session_name}>
pid=78902 ppid=78885 AE_TMUX_SERVER=<unset> AE_TMUX_SERVER_KIND=<unset> argc=7 <-S> </private/tmp/aelx/T-100/t100-A-waiting-user/t/tmux-501/default> <set-option> <-t> <$0> <@ae_branch_name> <main>
pid=78914 ppid=78912 AE_TMUX_SERVER=<unset> AE_TMUX_SERVER_KIND=<unset> argc=5 <-S> </private/tmp/aelx/T-100/t100-A-waiting-user/t/tmux-501/default> <list-sessions> <-F> <#{session_id} #{session_name}>
pid=78918 ppid=53196 AE_TMUX_SERVER=<unset> AE_TMUX_SERVER_KIND=<unset> argc=7 <-S> </private/tmp/aelx/T-100/t100-A-waiting-user/t/tmux-501/default> <set-option> <-t> <$0> <@ae_branch_status> < main>
pid=78934 ppid=78932 AE_TMUX_SERVER=<unset> AE_TMUX_SERVER_KIND=<unset> argc=5 <-S> </private/tmp/aelx/T-100/t100-A-waiting-user/t/tmux-501/default> <list-sessions> <-F> <#{session_id} #{session_name}>
pid=78945 ppid=53196 AE_TMUX_SERVER=<unset> AE_TMUX_SERVER_KIND=<unset> argc=7 <-S> </private/tmp/aelx/T-100/t100-A-waiting-user/t/tmux-501/default> <set-option> <-t> <$0> <@ae_agents_status> <grok⏳>
pid=78951 ppid=78950 AE_TMUX_SERVER=<unset> AE_TMUX_SERVER_KIND=<unset> argc=8 <-S> </private/tmp/aelx/T-100/t100-A-waiting-user/t/tmux-501/default> <list-panes> <-s> <-t> <t1> <-F> <#{pane_id}|#{window_id}|#{@ae_agent}>
pid=78955 ppid=53196 AE_TMUX_SERVER=<unset> AE_TMUX_SERVER_KIND=<unset> argc=8 <-S> </private/tmp/aelx/T-100/t100-A-waiting-user/t/tmux-501/default> <set-option> <-w> <-t> <@0> <@ae_window_status> <⏳>
pid=78957 ppid=53196 AE_TMUX_SERVER=<unset> AE_TMUX_SERVER_KIND=<unset> argc=8 <-S> </private/tmp/aelx/T-100/t100-A-waiting-user/t/tmux-501/default> <set-option> <-w> <-t> <@1> <@ae_window_status> <>
pid=79996 ppid=53196 AE_TMUX_SERVER=<unset> AE_TMUX_SERVER_KIND=<unset> argc=5 <-S> </private/tmp/aelx/T-100/t100-A-waiting-user/t/tmux-501/default> <has-session> <-t> <t1>
pid=80023 ppid=53196 AE_TMUX_SERVER=<unset> AE_TMUX_SERVER_KIND=<unset> argc=8 <-S> </private/tmp/aelx/T-100/t100-A-waiting-user/t/tmux-501/default> <list-panes> <-s> <-t> <t1> <-F> <#{pane_id}|#{@ae_agent}|#{pane_current_command}|#{pane_pid}>
pid=80037 ppid=80036 AE_TMUX_SERVER=<unset> AE_TMUX_SERVER_KIND=<unset> argc=7 <-S> </private/tmp/aelx/T-100/t100-A-waiting-user/t/tmux-501/default> <display-message> <-p> <-t> <%0> <#{@ae_slot}>
pid=80053 ppid=80051 AE_TMUX_SERVER=<unset> AE_TMUX_SERVER_KIND=<unset> argc=11 <-S> </private/tmp/aelx/T-100/t100-A-waiting-user/t/tmux-501/default> <capture-pane> <-p> <-J> <-S> <-40> <-E> <-> <-t> <%0>
pid=80128 ppid=80126 AE_TMUX_SERVER=<unset> AE_TMUX_SERVER_KIND=<unset> argc=5 <-S> </private/tmp/aelx/T-100/t100-A-waiting-user/t/tmux-501/default> <list-sessions> <-F> <#{session_id} #{session_name}>
pid=80140 ppid=53196 AE_TMUX_SERVER=<unset> AE_TMUX_SERVER_KIND=<unset> argc=7 <-S> </private/tmp/aelx/T-100/t100-A-waiting-user/t/tmux-501/default> <set-option> <-t> <$0> <@ae_watchdog_status> <[watch ● 1/1]>
pid=80183 ppid=80181 AE_TMUX_SERVER=<unset> AE_TMUX_SERVER_KIND=<unset> argc=5 <-S> </private/tmp/aelx/T-100/t100-A-waiting-user/t/tmux-501/default> <list-sessions> <-F> <#{session_id} #{session_name}>
pid=80197 ppid=80154 AE_TMUX_SERVER=<unset> AE_TMUX_SERVER_KIND=<unset> argc=7 <-S> </private/tmp/aelx/T-100/t100-A-waiting-user/t/tmux-501/default> <set-option> <-t> <$0> <@ae_branch_name> <main>
pid=80226 ppid=80224 AE_TMUX_SERVER=<unset> AE_TMUX_SERVER_KIND=<unset> argc=5 <-S> </private/tmp/aelx/T-100/t100-A-waiting-user/t/tmux-501/default> <list-sessions> <-F> <#{session_id} #{session_name}>
pid=80239 ppid=53196 AE_TMUX_SERVER=<unset> AE_TMUX_SERVER_KIND=<unset> argc=7 <-S> </private/tmp/aelx/T-100/t100-A-waiting-user/t/tmux-501/default> <set-option> <-t> <$0> <@ae_branch_status> < main>
pid=80268 ppid=80266 AE_TMUX_SERVER=<unset> AE_TMUX_SERVER_KIND=<unset> argc=5 <-S> </private/tmp/aelx/T-100/t100-A-waiting-user/t/tmux-501/default> <list-sessions> <-F> <#{session_id} #{session_name}>
pid=80281 ppid=53196 AE_TMUX_SERVER=<unset> AE_TMUX_SERVER_KIND=<unset> argc=7 <-S> </private/tmp/aelx/T-100/t100-A-waiting-user/t/tmux-501/default> <set-option> <-t> <$0> <@ae_agents_status> <grok⏳>
pid=80298 ppid=80297 AE_TMUX_SERVER=<unset> AE_TMUX_SERVER_KIND=<unset> argc=8 <-S> </private/tmp/aelx/T-100/t100-A-waiting-user/t/tmux-501/default> <list-panes> <-s> <-t> <t1> <-F> <#{pane_id}|#{window_id}|#{@ae_agent}>
pid=80308 ppid=53196 AE_TMUX_SERVER=<unset> AE_TMUX_SERVER_KIND=<unset> argc=8 <-S> </private/tmp/aelx/T-100/t100-A-waiting-user/t/tmux-501/default> <set-option> <-w> <-t> <@0> <@ae_window_status> <⏳>
pid=80316 ppid=53196 AE_TMUX_SERVER=<unset> AE_TMUX_SERVER_KIND=<unset> argc=8 <-S> </private/tmp/aelx/T-100/t100-A-waiting-user/t/tmux-501/default> <set-option> <-w> <-t> <@1> <@ae_window_status> <>
pid=81562 ppid=53196 AE_TMUX_SERVER=<unset> AE_TMUX_SERVER_KIND=<unset> argc=5 <-S> </private/tmp/aelx/T-100/t100-A-waiting-user/t/tmux-501/default> <has-session> <-t> <t1>
pid=81570 ppid=53196 AE_TMUX_SERVER=<unset> AE_TMUX_SERVER_KIND=<unset> argc=8 <-S> </private/tmp/aelx/T-100/t100-A-waiting-user/t/tmux-501/default> <list-panes> <-s> <-t> <t1> <-F> <#{pane_id}|#{@ae_agent}|#{pane_current_command}|#{pane_pid}>
pid=81574 ppid=81573 AE_TMUX_SERVER=<unset> AE_TMUX_SERVER_KIND=<unset> argc=7 <-S> </private/tmp/aelx/T-100/t100-A-waiting-user/t/tmux-501/default> <display-message> <-p> <-t> <%0> <#{@ae_slot}>
pid=81578 ppid=81577 AE_TMUX_SERVER=<unset> AE_TMUX_SERVER_KIND=<unset> argc=11 <-S> </private/tmp/aelx/T-100/t100-A-waiting-user/t/tmux-501/default> <capture-pane> <-p> <-J> <-S> <-40> <-E> <-> <-t> <%0>
pid=81621 ppid=81619 AE_TMUX_SERVER=<unset> AE_TMUX_SERVER_KIND=<unset> argc=5 <-S> </private/tmp/aelx/T-100/t100-A-waiting-user/t/tmux-501/default> <list-sessions> <-F> <#{session_id} #{session_name}>
pid=81629 ppid=53196 AE_TMUX_SERVER=<unset> AE_TMUX_SERVER_KIND=<unset> argc=7 <-S> </private/tmp/aelx/T-100/t100-A-waiting-user/t/tmux-501/default> <set-option> <-t> <$0> <@ae_watchdog_status> <[watch ● 1/1]>
pid=81646 ppid=81644 AE_TMUX_SERVER=<unset> AE_TMUX_SERVER_KIND=<unset> argc=5 <-S> </private/tmp/aelx/T-100/t100-A-waiting-user/t/tmux-501/default> <list-sessions> <-F> <#{session_id} #{session_name}>
pid=81648 ppid=81632 AE_TMUX_SERVER=<unset> AE_TMUX_SERVER_KIND=<unset> argc=7 <-S> </private/tmp/aelx/T-100/t100-A-waiting-user/t/tmux-501/default> <set-option> <-t> <$0> <@ae_branch_name> <main>
pid=81659 ppid=81657 AE_TMUX_SERVER=<unset> AE_TMUX_SERVER_KIND=<unset> argc=5 <-S> </private/tmp/aelx/T-100/t100-A-waiting-user/t/tmux-501/default> <list-sessions> <-F> <#{session_id} #{session_name}>
pid=81661 ppid=53196 AE_TMUX_SERVER=<unset> AE_TMUX_SERVER_KIND=<unset> argc=7 <-S> </private/tmp/aelx/T-100/t100-A-waiting-user/t/tmux-501/default> <set-option> <-t> <$0> <@ae_branch_status> < main>
pid=81674 ppid=81672 AE_TMUX_SERVER=<unset> AE_TMUX_SERVER_KIND=<unset> argc=5 <-S> </private/tmp/aelx/T-100/t100-A-waiting-user/t/tmux-501/default> <list-sessions> <-F> <#{session_id} #{session_name}>
pid=81676 ppid=53196 AE_TMUX_SERVER=<unset> AE_TMUX_SERVER_KIND=<unset> argc=7 <-S> </private/tmp/aelx/T-100/t100-A-waiting-user/t/tmux-501/default> <set-option> <-t> <$0> <@ae_agents_status> <grok⏳>
pid=81683 ppid=81682 AE_TMUX_SERVER=<unset> AE_TMUX_SERVER_KIND=<unset> argc=8 <-S> </private/tmp/aelx/T-100/t100-A-waiting-user/t/tmux-501/default> <list-panes> <-s> <-t> <t1> <-F> <#{pane_id}|#{window_id}|#{@ae_agent}>
pid=81686 ppid=53196 AE_TMUX_SERVER=<unset> AE_TMUX_SERVER_KIND=<unset> argc=8 <-S> </private/tmp/aelx/T-100/t100-A-waiting-user/t/tmux-501/default> <set-option> <-w> <-t> <@0> <@ae_window_status> <⏳>
pid=81688 ppid=53196 AE_TMUX_SERVER=<unset> AE_TMUX_SERVER_KIND=<unset> argc=8 <-S> </private/tmp/aelx/T-100/t100-A-waiting-user/t/tmux-501/default> <set-option> <-w> <-t> <@1> <@ae_window_status> <>
pid=84287 ppid=53196 AE_TMUX_SERVER=<unset> AE_TMUX_SERVER_KIND=<unset> argc=5 <-S> </private/tmp/aelx/T-100/t100-A-waiting-user/t/tmux-501/default> <has-session> <-t> <t1>
pid=84302 ppid=53196 AE_TMUX_SERVER=<unset> AE_TMUX_SERVER_KIND=<unset> argc=8 <-S> </private/tmp/aelx/T-100/t100-A-waiting-user/t/tmux-501/default> <list-panes> <-s> <-t> <t1> <-F> <#{pane_id}|#{@ae_agent}|#{pane_current_command}|#{pane_pid}>
pid=84305 ppid=84304 AE_TMUX_SERVER=<unset> AE_TMUX_SERVER_KIND=<unset> argc=7 <-S> </private/tmp/aelx/T-100/t100-A-waiting-user/t/tmux-501/default> <display-message> <-p> <-t> <%0> <#{@ae_slot}>
pid=84310 ppid=84309 AE_TMUX_SERVER=<unset> AE_TMUX_SERVER_KIND=<unset> argc=11 <-S> </private/tmp/aelx/T-100/t100-A-waiting-user/t/tmux-501/default> <capture-pane> <-p> <-J> <-S> <-40> <-E> <-> <-t> <%0>
pid=84348 ppid=84346 AE_TMUX_SERVER=<unset> AE_TMUX_SERVER_KIND=<unset> argc=5 <-S> </private/tmp/aelx/T-100/t100-A-waiting-user/t/tmux-501/default> <list-sessions> <-F> <#{session_id} #{session_name}>
pid=84350 ppid=53196 AE_TMUX_SERVER=<unset> AE_TMUX_SERVER_KIND=<unset> argc=7 <-S> </private/tmp/aelx/T-100/t100-A-waiting-user/t/tmux-501/default> <set-option> <-t> <$0> <@ae_watchdog_status> <[watch ● 1/1]>
pid=84366 ppid=84364 AE_TMUX_SERVER=<unset> AE_TMUX_SERVER_KIND=<unset> argc=5 <-S> </private/tmp/aelx/T-100/t100-A-waiting-user/t/tmux-501/default> <list-sessions> <-F> <#{session_id} #{session_name}>
pid=84369 ppid=84352 AE_TMUX_SERVER=<unset> AE_TMUX_SERVER_KIND=<unset> argc=7 <-S> </private/tmp/aelx/T-100/t100-A-waiting-user/t/tmux-501/default> <set-option> <-t> <$0> <@ae_branch_name> <main>
pid=84379 ppid=84377 AE_TMUX_SERVER=<unset> AE_TMUX_SERVER_KIND=<unset> argc=5 <-S> </private/tmp/aelx/T-100/t100-A-waiting-user/t/tmux-501/default> <list-sessions> <-F> <#{session_id} #{session_name}>
pid=84382 ppid=53196 AE_TMUX_SERVER=<unset> AE_TMUX_SERVER_KIND=<unset> argc=7 <-S> </private/tmp/aelx/T-100/t100-A-waiting-user/t/tmux-501/default> <set-option> <-t> <$0> <@ae_branch_status> < main>
pid=84395 ppid=84393 AE_TMUX_SERVER=<unset> AE_TMUX_SERVER_KIND=<unset> argc=5 <-S> </private/tmp/aelx/T-100/t100-A-waiting-user/t/tmux-501/default> <list-sessions> <-F> <#{session_id} #{session_name}>
pid=84397 ppid=53196 AE_TMUX_SERVER=<unset> AE_TMUX_SERVER_KIND=<unset> argc=7 <-S> </private/tmp/aelx/T-100/t100-A-waiting-user/t/tmux-501/default> <set-option> <-t> <$0> <@ae_agents_status> <grok⏳>
pid=84403 ppid=84402 AE_TMUX_SERVER=<unset> AE_TMUX_SERVER_KIND=<unset> argc=8 <-S> </private/tmp/aelx/T-100/t100-A-waiting-user/t/tmux-501/default> <list-panes> <-s> <-t> <t1> <-F> <#{pane_id}|#{window_id}|#{@ae_agent}>
pid=84407 ppid=53196 AE_TMUX_SERVER=<unset> AE_TMUX_SERVER_KIND=<unset> argc=8 <-S> </private/tmp/aelx/T-100/t100-A-waiting-user/t/tmux-501/default> <set-option> <-w> <-t> <@0> <@ae_window_status> <⏳>
pid=84409 ppid=53196 AE_TMUX_SERVER=<unset> AE_TMUX_SERVER_KIND=<unset> argc=8 <-S> </private/tmp/aelx/T-100/t100-A-waiting-user/t/tmux-501/default> <set-option> <-w> <-t> <@1> <@ae_window_status> <>
pid=85912 ppid=53196 AE_TMUX_SERVER=<unset> AE_TMUX_SERVER_KIND=<unset> argc=5 <-S> </private/tmp/aelx/T-100/t100-A-waiting-user/t/tmux-501/default> <has-session> <-t> <t1>
pid=85920 ppid=53196 AE_TMUX_SERVER=<unset> AE_TMUX_SERVER_KIND=<unset> argc=8 <-S> </private/tmp/aelx/T-100/t100-A-waiting-user/t/tmux-501/default> <list-panes> <-s> <-t> <t1> <-F> <#{pane_id}|#{@ae_agent}|#{pane_current_command}|#{pane_pid}>
pid=85924 ppid=85923 AE_TMUX_SERVER=<unset> AE_TMUX_SERVER_KIND=<unset> argc=7 <-S> </private/tmp/aelx/T-100/t100-A-waiting-user/t/tmux-501/default> <display-message> <-p> <-t> <%0> <#{@ae_slot}>
pid=85937 ppid=85936 AE_TMUX_SERVER=<unset> AE_TMUX_SERVER_KIND=<unset> argc=11 <-S> </private/tmp/aelx/T-100/t100-A-waiting-user/t/tmux-501/default> <capture-pane> <-p> <-J> <-S> <-40> <-E> <-> <-t> <%0>
pid=85973 ppid=85971 AE_TMUX_SERVER=<unset> AE_TMUX_SERVER_KIND=<unset> argc=5 <-S> </private/tmp/aelx/T-100/t100-A-waiting-user/t/tmux-501/default> <list-sessions> <-F> <#{session_id} #{session_name}>
pid=85975 ppid=53196 AE_TMUX_SERVER=<unset> AE_TMUX_SERVER_KIND=<unset> argc=7 <-S> </private/tmp/aelx/T-100/t100-A-waiting-user/t/tmux-501/default> <set-option> <-t> <$0> <@ae_watchdog_status> <[watch ● 1/1]>
pid=85991 ppid=85989 AE_TMUX_SERVER=<unset> AE_TMUX_SERVER_KIND=<unset> argc=5 <-S> </private/tmp/aelx/T-100/t100-A-waiting-user/t/tmux-501/default> <list-sessions> <-F> <#{session_id} #{session_name}>
pid=85994 ppid=85977 AE_TMUX_SERVER=<unset> AE_TMUX_SERVER_KIND=<unset> argc=7 <-S> </private/tmp/aelx/T-100/t100-A-waiting-user/t/tmux-501/default> <set-option> <-t> <$0> <@ae_branch_name> <main>
pid=86015 ppid=86013 AE_TMUX_SERVER=<unset> AE_TMUX_SERVER_KIND=<unset> argc=5 <-S> </private/tmp/aelx/T-100/t100-A-waiting-user/t/tmux-501/default> <list-sessions> <-F> <#{session_id} #{session_name}>
pid=86018 ppid=53196 AE_TMUX_SERVER=<unset> AE_TMUX_SERVER_KIND=<unset> argc=7 <-S> </private/tmp/aelx/T-100/t100-A-waiting-user/t/tmux-501/default> <set-option> <-t> <$0> <@ae_branch_status> < main>
pid=86032 ppid=86030 AE_TMUX_SERVER=<unset> AE_TMUX_SERVER_KIND=<unset> argc=5 <-S> </private/tmp/aelx/T-100/t100-A-waiting-user/t/tmux-501/default> <list-sessions> <-F> <#{session_id} #{session_name}>
pid=86038 ppid=53196 AE_TMUX_SERVER=<unset> AE_TMUX_SERVER_KIND=<unset> argc=7 <-S> </private/tmp/aelx/T-100/t100-A-waiting-user/t/tmux-501/default> <set-option> <-t> <$0> <@ae_agents_status> <grok⏳>
pid=86050 ppid=86049 AE_TMUX_SERVER=<unset> AE_TMUX_SERVER_KIND=<unset> argc=8 <-S> </private/tmp/aelx/T-100/t100-A-waiting-user/t/tmux-501/default> <list-panes> <-s> <-t> <t1> <-F> <#{pane_id}|#{window_id}|#{@ae_agent}>
pid=86053 ppid=53196 AE_TMUX_SERVER=<unset> AE_TMUX_SERVER_KIND=<unset> argc=8 <-S> </private/tmp/aelx/T-100/t100-A-waiting-user/t/tmux-501/default> <set-option> <-w> <-t> <@0> <@ae_window_status> <⏳>
pid=86055 ppid=53196 AE_TMUX_SERVER=<unset> AE_TMUX_SERVER_KIND=<unset> argc=8 <-S> </private/tmp/aelx/T-100/t100-A-waiting-user/t/tmux-501/default> <set-option> <-w> <-t> <@1> <@ae_window_status> <>
pid=88059 ppid=53196 AE_TMUX_SERVER=<unset> AE_TMUX_SERVER_KIND=<unset> argc=5 <-S> </private/tmp/aelx/T-100/t100-A-waiting-user/t/tmux-501/default> <has-session> <-t> <t1>
pid=88067 ppid=53196 AE_TMUX_SERVER=<unset> AE_TMUX_SERVER_KIND=<unset> argc=8 <-S> </private/tmp/aelx/T-100/t100-A-waiting-user/t/tmux-501/default> <list-panes> <-s> <-t> <t1> <-F> <#{pane_id}|#{@ae_agent}|#{pane_current_command}|#{pane_pid}>
pid=88070 ppid=88069 AE_TMUX_SERVER=<unset> AE_TMUX_SERVER_KIND=<unset> argc=7 <-S> </private/tmp/aelx/T-100/t100-A-waiting-user/t/tmux-501/default> <display-message> <-p> <-t> <%0> <#{@ae_slot}>
pid=88075 ppid=88074 AE_TMUX_SERVER=<unset> AE_TMUX_SERVER_KIND=<unset> argc=11 <-S> </private/tmp/aelx/T-100/t100-A-waiting-user/t/tmux-501/default> <capture-pane> <-p> <-J> <-S> <-40> <-E> <-> <-t> <%0>
pid=88112 ppid=88110 AE_TMUX_SERVER=<unset> AE_TMUX_SERVER_KIND=<unset> argc=5 <-S> </private/tmp/aelx/T-100/t100-A-waiting-user/t/tmux-501/default> <list-sessions> <-F> <#{session_id} #{session_name}>
pid=88115 ppid=53196 AE_TMUX_SERVER=<unset> AE_TMUX_SERVER_KIND=<unset> argc=7 <-S> </private/tmp/aelx/T-100/t100-A-waiting-user/t/tmux-501/default> <set-option> <-t> <$0> <@ae_watchdog_status> <[watch ● 1/1]>
pid=88131 ppid=88129 AE_TMUX_SERVER=<unset> AE_TMUX_SERVER_KIND=<unset> argc=5 <-S> </private/tmp/aelx/T-100/t100-A-waiting-user/t/tmux-501/default> <list-sessions> <-F> <#{session_id} #{session_name}>
pid=88134 ppid=88117 AE_TMUX_SERVER=<unset> AE_TMUX_SERVER_KIND=<unset> argc=7 <-S> </private/tmp/aelx/T-100/t100-A-waiting-user/t/tmux-501/default> <set-option> <-t> <$0> <@ae_branch_name> <main>
pid=88144 ppid=88142 AE_TMUX_SERVER=<unset> AE_TMUX_SERVER_KIND=<unset> argc=5 <-S> </private/tmp/aelx/T-100/t100-A-waiting-user/t/tmux-501/default> <list-sessions> <-F> <#{session_id} #{session_name}>
pid=88147 ppid=53196 AE_TMUX_SERVER=<unset> AE_TMUX_SERVER_KIND=<unset> argc=7 <-S> </private/tmp/aelx/T-100/t100-A-waiting-user/t/tmux-501/default> <set-option> <-t> <$0> <@ae_branch_status> < main>
pid=88164 ppid=88158 AE_TMUX_SERVER=<unset> AE_TMUX_SERVER_KIND=<unset> argc=5 <-S> </private/tmp/aelx/T-100/t100-A-waiting-user/t/tmux-501/default> <list-sessions> <-F> <#{session_id} #{session_name}>
pid=88171 ppid=53196 AE_TMUX_SERVER=<unset> AE_TMUX_SERVER_KIND=<unset> argc=7 <-S> </private/tmp/aelx/T-100/t100-A-waiting-user/t/tmux-501/default> <set-option> <-t> <$0> <@ae_agents_status> <grok⏳>
pid=88177 ppid=88176 AE_TMUX_SERVER=<unset> AE_TMUX_SERVER_KIND=<unset> argc=8 <-S> </private/tmp/aelx/T-100/t100-A-waiting-user/t/tmux-501/default> <list-panes> <-s> <-t> <t1> <-F> <#{pane_id}|#{window_id}|#{@ae_agent}>
pid=88181 ppid=53196 AE_TMUX_SERVER=<unset> AE_TMUX_SERVER_KIND=<unset> argc=8 <-S> </private/tmp/aelx/T-100/t100-A-waiting-user/t/tmux-501/default> <set-option> <-w> <-t> <@0> <@ae_window_status> <⏳>
pid=88183 ppid=53196 AE_TMUX_SERVER=<unset> AE_TMUX_SERVER_KIND=<unset> argc=8 <-S> </private/tmp/aelx/T-100/t100-A-waiting-user/t/tmux-501/default> <set-option> <-w> <-t> <@1> <@ae_window_status> <>
pid=89836 ppid=53196 AE_TMUX_SERVER=<unset> AE_TMUX_SERVER_KIND=<unset> argc=5 <-S> </private/tmp/aelx/T-100/t100-A-waiting-user/t/tmux-501/default> <has-session> <-t> <t1>
pid=89856 ppid=53196 AE_TMUX_SERVER=<unset> AE_TMUX_SERVER_KIND=<unset> argc=8 <-S> </private/tmp/aelx/T-100/t100-A-waiting-user/t/tmux-501/default> <list-panes> <-s> <-t> <t1> <-F> <#{pane_id}|#{@ae_agent}|#{pane_current_command}|#{pane_pid}>
pid=89908 ppid=89906 AE_TMUX_SERVER=<unset> AE_TMUX_SERVER_KIND=<unset> argc=7 <-S> </private/tmp/aelx/T-100/t100-A-waiting-user/t/tmux-501/default> <display-message> <-p> <-t> <%0> <#{@ae_slot}>
pid=89923 ppid=89922 AE_TMUX_SERVER=<unset> AE_TMUX_SERVER_KIND=<unset> argc=11 <-S> </private/tmp/aelx/T-100/t100-A-waiting-user/t/tmux-501/default> <capture-pane> <-p> <-J> <-S> <-40> <-E> <-> <-t> <%0>
pid=89993 ppid=89991 AE_TMUX_SERVER=<unset> AE_TMUX_SERVER_KIND=<unset> argc=5 <-S> </private/tmp/aelx/T-100/t100-A-waiting-user/t/tmux-501/default> <list-sessions> <-F> <#{session_id} #{session_name}>
pid=90001 ppid=53196 AE_TMUX_SERVER=<unset> AE_TMUX_SERVER_KIND=<unset> argc=7 <-S> </private/tmp/aelx/T-100/t100-A-waiting-user/t/tmux-501/default> <set-option> <-t> <$0> <@ae_watchdog_status> <[watch ● 1/1]>
pid=90032 ppid=90030 AE_TMUX_SERVER=<unset> AE_TMUX_SERVER_KIND=<unset> argc=5 <-S> </private/tmp/aelx/T-100/t100-A-waiting-user/t/tmux-501/default> <list-sessions> <-F> <#{session_id} #{session_name}>
pid=90042 ppid=90010 AE_TMUX_SERVER=<unset> AE_TMUX_SERVER_KIND=<unset> argc=7 <-S> </private/tmp/aelx/T-100/t100-A-waiting-user/t/tmux-501/default> <set-option> <-t> <$0> <@ae_branch_name> <main>
pid=90053 ppid=90051 AE_TMUX_SERVER=<unset> AE_TMUX_SERVER_KIND=<unset> argc=5 <-S> </private/tmp/aelx/T-100/t100-A-waiting-user/t/tmux-501/default> <list-sessions> <-F> <#{session_id} #{session_name}>
pid=90055 ppid=53196 AE_TMUX_SERVER=<unset> AE_TMUX_SERVER_KIND=<unset> argc=7 <-S> </private/tmp/aelx/T-100/t100-A-waiting-user/t/tmux-501/default> <set-option> <-t> <$0> <@ae_branch_status> < main>
pid=90069 ppid=90067 AE_TMUX_SERVER=<unset> AE_TMUX_SERVER_KIND=<unset> argc=5 <-S> </private/tmp/aelx/T-100/t100-A-waiting-user/t/tmux-501/default> <list-sessions> <-F> <#{session_id} #{session_name}>
pid=90071 ppid=53196 AE_TMUX_SERVER=<unset> AE_TMUX_SERVER_KIND=<unset> argc=7 <-S> </private/tmp/aelx/T-100/t100-A-waiting-user/t/tmux-501/default> <set-option> <-t> <$0> <@ae_agents_status> <grok⏳>
pid=90078 ppid=90077 AE_TMUX_SERVER=<unset> AE_TMUX_SERVER_KIND=<unset> argc=8 <-S> </private/tmp/aelx/T-100/t100-A-waiting-user/t/tmux-501/default> <list-panes> <-s> <-t> <t1> <-F> <#{pane_id}|#{window_id}|#{@ae_agent}>
pid=90082 ppid=53196 AE_TMUX_SERVER=<unset> AE_TMUX_SERVER_KIND=<unset> argc=8 <-S> </private/tmp/aelx/T-100/t100-A-waiting-user/t/tmux-501/default> <set-option> <-w> <-t> <@0> <@ae_window_status> <⏳>
pid=90084 ppid=53196 AE_TMUX_SERVER=<unset> AE_TMUX_SERVER_KIND=<unset> argc=8 <-S> </private/tmp/aelx/T-100/t100-A-waiting-user/t/tmux-501/default> <set-option> <-w> <-t> <@1> <@ae_window_status> <>
pid=91067 ppid=53196 AE_TMUX_SERVER=<unset> AE_TMUX_SERVER_KIND=<unset> argc=5 <-S> </private/tmp/aelx/T-100/t100-A-waiting-user/t/tmux-501/default> <has-session> <-t> <t1>
pid=91075 ppid=53196 AE_TMUX_SERVER=<unset> AE_TMUX_SERVER_KIND=<unset> argc=8 <-S> </private/tmp/aelx/T-100/t100-A-waiting-user/t/tmux-501/default> <list-panes> <-s> <-t> <t1> <-F> <#{pane_id}|#{@ae_agent}|#{pane_current_command}|#{pane_pid}>
pid=91079 ppid=91078 AE_TMUX_SERVER=<unset> AE_TMUX_SERVER_KIND=<unset> argc=7 <-S> </private/tmp/aelx/T-100/t100-A-waiting-user/t/tmux-501/default> <display-message> <-p> <-t> <%0> <#{@ae_slot}>
pid=91083 ppid=91082 AE_TMUX_SERVER=<unset> AE_TMUX_SERVER_KIND=<unset> argc=11 <-S> </private/tmp/aelx/T-100/t100-A-waiting-user/t/tmux-501/default> <capture-pane> <-p> <-J> <-S> <-40> <-E> <-> <-t> <%0>
pid=91127 ppid=91125 AE_TMUX_SERVER=<unset> AE_TMUX_SERVER_KIND=<unset> argc=5 <-S> </private/tmp/aelx/T-100/t100-A-waiting-user/t/tmux-501/default> <list-sessions> <-F> <#{session_id} #{session_name}>
pid=91130 ppid=53196 AE_TMUX_SERVER=<unset> AE_TMUX_SERVER_KIND=<unset> argc=7 <-S> </private/tmp/aelx/T-100/t100-A-waiting-user/t/tmux-501/default> <set-option> <-t> <$0> <@ae_watchdog_status> <[watch ● 1/1]>
pid=91146 ppid=91144 AE_TMUX_SERVER=<unset> AE_TMUX_SERVER_KIND=<unset> argc=5 <-S> </private/tmp/aelx/T-100/t100-A-waiting-user/t/tmux-501/default> <list-sessions> <-F> <#{session_id} #{session_name}>
pid=91148 ppid=91132 AE_TMUX_SERVER=<unset> AE_TMUX_SERVER_KIND=<unset> argc=7 <-S> </private/tmp/aelx/T-100/t100-A-waiting-user/t/tmux-501/default> <set-option> <-t> <$0> <@ae_branch_name> <main>
pid=91161 ppid=91159 AE_TMUX_SERVER=<unset> AE_TMUX_SERVER_KIND=<unset> argc=5 <-S> </private/tmp/aelx/T-100/t100-A-waiting-user/t/tmux-501/default> <list-sessions> <-F> <#{session_id} #{session_name}>
pid=91163 ppid=53196 AE_TMUX_SERVER=<unset> AE_TMUX_SERVER_KIND=<unset> argc=7 <-S> </private/tmp/aelx/T-100/t100-A-waiting-user/t/tmux-501/default> <set-option> <-t> <$0> <@ae_branch_status> < main>
pid=91178 ppid=91176 AE_TMUX_SERVER=<unset> AE_TMUX_SERVER_KIND=<unset> argc=5 <-S> </private/tmp/aelx/T-100/t100-A-waiting-user/t/tmux-501/default> <list-sessions> <-F> <#{session_id} #{session_name}>
pid=91181 ppid=53196 AE_TMUX_SERVER=<unset> AE_TMUX_SERVER_KIND=<unset> argc=7 <-S> </private/tmp/aelx/T-100/t100-A-waiting-user/t/tmux-501/default> <set-option> <-t> <$0> <@ae_agents_status> <grok⏳>
pid=91187 ppid=91186 AE_TMUX_SERVER=<unset> AE_TMUX_SERVER_KIND=<unset> argc=8 <-S> </private/tmp/aelx/T-100/t100-A-waiting-user/t/tmux-501/default> <list-panes> <-s> <-t> <t1> <-F> <#{pane_id}|#{window_id}|#{@ae_agent}>
pid=91190 ppid=53196 AE_TMUX_SERVER=<unset> AE_TMUX_SERVER_KIND=<unset> argc=8 <-S> </private/tmp/aelx/T-100/t100-A-waiting-user/t/tmux-501/default> <set-option> <-w> <-t> <@0> <@ae_window_status> <⏳>
pid=91192 ppid=53196 AE_TMUX_SERVER=<unset> AE_TMUX_SERVER_KIND=<unset> argc=8 <-S> </private/tmp/aelx/T-100/t100-A-waiting-user/t/tmux-501/default> <set-option> <-w> <-t> <@1> <@ae_window_status> <>
pid=92512 ppid=53196 AE_TMUX_SERVER=<unset> AE_TMUX_SERVER_KIND=<unset> argc=5 <-S> </private/tmp/aelx/T-100/t100-A-waiting-user/t/tmux-501/default> <has-session> <-t> <t1>
pid=92529 ppid=53196 AE_TMUX_SERVER=<unset> AE_TMUX_SERVER_KIND=<unset> argc=8 <-S> </private/tmp/aelx/T-100/t100-A-waiting-user/t/tmux-501/default> <list-panes> <-s> <-t> <t1> <-F> <#{pane_id}|#{@ae_agent}|#{pane_current_command}|#{pane_pid}>
pid=92540 ppid=92538 AE_TMUX_SERVER=<unset> AE_TMUX_SERVER_KIND=<unset> argc=7 <-S> </private/tmp/aelx/T-100/t100-A-waiting-user/t/tmux-501/default> <display-message> <-p> <-t> <%0> <#{@ae_slot}>
pid=92552 ppid=92549 AE_TMUX_SERVER=<unset> AE_TMUX_SERVER_KIND=<unset> argc=11 <-S> </private/tmp/aelx/T-100/t100-A-waiting-user/t/tmux-501/default> <capture-pane> <-p> <-J> <-S> <-40> <-E> <-> <-t> <%0>
pid=92597 ppid=92595 AE_TMUX_SERVER=<unset> AE_TMUX_SERVER_KIND=<unset> argc=5 <-S> </private/tmp/aelx/T-100/t100-A-waiting-user/t/tmux-501/default> <list-sessions> <-F> <#{session_id} #{session_name}>
pid=92600 ppid=53196 AE_TMUX_SERVER=<unset> AE_TMUX_SERVER_KIND=<unset> argc=7 <-S> </private/tmp/aelx/T-100/t100-A-waiting-user/t/tmux-501/default> <set-option> <-t> <$0> <@ae_watchdog_status> <[watch ● 1/1]>
pid=92617 ppid=92614 AE_TMUX_SERVER=<unset> AE_TMUX_SERVER_KIND=<unset> argc=5 <-S> </private/tmp/aelx/T-100/t100-A-waiting-user/t/tmux-501/default> <list-sessions> <-F> <#{session_id} #{session_name}>
pid=92619 ppid=92603 AE_TMUX_SERVER=<unset> AE_TMUX_SERVER_KIND=<unset> argc=7 <-S> </private/tmp/aelx/T-100/t100-A-waiting-user/t/tmux-501/default> <set-option> <-t> <$0> <@ae_branch_name> <main>
pid=92637 ppid=92635 AE_TMUX_SERVER=<unset> AE_TMUX_SERVER_KIND=<unset> argc=5 <-S> </private/tmp/aelx/T-100/t100-A-waiting-user/t/tmux-501/default> <list-sessions> <-F> <#{session_id} #{session_name}>
pid=92640 ppid=53196 AE_TMUX_SERVER=<unset> AE_TMUX_SERVER_KIND=<unset> argc=7 <-S> </private/tmp/aelx/T-100/t100-A-waiting-user/t/tmux-501/default> <set-option> <-t> <$0> <@ae_branch_status> < main>
pid=92653 ppid=92651 AE_TMUX_SERVER=<unset> AE_TMUX_SERVER_KIND=<unset> argc=5 <-S> </private/tmp/aelx/T-100/t100-A-waiting-user/t/tmux-501/default> <list-sessions> <-F> <#{session_id} #{session_name}>
pid=92656 ppid=53196 AE_TMUX_SERVER=<unset> AE_TMUX_SERVER_KIND=<unset> argc=7 <-S> </private/tmp/aelx/T-100/t100-A-waiting-user/t/tmux-501/default> <set-option> <-t> <$0> <@ae_agents_status> <grok⏳>
pid=92672 ppid=92670 AE_TMUX_SERVER=<unset> AE_TMUX_SERVER_KIND=<unset> argc=8 <-S> </private/tmp/aelx/T-100/t100-A-waiting-user/t/tmux-501/default> <list-panes> <-s> <-t> <t1> <-F> <#{pane_id}|#{window_id}|#{@ae_agent}>
pid=92677 ppid=53196 AE_TMUX_SERVER=<unset> AE_TMUX_SERVER_KIND=<unset> argc=8 <-S> </private/tmp/aelx/T-100/t100-A-waiting-user/t/tmux-501/default> <set-option> <-w> <-t> <@0> <@ae_window_status> <⏳>
pid=92681 ppid=53196 AE_TMUX_SERVER=<unset> AE_TMUX_SERVER_KIND=<unset> argc=8 <-S> </private/tmp/aelx/T-100/t100-A-waiting-user/t/tmux-501/default> <set-option> <-w> <-t> <@1> <@ae_window_status> <>
pid=93683 ppid=53196 AE_TMUX_SERVER=<unset> AE_TMUX_SERVER_KIND=<unset> argc=5 <-S> </private/tmp/aelx/T-100/t100-A-waiting-user/t/tmux-501/default> <has-session> <-t> <t1>
pid=93692 ppid=53196 AE_TMUX_SERVER=<unset> AE_TMUX_SERVER_KIND=<unset> argc=8 <-S> </private/tmp/aelx/T-100/t100-A-waiting-user/t/tmux-501/default> <list-panes> <-s> <-t> <t1> <-F> <#{pane_id}|#{@ae_agent}|#{pane_current_command}|#{pane_pid}>
pid=93695 ppid=93694 AE_TMUX_SERVER=<unset> AE_TMUX_SERVER_KIND=<unset> argc=7 <-S> </private/tmp/aelx/T-100/t100-A-waiting-user/t/tmux-501/default> <display-message> <-p> <-t> <%0> <#{@ae_slot}>
pid=93701 ppid=93700 AE_TMUX_SERVER=<unset> AE_TMUX_SERVER_KIND=<unset> argc=11 <-S> </private/tmp/aelx/T-100/t100-A-waiting-user/t/tmux-501/default> <capture-pane> <-p> <-J> <-S> <-40> <-E> <-> <-t> <%0>
pid=93735 ppid=93733 AE_TMUX_SERVER=<unset> AE_TMUX_SERVER_KIND=<unset> argc=5 <-S> </private/tmp/aelx/T-100/t100-A-waiting-user/t/tmux-501/default> <list-sessions> <-F> <#{session_id} #{session_name}>
pid=93738 ppid=53196 AE_TMUX_SERVER=<unset> AE_TMUX_SERVER_KIND=<unset> argc=7 <-S> </private/tmp/aelx/T-100/t100-A-waiting-user/t/tmux-501/default> <set-option> <-t> <$0> <@ae_watchdog_status> <[watch ● 1/1]>
pid=93754 ppid=93752 AE_TMUX_SERVER=<unset> AE_TMUX_SERVER_KIND=<unset> argc=5 <-S> </private/tmp/aelx/T-100/t100-A-waiting-user/t/tmux-501/default> <list-sessions> <-F> <#{session_id} #{session_name}>
pid=93756 ppid=93740 AE_TMUX_SERVER=<unset> AE_TMUX_SERVER_KIND=<unset> argc=7 <-S> </private/tmp/aelx/T-100/t100-A-waiting-user/t/tmux-501/default> <set-option> <-t> <$0> <@ae_branch_name> <main>
pid=93767 ppid=93765 AE_TMUX_SERVER=<unset> AE_TMUX_SERVER_KIND=<unset> argc=5 <-S> </private/tmp/aelx/T-100/t100-A-waiting-user/t/tmux-501/default> <list-sessions> <-F> <#{session_id} #{session_name}>
pid=93770 ppid=53196 AE_TMUX_SERVER=<unset> AE_TMUX_SERVER_KIND=<unset> argc=7 <-S> </private/tmp/aelx/T-100/t100-A-waiting-user/t/tmux-501/default> <set-option> <-t> <$0> <@ae_branch_status> < main>
pid=93784 ppid=93782 AE_TMUX_SERVER=<unset> AE_TMUX_SERVER_KIND=<unset> argc=5 <-S> </private/tmp/aelx/T-100/t100-A-waiting-user/t/tmux-501/default> <list-sessions> <-F> <#{session_id} #{session_name}>
pid=93786 ppid=53196 AE_TMUX_SERVER=<unset> AE_TMUX_SERVER_KIND=<unset> argc=7 <-S> </private/tmp/aelx/T-100/t100-A-waiting-user/t/tmux-501/default> <set-option> <-t> <$0> <@ae_agents_status> <grok⏳>
pid=93792 ppid=93791 AE_TMUX_SERVER=<unset> AE_TMUX_SERVER_KIND=<unset> argc=8 <-S> </private/tmp/aelx/T-100/t100-A-waiting-user/t/tmux-501/default> <list-panes> <-s> <-t> <t1> <-F> <#{pane_id}|#{window_id}|#{@ae_agent}>
pid=93796 ppid=53196 AE_TMUX_SERVER=<unset> AE_TMUX_SERVER_KIND=<unset> argc=8 <-S> </private/tmp/aelx/T-100/t100-A-waiting-user/t/tmux-501/default> <set-option> <-w> <-t> <@0> <@ae_window_status> <⏳>
pid=93798 ppid=53196 AE_TMUX_SERVER=<unset> AE_TMUX_SERVER_KIND=<unset> argc=8 <-S> </private/tmp/aelx/T-100/t100-A-waiting-user/t/tmux-501/default> <set-option> <-w> <-t> <@1> <@ae_window_status> <>
pid=95409 ppid=53196 AE_TMUX_SERVER=<unset> AE_TMUX_SERVER_KIND=<unset> argc=5 <-S> </private/tmp/aelx/T-100/t100-A-waiting-user/t/tmux-501/default> <has-session> <-t> <t1>
pid=95417 ppid=53196 AE_TMUX_SERVER=<unset> AE_TMUX_SERVER_KIND=<unset> argc=8 <-S> </private/tmp/aelx/T-100/t100-A-waiting-user/t/tmux-501/default> <list-panes> <-s> <-t> <t1> <-F> <#{pane_id}|#{@ae_agent}|#{pane_current_command}|#{pane_pid}>
pid=95421 ppid=95420 AE_TMUX_SERVER=<unset> AE_TMUX_SERVER_KIND=<unset> argc=7 <-S> </private/tmp/aelx/T-100/t100-A-waiting-user/t/tmux-501/default> <display-message> <-p> <-t> <%0> <#{@ae_slot}>
pid=95425 ppid=95424 AE_TMUX_SERVER=<unset> AE_TMUX_SERVER_KIND=<unset> argc=11 <-S> </private/tmp/aelx/T-100/t100-A-waiting-user/t/tmux-501/default> <capture-pane> <-p> <-J> <-S> <-40> <-E> <-> <-t> <%0>
pid=95460 ppid=95458 AE_TMUX_SERVER=<unset> AE_TMUX_SERVER_KIND=<unset> argc=5 <-S> </private/tmp/aelx/T-100/t100-A-waiting-user/t/tmux-501/default> <list-sessions> <-F> <#{session_id} #{session_name}>
pid=95462 ppid=53196 AE_TMUX_SERVER=<unset> AE_TMUX_SERVER_KIND=<unset> argc=7 <-S> </private/tmp/aelx/T-100/t100-A-waiting-user/t/tmux-501/default> <set-option> <-t> <$0> <@ae_watchdog_status> <[watch ● 1/1]>
pid=95478 ppid=95476 AE_TMUX_SERVER=<unset> AE_TMUX_SERVER_KIND=<unset> argc=5 <-S> </private/tmp/aelx/T-100/t100-A-waiting-user/t/tmux-501/default> <list-sessions> <-F> <#{session_id} #{session_name}>
pid=95481 ppid=95464 AE_TMUX_SERVER=<unset> AE_TMUX_SERVER_KIND=<unset> argc=7 <-S> </private/tmp/aelx/T-100/t100-A-waiting-user/t/tmux-501/default> <set-option> <-t> <$0> <@ae_branch_name> <main>
pid=95491 ppid=95489 AE_TMUX_SERVER=<unset> AE_TMUX_SERVER_KIND=<unset> argc=5 <-S> </private/tmp/aelx/T-100/t100-A-waiting-user/t/tmux-501/default> <list-sessions> <-F> <#{session_id} #{session_name}>
pid=95494 ppid=53196 AE_TMUX_SERVER=<unset> AE_TMUX_SERVER_KIND=<unset> argc=7 <-S> </private/tmp/aelx/T-100/t100-A-waiting-user/t/tmux-501/default> <set-option> <-t> <$0> <@ae_branch_status> < main>
pid=95509 ppid=95505 AE_TMUX_SERVER=<unset> AE_TMUX_SERVER_KIND=<unset> argc=5 <-S> </private/tmp/aelx/T-100/t100-A-waiting-user/t/tmux-501/default> <list-sessions> <-F> <#{session_id} #{session_name}>
pid=95511 ppid=53196 AE_TMUX_SERVER=<unset> AE_TMUX_SERVER_KIND=<unset> argc=7 <-S> </private/tmp/aelx/T-100/t100-A-waiting-user/t/tmux-501/default> <set-option> <-t> <$0> <@ae_agents_status> <grok⏳>
pid=95517 ppid=95516 AE_TMUX_SERVER=<unset> AE_TMUX_SERVER_KIND=<unset> argc=8 <-S> </private/tmp/aelx/T-100/t100-A-waiting-user/t/tmux-501/default> <list-panes> <-s> <-t> <t1> <-F> <#{pane_id}|#{window_id}|#{@ae_agent}>
pid=95521 ppid=53196 AE_TMUX_SERVER=<unset> AE_TMUX_SERVER_KIND=<unset> argc=8 <-S> </private/tmp/aelx/T-100/t100-A-waiting-user/t/tmux-501/default> <set-option> <-w> <-t> <@0> <@ae_window_status> <⏳>
pid=95523 ppid=53196 AE_TMUX_SERVER=<unset> AE_TMUX_SERVER_KIND=<unset> argc=8 <-S> </private/tmp/aelx/T-100/t100-A-waiting-user/t/tmux-501/default> <set-option> <-w> <-t> <@1> <@ae_window_status> <>
pid=96914 ppid=53196 AE_TMUX_SERVER=<unset> AE_TMUX_SERVER_KIND=<unset> argc=5 <-S> </private/tmp/aelx/T-100/t100-A-waiting-user/t/tmux-501/default> <has-session> <-t> <t1>
pid=96922 ppid=53196 AE_TMUX_SERVER=<unset> AE_TMUX_SERVER_KIND=<unset> argc=8 <-S> </private/tmp/aelx/T-100/t100-A-waiting-user/t/tmux-501/default> <list-panes> <-s> <-t> <t1> <-F> <#{pane_id}|#{@ae_agent}|#{pane_current_command}|#{pane_pid}>
pid=96926 ppid=96925 AE_TMUX_SERVER=<unset> AE_TMUX_SERVER_KIND=<unset> argc=7 <-S> </private/tmp/aelx/T-100/t100-A-waiting-user/t/tmux-501/default> <display-message> <-p> <-t> <%0> <#{@ae_slot}>
pid=96930 ppid=96929 AE_TMUX_SERVER=<unset> AE_TMUX_SERVER_KIND=<unset> argc=11 <-S> </private/tmp/aelx/T-100/t100-A-waiting-user/t/tmux-501/default> <capture-pane> <-p> <-J> <-S> <-40> <-E> <-> <-t> <%0>
pid=96966 ppid=96964 AE_TMUX_SERVER=<unset> AE_TMUX_SERVER_KIND=<unset> argc=5 <-S> </private/tmp/aelx/T-100/t100-A-waiting-user/t/tmux-501/default> <list-sessions> <-F> <#{session_id} #{session_name}>
pid=96968 ppid=53196 AE_TMUX_SERVER=<unset> AE_TMUX_SERVER_KIND=<unset> argc=7 <-S> </private/tmp/aelx/T-100/t100-A-waiting-user/t/tmux-501/default> <set-option> <-t> <$0> <@ae_watchdog_status> <[watch ● 1/1]>
pid=96995 ppid=96993 AE_TMUX_SERVER=<unset> AE_TMUX_SERVER_KIND=<unset> argc=5 <-S> </private/tmp/aelx/T-100/t100-A-waiting-user/t/tmux-501/default> <list-sessions> <-F> <#{session_id} #{session_name}>
pid=97005 ppid=96972 AE_TMUX_SERVER=<unset> AE_TMUX_SERVER_KIND=<unset> argc=7 <-S> </private/tmp/aelx/T-100/t100-A-waiting-user/t/tmux-501/default> <set-option> <-t> <$0> <@ae_branch_name> <main>
pid=97027 ppid=97025 AE_TMUX_SERVER=<unset> AE_TMUX_SERVER_KIND=<unset> argc=5 <-S> </private/tmp/aelx/T-100/t100-A-waiting-user/t/tmux-501/default> <list-sessions> <-F> <#{session_id} #{session_name}>
pid=97031 ppid=53196 AE_TMUX_SERVER=<unset> AE_TMUX_SERVER_KIND=<unset> argc=7 <-S> </private/tmp/aelx/T-100/t100-A-waiting-user/t/tmux-501/default> <set-option> <-t> <$0> <@ae_branch_status> < main>
pid=97051 ppid=97049 AE_TMUX_SERVER=<unset> AE_TMUX_SERVER_KIND=<unset> argc=5 <-S> </private/tmp/aelx/T-100/t100-A-waiting-user/t/tmux-501/default> <list-sessions> <-F> <#{session_id} #{session_name}>
pid=97056 ppid=53196 AE_TMUX_SERVER=<unset> AE_TMUX_SERVER_KIND=<unset> argc=7 <-S> </private/tmp/aelx/T-100/t100-A-waiting-user/t/tmux-501/default> <set-option> <-t> <$0> <@ae_agents_status> <grok⏳>
pid=97066 ppid=97065 AE_TMUX_SERVER=<unset> AE_TMUX_SERVER_KIND=<unset> argc=8 <-S> </private/tmp/aelx/T-100/t100-A-waiting-user/t/tmux-501/default> <list-panes> <-s> <-t> <t1> <-F> <#{pane_id}|#{window_id}|#{@ae_agent}>
pid=97076 ppid=53196 AE_TMUX_SERVER=<unset> AE_TMUX_SERVER_KIND=<unset> argc=8 <-S> </private/tmp/aelx/T-100/t100-A-waiting-user/t/tmux-501/default> <set-option> <-w> <-t> <@0> <@ae_window_status> <⏳>
pid=97078 ppid=53196 AE_TMUX_SERVER=<unset> AE_TMUX_SERVER_KIND=<unset> argc=8 <-S> </private/tmp/aelx/T-100/t100-A-waiting-user/t/tmux-501/default> <set-option> <-w> <-t> <@1> <@ae_window_status> <>
pid=98332 ppid=53196 AE_TMUX_SERVER=<unset> AE_TMUX_SERVER_KIND=<unset> argc=5 <-S> </private/tmp/aelx/T-100/t100-A-waiting-user/t/tmux-501/default> <has-session> <-t> <t1>
pid=98353 ppid=53196 AE_TMUX_SERVER=<unset> AE_TMUX_SERVER_KIND=<unset> argc=8 <-S> </private/tmp/aelx/T-100/t100-A-waiting-user/t/tmux-501/default> <list-panes> <-s> <-t> <t1> <-F> <#{pane_id}|#{@ae_agent}|#{pane_current_command}|#{pane_pid}>
pid=98362 ppid=98361 AE_TMUX_SERVER=<unset> AE_TMUX_SERVER_KIND=<unset> argc=7 <-S> </private/tmp/aelx/T-100/t100-A-waiting-user/t/tmux-501/default> <display-message> <-p> <-t> <%0> <#{@ae_slot}>
pid=98369 ppid=98368 AE_TMUX_SERVER=<unset> AE_TMUX_SERVER_KIND=<unset> argc=11 <-S> </private/tmp/aelx/T-100/t100-A-waiting-user/t/tmux-501/default> <capture-pane> <-p> <-J> <-S> <-40> <-E> <-> <-t> <%0>
pid=98425 ppid=98423 AE_TMUX_SERVER=<unset> AE_TMUX_SERVER_KIND=<unset> argc=5 <-S> </private/tmp/aelx/T-100/t100-A-waiting-user/t/tmux-501/default> <list-sessions> <-F> <#{session_id} #{session_name}>
pid=98438 ppid=53196 AE_TMUX_SERVER=<unset> AE_TMUX_SERVER_KIND=<unset> argc=7 <-S> </private/tmp/aelx/T-100/t100-A-waiting-user/t/tmux-501/default> <set-option> <-t> <$0> <@ae_watchdog_status> <[watch ● 1/1]>
pid=98456 ppid=98454 AE_TMUX_SERVER=<unset> AE_TMUX_SERVER_KIND=<unset> argc=5 <-S> </private/tmp/aelx/T-100/t100-A-waiting-user/t/tmux-501/default> <list-sessions> <-F> <#{session_id} #{session_name}>
pid=98458 ppid=98442 AE_TMUX_SERVER=<unset> AE_TMUX_SERVER_KIND=<unset> argc=7 <-S> </private/tmp/aelx/T-100/t100-A-waiting-user/t/tmux-501/default> <set-option> <-t> <$0> <@ae_branch_name> <main>
pid=98469 ppid=98467 AE_TMUX_SERVER=<unset> AE_TMUX_SERVER_KIND=<unset> argc=5 <-S> </private/tmp/aelx/T-100/t100-A-waiting-user/t/tmux-501/default> <list-sessions> <-F> <#{session_id} #{session_name}>
pid=98471 ppid=53196 AE_TMUX_SERVER=<unset> AE_TMUX_SERVER_KIND=<unset> argc=7 <-S> </private/tmp/aelx/T-100/t100-A-waiting-user/t/tmux-501/default> <set-option> <-t> <$0> <@ae_branch_status> < main>
pid=98484 ppid=98482 AE_TMUX_SERVER=<unset> AE_TMUX_SERVER_KIND=<unset> argc=5 <-S> </private/tmp/aelx/T-100/t100-A-waiting-user/t/tmux-501/default> <list-sessions> <-F> <#{session_id} #{session_name}>
pid=98486 ppid=53196 AE_TMUX_SERVER=<unset> AE_TMUX_SERVER_KIND=<unset> argc=7 <-S> </private/tmp/aelx/T-100/t100-A-waiting-user/t/tmux-501/default> <set-option> <-t> <$0> <@ae_agents_status> <grok⏳>
pid=98493 ppid=98492 AE_TMUX_SERVER=<unset> AE_TMUX_SERVER_KIND=<unset> argc=8 <-S> </private/tmp/aelx/T-100/t100-A-waiting-user/t/tmux-501/default> <list-panes> <-s> <-t> <t1> <-F> <#{pane_id}|#{window_id}|#{@ae_agent}>
pid=98496 ppid=53196 AE_TMUX_SERVER=<unset> AE_TMUX_SERVER_KIND=<unset> argc=8 <-S> </private/tmp/aelx/T-100/t100-A-waiting-user/t/tmux-501/default> <set-option> <-w> <-t> <@0> <@ae_window_status> <⏳>
pid=98498 ppid=53196 AE_TMUX_SERVER=<unset> AE_TMUX_SERVER_KIND=<unset> argc=8 <-S> </private/tmp/aelx/T-100/t100-A-waiting-user/t/tmux-501/default> <set-option> <-w> <-t> <@1> <@ae_window_status> <>
pid=99876 ppid=53196 AE_TMUX_SERVER=<unset> AE_TMUX_SERVER_KIND=<unset> argc=5 <-S> </private/tmp/aelx/T-100/t100-A-waiting-user/t/tmux-501/default> <has-session> <-t> <t1>
pid=99892 ppid=53196 AE_TMUX_SERVER=<unset> AE_TMUX_SERVER_KIND=<unset> argc=8 <-S> </private/tmp/aelx/T-100/t100-A-waiting-user/t/tmux-501/default> <list-panes> <-s> <-t> <t1> <-F> <#{pane_id}|#{@ae_agent}|#{pane_current_command}|#{pane_pid}>
pid=99902 ppid=99901 AE_TMUX_SERVER=<unset> AE_TMUX_SERVER_KIND=<unset> argc=7 <-S> </private/tmp/aelx/T-100/t100-A-waiting-user/t/tmux-501/default> <display-message> <-p> <-t> <%0> <#{@ae_slot}>
pid=99916 ppid=99914 AE_TMUX_SERVER=<unset> AE_TMUX_SERVER_KIND=<unset> argc=11 <-S> </private/tmp/aelx/T-100/t100-A-waiting-user/t/tmux-501/default> <capture-pane> <-p> <-J> <-S> <-40> <-E> <-> <-t> <%0>
pid=99951 ppid=99948 AE_TMUX_SERVER=<unset> AE_TMUX_SERVER_KIND=<unset> argc=5 <-S> </private/tmp/aelx/T-100/t100-A-waiting-user/t/tmux-501/default> <list-sessions> <-F> <#{session_id} #{session_name}>
pid=99953 ppid=53196 AE_TMUX_SERVER=<unset> AE_TMUX_SERVER_KIND=<unset> argc=7 <-S> </private/tmp/aelx/T-100/t100-A-waiting-user/t/tmux-501/default> <set-option> <-t> <$0> <@ae_watchdog_status> <[watch ● 1/1]>
pid=99970 ppid=99968 AE_TMUX_SERVER=<unset> AE_TMUX_SERVER_KIND=<unset> argc=5 <-S> </private/tmp/aelx/T-100/t100-A-waiting-user/t/tmux-501/default> <list-sessions> <-F> <#{session_id} #{session_name}>
pid=99974 ppid=99956 AE_TMUX_SERVER=<unset> AE_TMUX_SERVER_KIND=<unset> argc=7 <-S> </private/tmp/aelx/T-100/t100-A-waiting-user/t/tmux-501/default> <set-option> <-t> <$0> <@ae_branch_name> <main>
pid=100 ppid=99997 AE_TMUX_SERVER=<unset> AE_TMUX_SERVER_KIND=<unset> argc=5 <-S> </private/tmp/aelx/T-100/t100-A-waiting-user/t/tmux-501/default> <list-sessions> <-F> <#{session_id} #{session_name}>
pid=103 ppid=53196 AE_TMUX_SERVER=<unset> AE_TMUX_SERVER_KIND=<unset> argc=7 <-S> </private/tmp/aelx/T-100/t100-A-waiting-user/t/tmux-501/default> <set-option> <-t> <$0> <@ae_branch_status> < main>
pid=116 ppid=114 AE_TMUX_SERVER=<unset> AE_TMUX_SERVER_KIND=<unset> argc=5 <-S> </private/tmp/aelx/T-100/t100-A-waiting-user/t/tmux-501/default> <list-sessions> <-F> <#{session_id} #{session_name}>
pid=119 ppid=53196 AE_TMUX_SERVER=<unset> AE_TMUX_SERVER_KIND=<unset> argc=7 <-S> </private/tmp/aelx/T-100/t100-A-waiting-user/t/tmux-501/default> <set-option> <-t> <$0> <@ae_agents_status> <grok⏳>
pid=125 ppid=124 AE_TMUX_SERVER=<unset> AE_TMUX_SERVER_KIND=<unset> argc=8 <-S> </private/tmp/aelx/T-100/t100-A-waiting-user/t/tmux-501/default> <list-panes> <-s> <-t> <t1> <-F> <#{pane_id}|#{window_id}|#{@ae_agent}>
pid=129 ppid=53196 AE_TMUX_SERVER=<unset> AE_TMUX_SERVER_KIND=<unset> argc=8 <-S> </private/tmp/aelx/T-100/t100-A-waiting-user/t/tmux-501/default> <set-option> <-w> <-t> <@0> <@ae_window_status> <⏳>
pid=132 ppid=53196 AE_TMUX_SERVER=<unset> AE_TMUX_SERVER_KIND=<unset> argc=8 <-S> </private/tmp/aelx/T-100/t100-A-waiting-user/t/tmux-501/default> <set-option> <-w> <-t> <@1> <@ae_window_status> <>
pid=1260 ppid=53196 AE_TMUX_SERVER=<unset> AE_TMUX_SERVER_KIND=<unset> argc=5 <-S> </private/tmp/aelx/T-100/t100-A-waiting-user/t/tmux-501/default> <has-session> <-t> <t1>
pid=1268 ppid=53196 AE_TMUX_SERVER=<unset> AE_TMUX_SERVER_KIND=<unset> argc=8 <-S> </private/tmp/aelx/T-100/t100-A-waiting-user/t/tmux-501/default> <list-panes> <-s> <-t> <t1> <-F> <#{pane_id}|#{@ae_agent}|#{pane_current_command}|#{pane_pid}>
pid=1271 ppid=1270 AE_TMUX_SERVER=<unset> AE_TMUX_SERVER_KIND=<unset> argc=7 <-S> </private/tmp/aelx/T-100/t100-A-waiting-user/t/tmux-501/default> <display-message> <-p> <-t> <%0> <#{@ae_slot}>
pid=1276 ppid=1275 AE_TMUX_SERVER=<unset> AE_TMUX_SERVER_KIND=<unset> argc=11 <-S> </private/tmp/aelx/T-100/t100-A-waiting-user/t/tmux-501/default> <capture-pane> <-p> <-J> <-S> <-40> <-E> <-> <-t> <%0>
pid=1313 ppid=1310 AE_TMUX_SERVER=<unset> AE_TMUX_SERVER_KIND=<unset> argc=5 <-S> </private/tmp/aelx/T-100/t100-A-waiting-user/t/tmux-501/default> <list-sessions> <-F> <#{session_id} #{session_name}>
pid=1317 ppid=53196 AE_TMUX_SERVER=<unset> AE_TMUX_SERVER_KIND=<unset> argc=7 <-S> </private/tmp/aelx/T-100/t100-A-waiting-user/t/tmux-501/default> <set-option> <-t> <$0> <@ae_watchdog_status> <[watch ● 1/1]>
pid=1333 ppid=1331 AE_TMUX_SERVER=<unset> AE_TMUX_SERVER_KIND=<unset> argc=5 <-S> </private/tmp/aelx/T-100/t100-A-waiting-user/t/tmux-501/default> <list-sessions> <-F> <#{session_id} #{session_name}>
pid=1336 ppid=1319 AE_TMUX_SERVER=<unset> AE_TMUX_SERVER_KIND=<unset> argc=7 <-S> </private/tmp/aelx/T-100/t100-A-waiting-user/t/tmux-501/default> <set-option> <-t> <$0> <@ae_branch_name> <main>
pid=1346 ppid=1344 AE_TMUX_SERVER=<unset> AE_TMUX_SERVER_KIND=<unset> argc=5 <-S> </private/tmp/aelx/T-100/t100-A-waiting-user/t/tmux-501/default> <list-sessions> <-F> <#{session_id} #{session_name}>
pid=1349 ppid=53196 AE_TMUX_SERVER=<unset> AE_TMUX_SERVER_KIND=<unset> argc=7 <-S> </private/tmp/aelx/T-100/t100-A-waiting-user/t/tmux-501/default> <set-option> <-t> <$0> <@ae_branch_status> < main>
pid=1374 ppid=1372 AE_TMUX_SERVER=<unset> AE_TMUX_SERVER_KIND=<unset> argc=5 <-S> </private/tmp/aelx/T-100/t100-A-waiting-user/t/tmux-501/default> <list-sessions> <-F> <#{session_id} #{session_name}>
pid=1389 ppid=53196 AE_TMUX_SERVER=<unset> AE_TMUX_SERVER_KIND=<unset> argc=7 <-S> </private/tmp/aelx/T-100/t100-A-waiting-user/t/tmux-501/default> <set-option> <-t> <$0> <@ae_agents_status> <grok⏳>
pid=1401 ppid=1400 AE_TMUX_SERVER=<unset> AE_TMUX_SERVER_KIND=<unset> argc=8 <-S> </private/tmp/aelx/T-100/t100-A-waiting-user/t/tmux-501/default> <list-panes> <-s> <-t> <t1> <-F> <#{pane_id}|#{window_id}|#{@ae_agent}>
pid=1414 ppid=53196 AE_TMUX_SERVER=<unset> AE_TMUX_SERVER_KIND=<unset> argc=8 <-S> </private/tmp/aelx/T-100/t100-A-waiting-user/t/tmux-501/default> <set-option> <-w> <-t> <@0> <@ae_window_status> <⏳>
pid=1421 ppid=53196 AE_TMUX_SERVER=<unset> AE_TMUX_SERVER_KIND=<unset> argc=8 <-S> </private/tmp/aelx/T-100/t100-A-waiting-user/t/tmux-501/default> <set-option> <-w> <-t> <@1> <@ae_window_status> <>
pid=3419 ppid=3417 AE_TMUX_SERVER=<unset> AE_TMUX_SERVER_KIND=<unset> argc=5 <-S> </private/tmp/aelx/T-100/t100-A-waiting-user/t/tmux-501/default> <list-sessions> <-F> <#{session_id} #{session_name}>
