pid=83791 ppid=83358 AE_TMUX_SERVER=<unset> AE_TMUX_SERVER_KIND=<unset> argc=3 <has-session> <-t> <t1>
pid=83945 ppid=83358 AE_TMUX_SERVER=<unset> AE_TMUX_SERVER_KIND=<unset> argc=6 <new-session> <-d> <-s> <t1> <-c> </private/tmp/aelx/T-100/t100-C-waiting-user/w>
pid=83953 ppid=83358 AE_TMUX_SERVER=<unset> AE_TMUX_SERVER_KIND=<unset> argc=5 <set-environment> <-t> <t1> <-u> <CLAUDECODE>
pid=83957 ppid=83358 AE_TMUX_SERVER=<unset> AE_TMUX_SERVER_KIND=<unset> argc=5 <set-environment> <-t> <t1> <-u> <CLAUDE_CODE_SESSION>
pid=83962 ppid=83358 AE_TMUX_SERVER=<unset> AE_TMUX_SERVER_KIND=<unset> argc=5 <set-environment> <-t> <t1> <AE_SESSION> <1>
pid=83965 ppid=83358 AE_TMUX_SERVER=<unset> AE_TMUX_SERVER_KIND=<unset> argc=5 <set-environment> <-t> <t1> <AE_ORIGIN> </private/tmp/aelx/T-100/t100-C-waiting-user/w>
pid=83968 ppid=83358 AE_TMUX_SERVER=<unset> AE_TMUX_SERVER_KIND=<unset> argc=5 <set-environment> <-t> <t1> <AE_DIR> </private/tmp/aelx/T-100/t100-C-waiting-user/w>
pid=83971 ppid=83358 AE_TMUX_SERVER=<unset> AE_TMUX_SERVER_KIND=<unset> argc=5 <set-environment> <-t> <t1> <AE_MODE> <local>
pid=83975 ppid=83358 AE_TMUX_SERVER=<unset> AE_TMUX_SERVER_KIND=<unset> argc=5 <set-environment> <-t> <t1> <AE_HOME> </tmp/aelx/T-100/t100-C-waiting-user/h/.ae>
pid=83978 ppid=83358 AE_TMUX_SERVER=<unset> AE_TMUX_SERVER_KIND=<unset> argc=5 <set-option> <-t> <t1> <mouse> <on>
pid=83981 ppid=83358 AE_TMUX_SERVER=<unset> AE_TMUX_SERVER_KIND=<unset> argc=5 <set-option> <-t> <t1> <focus-events> <on>
pid=83984 ppid=83358 AE_TMUX_SERVER=<unset> AE_TMUX_SERVER_KIND=<unset> argc=5 <set-option> <-t> <t1> <history-limit> <50000>
pid=83989 ppid=83358 AE_TMUX_SERVER=<unset> AE_TMUX_SERVER_KIND=<unset> argc=5 <set-option> <-t> <t1> <pane-border-status> <top>
pid=83992 ppid=83358 AE_TMUX_SERVER=<unset> AE_TMUX_SERVER_KIND=<unset> argc=5 <set-option> <-t> <t1> <pane-border-format> < #{@ae_agent} >
pid=83995 ppid=83358 AE_TMUX_SERVER=<unset> AE_TMUX_SERVER_KIND=<unset> argc=3 <has-session> <-t> <t1>
pid=83999 ppid=83998 AE_TMUX_SERVER=<unset> AE_TMUX_SERVER_KIND=<unset> argc=3 <list-sessions> <-F> <#{session_id} #{session_name}>
pid=84012 ppid=83358 AE_TMUX_SERVER=<unset> AE_TMUX_SERVER_KIND=<unset> argc=5 <set-option> <-t> <$0> <status-left> <[ae t1] >
pid=84015 ppid=83358 AE_TMUX_SERVER=<unset> AE_TMUX_SERVER_KIND=<unset> argc=5 <set-option> <-t> <$0> <status-left-length> <40>
pid=84018 ppid=83358 AE_TMUX_SERVER=<unset> AE_TMUX_SERVER_KIND=<unset> argc=5 <set-option> <-t> <$0> <status-right> <[…te/tmp/aelx/T-100/t100-C-waiting-user/w#{@ae_branch_status}] #{@ae_watchdog_status}>
pid=84021 ppid=83358 AE_TMUX_SERVER=<unset> AE_TMUX_SERVER_KIND=<unset> argc=5 <set-option> <-t> <$0> <status-right-length> <100>
pid=84024 ppid=83358 AE_TMUX_SERVER=<unset> AE_TMUX_SERVER_KIND=<unset> argc=5 <set-option> <-t> <$0> <status-interval> <5>
pid=84027 ppid=83358 AE_TMUX_SERVER=<unset> AE_TMUX_SERVER_KIND=<unset> argc=5 <set-option> <-t> <$0> <status> <2>
pid=84033 ppid=84032 AE_TMUX_SERVER=<unset> AE_TMUX_SERVER_KIND=<unset> argc=3 <show-options> <-gv> <status-format[0]>
pid=84036 ppid=83358 AE_TMUX_SERVER=<unset> AE_TMUX_SERVER_KIND=<unset> argc=5 <set-option> <-t> <$0> <status-format[0]> <#[align=left range=left #{E:status-left-style}]#[push-default]#{T;=/#{status-left-length}:status-left}#[pop-default]#[norange default]#[list=on align=#{status-justify}]#[list=left-marker]<#[list=right-marker]>#[list=on]#{W:#[range=window|#{window_index} #{E:window-status-style}#{?#{&&:#{window_last_flag},#{!=:#{E:window-status-last-style},default}}, #{E:window-status-last-style},}#{?#{&&:#{window_bell_flag},#{!=:#{E:window-status-bell-style},default}}, #{E:window-status-bell-style},#{?#{&&:#{||:#{window_activity_flag},#{window_silence_flag}},#{!=:#{E:window-status-activity-style},default}}, #{E:window-status-activity-style},}}]#[push-default]#{T:window-status-format}#[pop-default]#[norange default]#{?loop_last_flag,,#{E:window-status-separator}},#[range=window|#{window_index} list=focus #{?#{!=:#{E:window-status-current-style},default},#{E:window-status-current-style},#{E:window-status-style}}#{?#{&&:#{window_last_flag},#{!=:#{E:window-status-last-style},default}}, #{E:window-status-last-style},}#{?#{&&:#{window_bell_flag},#{!=:#{E:window-status-bell-style},default}}, #{E:window-status-bell-style},#{?#{&&:#{||:#{window_activity_flag},#{window_silence_flag}},#{!=:#{E:window-status-activity-style},default}}, #{E:window-status-activity-style},}}]#[push-default]#{T:window-status-current-format}#[pop-default]#[norange list=on default]#{?loop_last_flag,,#{E:window-status-separator}}}#[nolist align=right range=right #{E:status-right-style}]#[push-default]#{T;=/#{status-right-length}:status-right}#[pop-default]#[norange default]>
pid=84039 ppid=83358 AE_TMUX_SERVER=<unset> AE_TMUX_SERVER_KIND=<unset> argc=5 <set-option> <-t> <$0> <status-format[1]> <#[align=left] #{@ae_agent}#[align=right]#{@ae_agents_status} >
pid=84042 ppid=83358 AE_TMUX_SERVER=<unset> AE_TMUX_SERVER_KIND=<unset> argc=5 <set-option> <-t> <$0> <window-status-format> <#I:#W#{@ae_window_status}#F>
pid=84045 ppid=83358 AE_TMUX_SERVER=<unset> AE_TMUX_SERVER_KIND=<unset> argc=5 <set-option> <-t> <$0> <window-status-current-format> <#I:#W#{@ae_window_status}#F>
pid=84048 ppid=83358 AE_TMUX_SERVER=<unset> AE_TMUX_SERVER_KIND=<unset> argc=5 <set-option> <-t> <t1> <automatic-rename> <off>
pid=84052 ppid=83358 AE_TMUX_SERVER=<unset> AE_TMUX_SERVER_KIND=<unset> argc=4 <rename-window> <-t> <t1> <t1>
pid=84057 ppid=83358 AE_TMUX_SERVER=<unset> AE_TMUX_SERVER_KIND=<unset> argc=5 <display-message> <-t> <t1> <-p> <#{pane_id}>
pid=84060 ppid=83358 AE_TMUX_SERVER=<unset> AE_TMUX_SERVER_KIND=<unset> argc=5 <select-pane> <-t> <%0> <-T> <ae:grok:grok>
pid=84063 ppid=83358 AE_TMUX_SERVER=<unset> AE_TMUX_SERVER_KIND=<unset> argc=6 <set-option> <-p> <-t> <%0> <@ae_agent> <grok:grok>
pid=84066 ppid=83358 AE_TMUX_SERVER=<unset> AE_TMUX_SERVER_KIND=<unset> argc=6 <set-option> <-p> <-t> <%0> <@ae_slot> <main>
pid=84092 ppid=84091 AE_TMUX_SERVER=<unset> AE_TMUX_SERVER_KIND=<unset> argc=3 <display-message> <-p> <#{socket_path}>
pid=84228 ppid=83358 AE_TMUX_SERVER=<unset> AE_TMUX_SERVER_KIND=<unset> argc=6 <list-panes> <-s> <-t> <t1> <-F> <#{pane_id}	#{@ae_agent}>
pid=84255 ppid=84254 AE_TMUX_SERVER=<unset> AE_TMUX_SERVER_KIND=<unset> argc=8 <-S> </private/tmp/aelx/T-100/t100-C-waiting-user/t/tmux-501/default> <list-panes> <-s> <-t> <t1> <-F> <#{pane_id}|#{@ae_slot}|#{@ae_agent}>
pid=84408 ppid=84407 AE_TMUX_SERVER=<unset> AE_TMUX_SERVER_KIND=<unset> argc=5 <display-message> <-p> <-t> <%0> <#{pane_current_command}>
pid=84414 ppid=83358 AE_TMUX_SERVER=<unset> AE_TMUX_SERVER_KIND=<unset> argc=4 <load-buffer> <-b> <ae-ps-83358-%0> <->
pid=84417 ppid=83358 AE_TMUX_SERVER=<unset> AE_TMUX_SERVER_KIND=<unset> argc=6 <paste-buffer> <-d> <-b> <ae-ps-83358-%0> <-t> <%0>
pid=84507 ppid=83358 AE_TMUX_SERVER=<unset> AE_TMUX_SERVER_KIND=<unset> argc=4 <send-keys> <-t> <%0> <Enter>
pid=84816 ppid=84814 AE_TMUX_SERVER=<unset> AE_TMUX_SERVER_KIND=<unset> argc=8 <-S> </private/tmp/aelx/T-100/t100-C-waiting-user/t/tmux-501/default> <list-panes> <-s> <-t> <t1> <-F> <#{pane_id} #{@ae_agent}>
pid=84820 ppid=84817 AE_TMUX_SERVER=<unset> AE_TMUX_SERVER_KIND=<unset> argc=12 <-S> </private/tmp/aelx/T-100/t100-C-waiting-user/t/tmux-501/default> <new-window> <-d> <-t> <t1:99> <-n> <ae-monitor> <-P> <-F> <#{pane_id}> </tmp/aelx/T-100/t100-C-waiting-user/h/.ae/sessions/t1/events-tail>
pid=84824 ppid=84712 AE_TMUX_SERVER=<unset> AE_TMUX_SERVER_KIND=<unset> argc=8 <-S> </private/tmp/aelx/T-100/t100-C-waiting-user/t/tmux-501/default> <set-option> <-p> <-t> <%1> <@ae_agent> <_events>
pid=84828 ppid=84712 AE_TMUX_SERVER=<unset> AE_TMUX_SERVER_KIND=<unset> argc=7 <-S> </private/tmp/aelx/T-100/t100-C-waiting-user/t/tmux-501/default> <select-pane> <-t> <%1> <-T> <ae events>
pid=84831 ppid=84712 AE_TMUX_SERVER=<unset> AE_TMUX_SERVER_KIND=<unset> argc=7 <-S> </private/tmp/aelx/T-100/t100-C-waiting-user/t/tmux-501/default> <set-window-option> <-t> <t1:ae-monitor> <pane-border-status> <top>
pid=84834 ppid=84712 AE_TMUX_SERVER=<unset> AE_TMUX_SERVER_KIND=<unset> argc=6 <-S> </private/tmp/aelx/T-100/t100-C-waiting-user/t/tmux-501/default> <select-pane> <-t> <%1> <-d>
pid=84880 ppid=84878 AE_TMUX_SERVER=<unset> AE_TMUX_SERVER_KIND=<unset> argc=8 <-S> </private/tmp/aelx/T-100/t100-C-waiting-user/t/tmux-501/default> <list-panes> <-s> <-t> <t1> <-F> <#{pane_id} #{@ae_agent}>
pid=84887 ppid=84885 AE_TMUX_SERVER=<unset> AE_TMUX_SERVER_KIND=<unset> argc=8 <-S> </private/tmp/aelx/T-100/t100-C-waiting-user/t/tmux-501/default> <list-panes> <-s> <-t> <t1> <-F> <#{pane_id} #{@ae_agent}>
pid=84896 ppid=84894 AE_TMUX_SERVER=<unset> AE_TMUX_SERVER_KIND=<unset> argc=8 <-S> </private/tmp/aelx/T-100/t100-C-waiting-user/t/tmux-501/default> <list-panes> <-s> <-t> <t1> <-F> <#{pane_id} #{@ae_agent}>
pid=84900 ppid=84899 AE_TMUX_SERVER=<unset> AE_TMUX_SERVER_KIND=<unset> argc=11 <-S> </private/tmp/aelx/T-100/t100-C-waiting-user/t/tmux-501/default> <split-window> <-v> <-b> <-t> <%1> <-P> <-F> <#{pane_id}> </tmp/aelx/T-100/t100-C-waiting-user/h/.ae/sessions/t1/watchdog _run>
pid=84904 ppid=84845 AE_TMUX_SERVER=<unset> AE_TMUX_SERVER_KIND=<unset> argc=8 <-S> </private/tmp/aelx/T-100/t100-C-waiting-user/t/tmux-501/default> <set-option> <-p> <-t> <%2> <@ae_agent> <_watchdog>
pid=84907 ppid=84845 AE_TMUX_SERVER=<unset> AE_TMUX_SERVER_KIND=<unset> argc=7 <-S> </private/tmp/aelx/T-100/t100-C-waiting-user/t/tmux-501/default> <select-pane> <-t> <%2> <-T> <ae watchdog>
pid=84922 ppid=84845 AE_TMUX_SERVER=<unset> AE_TMUX_SERVER_KIND=<unset> argc=6 <-S> </private/tmp/aelx/T-100/t100-C-waiting-user/t/tmux-501/default> <select-pane> <-t> <%2> <-d>
pid=84946 ppid=83358 AE_TMUX_SERVER=<unset> AE_TMUX_SERVER_KIND=<unset> argc=3 <select-pane> <-t> <%0>
pid=84951 ppid=84949 AE_TMUX_SERVER=<unset> AE_TMUX_SERVER_KIND=<unset> argc=5 <-S>pid=83358 ppid=82841 AE_TMUX_SERVER=<unset> AE_TMUX_SERVER_KIND=<unset> argc=3 </private/tmp/aelx/T-100/t100-C-waiting-user/t/tmux-501/default> <list-sessions> <attach-session> <-F> <-t> <#{session_id} #{session_name}> <t1>

pid=84959 ppid=84903 AE_TMUX_SERVER=<unset> AE_TMUX_SERVER_KIND=<unset> argc=7 <-S> </private/tmp/aelx/T-100/t100-C-waiting-user/t/tmux-501/default> <set-option> <-t> <$0> <@ae_watchdog_status> <[watch ◌ starting]>
pid=84980 ppid=84978 AE_TMUX_SERVER=<unset> AE_TMUX_SERVER_KIND=<unset> argc=5 <-S> </private/tmp/aelx/T-100/t100-C-waiting-user/t/tmux-501/default> <list-sessions> <-F> <#{session_id} #{session_name}>
pid=84993 ppid=84962 AE_TMUX_SERVER=<unset> AE_TMUX_SERVER_KIND=<unset> argc=7 <-S> </private/tmp/aelx/T-100/t100-C-waiting-user/t/tmux-501/default> <set-option> <-t> <$0> <@ae_branch_name> <main>
pid=85008 ppid=85005 AE_TMUX_SERVER=<unset> AE_TMUX_SERVER_KIND=<unset> argc=5 <-S> </private/tmp/aelx/T-100/t100-C-waiting-user/t/tmux-501/default> <list-sessions> <-F> <#{session_id} #{session_name}>
pid=85011 ppid=84903 AE_TMUX_SERVER=<unset> AE_TMUX_SERVER_KIND=<unset> argc=7 <-S> </private/tmp/aelx/T-100/t100-C-waiting-user/t/tmux-501/default> <set-option> <-t> <$0> <@ae_branch_status> < main>
pid=85016 ppid=84903 AE_TMUX_SERVER=<unset> AE_TMUX_SERVER_KIND=<unset> argc=5 <-S> </private/tmp/aelx/T-100/t100-C-waiting-user/t/tmux-501/default> <has-session> <-t> <t1>
pid=85026 ppid=84903 AE_TMUX_SERVER=<unset> AE_TMUX_SERVER_KIND=<unset> argc=8 <-S> </private/tmp/aelx/T-100/t100-C-waiting-user/t/tmux-501/default> <list-panes> <-s> <-t> <t1> <-F> <#{pane_id}|#{@ae_agent}|#{pane_current_command}|#{pane_pid}>
pid=85030 ppid=85029 AE_TMUX_SERVER=<unset> AE_TMUX_SERVER_KIND=<unset> argc=7 <-S> </private/tmp/aelx/T-100/t100-C-waiting-user/t/tmux-501/default> <display-message> <-p> <-t> <%0> <#{@ae_slot}>
pid=85036 ppid=85035 AE_TMUX_SERVER=<unset> AE_TMUX_SERVER_KIND=<unset> argc=11 <-S> </private/tmp/aelx/T-100/t100-C-waiting-user/t/tmux-501/default> <capture-pane> <-p> <-J> <-S> <-40> <-E> <-> <-t> <%0>
pid=85091 ppid=85089 AE_TMUX_SERVER=<unset> AE_TMUX_SERVER_KIND=<unset> argc=5 <-S> </private/tmp/aelx/T-100/t100-C-waiting-user/t/tmux-501/default> <list-sessions> <-F> <#{session_id} #{session_name}>
pid=85094 ppid=84903 AE_TMUX_SERVER=<unset> AE_TMUX_SERVER_KIND=<unset> argc=7 <-S> </private/tmp/aelx/T-100/t100-C-waiting-user/t/tmux-501/default> <set-option> <-t> <$0> <@ae_watchdog_status> <[watch ● 1/1]>
pid=85114 ppid=85111 AE_TMUX_SERVER=<unset> AE_TMUX_SERVER_KIND=<unset> argc=5 <-S> </private/tmp/aelx/T-100/t100-C-waiting-user/t/tmux-501/default> <list-sessions> <-F> <#{session_id} #{session_name}>
pid=85119 ppid=85099 AE_TMUX_SERVER=<unset> AE_TMUX_SERVER_KIND=<unset> argc=7 <-S> </private/tmp/aelx/T-100/t100-C-waiting-user/t/tmux-501/default> <set-option> <-t> <$0> <@ae_branch_name> <main>
pid=85131 ppid=85129 AE_TMUX_SERVER=<unset> AE_TMUX_SERVER_KIND=<unset> argc=5 <-S> </private/tmp/aelx/T-100/t100-C-waiting-user/t/tmux-501/default> <list-sessions> <-F> <#{session_id} #{session_name}>
pid=85136 ppid=84903 AE_TMUX_SERVER=<unset> AE_TMUX_SERVER_KIND=<unset> argc=7 <-S> </private/tmp/aelx/T-100/t100-C-waiting-user/t/tmux-501/default> <set-option> <-t> <$0> <@ae_branch_status> < main>
pid=85149 ppid=85147 AE_TMUX_SERVER=<unset> AE_TMUX_SERVER_KIND=<unset> argc=5 <-S> </private/tmp/aelx/T-100/t100-C-waiting-user/t/tmux-501/default> <list-sessions> <-F> <#{session_id} #{session_name}>
pid=85155 ppid=84903 AE_TMUX_SERVER=<unset> AE_TMUX_SERVER_KIND=<unset> argc=7 <-S> </private/tmp/aelx/T-100/t100-C-waiting-user/t/tmux-501/default> <set-option> <-t> <$0> <@ae_agents_status> <grok●>
pid=85162 ppid=85161 AE_TMUX_SERVER=<unset> AE_TMUX_SERVER_KIND=<unset> argc=8 <-S> </private/tmp/aelx/T-100/t100-C-waiting-user/t/tmux-501/default> <list-panes> <-s> <-t> <t1> <-F> <#{pane_id}|#{window_id}|#{@ae_agent}>
pid=85168 ppid=84903 AE_TMUX_SERVER=<unset> AE_TMUX_SERVER_KIND=<unset> argc=8 <-S> </private/tmp/aelx/T-100/t100-C-waiting-user/t/tmux-501/default> <set-option> <-w> <-t> <@0> <@ae_window_status> <●>
pid=85171 ppid=84903 AE_TMUX_SERVER=<unset> AE_TMUX_SERVER_KIND=<unset> argc=8 <-S> </private/tmp/aelx/T-100/t100-C-waiting-user/t/tmux-501/default> <set-option> <-w> <-t> <@1> <@ae_window_status> <>
pid=87360 ppid=84903 AE_TMUX_SERVER=<unset> AE_TMUX_SERVER_KIND=<unset> argc=5 <-S> </private/tmp/aelx/T-100/t100-C-waiting-user/t/tmux-501/default> <has-session> <-t> <t1>
pid=87379 ppid=84903 AE_TMUX_SERVER=<unset> AE_TMUX_SERVER_KIND=<unset> argc=8 <-S> </private/tmp/aelx/T-100/t100-C-waiting-user/t/tmux-501/default> <list-panes> <-s> <-t> <t1> <-F> <#{pane_id}|#{@ae_agent}|#{pane_current_command}|#{pane_pid}>
pid=87387 ppid=87386 AE_TMUX_SERVER=<unset> AE_TMUX_SERVER_KIND=<unset> argc=7 <-S> </private/tmp/aelx/T-100/t100-C-waiting-user/t/tmux-501/default> <display-message> <-p> <-t> <%0> <#{@ae_slot}>
pid=87396 ppid=87395 AE_TMUX_SERVER=<unset> AE_TMUX_SERVER_KIND=<unset> argc=11 <-S> </private/tmp/aelx/T-100/t100-C-waiting-user/t/tmux-501/default> <capture-pane> <-p> <-J> <-S> <-40> <-E> <-> <-t> <%0>
pid=87462 ppid=87460 AE_TMUX_SERVER=<unset> AE_TMUX_SERVER_KIND=<unset> argc=5 <-S> </private/tmp/aelx/T-100/t100-C-waiting-user/t/tmux-501/default> <list-sessions> <-F> <#{session_id} #{session_name}>
pid=87466 ppid=84903 AE_TMUX_SERVER=<unset> AE_TMUX_SERVER_KIND=<unset> argc=7 <-S> </private/tmp/aelx/T-100/t100-C-waiting-user/t/tmux-501/default> <set-option> <-t> <$0> <@ae_watchdog_status> <[watch ● 1/1]>
pid=87485 ppid=87483 AE_TMUX_SERVER=<unset> AE_TMUX_SERVER_KIND=<unset> argc=5 <-S> </private/tmp/aelx/T-100/t100-C-waiting-user/t/tmux-501/default> <list-sessions> <-F> <#{session_id} #{session_name}>
pid=87488 ppid=87469 AE_TMUX_SERVER=<unset> AE_TMUX_SERVER_KIND=<unset> argc=7 <-S> </private/tmp/aelx/T-100/t100-C-waiting-user/t/tmux-501/default> <set-option> <-t> <$0> <@ae_branch_name> <main>
pid=87502 ppid=87500 AE_TMUX_SERVER=<unset> AE_TMUX_SERVER_KIND=<unset> argc=5 <-S> </private/tmp/aelx/T-100/t100-C-waiting-user/t/tmux-501/default> <list-sessions> <-F> <#{session_id} #{session_name}>
pid=87505 ppid=84903 AE_TMUX_SERVER=<unset> AE_TMUX_SERVER_KIND=<unset> argc=7 <-S> </private/tmp/aelx/T-100/t100-C-waiting-user/t/tmux-501/default> <set-option> <-t> <$0> <@ae_branch_status> < main>
pid=87520 ppid=87518 AE_TMUX_SERVER=<unset> AE_TMUX_SERVER_KIND=<unset> argc=5 <-S> </private/tmp/aelx/T-100/t100-C-waiting-user/t/tmux-501/default> <list-sessions> <-F> <#{session_id} #{session_name}>
pid=87523 ppid=84903 AE_TMUX_SERVER=<unset> AE_TMUX_SERVER_KIND=<unset> argc=7 <-S> </private/tmp/aelx/T-100/t100-C-waiting-user/t/tmux-501/default> <set-option> <-t> <$0> <@ae_agents_status> <grok●>
pid=87532 ppid=87531 AE_TMUX_SERVER=<unset> AE_TMUX_SERVER_KIND=<unset> argc=8 <-S> </private/tmp/aelx/T-100/t100-C-waiting-user/t/tmux-501/default> <list-panes> <-s> <-t> <t1> <-F> <#{pane_id}|#{window_id}|#{@ae_agent}>
pid=87536 ppid=84903 AE_TMUX_SERVER=<unset> AE_TMUX_SERVER_KIND=<unset> argc=8 <-S> </private/tmp/aelx/T-100/t100-C-waiting-user/t/tmux-501/default> <set-option> <-w> <-t> <@0> <@ae_window_status> <●>
pid=87539 ppid=84903 AE_TMUX_SERVER=<unset> AE_TMUX_SERVER_KIND=<unset> argc=8 <-S> </private/tmp/aelx/T-100/t100-C-waiting-user/t/tmux-501/default> <set-option> <-w> <-t> <@1> <@ae_window_status> <>
pid=89750 ppid=84903 AE_TMUX_SERVER=<unset> AE_TMUX_SERVER_KIND=<unset> argc=5 <-S> </private/tmp/aelx/T-100/t100-C-waiting-user/t/tmux-501/default> <has-session> <-t> <t1>
pid=89761 ppid=84903 AE_TMUX_SERVER=<unset> AE_TMUX_SERVER_KIND=<unset> argc=8 <-S> </private/tmp/aelx/T-100/t100-C-waiting-user/t/tmux-501/default> <list-panes> <-s> <-t> <t1> <-F> <#{pane_id}|#{@ae_agent}|#{pane_current_command}|#{pane_pid}>
pid=89765 ppid=89764 AE_TMUX_SERVER=<unset> AE_TMUX_SERVER_KIND=<unset> argc=7 <-S> </private/tmp/aelx/T-100/t100-C-waiting-user/t/tmux-501/default> <display-message> <-p> <-t> <%0> <#{@ae_slot}>
pid=89773 ppid=89772 AE_TMUX_SERVER=<unset> AE_TMUX_SERVER_KIND=<unset> argc=11 <-S> </private/tmp/aelx/T-100/t100-C-waiting-user/t/tmux-501/default> <capture-pane> <-p> <-J> <-S> <-40> <-E> <-> <-t> <%0>
pid=89791 ppid=89790 AE_TMUX_SERVER=<unset> AE_TMUX_SERVER_KIND=<unset> argc=11 <-S> </private/tmp/aelx/T-100/t100-C-waiting-user/t/tmux-501/default> <capture-pane> <-p> <-J> <-S> <-40> <-E> <-> <-t> <%0>
pid=90237 ppid=90235 AE_TMUX_SERVER=<unset> AE_TMUX_SERVER_KIND=<unset> argc=11 <-S> </private/tmp/aelx/T-100/t100-C-waiting-user/t/tmux-501/default> <capture-pane> <-p> <-J> <-S> <-40> <-E> <-> <-t> <%0>
pid=90319 ppid=90317 AE_TMUX_SERVER=<unset> AE_TMUX_SERVER_KIND=<unset> argc=5 <-S> </private/tmp/aelx/T-100/t100-C-waiting-user/t/tmux-501/default> <list-sessions> <-F> <#{session_id} #{session_name}>
pid=90324 ppid=84903 AE_TMUX_SERVER=<unset> AE_TMUX_SERVER_KIND=<unset> argc=7 <-S> </private/tmp/aelx/T-100/t100-C-waiting-user/t/tmux-501/default> <set-option> <-t> <$0> <@ae_watchdog_status> <[watch ● 1/1]>
pid=90349 ppid=90347 AE_TMUX_SERVER=<unset> AE_TMUX_SERVER_KIND=<unset> argc=5 <-S> </private/tmp/aelx/T-100/t100-C-waiting-user/t/tmux-501/default> <list-sessions> <-F> <#{session_id} #{session_name}>
pid=90352 ppid=90328 AE_TMUX_SERVER=<unset> AE_TMUX_SERVER_KIND=<unset> argc=7 <-S> </private/tmp/aelx/T-100/t100-C-waiting-user/t/tmux-501/default> <set-option> <-t> <$0> <@ae_branch_name> <main>
pid=90366 ppid=90362 AE_TMUX_SERVER=<unset> AE_TMUX_SERVER_KIND=<unset> argc=5 <-S> </private/tmp/aelx/T-100/t100-C-waiting-user/t/tmux-501/default> <list-sessions> <-F> <#{session_id} #{session_name}>
pid=90370 ppid=84903 AE_TMUX_SERVER=<unset> AE_TMUX_SERVER_KIND=<unset> argc=7 <-S> </private/tmp/aelx/T-100/t100-C-waiting-user/t/tmux-501/default> <set-option> <-t> <$0> <@ae_branch_status> < main>
pid=90385 ppid=90383 AE_TMUX_SERVER=<unset> AE_TMUX_SERVER_KIND=<unset> argc=5 <-S> </private/tmp/aelx/T-100/t100-C-waiting-user/t/tmux-501/default> <list-sessions> <-F> <#{session_id} #{session_name}>
pid=90388 ppid=84903 AE_TMUX_SERVER=<unset> AE_TMUX_SERVER_KIND=<unset> argc=7 <-S> </private/tmp/aelx/T-100/t100-C-waiting-user/t/tmux-501/default> <set-option> <-t> <$0> <@ae_agents_status> <grok⏳>
pid=90397 ppid=90394 AE_TMUX_SERVER=<unset> AE_TMUX_SERVER_KIND=<unset> argc=8 <-S> </private/tmp/aelx/T-100/t100-C-waiting-user/t/tmux-501/default> <list-panes> <-s> <-t> <t1> <-F> <#{pane_id}|#{window_id}|#{@ae_agent}>
pid=90401 ppid=84903 AE_TMUX_SERVER=<unset> AE_TMUX_SERVER_KIND=<unset> argc=8 <-S> </private/tmp/aelx/T-100/t100-C-waiting-user/t/tmux-501/default> <set-option> <-w> <-t> <@0> <@ae_window_status> <⏳>
pid=90404 ppid=84903 AE_TMUX_SERVER=<unset> AE_TMUX_SERVER_KIND=<unset> argc=8 <-S> </private/tmp/aelx/T-100/t100-C-waiting-user/t/tmux-501/default> <set-option> <-w> <-t> <@1> <@ae_window_status> <>
pid=92514 ppid=84903 AE_TMUX_SERVER=<unset> AE_TMUX_SERVER_KIND=<unset> argc=5 <-S> </private/tmp/aelx/T-100/t100-C-waiting-user/t/tmux-501/default> <has-session> <-t> <t1>
pid=92524 ppid=84903 AE_TMUX_SERVER=<unset> AE_TMUX_SERVER_KIND=<unset> argc=8 <-S> </private/tmp/aelx/T-100/t100-C-waiting-user/t/tmux-501/default> <list-panes> <-s> <-t> <t1> <-F> <#{pane_id}|#{@ae_agent}|#{pane_current_command}|#{pane_pid}>
pid=92528 ppid=92527 AE_TMUX_SERVER=<unset> AE_TMUX_SERVER_KIND=<unset> argc=7 <-S> </private/tmp/aelx/T-100/t100-C-waiting-user/t/tmux-501/default> <display-message> <-p> <-t> <%0> <#{@ae_slot}>
pid=92533 ppid=92532 AE_TMUX_SERVER=<unset> AE_TMUX_SERVER_KIND=<unset> argc=11 <-S> </private/tmp/aelx/T-100/t100-C-waiting-user/t/tmux-501/default> <capture-pane> <-p> <-J> <-S> <-40> <-E> <-> <-t> <%0>
pid=92575 ppid=92573 AE_TMUX_SERVER=<unset> AE_TMUX_SERVER_KIND=<unset> argc=5 <-S> </private/tmp/aelx/T-100/t100-C-waiting-user/t/tmux-501/default> <list-sessions> <-F> <#{session_id} #{session_name}>
pid=92578 ppid=84903 AE_TMUX_SERVER=<unset> AE_TMUX_SERVER_KIND=<unset> argc=7 <-S> </private/tmp/aelx/T-100/t100-C-waiting-user/t/tmux-501/default> <set-option> <-t> <$0> <@ae_watchdog_status> <[watch ● 1/1]>
pid=92598 ppid=92596 AE_TMUX_SERVER=<unset> AE_TMUX_SERVER_KIND=<unset> argc=5 <-S> </private/tmp/aelx/T-100/t100-C-waiting-user/t/tmux-501/default> <list-sessions> <-F> <#{session_id} #{session_name}>
pid=92603 ppid=92582 AE_TMUX_SERVER=<unset> AE_TMUX_SERVER_KIND=<unset> argc=7 <-S> </private/tmp/aelx/T-100/t100-C-waiting-user/t/tmux-501/default> <set-option> <-t> <$0> <@ae_branch_name> <main>
pid=92615 ppid=92613 AE_TMUX_SERVER=<unset> AE_TMUX_SERVER_KIND=<unset> argc=5 <-S> </private/tmp/aelx/T-100/t100-C-waiting-user/t/tmux-501/default> <list-sessions> <-F> <#{session_id} #{session_name}>
pid=92618 ppid=84903 AE_TMUX_SERVER=<unset> AE_TMUX_SERVER_KIND=<unset> argc=7 <-S> </private/tmp/aelx/T-100/t100-C-waiting-user/t/tmux-501/default> <set-option> <-t> <$0> <@ae_branch_status> < main>
pid=92633 ppid=92631 AE_TMUX_SERVER=<unset> AE_TMUX_SERVER_KIND=<unset> argc=5 <-S> </private/tmp/aelx/T-100/t100-C-waiting-user/t/tmux-501/default> <list-sessions> <-F> <#{session_id} #{session_name}>
pid=92636 ppid=84903 AE_TMUX_SERVER=<unset> AE_TMUX_SERVER_KIND=<unset> argc=7 <-S> </private/tmp/aelx/T-100/t100-C-waiting-user/t/tmux-501/default> <set-option> <-t> <$0> <@ae_agents_status> <grok●>
pid=92643 ppid=92642 AE_TMUX_SERVER=<unset> AE_TMUX_SERVER_KIND=<unset> argc=8 <-S> </private/tmp/aelx/T-100/t100-C-waiting-user/t/tmux-501/default> <list-panes> <-s> <-t> <t1> <-F> <#{pane_id}|#{window_id}|#{@ae_agent}>
pid=92649 ppid=84903 AE_TMUX_SERVER=<unset> AE_TMUX_SERVER_KIND=<unset> argc=8 <-S> </private/tmp/aelx/T-100/t100-C-waiting-user/t/tmux-501/default> <set-option> <-w> <-t> <@0> <@ae_window_status> <●>
pid=92652 ppid=84903 AE_TMUX_SERVER=<unset> AE_TMUX_SERVER_KIND=<unset> argc=8 <-S> </private/tmp/aelx/T-100/t100-C-waiting-user/t/tmux-501/default> <set-option> <-w> <-t> <@1> <@ae_window_status> <>
pid=94729 ppid=84903 AE_TMUX_SERVER=<unset> AE_TMUX_SERVER_KIND=<unset> argc=5 <-S> </private/tmp/aelx/T-100/t100-C-waiting-user/t/tmux-501/default> <has-session> <-t> <t1>
pid=94740 ppid=84903 AE_TMUX_SERVER=<unset> AE_TMUX_SERVER_KIND=<unset> argc=8 <-S> </private/tmp/aelx/T-100/t100-C-waiting-user/t/tmux-501/default> <list-panes> <-s> <-t> <t1> <-F> <#{pane_id}|#{@ae_agent}|#{pane_current_command}|#{pane_pid}>
pid=94746 ppid=94745 AE_TMUX_SERVER=<unset> AE_TMUX_SERVER_KIND=<unset> argc=7 <-S> </private/tmp/aelx/T-100/t100-C-waiting-user/t/tmux-501/default> <display-message> <-p> <-t> <%0> <#{@ae_slot}>
pid=94756 ppid=94752 AE_TMUX_SERVER=<unset> AE_TMUX_SERVER_KIND=<unset> argc=11 <-S> </private/tmp/aelx/T-100/t100-C-waiting-user/t/tmux-501/default> <capture-pane> <-p> <-J> <-S> <-40> <-E> <-> <-t> <%0>
pid=94798 ppid=94796 AE_TMUX_SERVER=<unset> AE_TMUX_SERVER_KIND=<unset> argc=5 <-S> </private/tmp/aelx/T-100/t100-C-waiting-user/t/tmux-501/default> <list-sessions> <-F> <#{session_id} #{session_name}>
pid=94803 ppid=84903 AE_TMUX_SERVER=<unset> AE_TMUX_SERVER_KIND=<unset> argc=7 <-S> </private/tmp/aelx/T-100/t100-C-waiting-user/t/tmux-501/default> <set-option> <-t> <$0> <@ae_watchdog_status> <[watch ● 1/1]>
pid=94824 ppid=94822 AE_TMUX_SERVER=<unset> AE_TMUX_SERVER_KIND=<unset> argc=5 <-S> </private/tmp/aelx/T-100/t100-C-waiting-user/t/tmux-501/default> <list-sessions> <-F> <#{session_id} #{session_name}>
pid=94843 ppid=94808 AE_TMUX_SERVER=<unset> AE_TMUX_SERVER_KIND=<unset> argc=7 <-S> </private/tmp/aelx/T-100/t100-C-waiting-user/t/tmux-501/default> <set-option> <-t> <$0> <@ae_branch_name> <main>
pid=94855 ppid=94853 AE_TMUX_SERVER=<unset> AE_TMUX_SERVER_KIND=<unset> argc=5 <-S> </private/tmp/aelx/T-100/t100-C-waiting-user/t/tmux-501/default> <list-sessions> <-F> <#{session_id} #{session_name}>
pid=94858 ppid=84903 AE_TMUX_SERVER=<unset> AE_TMUX_SERVER_KIND=<unset> argc=7 <-S> </private/tmp/aelx/T-100/t100-C-waiting-user/t/tmux-501/default> <set-option> <-t> <$0> <@ae_branch_status> < main>
pid=94873 ppid=94871 AE_TMUX_SERVER=<unset> AE_TMUX_SERVER_KIND=<unset> argc=5 <-S> </private/tmp/aelx/T-100/t100-C-waiting-user/t/tmux-501/default> <list-sessions> <-F> <#{session_id} #{session_name}>
pid=94878 ppid=84903 AE_TMUX_SERVER=<unset> AE_TMUX_SERVER_KIND=<unset> argc=7 <-S> </private/tmp/aelx/T-100/t100-C-waiting-user/t/tmux-501/default> <set-option> <-t> <$0> <@ae_agents_status> <grok●>
pid=94885 ppid=94884 AE_TMUX_SERVER=<unset> AE_TMUX_SERVER_KIND=<unset> argc=8 <-S> </private/tmp/aelx/T-100/t100-C-waiting-user/t/tmux-501/default> <list-panes> <-s> <-t> <t1> <-F> <#{pane_id}|#{window_id}|#{@ae_agent}>
pid=94891 ppid=84903 AE_TMUX_SERVER=<unset> AE_TMUX_SERVER_KIND=<unset> argc=8 <-S> </private/tmp/aelx/T-100/t100-C-waiting-user/t/tmux-501/default> <set-option> <-w> <-t> <@0> <@ae_window_status> <●>
pid=94894 ppid=84903 AE_TMUX_SERVER=<unset> AE_TMUX_SERVER_KIND=<unset> argc=8 <-S> </private/tmp/aelx/T-100/t100-C-waiting-user/t/tmux-501/default> <set-option> <-w> <-t> <@1> <@ae_window_status> <>
pid=96541 ppid=84903 AE_TMUX_SERVER=<unset> AE_TMUX_SERVER_KIND=<unset> argc=5 <-S> </private/tmp/aelx/T-100/t100-C-waiting-user/t/tmux-501/default> <has-session> <-t> <t1>
pid=96551 ppid=84903 AE_TMUX_SERVER=<unset> AE_TMUX_SERVER_KIND=<unset> argc=8 <-S> </private/tmp/aelx/T-100/t100-C-waiting-user/t/tmux-501/default> <list-panes> <-s> <-t> <t1> <-F> <#{pane_id}|#{@ae_agent}|#{pane_current_command}|#{pane_pid}>
pid=96557 ppid=96556 AE_TMUX_SERVER=<unset> AE_TMUX_SERVER_KIND=<unset> argc=7 <-S> </private/tmp/aelx/T-100/t100-C-waiting-user/t/tmux-501/default> <display-message> <-p> <-t> <%0> <#{@ae_slot}>
pid=96562 ppid=96561 AE_TMUX_SERVER=<unset> AE_TMUX_SERVER_KIND=<unset> argc=11 <-S> </private/tmp/aelx/T-100/t100-C-waiting-user/t/tmux-501/default> <capture-pane> <-p> <-J> <-S> <-40> <-E> <-> <-t> <%0>
pid=96604 ppid=96602 AE_TMUX_SERVER=<unset> AE_TMUX_SERVER_KIND=<unset> argc=5 <-S> </private/tmp/aelx/T-100/t100-C-waiting-user/t/tmux-501/default> <list-sessions> <-F> <#{session_id} #{session_name}>
pid=96607 ppid=84903 AE_TMUX_SERVER=<unset> AE_TMUX_SERVER_KIND=<unset> argc=7 <-S> </private/tmp/aelx/T-100/t100-C-waiting-user/t/tmux-501/default> <set-option> <-t> <$0> <@ae_watchdog_status> <[watch ● 1/1]>
pid=96626 ppid=96624 AE_TMUX_SERVER=<unset> AE_TMUX_SERVER_KIND=<unset> argc=5 <-S> </private/tmp/aelx/T-100/t100-C-waiting-user/t/tmux-501/default> <list-sessions> <-F> <#{session_id} #{session_name}>
pid=96631 ppid=96610 AE_TMUX_SERVER=<unset> AE_TMUX_SERVER_KIND=<unset> argc=7 <-S> </private/tmp/aelx/T-100/t100-C-waiting-user/t/tmux-501/default> <set-option> <-t> <$0> <@ae_branch_name> <main>
pid=96643 ppid=96641 AE_TMUX_SERVER=<unset> AE_TMUX_SERVER_KIND=<unset> argc=5 <-S> </private/tmp/aelx/T-100/t100-C-waiting-user/t/tmux-501/default> <list-sessions> <-F> <#{session_id} #{session_name}>
pid=96646 ppid=84903 AE_TMUX_SERVER=<unset> AE_TMUX_SERVER_KIND=<unset> argc=7 <-S> </private/tmp/aelx/T-100/t100-C-waiting-user/t/tmux-501/default> <set-option> <-t> <$0> <@ae_branch_status> < main>
pid=96664 ppid=96662 AE_TMUX_SERVER=<unset> AE_TMUX_SERVER_KIND=<unset> argc=5 <-S> </private/tmp/aelx/T-100/t100-C-waiting-user/t/tmux-501/default> <list-sessions> <-F> <#{session_id} #{session_name}>
pid=96676 ppid=84903 AE_TMUX_SERVER=<unset> AE_TMUX_SERVER_KIND=<unset> argc=7 <-S> </private/tmp/aelx/T-100/t100-C-waiting-user/t/tmux-501/default> <set-option> <-t> <$0> <@ae_agents_status> <grok●>
pid=96692 ppid=96691 AE_TMUX_SERVER=<unset> AE_TMUX_SERVER_KIND=<unset> argc=8 <-S> </private/tmp/aelx/T-100/t100-C-waiting-user/t/tmux-501/default> <list-panes> <-s> <-t> <t1> <-F> <#{pane_id}|#{window_id}|#{@ae_agent}>
pid=96703 ppid=84903 AE_TMUX_SERVER=<unset> AE_TMUX_SERVER_KIND=<unset> argc=8 <-S> </private/tmp/aelx/T-100/t100-C-waiting-user/t/tmux-501/default> <set-option> <-w> <-t> <@0> <@ae_window_status> <●>
pid=96714 ppid=84903 AE_TMUX_SERVER=<unset> AE_TMUX_SERVER_KIND=<unset> argc=8 <-S> </private/tmp/aelx/T-100/t100-C-waiting-user/t/tmux-501/default> <set-option> <-w> <-t> <@1> <@ae_window_status> <>
pid=98514 ppid=84903 AE_TMUX_SERVER=<unset> AE_TMUX_SERVER_KIND=<unset> argc=5 <-S> </private/tmp/aelx/T-100/t100-C-waiting-user/t/tmux-501/default> <has-session> <-t> <t1>
pid=98524 ppid=84903 AE_TMUX_SERVER=<unset> AE_TMUX_SERVER_KIND=<unset> argc=8 <-S> </private/tmp/aelx/T-100/t100-C-waiting-user/t/tmux-501/default> <list-panes> <-s> <-t> <t1> <-F> <#{pane_id}|#{@ae_agent}|#{pane_current_command}|#{pane_pid}>
pid=98530 ppid=98529 AE_TMUX_SERVER=<unset> AE_TMUX_SERVER_KIND=<unset> argc=7 <-S> </private/tmp/aelx/T-100/t100-C-waiting-user/t/tmux-501/default> <display-message> <-p> <-t> <%0> <#{@ae_slot}>
pid=98537 ppid=98536 AE_TMUX_SERVER=<unset> AE_TMUX_SERVER_KIND=<unset> argc=11 <-S> </private/tmp/aelx/T-100/t100-C-waiting-user/t/tmux-501/default> <capture-pane> <-p> <-J> <-S> <-40> <-E> <-> <-t> <%0>
pid=98579 ppid=98577 AE_TMUX_SERVER=<unset> AE_TMUX_SERVER_KIND=<unset> argc=5 <-S> </private/tmp/aelx/T-100/t100-C-waiting-user/t/tmux-501/default> <list-sessions> <-F> <#{session_id} #{session_name}>
pid=98584 ppid=84903 AE_TMUX_SERVER=<unset> AE_TMUX_SERVER_KIND=<unset> argc=7 <-S> </private/tmp/aelx/T-100/t100-C-waiting-user/t/tmux-501/default> <set-option> <-t> <$0> <@ae_watchdog_status> <[watch ● 1/1]>
pid=98606 ppid=98604 AE_TMUX_SERVER=<unset> AE_TMUX_SERVER_KIND=<unset> argc=5 <-S> </private/tmp/aelx/T-100/t100-C-waiting-user/t/tmux-501/default> <list-sessions> <-F> <#{session_id} #{session_name}>
pid=98611 ppid=98589 AE_TMUX_SERVER=<unset> AE_TMUX_SERVER_KIND=<unset> argc=7 <-S> </private/tmp/aelx/T-100/t100-C-waiting-user/t/tmux-501/default> <set-option> <-t> <$0> <@ae_branch_name> <main>
pid=98625 ppid=98623 AE_TMUX_SERVER=<unset> AE_TMUX_SERVER_KIND=<unset> argc=5 <-S> </private/tmp/aelx/T-100/t100-C-waiting-user/t/tmux-501/default> <list-sessions> <-F> <#{session_id} #{session_name}>
pid=98630 ppid=84903 AE_TMUX_SERVER=<unset> AE_TMUX_SERVER_KIND=<unset> argc=7 <-S> </private/tmp/aelx/T-100/t100-C-waiting-user/t/tmux-501/default> <set-option> <-t> <$0> <@ae_branch_status> < main>
pid=98645 ppid=98643 AE_TMUX_SERVER=<unset> AE_TMUX_SERVER_KIND=<unset> argc=5 <-S> </private/tmp/aelx/T-100/t100-C-waiting-user/t/tmux-501/default> <list-sessions> <-F> <#{session_id} #{session_name}>
pid=98650 ppid=84903 AE_TMUX_SERVER=<unset> AE_TMUX_SERVER_KIND=<unset> argc=7 <-S> </private/tmp/aelx/T-100/t100-C-waiting-user/t/tmux-501/default> <set-option> <-t> <$0> <@ae_agents_status> <grok●>
pid=98659 ppid=98658 AE_TMUX_SERVER=<unset> AE_TMUX_SERVER_KIND=<unset> argc=8 <-S> </private/tmp/aelx/T-100/t100-C-waiting-user/t/tmux-501/default> <list-panes> <-s> <-t> <t1> <-F> <#{pane_id}|#{window_id}|#{@ae_agent}>
pid=98663 ppid=84903 AE_TMUX_SERVER=<unset> AE_TMUX_SERVER_KIND=<unset> argc=8 <-S> </private/tmp/aelx/T-100/t100-C-waiting-user/t/tmux-501/default> <set-option> <-w> <-t> <@0> <@ae_window_status> <●>
pid=98668 ppid=84903 AE_TMUX_SERVER=<unset> AE_TMUX_SERVER_KIND=<unset> argc=8 <-S> </private/tmp/aelx/T-100/t100-C-waiting-user/t/tmux-501/default> <set-option> <-w> <-t> <@1> <@ae_window_status> <>
pid=301 ppid=84903 AE_TMUX_SERVER=<unset> AE_TMUX_SERVER_KIND=<unset> argc=5 <-S> </private/tmp/aelx/T-100/t100-C-waiting-user/t/tmux-501/default> <has-session> <-t> <t1>
pid=319 ppid=84903 AE_TMUX_SERVER=<unset> AE_TMUX_SERVER_KIND=<unset> argc=8 <-S> </private/tmp/aelx/T-100/t100-C-waiting-user/t/tmux-501/default> <list-panes> <-s> <-t> <t1> <-F> <#{pane_id}|#{@ae_agent}|#{pane_current_command}|#{pane_pid}>
pid=339 ppid=337 AE_TMUX_SERVER=<unset> AE_TMUX_SERVER_KIND=<unset> argc=7 <-S> </private/tmp/aelx/T-100/t100-C-waiting-user/t/tmux-501/default> <display-message> <-p> <-t> <%0> <#{@ae_slot}>
pid=404 ppid=403 AE_TMUX_SERVER=<unset> AE_TMUX_SERVER_KIND=<unset> argc=11 <-S> </private/tmp/aelx/T-100/t100-C-waiting-user/t/tmux-501/default> <capture-pane> <-p> <-J> <-S> <-40> <-E> <-> <-t> <%0>
pid=517 ppid=515 AE_TMUX_SERVER=<unset> AE_TMUX_SERVER_KIND=<unset> argc=5 <-S> </private/tmp/aelx/T-100/t100-C-waiting-user/t/tmux-501/default> <list-sessions> <-F> <#{session_id} #{session_name}>
pid=539 ppid=84903 AE_TMUX_SERVER=<unset> AE_TMUX_SERVER_KIND=<unset> argc=7 <-S> </private/tmp/aelx/T-100/t100-C-waiting-user/t/tmux-501/default> <set-option> <-t> <$0> <@ae_watchdog_status> <[watch ● 1/1]>
pid=631 ppid=628 AE_TMUX_SERVER=<unset> AE_TMUX_SERVER_KIND=<unset> argc=5 <-S> </private/tmp/aelx/T-100/t100-C-waiting-user/t/tmux-501/default> <list-sessions> <-F> <#{session_id} #{session_name}>
pid=656 ppid=564 AE_TMUX_SERVER=<unset> AE_TMUX_SERVER_KIND=<unset> argc=7 <-S> </private/tmp/aelx/T-100/t100-C-waiting-user/t/tmux-501/default> <set-option> <-t> <$0> <@ae_branch_name> <main>
pid=701 ppid=696 AE_TMUX_SERVER=<unset> AE_TMUX_SERVER_KIND=<unset> argc=5 <-S> </private/tmp/aelx/T-100/t100-C-waiting-user/t/tmux-501/default> <list-sessions> <-F> <#{session_id} #{session_name}>
pid=723 ppid=84903 AE_TMUX_SERVER=<unset> AE_TMUX_SERVER_KIND=<unset> argc=7 <-S> </private/tmp/aelx/T-100/t100-C-waiting-user/t/tmux-501/default> <set-option> <-t> <$0> <@ae_branch_status> < main>
pid=764 ppid=762 AE_TMUX_SERVER=<unset> AE_TMUX_SERVER_KIND=<unset> argc=5 <-S> </private/tmp/aelx/T-100/t100-C-waiting-user/t/tmux-501/default> <list-sessions> <-F> <#{session_id} #{session_name}>
pid=782 ppid=84903 AE_TMUX_SERVER=<unset> AE_TMUX_SERVER_KIND=<unset> argc=7 <-S> </private/tmp/aelx/T-100/t100-C-waiting-user/t/tmux-501/default> <set-option> <-t> <$0> <@ae_agents_status> <grok●>
pid=804 ppid=803 AE_TMUX_SERVER=<unset> AE_TMUX_SERVER_KIND=<unset> argc=8 <-S> </private/tmp/aelx/T-100/t100-C-waiting-user/t/tmux-501/default> <list-panes> <-s> <-t> <t1> <-F> <#{pane_id}|#{window_id}|#{@ae_agent}>
pid=821 ppid=84903 AE_TMUX_SERVER=<unset> AE_TMUX_SERVER_KIND=<unset> argc=8 <-S> </private/tmp/aelx/T-100/t100-C-waiting-user/t/tmux-501/default> <set-option> <-w> <-t> <@0> <@ae_window_status> <●>
pid=841 ppid=84903 AE_TMUX_SERVER=<unset> AE_TMUX_SERVER_KIND=<unset> argc=8 <-S> </private/tmp/aelx/T-100/t100-C-waiting-user/t/tmux-501/default> <set-option> <-w> <-t> <@1> <@ae_window_status> <>
pid=2865 ppid=84903 AE_TMUX_SERVER=<unset> AE_TMUX_SERVER_KIND=<unset> argc=5 <-S> </private/tmp/aelx/T-100/t100-C-waiting-user/t/tmux-501/default> <has-session> <-t> <t1>
pid=2876 ppid=84903 AE_TMUX_SERVER=<unset> AE_TMUX_SERVER_KIND=<unset> argc=8 <-S> </private/tmp/aelx/T-100/t100-C-waiting-user/t/tmux-501/default> <list-panes> <-s> <-t> <t1> <-F> <#{pane_id}|#{@ae_agent}|#{pane_current_command}|#{pane_pid}>
pid=2880 ppid=2879 AE_TMUX_SERVER=<unset> AE_TMUX_SERVER_KIND=<unset> argc=7 <-S> </private/tmp/aelx/T-100/t100-C-waiting-user/t/tmux-501/default> <display-message> <-p> <-t> <%0> <#{@ae_slot}>
pid=2887 ppid=2885 AE_TMUX_SERVER=<unset> AE_TMUX_SERVER_KIND=<unset> argc=11 <-S> </private/tmp/aelx/T-100/t100-C-waiting-user/t/tmux-501/default> <capture-pane> <-p> <-J> <-S> <-40> <-E> <-> <-t> <%0>
pid=2930 ppid=2928 AE_TMUX_SERVER=<unset> AE_TMUX_SERVER_KIND=<unset> argc=5 <-S> </private/tmp/aelx/T-100/t100-C-waiting-user/t/tmux-501/default> <list-sessions> <-F> <#{session_id} #{session_name}>
pid=2933 ppid=84903 AE_TMUX_SERVER=<unset> AE_TMUX_SERVER_KIND=<unset> argc=7 <-S> </private/tmp/aelx/T-100/t100-C-waiting-user/t/tmux-501/default> <set-option> <-t> <$0> <@ae_watchdog_status> <[watch ● 1/1]>
pid=2952 ppid=2950 AE_TMUX_SERVER=<unset> AE_TMUX_SERVER_KIND=<unset> argc=5 <-S> </private/tmp/aelx/T-100/t100-C-waiting-user/t/tmux-501/default> <list-sessions> <-F> <#{session_id} #{session_name}>
pid=2957 ppid=2938 AE_TMUX_SERVER=<unset> AE_TMUX_SERVER_KIND=<unset> argc=7 <-S> </private/tmp/aelx/T-100/t100-C-waiting-user/t/tmux-501/default> <set-option> <-t> <$0> <@ae_branch_name> <main>
pid=2969 ppid=2967 AE_TMUX_SERVER=<unset> AE_TMUX_SERVER_KIND=<unset> argc=5 <-S> </private/tmp/aelx/T-100/t100-C-waiting-user/t/tmux-501/default> <list-sessions> <-F> <#{session_id} #{session_name}>
pid=2972 ppid=84903 AE_TMUX_SERVER=<unset> AE_TMUX_SERVER_KIND=<unset> argc=7 <-S> </private/tmp/aelx/T-100/t100-C-waiting-user/t/tmux-501/default> <set-option> <-t> <$0> <@ae_branch_status> < main>
pid=2990 ppid=2988 AE_TMUX_SERVER=<unset> AE_TMUX_SERVER_KIND=<unset> argc=5 <-S> </private/tmp/aelx/T-100/t100-C-waiting-user/t/tmux-501/default> <list-sessions> <-F> <#{session_id} #{session_name}>
pid=2995 ppid=84903 AE_TMUX_SERVER=<unset> AE_TMUX_SERVER_KIND=<unset> argc=7 <-S> </private/tmp/aelx/T-100/t100-C-waiting-user/t/tmux-501/default> <set-option> <-t> <$0> <@ae_agents_status> <grok●>
pid=3003 ppid=3002 AE_TMUX_SERVER=<unset> AE_TMUX_SERVER_KIND=<unset> argc=8 <-S> </private/tmp/aelx/T-100/t100-C-waiting-user/t/tmux-501/default> <list-panes> <-s> <-t> <t1> <-F> <#{pane_id}|#{window_id}|#{@ae_agent}>
pid=3009 ppid=84903 AE_TMUX_SERVER=<unset> AE_TMUX_SERVER_KIND=<unset> argc=8 <-S> </private/tmp/aelx/T-100/t100-C-waiting-user/t/tmux-501/default> <set-option> <-w> <-t> <@0> <@ae_window_status> <●>
pid=3012 ppid=84903 AE_TMUX_SERVER=<unset> AE_TMUX_SERVER_KIND=<unset> argc=8 <-S> </private/tmp/aelx/T-100/t100-C-waiting-user/t/tmux-501/default> <set-option> <-w> <-t> <@1> <@ae_window_status> <>
pid=5037 ppid=84903 AE_TMUX_SERVER=<unset> AE_TMUX_SERVER_KIND=<unset> argc=5 <-S> </private/tmp/aelx/T-100/t100-C-waiting-user/t/tmux-501/default> <has-session> <-t> <t1>
pid=5047 ppid=84903 AE_TMUX_SERVER=<unset> AE_TMUX_SERVER_KIND=<unset> argc=8 <-S> </private/tmp/aelx/T-100/t100-C-waiting-user/t/tmux-501/default> <list-panes> <-s> <-t> <t1> <-F> <#{pane_id}|#{@ae_agent}|#{pane_current_command}|#{pane_pid}>
pid=5051 ppid=5050 AE_TMUX_SERVER=<unset> AE_TMUX_SERVER_KIND=<unset> argc=7 <-S> </private/tmp/aelx/T-100/t100-C-waiting-user/t/tmux-501/default> <display-message> <-p> <-t> <%0> <#{@ae_slot}>
pid=5058 ppid=5057 AE_TMUX_SERVER=<unset> AE_TMUX_SERVER_KIND=<unset> argc=11 <-S> </private/tmp/aelx/T-100/t100-C-waiting-user/t/tmux-501/default> <capture-pane> <-p> <-J> <-S> <-40> <-E> <-> <-t> <%0>
pid=5098 ppid=5096 AE_TMUX_SERVER=<unset> AE_TMUX_SERVER_KIND=<unset> argc=5 <-S> </private/tmp/aelx/T-100/t100-C-waiting-user/t/tmux-501/default> <list-sessions> <-F> <#{session_id} #{session_name}>
pid=5101 ppid=84903 AE_TMUX_SERVER=<unset> AE_TMUX_SERVER_KIND=<unset> argc=7 <-S> </private/tmp/aelx/T-100/t100-C-waiting-user/t/tmux-501/default> <set-option> <-t> <$0> <@ae_watchdog_status> <[watch ● 1/1]>
pid=5120 ppid=5118 AE_TMUX_SERVER=<unset> AE_TMUX_SERVER_KIND=<unset> argc=5 <-S> </private/tmp/aelx/T-100/t100-C-waiting-user/t/tmux-501/default> <list-sessions> <-F> <#{session_id} #{session_name}>
pid=5125 ppid=5106 AE_TMUX_SERVER=<unset> AE_TMUX_SERVER_KIND=<unset> argc=7 <-S> </private/tmp/aelx/T-100/t100-C-waiting-user/t/tmux-501/default> <set-option> <-t> <$0> <@ae_branch_name> <main>
pid=5137 ppid=5135 AE_TMUX_SERVER=<unset> AE_TMUX_SERVER_KIND=<unset> argc=5 <-S> </private/tmp/aelx/T-100/t100-C-waiting-user/t/tmux-501/default> <list-sessions> <-F> <#{session_id} #{session_name}>
pid=5142 ppid=84903 AE_TMUX_SERVER=<unset> AE_TMUX_SERVER_KIND=<unset> argc=7 <-S> </private/tmp/aelx/T-100/t100-C-waiting-user/t/tmux-501/default> <set-option> <-t> <$0> <@ae_branch_status> < main>
pid=5157 ppid=5155 AE_TMUX_SERVER=<unset> AE_TMUX_SERVER_KIND=<unset> argc=5 <-S> </private/tmp/aelx/T-100/t100-C-waiting-user/t/tmux-501/default> <list-sessions> <-F> <#{session_id} #{session_name}>
pid=5160 ppid=84903 AE_TMUX_SERVER=<unset> AE_TMUX_SERVER_KIND=<unset> argc=7 <-S> </private/tmp/aelx/T-100/t100-C-waiting-user/t/tmux-501/default> <set-option> <-t> <$0> <@ae_agents_status> <grok●>
pid=5170 ppid=5169 AE_TMUX_SERVER=<unset> AE_TMUX_SERVER_KIND=<unset> argc=8 <-S> </private/tmp/aelx/T-100/t100-C-waiting-user/t/tmux-501/default> <list-panes> <-s> <-t> <t1> <-F> <#{pane_id}|#{window_id}|#{@ae_agent}>
pid=5176 ppid=84903 AE_TMUX_SERVER=<unset> AE_TMUX_SERVER_KIND=<unset> argc=8 <-S> </private/tmp/aelx/T-100/t100-C-waiting-user/t/tmux-501/default> <set-option> <-w> <-t> <@0> <@ae_window_status> <●>
pid=5179 ppid=84903 AE_TMUX_SERVER=<unset> AE_TMUX_SERVER_KIND=<unset> argc=8 <-S> </private/tmp/aelx/T-100/t100-C-waiting-user/t/tmux-501/default> <set-option> <-w> <-t> <@1> <@ae_window_status> <>
pid=7060 ppid=84903 AE_TMUX_SERVER=<unset> AE_TMUX_SERVER_KIND=<unset> argc=5 <-S> </private/tmp/aelx/T-100/t100-C-waiting-user/t/tmux-501/default> <has-session> <-t> <t1>
pid=7070 ppid=84903 AE_TMUX_SERVER=<unset> AE_TMUX_SERVER_KIND=<unset> argc=8 <-S> </private/tmp/aelx/T-100/t100-C-waiting-user/t/tmux-501/default> <list-panes> <-s> <-t> <t1> <-F> <#{pane_id}|#{@ae_agent}|#{pane_current_command}|#{pane_pid}>
pid=7074 ppid=7073 AE_TMUX_SERVER=<unset> AE_TMUX_SERVER_KIND=<unset> argc=7 <-S> </private/tmp/aelx/T-100/t100-C-waiting-user/t/tmux-501/default> <display-message> <-p> <-t> <%0> <#{@ae_slot}>
pid=7081 ppid=7080 AE_TMUX_SERVER=<unset> AE_TMUX_SERVER_KIND=<unset> argc=11 <-S> </private/tmp/aelx/T-100/t100-C-waiting-user/t/tmux-501/default> <capture-pane> <-p> <-J> <-S> <-40> <-E> <-> <-t> <%0>
pid=7122 ppid=7120 AE_TMUX_SERVER=<unset> AE_TMUX_SERVER_KIND=<unset> argc=5 <-S> </private/tmp/aelx/T-100/t100-C-waiting-user/t/tmux-501/default> <list-sessions> <-F> <#{session_id} #{session_name}>
pid=7128 ppid=84903 AE_TMUX_SERVER=<unset> AE_TMUX_SERVER_KIND=<unset> argc=7 <-S> </private/tmp/aelx/T-100/t100-C-waiting-user/t/tmux-501/default> <set-option> <-t> <$0> <@ae_watchdog_status> <[watch ● 1/1]>
pid=7147 ppid=7145 AE_TMUX_SERVER=<unset> AE_TMUX_SERVER_KIND=<unset> argc=5 <-S> </private/tmp/aelx/T-100/t100-C-waiting-user/t/tmux-501/default> <list-sessions> <-F> <#{session_id} #{session_name}>
pid=7150 ppid=7131 AE_TMUX_SERVER=<unset> AE_TMUX_SERVER_KIND=<unset> argc=7 <-S> </private/tmp/aelx/T-100/t100-C-waiting-user/t/tmux-501/default> <set-option> <-t> <$0> <@ae_branch_name> <main>
pid=7164 ppid=7162 AE_TMUX_SERVER=<unset> AE_TMUX_SERVER_KIND=<unset> argc=5 <-S> </private/tmp/aelx/T-100/t100-C-waiting-user/t/tmux-501/default> <list-sessions> <-F> <#{session_id} #{session_name}>
pid=7167 ppid=84903 AE_TMUX_SERVER=<unset> AE_TMUX_SERVER_KIND=<unset> argc=7 <-S> </private/tmp/aelx/T-100/t100-C-waiting-user/t/tmux-501/default> <set-option> <-t> <$0> <@ae_branch_status> < main>
pid=7182 ppid=7180 AE_TMUX_SERVER=<unset> AE_TMUX_SERVER_KIND=<unset> argc=5 <-S> </private/tmp/aelx/T-100/t100-C-waiting-user/t/tmux-501/default> <list-sessions> <-F> <#{session_id} #{session_name}>
pid=7185 ppid=84903 AE_TMUX_SERVER=<unset> AE_TMUX_SERVER_KIND=<unset> argc=7 <-S> </private/tmp/aelx/T-100/t100-C-waiting-user/t/tmux-501/default> <set-option> <-t> <$0> <@ae_agents_status> <grok●>
pid=7195 ppid=7194 AE_TMUX_SERVER=<unset> AE_TMUX_SERVER_KIND=<unset> argc=8 <-S> </private/tmp/aelx/T-100/t100-C-waiting-user/t/tmux-501/default> <list-panes> <-s> <-t> <t1> <-F> <#{pane_id}|#{window_id}|#{@ae_agent}>
pid=7199 ppid=84903 AE_TMUX_SERVER=<unset> AE_TMUX_SERVER_KIND=<unset> argc=8 <-S> </private/tmp/aelx/T-100/t100-C-waiting-user/t/tmux-501/default> <set-option> <-w> <-t> <@0> <@ae_window_status> <●>
pid=7202 ppid=84903 AE_TMUX_SERVER=<unset> AE_TMUX_SERVER_KIND=<unset> argc=8 <-S> </private/tmp/aelx/T-100/t100-C-waiting-user/t/tmux-501/default> <set-option> <-w> <-t> <@1> <@ae_window_status> <>
pid=9506 ppid=84903 AE_TMUX_SERVER=<unset> AE_TMUX_SERVER_KIND=<unset> argc=5 <-S> </private/tmp/aelx/T-100/t100-C-waiting-user/t/tmux-501/default> <has-session> <-t> <t1>
pid=9516 ppid=84903 AE_TMUX_SERVER=<unset> AE_TMUX_SERVER_KIND=<unset> argc=8 <-S> </private/tmp/aelx/T-100/t100-C-waiting-user/t/tmux-501/default> <list-panes> <-s> <-t> <t1> <-F> <#{pane_id}|#{@ae_agent}|#{pane_current_command}|#{pane_pid}>
pid=9520 ppid=9519 AE_TMUX_SERVER=<unset> AE_TMUX_SERVER_KIND=<unset> argc=7 <-S> </private/tmp/aelx/T-100/t100-C-waiting-user/t/tmux-501/default> <display-message> <-p> <-t> <%0> <#{@ae_slot}>
pid=9527 ppid=9526 AE_TMUX_SERVER=<unset> AE_TMUX_SERVER_KIND=<unset> argc=11 <-S> </private/tmp/aelx/T-100/t100-C-waiting-user/t/tmux-501/default> <capture-pane> <-p> <-J> <-S> <-40> <-E> <-> <-t> <%0>
pid=9570 ppid=9568 AE_TMUX_SERVER=<unset> AE_TMUX_SERVER_KIND=<unset> argc=5 <-S> </private/tmp/aelx/T-100/t100-C-waiting-user/t/tmux-501/default> <list-sessions> <-F> <#{session_id} #{session_name}>
pid=9573 ppid=84903 AE_TMUX_SERVER=<unset> AE_TMUX_SERVER_KIND=<unset> argc=7 <-S> </private/tmp/aelx/T-100/t100-C-waiting-user/t/tmux-501/default> <set-option> <-t> <$0> <@ae_watchdog_status> <[watch ● 1/1]>
pid=9594 ppid=9592 AE_TMUX_SERVER=<unset> AE_TMUX_SERVER_KIND=<unset> argc=5 <-S> </private/tmp/aelx/T-100/t100-C-waiting-user/t/tmux-501/default> <list-sessions> <-F> <#{session_id} #{session_name}>
pid=9605 ppid=9576 AE_TMUX_SERVER=<unset> AE_TMUX_SERVER_KIND=<unset> argc=7 <-S> </private/tmp/aelx/T-100/t100-C-waiting-user/t/tmux-501/default> <set-option> <-t> <$0> <@ae_branch_name> <main>
pid=9626 ppid=9624 AE_TMUX_SERVER=<unset> AE_TMUX_SERVER_KIND=<unset> argc=5 <-S> </private/tmp/aelx/T-100/t100-C-waiting-user/t/tmux-501/default> <list-sessions> <-F> <#{session_id} #{session_name}>
pid=9640 ppid=84903 AE_TMUX_SERVER=<unset> AE_TMUX_SERVER_KIND=<unset> argc=7 <-S> </private/tmp/aelx/T-100/t100-C-waiting-user/t/tmux-501/default> <set-option> <-t> <$0> <@ae_branch_status> < main>
pid=9666 ppid=9663 AE_TMUX_SERVER=<unset> AE_TMUX_SERVER_KIND=<unset> argc=5 <-S> </private/tmp/aelx/T-100/t100-C-waiting-user/t/tmux-501/default> <list-sessions> <-F> <#{session_id} #{session_name}>
pid=9678 ppid=84903 AE_TMUX_SERVER=<unset> AE_TMUX_SERVER_KIND=<unset> argc=7 <-S> </private/tmp/aelx/T-100/t100-C-waiting-user/t/tmux-501/default> <set-option> <-t> <$0> <@ae_agents_status> <grok●>
pid=9696 ppid=9695 AE_TMUX_SERVER=<unset> AE_TMUX_SERVER_KIND=<unset> argc=8 <-S> </private/tmp/aelx/T-100/t100-C-waiting-user/t/tmux-501/default> <list-panes> <-s> <-t> <t1> <-F> <#{pane_id}|#{window_id}|#{@ae_agent}>
pid=9700 ppid=84903 AE_TMUX_SERVER=<unset> AE_TMUX_SERVER_KIND=<unset> argc=8 <-S> </private/tmp/aelx/T-100/t100-C-waiting-user/t/tmux-501/default> <set-option> <-w> <-t> <@0> <@ae_window_status> <●>
pid=9706 ppid=84903 AE_TMUX_SERVER=<unset> AE_TMUX_SERVER_KIND=<unset> argc=8 <-S> </private/tmp/aelx/T-100/t100-C-waiting-user/t/tmux-501/default> <set-option> <-w> <-t> <@1> <@ae_window_status> <>
pid=11582 ppid=84903 AE_TMUX_SERVER=<unset> AE_TMUX_SERVER_KIND=<unset> argc=5 <-S> </private/tmp/aelx/T-100/t100-C-waiting-user/t/tmux-501/default> <has-session> <-t> <t1>
pid=11592 ppid=84903 AE_TMUX_SERVER=<unset> AE_TMUX_SERVER_KIND=<unset> argc=8 <-S> </private/tmp/aelx/T-100/t100-C-waiting-user/t/tmux-501/default> <list-panes> <-s> <-t> <t1> <-F> <#{pane_id}|#{@ae_agent}|#{pane_current_command}|#{pane_pid}>
pid=11596 ppid=11595 AE_TMUX_SERVER=<unset> AE_TMUX_SERVER_KIND=<unset> argc=7 <-S> </private/tmp/aelx/T-100/t100-C-waiting-user/t/tmux-501/default> <display-message> <-p> <-t> <%0> <#{@ae_slot}>
pid=11601 ppid=11600 AE_TMUX_SERVER=<unset> AE_TMUX_SERVER_KIND=<unset> argc=11 <-S> </private/tmp/aelx/T-100/t100-C-waiting-user/t/tmux-501/default> <capture-pane> <-p> <-J> <-S> <-40> <-E> <-> <-t> <%0>
pid=11647 ppid=11645 AE_TMUX_SERVER=<unset> AE_TMUX_SERVER_KIND=<unset> argc=5 <-S> </private/tmp/aelx/T-100/t100-C-waiting-user/t/tmux-501/default> <list-sessions> <-F> <#{session_id} #{session_name}>
pid=11652 ppid=84903 AE_TMUX_SERVER=<unset> AE_TMUX_SERVER_KIND=<unset> argc=7 <-S> </private/tmp/aelx/T-100/t100-C-waiting-user/t/tmux-501/default> <set-option> <-t> <$0> <@ae_watchdog_status> <[watch ● 1/1]>
pid=11673 ppid=11671 AE_TMUX_SERVER=<unset> AE_TMUX_SERVER_KIND=<unset> argc=5 <-S> </private/tmp/aelx/T-100/t100-C-waiting-user/t/tmux-501/default> <list-sessions> <-F> <#{session_id} #{session_name}>
pid=11676 ppid=11657 AE_TMUX_SERVER=<unset> AE_TMUX_SERVER_KIND=<unset> argc=7 <-S> </private/tmp/aelx/T-100/t100-C-waiting-user/t/tmux-501/default> <set-option> <-t> <$0> <@ae_branch_name> <main>
pid=11690 ppid=11688 AE_TMUX_SERVER=<unset> AE_TMUX_SERVER_KIND=<unset> argc=5 <-S> </private/tmp/aelx/T-100/t100-C-waiting-user/t/tmux-501/default> <list-sessions> <-F> <#{session_id} #{session_name}>
pid=11695 ppid=84903 AE_TMUX_SERVER=<unset> AE_TMUX_SERVER_KIND=<unset> argc=7 <-S> </private/tmp/aelx/T-100/t100-C-waiting-user/t/tmux-501/default> <set-option> <-t> <$0> <@ae_branch_status> < main>
pid=11711 ppid=11709 AE_TMUX_SERVER=<unset> AE_TMUX_SERVER_KIND=<unset> argc=5 <-S> </private/tmp/aelx/T-100/t100-C-waiting-user/t/tmux-501/default> <list-sessions> <-F> <#{session_id} #{session_name}>
pid=11714 ppid=84903 AE_TMUX_SERVER=<unset> AE_TMUX_SERVER_KIND=<unset> argc=7 <-S> </private/tmp/aelx/T-100/t100-C-waiting-user/t/tmux-501/default> <set-option> <-t> <$0> <@ae_agents_status> <grok●>
pid=11723 ppid=11720 AE_TMUX_SERVER=<unset> AE_TMUX_SERVER_KIND=<unset> argc=8 <-S> </private/tmp/aelx/T-100/t100-C-waiting-user/t/tmux-501/default> <list-panes> <-s> <-t> <t1> <-F> <#{pane_id}|#{window_id}|#{@ae_agent}>
pid=11727 ppid=84903 AE_TMUX_SERVER=<unset> AE_TMUX_SERVER_KIND=<unset> argc=8 <-S> </private/tmp/aelx/T-100/t100-C-waiting-user/t/tmux-501/default> <set-option> <-w> <-t> <@0> <@ae_window_status> <●>
pid=11730 ppid=84903 AE_TMUX_SERVER=<unset> AE_TMUX_SERVER_KIND=<unset> argc=8 <-S> </private/tmp/aelx/T-100/t100-C-waiting-user/t/tmux-501/default> <set-option> <-w> <-t> <@1> <@ae_window_status> <>
pid=13465 ppid=84903 AE_TMUX_SERVER=<unset> AE_TMUX_SERVER_KIND=<unset> argc=5 <-S> </private/tmp/aelx/T-100/t100-C-waiting-user/t/tmux-501/default> <has-session> <-t> <t1>
pid=13486 ppid=84903 AE_TMUX_SERVER=<unset> AE_TMUX_SERVER_KIND=<unset> argc=8 <-S> </private/tmp/aelx/T-100/t100-C-waiting-user/t/tmux-501/default> <list-panes> <-s> <-t> <t1> <-F> <#{pane_id}|#{@ae_agent}|#{pane_current_command}|#{pane_pid}>
pid=13502 ppid=13500 AE_TMUX_SERVER=<unset> AE_TMUX_SERVER_KIND=<unset> argc=7 <-S> </private/tmp/aelx/T-100/t100-C-waiting-user/t/tmux-501/default> <display-message> <-p> <-t> <%0> <#{@ae_slot}>
pid=13518 ppid=13516 AE_TMUX_SERVER=<unset> AE_TMUX_SERVER_KIND=<unset> argc=11 <-S> </private/tmp/aelx/T-100/t100-C-waiting-user/t/tmux-501/default> <capture-pane> <-p> <-J> <-S> <-40> <-E> <-> <-t> <%0>
pid=13633 ppid=13630 AE_TMUX_SERVER=<unset> AE_TMUX_SERVER_KIND=<unset> argc=5 <-S> </private/tmp/aelx/T-100/t100-C-waiting-user/t/tmux-501/default> <list-sessions> <-F> <#{session_id} #{session_name}>
pid=13651 ppid=84903 AE_TMUX_SERVER=<unset> AE_TMUX_SERVER_KIND=<unset> argc=7 <-S> </private/tmp/aelx/T-100/t100-C-waiting-user/t/tmux-501/default> <set-option> <-t> <$0> <@ae_watchdog_status> <[watch ● 1/1]>
pid=13702 ppid=13700 AE_TMUX_SERVER=<unset> AE_TMUX_SERVER_KIND=<unset> argc=5 <-S> </private/tmp/aelx/T-100/t100-C-waiting-user/t/tmux-501/default> <list-sessions> <-F> <#{session_id} #{session_name}>
pid=13718 ppid=13673 AE_TMUX_SERVER=<unset> AE_TMUX_SERVER_KIND=<unset> argc=7 <-S> </private/tmp/aelx/T-100/t100-C-waiting-user/t/tmux-501/default> <set-option> <-t> <$0> <@ae_branch_name> <main>
pid=13789 ppid=13787 AE_TMUX_SERVER=<unset> AE_TMUX_SERVER_KIND=<unset> argc=5 <-S> </private/tmp/aelx/T-100/t100-C-waiting-user/t/tmux-501/default> <list-sessions> <-F> <#{session_id} #{session_name}>
pid=13798 ppid=84903 AE_TMUX_SERVER=<unset> AE_TMUX_SERVER_KIND=<unset> argc=7 <-S> </private/tmp/aelx/T-100/t100-C-waiting-user/t/tmux-501/default> <set-option> <-t> <$0> <@ae_branch_status> < main>
pid=13825 ppid=13823 AE_TMUX_SERVER=<unset> AE_TMUX_SERVER_KIND=<unset> argc=5 <-S> </private/tmp/aelx/T-100/t100-C-waiting-user/t/tmux-501/default> <list-sessions> <-F> <#{session_id} #{session_name}>
pid=13847 ppid=84903 AE_TMUX_SERVER=<unset> AE_TMUX_SERVER_KIND=<unset> argc=7 <-S> </private/tmp/aelx/T-100/t100-C-waiting-user/t/tmux-501/default> <set-option> <-t> <$0> <@ae_agents_status> <grok●>
pid=13869 ppid=13868 AE_TMUX_SERVER=<unset> AE_TMUX_SERVER_KIND=<unset> argc=8 <-S> </private/tmp/aelx/T-100/t100-C-waiting-user/t/tmux-501/default> <list-panes> <-s> <-t> <t1> <-F> <#{pane_id}|#{window_id}|#{@ae_agent}>
pid=13878 ppid=84903 AE_TMUX_SERVER=<unset> AE_TMUX_SERVER_KIND=<unset> argc=8 <-S> </private/tmp/aelx/T-100/t100-C-waiting-user/t/tmux-501/default> <set-option> <-w> <-t> <@0> <@ae_window_status> <●>
pid=13884 ppid=84903 AE_TMUX_SERVER=<unset> AE_TMUX_SERVER_KIND=<unset> argc=8 <-S> </private/tmp/aelx/T-100/t100-C-waiting-user/t/tmux-501/default> <set-option> <-w> <-t> <@1> <@ae_window_status> <>
pid=15525 ppid=84903 AE_TMUX_SERVER=<unset> AE_TMUX_SERVER_KIND=<unset> argc=5 <-S> </private/tmp/aelx/T-100/t100-C-waiting-user/t/tmux-501/default> <has-session> <-t> <t1>
pid=15535 ppid=84903 AE_TMUX_SERVER=<unset> AE_TMUX_SERVER_KIND=<unset> argc=8 <-S> </private/tmp/aelx/T-100/t100-C-waiting-user/t/tmux-501/default> <list-panes> <-s> <-t> <t1> <-F> <#{pane_id}|#{@ae_agent}|#{pane_current_command}|#{pane_pid}>
pid=15539 ppid=15538 AE_TMUX_SERVER=<unset> AE_TMUX_SERVER_KIND=<unset> argc=7 <-S> </private/tmp/aelx/T-100/t100-C-waiting-user/t/tmux-501/default> <display-message> <-p> <-t> <%0> <#{@ae_slot}>
pid=15546 ppid=15545 AE_TMUX_SERVER=<unset> AE_TMUX_SERVER_KIND=<unset> argc=11 <-S> </private/tmp/aelx/T-100/t100-C-waiting-user/t/tmux-501/default> <capture-pane> <-p> <-J> <-S> <-40> <-E> <-> <-t> <%0>
pid=15587 ppid=15585 AE_TMUX_SERVER=<unset> AE_TMUX_SERVER_KIND=<unset> argc=5 <-S> </private/tmp/aelx/T-100/t100-C-waiting-user/t/tmux-501/default> <list-sessions> <-F> <#{session_id} #{session_name}>
pid=15590 ppid=84903 AE_TMUX_SERVER=<unset> AE_TMUX_SERVER_KIND=<unset> argc=7 <-S> </private/tmp/aelx/T-100/t100-C-waiting-user/t/tmux-501/default> <set-option> <-t> <$0> <@ae_watchdog_status> <[watch ● 1/1]>
pid=15609 ppid=15607 AE_TMUX_SERVER=<unset> AE_TMUX_SERVER_KIND=<unset> argc=5 <-S> </private/tmp/aelx/T-100/t100-C-waiting-user/t/tmux-501/default> <list-sessions> <-F> <#{session_id} #{session_name}>
pid=15614 ppid=15595 AE_TMUX_SERVER=<unset> AE_TMUX_SERVER_KIND=<unset> argc=7 <-S> </private/tmp/aelx/T-100/t100-C-waiting-user/t/tmux-501/default> <set-option> <-t> <$0> <@ae_branch_name> <main>
pid=15627 ppid=15625 AE_TMUX_SERVER=<unset> AE_TMUX_SERVER_KIND=<unset> argc=5 <-S> </private/tmp/aelx/T-100/t100-C-waiting-user/t/tmux-501/default> <list-sessions> <-F> <#{session_id} #{session_name}>
pid=15630 ppid=84903 AE_TMUX_SERVER=<unset> AE_TMUX_SERVER_KIND=<unset> argc=7 <-S> </private/tmp/aelx/T-100/t100-C-waiting-user/t/tmux-501/default> <set-option> <-t> <$0> <@ae_branch_status> < main>
pid=15647 ppid=15645 AE_TMUX_SERVER=<unset> AE_TMUX_SERVER_KIND=<unset> argc=5 <-S> </private/tmp/aelx/T-100/t100-C-waiting-user/t/tmux-501/default> <list-sessions> <-F> <#{session_id} #{session_name}>
pid=15650 ppid=84903 AE_TMUX_SERVER=<unset> AE_TMUX_SERVER_KIND=<unset> argc=7 <-S> </private/tmp/aelx/T-100/t100-C-waiting-user/t/tmux-501/default> <set-option> <-t> <$0> <@ae_agents_status> <grok●>
pid=15657 ppid=15656 AE_TMUX_SERVER=<unset> AE_TMUX_SERVER_KIND=<unset> argc=8 <-S> </private/tmp/aelx/T-100/t100-C-waiting-user/t/tmux-501/default> <list-panes> <-s> <-t> <t1> <-F> <#{pane_id}|#{window_id}|#{@ae_agent}>
pid=15661 ppid=84903 AE_TMUX_SERVER=<unset> AE_TMUX_SERVER_KIND=<unset> argc=8 <-S> </private/tmp/aelx/T-100/t100-C-waiting-user/t/tmux-501/default> <set-option> <-w> <-t> <@0> <@ae_window_status> <●>
pid=15666 ppid=84903 AE_TMUX_SERVER=<unset> AE_TMUX_SERVER_KIND=<unset> argc=8 <-S> </private/tmp/aelx/T-100/t100-C-waiting-user/t/tmux-501/default> <set-option> <-w> <-t> <@1> <@ae_window_status> <>
pid=17894 ppid=84903 AE_TMUX_SERVER=<unset> AE_TMUX_SERVER_KIND=<unset> argc=5 <-S> </private/tmp/aelx/T-100/t100-C-waiting-user/t/tmux-501/default> <has-session> <-t> <t1>
pid=17918 ppid=84903 AE_TMUX_SERVER=<unset> AE_TMUX_SERVER_KIND=<unset> argc=8 <-S> </private/tmp/aelx/T-100/t100-C-waiting-user/t/tmux-501/default> <list-panes> <-s> <-t> <t1> <-F> <#{pane_id}|#{@ae_agent}|#{pane_current_command}|#{pane_pid}>
pid=17938 ppid=17935 AE_TMUX_SERVER=<unset> AE_TMUX_SERVER_KIND=<unset> argc=7 <-S> </private/tmp/aelx/T-100/t100-C-waiting-user/t/tmux-501/default> <display-message> <-p> <-t> <%0> <#{@ae_slot}>
pid=17964 ppid=17962 AE_TMUX_SERVER=<unset> AE_TMUX_SERVER_KIND=<unset> argc=11 <-S> </private/tmp/aelx/T-100/t100-C-waiting-user/t/tmux-501/default> <capture-pane> <-p> <-J> <-S> <-40> <-E> <-> <-t> <%0>
pid=18095 ppid=18021 AE_TMUX_SERVER=<unset> AE_TMUX_SERVER_KIND=<unset> argc=8 <-S> </private/tmp/aelx/T-100/t100-C-waiting-user/t/tmux-501/default> <list-panes> <-s> <-t> <t1> <-F> <#{pane_id}	#{@ae_agent}>
pid=18101 ppid=18100 AE_TMUX_SERVER=<unset> AE_TMUX_SERVER_KIND=<unset> argc=7 <-S> </private/tmp/aelx/T-100/t100-C-waiting-user/t/tmux-501/default> <display-message> <-p> <-t> <%0> <#{@ae_slot}>
pid=18118 ppid=18117 AE_TMUX_SERVER=<unset> AE_TMUX_SERVER_KIND=<unset> argc=7 <-S> </private/tmp/aelx/T-100/t100-C-waiting-user/t/tmux-501/default> <display-message> <-p> <-t> <%0> <#S>
pid=18137 ppid=18136 AE_TMUX_SERVER=<unset> AE_TMUX_SERVER_KIND=<unset> argc=7 <-S> </private/tmp/aelx/T-100/t100-C-waiting-user/t/tmux-501/default> <display-message> <-p> <-t> <%0> <#{pane_current_command}>
pid=18162 ppid=18160 AE_TMUX_SERVER=<unset> AE_TMUX_SERVER_KIND=<unset> argc=6 <-S> </private/tmp/aelx/T-100/t100-C-waiting-user/t/tmux-501/default> <list-panes> <-a> <-F> <#{pane_id}|#{@ae_agent}|#{pane_current_command}>
pid=18173 ppid=18170 AE_TMUX_SERVER=<unset> AE_TMUX_SERVER_KIND=<unset> argc=5 <-S> </private/tmp/aelx/T-100/t100-C-waiting-user/t/tmux-501/default> <list-clients> <-F> <#{pane_id}|#{client_activity}>
pid=18184 ppid=18021 AE_TMUX_SERVER=<unset> AE_TMUX_SERVER_KIND=<unset> argc=7 <-S> </private/tmp/aelx/T-100/t100-C-waiting-user/t/tmux-501/default> <send-keys> <-t> <%0> <-X> <cancel>
pid=18196 ppid=18193 AE_TMUX_SERVER=<unset> AE_TMUX_SERVER_KIND=<unset> argc=6 <-S> </private/tmp/aelx/T-100/t100-C-waiting-user/t/tmux-501/default> <load-buffer> <-b> <ae-send-18021> <->
pid=18202 ppid=18021 AE_TMUX_SERVER=<unset> AE_TMUX_SERVER_KIND=<unset> argc=8 <-S> </private/tmp/aelx/T-100/t100-C-waiting-user/t/tmux-501/default> <paste-buffer> <-d> <-b> <ae-send-18021> <-t> <%0>
pid=18301 ppid=18021 AE_TMUX_SERVER=<unset> AE_TMUX_SERVER_KIND=<unset> argc=6 <-S> </private/tmp/aelx/T-100/t100-C-waiting-user/t/tmux-501/default> <send-keys> <-t> <%0> <Enter>
pid=18435 ppid=18433 AE_TMUX_SERVER=<unset> AE_TMUX_SERVER_KIND=<unset> argc=5 <-S> </private/tmp/aelx/T-100/t100-C-waiting-user/t/tmux-501/default> <list-sessions> <-F> <#{session_id} #{session_name}>
pid=18438 ppid=84903 AE_TMUX_SERVER=<unset> AE_TMUX_SERVER_KIND=<unset> argc=7 <-S> </private/tmp/aelx/T-100/t100-C-waiting-user/t/tmux-501/default> <set-option> <-t> <$0> <@ae_watchdog_status> <[watch ⚠ 0/1]>
pid=18457 ppid=18455 AE_TMUX_SERVER=<unset> AE_TMUX_SERVER_KIND=<unset> argc=5 <-S> </private/tmp/aelx/T-100/t100-C-waiting-user/t/tmux-501/default> <list-sessions> <-F> <#{session_id} #{session_name}>
pid=18462 ppid=18441 AE_TMUX_SERVER=<unset> AE_TMUX_SERVER_KIND=<unset> argc=7 <-S> </private/tmp/aelx/T-100/t100-C-waiting-user/t/tmux-501/default> <set-option> <-t> <$0> <@ae_branch_name> <main>
pid=18474 ppid=18472 AE_TMUX_SERVER=<unset> AE_TMUX_SERVER_KIND=<unset> argc=5 <-S> </private/tmp/aelx/T-100/t100-C-waiting-user/t/tmux-501/default> <list-sessions> <-F> <#{session_id} #{session_name}>
pid=18477 ppid=84903 AE_TMUX_SERVER=<unset> AE_TMUX_SERVER_KIND=<unset> argc=7 <-S> </private/tmp/aelx/T-100/t100-C-waiting-user/t/tmux-501/default> <set-option> <-t> <$0> <@ae_branch_status> < main>
pid=18493 ppid=18491 AE_TMUX_SERVER=<unset> AE_TMUX_SERVER_KIND=<unset> argc=5 <-S> </private/tmp/aelx/T-100/t100-C-waiting-user/t/tmux-501/default> <list-sessions> <-F> <#{session_id} #{session_name}>
pid=18499 ppid=84903 AE_TMUX_SERVER=<unset> AE_TMUX_SERVER_KIND=<unset> argc=7 <-S> </private/tmp/aelx/T-100/t100-C-waiting-user/t/tmux-501/default> <set-option> <-t> <$0> <@ae_agents_status> <grok◌>
pid=18506 ppid=18505 AE_TMUX_SERVER=<unset> AE_TMUX_SERVER_KIND=<unset> argc=8 <-S> </private/tmp/aelx/T-100/t100-C-waiting-user/t/tmux-501/default> <list-panes> <-s> <-t> <t1> <-F> <#{pane_id}|#{window_id}|#{@ae_agent}>
pid=18510 ppid=84903 AE_TMUX_SERVER=<unset> AE_TMUX_SERVER_KIND=<unset> argc=8 <-S> </private/tmp/aelx/T-100/t100-C-waiting-user/t/tmux-501/default> <set-option> <-w> <-t> <@0> <@ae_window_status> <◌>
pid=18515 ppid=84903 AE_TMUX_SERVER=<unset> AE_TMUX_SERVER_KIND=<unset> argc=8 <-S> </private/tmp/aelx/T-100/t100-C-waiting-user/t/tmux-501/default> <set-option> <-w> <-t> <@1> <@ae_window_status> <>
pid=20285 ppid=84903 AE_TMUX_SERVER=<unset> AE_TMUX_SERVER_KIND=<unset> argc=5 <-S> </private/tmp/aelx/T-100/t100-C-waiting-user/t/tmux-501/default> <has-session> <-t> <t1>
pid=20295 ppid=84903 AE_TMUX_SERVER=<unset> AE_TMUX_SERVER_KIND=<unset> argc=8 <-S> </private/tmp/aelx/T-100/t100-C-waiting-user/t/tmux-501/default> <list-panes> <-s> <-t> <t1> <-F> <#{pane_id}|#{@ae_agent}|#{pane_current_command}|#{pane_pid}>
pid=20308 ppid=20305 AE_TMUX_SERVER=<unset> AE_TMUX_SERVER_KIND=<unset> argc=7 <-S> </private/tmp/aelx/T-100/t100-C-waiting-user/t/tmux-501/default> <display-message> <-p> <-t> <%0> <#{@ae_slot}>
pid=20313 ppid=20312 AE_TMUX_SERVER=<unset> AE_TMUX_SERVER_KIND=<unset> argc=11 <-S> </private/tmp/aelx/T-100/t100-C-waiting-user/t/tmux-501/default> <capture-pane> <-p> <-J> <-S> <-40> <-E> <-> <-t> <%0>
pid=20379 ppid=20355 AE_TMUX_SERVER=<unset> AE_TMUX_SERVER_KIND=<unset> argc=8 <-S> </private/tmp/aelx/T-100/t100-C-waiting-user/t/tmux-501/default> <list-panes> <-s> <-t> <t1> <-F> <#{pane_id}	#{@ae_agent}>
pid=20383 ppid=20382 AE_TMUX_SERVER=<unset> AE_TMUX_SERVER_KIND=<unset> argc=7 <-S> </private/tmp/aelx/T-100/t100-C-waiting-user/t/tmux-501/default> <display-message> <-p> <-t> <%0> <#{@ae_slot}>
pid=20389 ppid=20388 AE_TMUX_SERVER=<unset> AE_TMUX_SERVER_KIND=<unset> argc=7 <-S> </private/tmp/aelx/T-100/t100-C-waiting-user/t/tmux-501/default> <display-message> <-p> <-t> <%0> <#S>
pid=20393 ppid=20392 AE_TMUX_SERVER=<unset> AE_TMUX_SERVER_KIND=<unset> argc=7 <-S> </private/tmp/aelx/T-100/t100-C-waiting-user/t/tmux-501/default> <display-message> <-p> <-t> <%0> <#{pane_current_command}>
pid=20405 ppid=20403 AE_TMUX_SERVER=<unset> AE_TMUX_SERVER_KIND=<unset> argc=6 <-S> </private/tmp/aelx/T-100/t100-C-waiting-user/t/tmux-501/default> <list-panes> <-a> <-F> <#{pane_id}|#{@ae_agent}|#{pane_current_command}>
pid=20413 ppid=20412 AE_TMUX_SERVER=<unset> AE_TMUX_SERVER_KIND=<unset> argc=5 <-S> </private/tmp/aelx/T-100/t100-C-waiting-user/t/tmux-501/default> <list-clients> <-F> <#{pane_id}|#{client_activity}>
pid=20418 ppid=20355 AE_TMUX_SERVER=<unset> AE_TMUX_SERVER_KIND=<unset> argc=7 <-S> </private/tmp/aelx/T-100/t100-C-waiting-user/t/tmux-501/default> <send-keys> <-t> <%0> <-X> <cancel>
pid=20429 ppid=20428 AE_TMUX_SERVER=<unset> AE_TMUX_SERVER_KIND=<unset> argc=6 <-S> </private/tmp/aelx/T-100/t100-C-waiting-user/t/tmux-501/default> <load-buffer> <-b> <ae-send-20355> <->
pid=20432 ppid=20355 AE_TMUX_SERVER=<unset> AE_TMUX_SERVER_KIND=<unset> argc=8 <-S> </private/tmp/aelx/T-100/t100-C-waiting-user/t/tmux-501/default> <paste-buffer> <-d> <-b> <ae-send-20355> <-t> <%0>
pid=20502 ppid=20355 AE_TMUX_SERVER=<unset> AE_TMUX_SERVER_KIND=<unset> argc=6 <-S> </private/tmp/aelx/T-100/t100-C-waiting-user/t/tmux-501/default> <send-keys> <-t> <%0> <Enter>
pid=20627 ppid=20625 AE_TMUX_SERVER=<unset> AE_TMUX_SERVER_KIND=<unset> argc=5 <-S> </private/tmp/aelx/T-100/t100-C-waiting-user/t/tmux-501/default> <list-sessions> <-F> <#{session_id} #{session_name}>
pid=20630 ppid=84903 AE_TMUX_SERVER=<unset> AE_TMUX_SERVER_KIND=<unset> argc=7 <-S> </private/tmp/aelx/T-100/t100-C-waiting-user/t/tmux-501/default> <set-option> <-t> <$0> <@ae_watchdog_status> <[watch ⚠ 0/1]>
pid=20649 ppid=20647 AE_TMUX_SERVER=<unset> AE_TMUX_SERVER_KIND=<unset> argc=5 <-S> </private/tmp/aelx/T-100/t100-C-waiting-user/t/tmux-501/default> <list-sessions> <-F> <#{session_id} #{session_name}>
pid=20654 ppid=20633 AE_TMUX_SERVER=<unset> AE_TMUX_SERVER_KIND=<unset> argc=7 <-S> </private/tmp/aelx/T-100/t100-C-waiting-user/t/tmux-501/default> <set-option> <-t> <$0> <@ae_branch_name> <main>
pid=20667 ppid=20665 AE_TMUX_SERVER=<unset> AE_TMUX_SERVER_KIND=<unset> argc=5 <-S> </private/tmp/aelx/T-100/t100-C-waiting-user/t/tmux-501/default> <list-sessions> <-F> <#{session_id} #{session_name}>
pid=20676 ppid=84903 AE_TMUX_SERVER=<unset> AE_TMUX_SERVER_KIND=<unset> argc=7 <-S> </private/tmp/aelx/T-100/t100-C-waiting-user/t/tmux-501/default> <set-option> <-t> <$0> <@ae_branch_status> < main>
pid=20703 ppid=20700 AE_TMUX_SERVER=<unset> AE_TMUX_SERVER_KIND=<unset> argc=5 <-S> </private/tmp/aelx/T-100/t100-C-waiting-user/t/tmux-501/default> <list-sessions> <-F> <#{session_id} #{session_name}>
pid=20714 ppid=84903 AE_TMUX_SERVER=<unset> AE_TMUX_SERVER_KIND=<unset> argc=7 <-S> </private/tmp/aelx/T-100/t100-C-waiting-user/t/tmux-501/default> <set-option> <-t> <$0> <@ae_agents_status> <grok◌>
pid=20729 ppid=20727 AE_TMUX_SERVER=<unset> AE_TMUX_SERVER_KIND=<unset> argc=8 <-S> </private/tmp/aelx/T-100/t100-C-waiting-user/t/tmux-501/default> <list-panes> <-s> <-t> <t1> <-F> <#{pane_id}|#{window_id}|#{@ae_agent}>
pid=20740 ppid=84903 AE_TMUX_SERVER=<unset> AE_TMUX_SERVER_KIND=<unset> argc=8 <-S> </private/tmp/aelx/T-100/t100-C-waiting-user/t/tmux-501/default> <set-option> <-w> <-t> <@0> <@ae_window_status> <◌>
pid=20754 ppid=84903 AE_TMUX_SERVER=<unset> AE_TMUX_SERVER_KIND=<unset> argc=8 <-S> </private/tmp/aelx/T-100/t100-C-waiting-user/t/tmux-501/default> <set-option> <-w> <-t> <@1> <@ae_window_status> <>
pid=22468 ppid=84903 AE_TMUX_SERVER=<unset> AE_TMUX_SERVER_KIND=<unset> argc=5 <-S> </private/tmp/aelx/T-100/t100-C-waiting-user/t/tmux-501/default> <has-session> <-t> <t1>
pid=22478 ppid=84903 AE_TMUX_SERVER=<unset> AE_TMUX_SERVER_KIND=<unset> argc=8 <-S> </private/tmp/aelx/T-100/t100-C-waiting-user/t/tmux-501/default> <list-panes> <-s> <-t> <t1> <-F> <#{pane_id}|#{@ae_agent}|#{pane_current_command}|#{pane_pid}>
pid=22482 ppid=22481 AE_TMUX_SERVER=<unset> AE_TMUX_SERVER_KIND=<unset> argc=7 <-S> </private/tmp/aelx/T-100/t100-C-waiting-user/t/tmux-501/default> <display-message> <-p> <-t> <%0> <#{@ae_slot}>
pid=22489 ppid=22488 AE_TMUX_SERVER=<unset> AE_TMUX_SERVER_KIND=<unset> argc=11 <-S> </private/tmp/aelx/T-100/t100-C-waiting-user/t/tmux-501/default> <capture-pane> <-p> <-J> <-S> <-40> <-E> <-> <-t> <%0>
pid=22521 ppid=22519 AE_TMUX_SERVER=<unset> AE_TMUX_SERVER_KIND=<unset> argc=7 <-S> </private/tmp/aelx/T-100/t100-C-waiting-user/t/tmux-501/default> <display-message> <-p> <-t> <%2> <#{@ae_agent}>
pid=22528 ppid=22527 AE_TMUX_SERVER=<unset> AE_TMUX_SERVER_KIND=<unset> argc=7 <-S> </private/tmp/aelx/T-100/t100-C-waiting-user/t/tmux-501/default> <display-message> <-p> <-t> <%2> <#S>
pid=22545 ppid=84903 AE_TMUX_SERVER=<unset> AE_TMUX_SERVER_KIND=<unset> argc=6 <-S> </private/tmp/aelx/T-100/t100-C-waiting-user/t/tmux-501/default> <display-message> <-d> <10000> <[ae watchdog] grok:grok may need attention — stale after 2 nudges>
pid=22580 ppid=22578 AE_TMUX_SERVER=<unset> AE_TMUX_SERVER_KIND=<unset> argc=5 <-S> </private/tmp/aelx/T-100/t100-C-waiting-user/t/tmux-501/default> <list-sessions> <-F> <#{session_id} #{session_name}>
pid=22583 ppid=84903 AE_TMUX_SERVER=<unset> AE_TMUX_SERVER_KIND=<unset> argc=7 <-S> </private/tmp/aelx/T-100/t100-C-waiting-user/t/tmux-501/default> <set-option> <-t> <$0> <@ae_watchdog_status> <[watch ⚠ 0/1]>
pid=22604 ppid=22602 AE_TMUX_SERVER=<unset> AE_TMUX_SERVER_KIND=<unset> argc=5 <-S> </private/tmp/aelx/T-100/t100-C-waiting-user/t/tmux-501/default> <list-sessions> <-F> <#{session_id} #{session_name}>
pid=22607 ppid=22588 AE_TMUX_SERVER=<unset> AE_TMUX_SERVER_KIND=<unset> argc=7 <-S> </private/tmp/aelx/T-100/t100-C-waiting-user/t/tmux-501/default> <set-option> <-t> <$0> <@ae_branch_name> <main>
pid=22620 ppid=22618 AE_TMUX_SERVER=<unset> AE_TMUX_SERVER_KIND=<unset> argc=5 <-S> </private/tmp/aelx/T-100/t100-C-waiting-user/t/tmux-501/default> <list-sessions> <-F> <#{session_id} #{session_name}>
pid=22625 ppid=84903 AE_TMUX_SERVER=<unset> AE_TMUX_SERVER_KIND=<unset> argc=7 <-S> </private/tmp/aelx/T-100/t100-C-waiting-user/t/tmux-501/default> <set-option> <-t> <$0> <@ae_branch_status> < main>
pid=22640 ppid=22638 AE_TMUX_SERVER=<unset> AE_TMUX_SERVER_KIND=<unset> argc=5 <-S> </private/tmp/aelx/T-100/t100-C-waiting-user/t/tmux-501/default> <list-sessions> <-F> <#{session_id} #{session_name}>
pid=22643 ppid=84903 AE_TMUX_SERVER=<unset> AE_TMUX_SERVER_KIND=<unset> argc=7 <-S> </private/tmp/aelx/T-100/t100-C-waiting-user/t/tmux-501/default> <set-option> <-t> <$0> <@ae_agents_status> <grok◌>
pid=22651 ppid=22650 AE_TMUX_SERVER=<unset> AE_TMUX_SERVER_KIND=<unset> argc=8 <-S> </private/tmp/aelx/T-100/t100-C-waiting-user/t/tmux-501/default> <list-panes> <-s> <-t> <t1> <-F> <#{pane_id}|#{window_id}|#{@ae_agent}>
pid=22657 ppid=84903 AE_TMUX_SERVER=<unset> AE_TMUX_SERVER_KIND=<unset> argc=8 <-S> </private/tmp/aelx/T-100/t100-C-waiting-user/t/tmux-501/default> <set-option> <-w> <-t> <@0> <@ae_window_status> <◌>
pid=22663 ppid=84903 AE_TMUX_SERVER=<unset> AE_TMUX_SERVER_KIND=<unset> argc=8 <-S> </private/tmp/aelx/T-100/t100-C-waiting-user/t/tmux-501/default> <set-option> <-w> <-t> <@1> <@ae_window_status> <>
pid=24621 ppid=84903 AE_TMUX_SERVER=<unset> AE_TMUX_SERVER_KIND=<unset> argc=5 <-S> </private/tmp/aelx/T-100/t100-C-waiting-user/t/tmux-501/default> <has-session> <-t> <t1>
pid=24631 ppid=84903 AE_TMUX_SERVER=<unset> AE_TMUX_SERVER_KIND=<unset> argc=8 <-S> </private/tmp/aelx/T-100/t100-C-waiting-user/t/tmux-501/default> <list-panes> <-s> <-t> <t1> <-F> <#{pane_id}|#{@ae_agent}|#{pane_current_command}|#{pane_pid}>
pid=24636 ppid=24635 AE_TMUX_SERVER=<unset> AE_TMUX_SERVER_KIND=<unset> argc=7 <-S> </private/tmp/aelx/T-100/t100-C-waiting-user/t/tmux-501/default> <display-message> <-p> <-t> <%0> <#{@ae_slot}>
pid=24643 ppid=24642 AE_TMUX_SERVER=<unset> AE_TMUX_SERVER_KIND=<unset> argc=11 <-S> </private/tmp/aelx/T-100/t100-C-waiting-user/t/tmux-501/default> <capture-pane> <-p> <-J> <-S> <-40> <-E> <-> <-t> <%0>
pid=24699 ppid=24697 AE_TMUX_SERVER=<unset> AE_TMUX_SERVER_KIND=<unset> argc=5 <-S> </private/tmp/aelx/T-100/t100-C-waiting-user/t/tmux-501/default> <list-sessions> <-F> <#{session_id} #{session_name}>
pid=24705 ppid=84903 AE_TMUX_SERVER=<unset> AE_TMUX_SERVER_KIND=<unset> argc=7 <-S> </private/tmp/aelx/T-100/t100-C-waiting-user/t/tmux-501/default> <set-option> <-t> <$0> <@ae_watchdog_status> <[watch ⚠ 0/1]>
pid=24733 ppid=24731 AE_TMUX_SERVER=<unset> AE_TMUX_SERVER_KIND=<unset> argc=5 <-S> </private/tmp/aelx/T-100/t100-C-waiting-user/t/tmux-501/default> <list-sessions> <-F> <#{session_id} #{session_name}>
pid=24749 ppid=24708 AE_TMUX_SERVER=<unset> AE_TMUX_SERVER_KIND=<unset> argc=7 <-S> </private/tmp/aelx/T-100/t100-C-waiting-user/t/tmux-501/default> <set-option> <-t> <$0> <@ae_branch_name> <main>
pid=24835 ppid=24832 AE_TMUX_SERVER=<unset> AE_TMUX_SERVER_KIND=<unset> argc=5 <-S> </private/tmp/aelx/T-100/t100-C-waiting-user/t/tmux-501/default> <list-sessions> <-F> <#{session_id} #{session_name}>
pid=24858 ppid=84903 AE_TMUX_SERVER=<unset> AE_TMUX_SERVER_KIND=<unset> argc=7 <-S> </private/tmp/aelx/T-100/t100-C-waiting-user/t/tmux-501/default> <set-option> <-t> <$0> <@ae_branch_status> < main>
pid=24889 ppid=24887 AE_TMUX_SERVER=<unset> AE_TMUX_SERVER_KIND=<unset> argc=5 <-S> </private/tmp/aelx/T-100/t100-C-waiting-user/t/tmux-501/default> <list-sessions> <-F> <#{session_id} #{session_name}>
pid=24905 ppid=84903 AE_TMUX_SERVER=<unset> AE_TMUX_SERVER_KIND=<unset> argc=7 <-S> </private/tmp/aelx/T-100/t100-C-waiting-user/t/tmux-501/default> <set-option> <-t> <$0> <@ae_agents_status> <grok◌>
pid=24924 ppid=24923 AE_TMUX_SERVER=<unset> AE_TMUX_SERVER_KIND=<unset> argc=8 <-S> </private/tmp/aelx/T-100/t100-C-waiting-user/t/tmux-501/default> <list-panes> <-s> <-t> <t1> <-F> <#{pane_id}|#{window_id}|#{@ae_agent}>
pid=24939 ppid=84903 AE_TMUX_SERVER=<unset> AE_TMUX_SERVER_KIND=<unset> argc=8 <-S> </private/tmp/aelx/T-100/t100-C-waiting-user/t/tmux-501/default> <set-option> <-w> <-t> <@0> <@ae_window_status> <◌>
pid=24957 ppid=84903 AE_TMUX_SERVER=<unset> AE_TMUX_SERVER_KIND=<unset> argc=8 <-S> </private/tmp/aelx/T-100/t100-C-waiting-user/t/tmux-501/default> <set-option> <-w> <-t> <@1> <@ae_window_status> <>
pid=26966 ppid=84903 AE_TMUX_SERVER=<unset> AE_TMUX_SERVER_KIND=<unset> argc=5 <-S> </private/tmp/aelx/T-100/t100-C-waiting-user/t/tmux-501/default> <has-session> <-t> <t1>
pid=26976 ppid=84903 AE_TMUX_SERVER=<unset> AE_TMUX_SERVER_KIND=<unset> argc=8 <-S> </private/tmp/aelx/T-100/t100-C-waiting-user/t/tmux-501/default> <list-panes> <-s> <-t> <t1> <-F> <#{pane_id}|#{@ae_agent}|#{pane_current_command}|#{pane_pid}>
pid=26982 ppid=26981 AE_TMUX_SERVER=<unset> AE_TMUX_SERVER_KIND=<unset> argc=7 <-S> </private/tmp/aelx/T-100/t100-C-waiting-user/t/tmux-501/default> <display-message> <-p> <-t> <%0> <#{@ae_slot}>
pid=26987 ppid=26986 AE_TMUX_SERVER=<unset> AE_TMUX_SERVER_KIND=<unset> argc=11 <-S> </private/tmp/aelx/T-100/t100-C-waiting-user/t/tmux-501/default> <capture-pane> <-p> <-J> <-S> <-40> <-E> <-> <-t> <%0>
pid=27039 ppid=27037 AE_TMUX_SERVER=<unset> AE_TMUX_SERVER_KIND=<unset> argc=5 <-S> </private/tmp/aelx/T-100/t100-C-waiting-user/t/tmux-501/default> <list-sessions> <-F> <#{session_id} #{session_name}>
pid=27042 ppid=84903 AE_TMUX_SERVER=<unset> AE_TMUX_SERVER_KIND=<unset> argc=7 <-S> </private/tmp/aelx/T-100/t100-C-waiting-user/t/tmux-501/default> <set-option> <-t> <$0> <@ae_watchdog_status> <[watch ⚠ 0/1]>
pid=27061 ppid=27059 AE_TMUX_SERVER=<unset> AE_TMUX_SERVER_KIND=<unset> argc=5 <-S> </private/tmp/aelx/T-100/t100-C-waiting-user/t/tmux-501/default> <list-sessions> <-F> <#{session_id} #{session_name}>
pid=27066 ppid=27045 AE_TMUX_SERVER=<unset> AE_TMUX_SERVER_KIND=<unset> argc=7 <-S> </private/tmp/aelx/T-100/t100-C-waiting-user/t/tmux-501/default> <set-option> <-t> <$0> <@ae_branch_name> <main>
pid=27078 ppid=27076 AE_TMUX_SERVER=<unset> AE_TMUX_SERVER_KIND=<unset> argc=5 <-S> </private/tmp/aelx/T-100/t100-C-waiting-user/t/tmux-501/default> <list-sessions> <-F> <#{session_id} #{session_name}>
pid=27081 ppid=84903 AE_TMUX_SERVER=<unset> AE_TMUX_SERVER_KIND=<unset> argc=7 <-S> </private/tmp/aelx/T-100/t100-C-waiting-user/t/tmux-501/default> <set-option> <-t> <$0> <@ae_branch_status> < main>
pid=27096 ppid=27094 AE_TMUX_SERVER=<unset> AE_TMUX_SERVER_KIND=<unset> argc=5 <-S> </private/tmp/aelx/T-100/t100-C-waiting-user/t/tmux-501/default> <list-sessions> <-F> <#{session_id} #{session_name}>
pid=27101 ppid=84903 AE_TMUX_SERVER=<unset> AE_TMUX_SERVER_KIND=<unset> argc=7 <-S> </private/tmp/aelx/T-100/t100-C-waiting-user/t/tmux-501/default> <set-option> <-t> <$0> <@ae_agents_status> <grok◌>
pid=27108 ppid=27107 AE_TMUX_SERVER=<unset> AE_TMUX_SERVER_KIND=<unset> argc=8 <-S> </private/tmp/aelx/T-100/t100-C-waiting-user/t/tmux-501/default> <list-panes> <-s> <-t> <t1> <-F> <#{pane_id}|#{window_id}|#{@ae_agent}>
pid=27112 ppid=84903 AE_TMUX_SERVER=<unset> AE_TMUX_SERVER_KIND=<unset> argc=8 <-S> </private/tmp/aelx/T-100/t100-C-waiting-user/t/tmux-501/default> <set-option> <-w> <-t> <@0> <@ae_window_status> <◌>
pid=27115 ppid=84903 AE_TMUX_SERVER=<unset> AE_TMUX_SERVER_KIND=<unset> argc=8 <-S> </private/tmp/aelx/T-100/t100-C-waiting-user/t/tmux-501/default> <set-option> <-w> <-t> <@1> <@ae_window_status> <>
pid=29174 ppid=84903 AE_TMUX_SERVER=<unset> AE_TMUX_SERVER_KIND=<unset> argc=5 <-S> </private/tmp/aelx/T-100/t100-C-waiting-user/t/tmux-501/default> <has-session> <-t> <t1>
pid=29184 ppid=84903 AE_TMUX_SERVER=<unset> AE_TMUX_SERVER_KIND=<unset> argc=8 <-S> </private/tmp/aelx/T-100/t100-C-waiting-user/t/tmux-501/default> <list-panes> <-s> <-t> <t1> <-F> <#{pane_id}|#{@ae_agent}|#{pane_current_command}|#{pane_pid}>
pid=29190 ppid=29187 AE_TMUX_SERVER=<unset> AE_TMUX_SERVER_KIND=<unset> argc=7 <-S> </private/tmp/aelx/T-100/t100-C-waiting-user/t/tmux-501/default> <display-message> <-p> <-t> <%0> <#{@ae_slot}>
pid=29199 ppid=29198 AE_TMUX_SERVER=<unset> AE_TMUX_SERVER_KIND=<unset> argc=11 <-S> </private/tmp/aelx/T-100/t100-C-waiting-user/t/tmux-501/default> <capture-pane> <-p> <-J> <-S> <-40> <-E> <-> <-t> <%0>
pid=29254 ppid=29252 AE_TMUX_SERVER=<unset> AE_TMUX_SERVER_KIND=<unset> argc=5 <-S> </private/tmp/aelx/T-100/t100-C-waiting-user/t/tmux-501/default> <list-sessions> <-F> <#{session_id} #{session_name}>
pid=29257 ppid=84903 AE_TMUX_SERVER=<unset> AE_TMUX_SERVER_KIND=<unset> argc=7 <-S> </private/tmp/aelx/T-100/t100-C-waiting-user/t/tmux-501/default> <set-option> <-t> <$0> <@ae_watchdog_status> <[watch ⚠ 0/1]>
pid=29276 ppid=29274 AE_TMUX_SERVER=<unset> AE_TMUX_SERVER_KIND=<unset> argc=5 <-S> </private/tmp/aelx/T-100/t100-C-waiting-user/t/tmux-501/default> <list-sessions> <-F> <#{session_id} #{session_name}>
pid=29279 ppid=29260 AE_TMUX_SERVER=<unset> AE_TMUX_SERVER_KIND=<unset> argc=7 <-S> </private/tmp/aelx/T-100/t100-C-waiting-user/t/tmux-501/default> <set-option> <-t> <$0> <@ae_branch_name> <main>
pid=29293 ppid=29291 AE_TMUX_SERVER=<unset> AE_TMUX_SERVER_KIND=<unset> argc=5 <-S> </private/tmp/aelx/T-100/t100-C-waiting-user/t/tmux-501/default> <list-sessions> <-F> <#{session_id} #{session_name}>
pid=29296 ppid=84903 AE_TMUX_SERVER=<unset> AE_TMUX_SERVER_KIND=<unset> argc=7 <-S> </private/tmp/aelx/T-100/t100-C-waiting-user/t/tmux-501/default> <set-option> <-t> <$0> <@ae_branch_status> < main>
pid=29311 ppid=29309 AE_TMUX_SERVER=<unset> AE_TMUX_SERVER_KIND=<unset> argc=5 <-S> </private/tmp/aelx/T-100/t100-C-waiting-user/t/tmux-501/default> <list-sessions> <-F> <#{session_id} #{session_name}>
pid=29314 ppid=84903 AE_TMUX_SERVER=<unset> AE_TMUX_SERVER_KIND=<unset> argc=7 <-S> </private/tmp/aelx/T-100/t100-C-waiting-user/t/tmux-501/default> <set-option> <-t> <$0> <@ae_agents_status> <grok◌>
pid=29321 ppid=29320 AE_TMUX_SERVER=<unset> AE_TMUX_SERVER_KIND=<unset> argc=8 <-S> </private/tmp/aelx/T-100/t100-C-waiting-user/t/tmux-501/default> <list-panes> <-s> <-t> <t1> <-F> <#{pane_id}|#{window_id}|#{@ae_agent}>
pid=29327 ppid=84903 AE_TMUX_SERVER=<unset> AE_TMUX_SERVER_KIND=<unset> argc=8 <-S> </private/tmp/aelx/T-100/t100-C-waiting-user/t/tmux-501/default> <set-option> <-w> <-t> <@0> <@ae_window_status> <◌>
pid=29330 ppid=84903 AE_TMUX_SERVER=<unset> AE_TMUX_SERVER_KIND=<unset> argc=8 <-S> </private/tmp/aelx/T-100/t100-C-waiting-user/t/tmux-501/default> <set-option> <-w> <-t> <@1> <@ae_window_status> <>
pid=31322 ppid=84903 AE_TMUX_SERVER=<unset> AE_TMUX_SERVER_KIND=<unset> argc=5 <-S> </private/tmp/aelx/T-100/t100-C-waiting-user/t/tmux-501/default> <has-session> <-t> <t1>
pid=31332 ppid=84903 AE_TMUX_SERVER=<unset> AE_TMUX_SERVER_KIND=<unset> argc=8 <-S> </private/tmp/aelx/T-100/t100-C-waiting-user/t/tmux-501/default> <list-panes> <-s> <-t> <t1> <-F> <#{pane_id}|#{@ae_agent}|#{pane_current_command}|#{pane_pid}>
pid=31338 ppid=31335 AE_TMUX_SERVER=<unset> AE_TMUX_SERVER_KIND=<unset> argc=7 <-S> </private/tmp/aelx/T-100/t100-C-waiting-user/t/tmux-501/default> <display-message> <-p> <-t> <%0> <#{@ae_slot}>
pid=31343 ppid=31342 AE_TMUX_SERVER=<unset> AE_TMUX_SERVER_KIND=<unset> argc=11 <-S> </private/tmp/aelx/T-100/t100-C-waiting-user/t/tmux-501/default> <capture-pane> <-p> <-J> <-S> <-40> <-E> <-> <-t> <%0>
pid=31395 ppid=31393 AE_TMUX_SERVER=<unset> AE_TMUX_SERVER_KIND=<unset> argc=5 <-S> </private/tmp/aelx/T-100/t100-C-waiting-user/t/tmux-501/default> <list-sessions> <-F> <#{session_id} #{session_name}>
pid=31398 ppid=84903 AE_TMUX_SERVER=<unset> AE_TMUX_SERVER_KIND=<unset> argc=7 <-S> </private/tmp/aelx/T-100/t100-C-waiting-user/t/tmux-501/default> <set-option> <-t> <$0> <@ae_watchdog_status> <[watch ⚠ 0/1]>
pid=31418 ppid=31416 AE_TMUX_SERVER=<unset> AE_TMUX_SERVER_KIND=<unset> argc=5 <-S> </private/tmp/aelx/T-100/t100-C-waiting-user/t/tmux-501/default> <list-sessions> <-F> <#{session_id} #{session_name}>
pid=31422 ppid=31401 AE_TMUX_SERVER=<unset> AE_TMUX_SERVER_KIND=<unset> argc=7 <-S> </private/tmp/aelx/T-100/t100-C-waiting-user/t/tmux-501/default> <set-option> <-t> <$0> <@ae_branch_name> <main>
pid=31435 ppid=31433 AE_TMUX_SERVER=<unset> AE_TMUX_SERVER_KIND=<unset> argc=5 <-S> </private/tmp/aelx/T-100/t100-C-waiting-user/t/tmux-501/default> <list-sessions> <-F> <#{session_id} #{session_name}>
pid=31438 ppid=84903 AE_TMUX_SERVER=<unset> AE_TMUX_SERVER_KIND=<unset> argc=7 <-S> </private/tmp/aelx/T-100/t100-C-waiting-user/t/tmux-501/default> <set-option> <-t> <$0> <@ae_branch_status> < main>
pid=31453 ppid=31451 AE_TMUX_SERVER=<unset> AE_TMUX_SERVER_KIND=<unset> argc=5 <-S> </private/tmp/aelx/T-100/t100-C-waiting-user/t/tmux-501/default> <list-sessions> <-F> <#{session_id} #{session_name}>
pid=31458 ppid=84903 AE_TMUX_SERVER=<unset> AE_TMUX_SERVER_KIND=<unset> argc=7 <-S> </private/tmp/aelx/T-100/t100-C-waiting-user/t/tmux-501/default> <set-option> <-t> <$0> <@ae_agents_status> <grok◌>
pid=31465 ppid=31464 AE_TMUX_SERVER=<unset> AE_TMUX_SERVER_KIND=<unset> argc=8 <-S> </private/tmp/aelx/T-100/t100-C-waiting-user/t/tmux-501/default> <list-panes> <-s> <-t> <t1> <-F> <#{pane_id}|#{window_id}|#{@ae_agent}>
pid=31469 ppid=84903 AE_TMUX_SERVER=<unset> AE_TMUX_SERVER_KIND=<unset> argc=8 <-S> </private/tmp/aelx/T-100/t100-C-waiting-user/t/tmux-501/default> <set-option> <-w> <-t> <@0> <@ae_window_status> <◌>
pid=31472 ppid=84903 AE_TMUX_SERVER=<unset> AE_TMUX_SERVER_KIND=<unset> argc=8 <-S> </private/tmp/aelx/T-100/t100-C-waiting-user/t/tmux-501/default> <set-option> <-w> <-t> <@1> <@ae_window_status> <>
pid=33692 ppid=84903 AE_TMUX_SERVER=<unset> AE_TMUX_SERVER_KIND=<unset> argc=5 <-S> </private/tmp/aelx/T-100/t100-C-waiting-user/t/tmux-501/default> <has-session> <-t> <t1>
pid=33704 ppid=84903 AE_TMUX_SERVER=<unset> AE_TMUX_SERVER_KIND=<unset> argc=8 <-S> </private/tmp/aelx/T-100/t100-C-waiting-user/t/tmux-501/default> <list-panes> <-s> <-t> <t1> <-F> <#{pane_id}|#{@ae_agent}|#{pane_current_command}|#{pane_pid}>
pid=33708 ppid=33707 AE_TMUX_SERVER=<unset> AE_TMUX_SERVER_KIND=<unset> argc=7 <-S> </private/tmp/aelx/T-100/t100-C-waiting-user/t/tmux-501/default> <display-message> <-p> <-t> <%0> <#{@ae_slot}>
pid=33714 ppid=33713 AE_TMUX_SERVER=<unset> AE_TMUX_SERVER_KIND=<unset> argc=11 <-S> </private/tmp/aelx/T-100/t100-C-waiting-user/t/tmux-501/default> <capture-pane> <-p> <-J> <-S> <-40> <-E> <-> <-t> <%0>
pid=33766 ppid=33764 AE_TMUX_SERVER=<unset> AE_TMUX_SERVER_KIND=<unset> argc=5 <-S> </private/tmp/aelx/T-100/t100-C-waiting-user/t/tmux-501/default> <list-sessions> <-F> <#{session_id} #{session_name}>
pid=33769 ppid=84903 AE_TMUX_SERVER=<unset> AE_TMUX_SERVER_KIND=<unset> argc=7 <-S> </private/tmp/aelx/T-100/t100-C-waiting-user/t/tmux-501/default> <set-option> <-t> <$0> <@ae_watchdog_status> <[watch ⚠ 0/1]>
pid=33790 ppid=33788 AE_TMUX_SERVER=<unset> AE_TMUX_SERVER_KIND=<unset> argc=5 <-S> </private/tmp/aelx/T-100/t100-C-waiting-user/t/tmux-501/default> <list-sessions> <-F> <#{session_id} #{session_name}>
pid=33793 ppid=33774 AE_TMUX_SERVER=<unset> AE_TMUX_SERVER_KIND=<unset> argc=7 <-S> </private/tmp/aelx/T-100/t100-C-waiting-user/t/tmux-501/default> <set-option> <-t> <$0> <@ae_branch_name> <main>
pid=33815 ppid=33813 AE_TMUX_SERVER=<unset> AE_TMUX_SERVER_KIND=<unset> argc=5 <-S> </private/tmp/aelx/T-100/t100-C-waiting-user/t/tmux-501/default> <list-sessions> <-F> <#{session_id} #{session_name}>
pid=33821 ppid=84903 AE_TMUX_SERVER=<unset> AE_TMUX_SERVER_KIND=<unset> argc=7 <-S> </private/tmp/aelx/T-100/t100-C-waiting-user/t/tmux-501/default> <set-option> <-t> <$0> <@ae_branch_status> < main>
pid=33849 ppid=33847 AE_TMUX_SERVER=<unset> AE_TMUX_SERVER_KIND=<unset> argc=5 <-S> </private/tmp/aelx/T-100/t100-C-waiting-user/t/tmux-501/default> <list-sessions> <-F> <#{session_id} #{session_name}>
pid=33859 ppid=84903 AE_TMUX_SERVER=<unset> AE_TMUX_SERVER_KIND=<unset> argc=7 <-S> </private/tmp/aelx/T-100/t100-C-waiting-user/t/tmux-501/default> <set-option> <-t> <$0> <@ae_agents_status> <grok◌>
pid=33877 ppid=33876 AE_TMUX_SERVER=<unset> AE_TMUX_SERVER_KIND=<unset> argc=8 <-S> </private/tmp/aelx/T-100/t100-C-waiting-user/t/tmux-501/default> <list-panes> <-s> <-t> <t1> <-F> <#{pane_id}|#{window_id}|#{@ae_agent}>
pid=33895 ppid=84903 AE_TMUX_SERVER=<unset> AE_TMUX_SERVER_KIND=<unset> argc=8 <-S> </private/tmp/aelx/T-100/t100-C-waiting-user/t/tmux-501/default> <set-option> <-w> <-t> <@0> <@ae_window_status> <◌>
pid=33900 ppid=84903 AE_TMUX_SERVER=<unset> AE_TMUX_SERVER_KIND=<unset> argc=8 <-S> </private/tmp/aelx/T-100/t100-C-waiting-user/t/tmux-501/default> <set-option> <-w> <-t> <@1> <@ae_window_status> <>
pid=34766 ppid=84903 AE_TMUX_SERVER=<unset> AE_TMUX_SERVER_KIND=<unset> argc=5 <-S> </private/tmp/aelx/T-100/t100-C-waiting-user/t/tmux-501/default> <has-session> <-t> <t1>
pid=34772 ppid=84903 AE_TMUX_SERVER=<unset> AE_TMUX_SERVER_KIND=<unset> argc=8 <-S> </private/tmp/aelx/T-100/t100-C-waiting-user/t/tmux-501/default> <list-panes> <-s> <-t> <t1> <-F> <#{pane_id}|#{@ae_agent}|#{pane_current_command}|#{pane_pid}>
pid=34774 ppid=34773 AE_TMUX_SERVER=<unset> AE_TMUX_SERVER_KIND=<unset> argc=7 <-S> </private/tmp/aelx/T-100/t100-C-waiting-user/t/tmux-501/default> <display-message> <-p> <-t> <%0> <#{@ae_slot}>
pid=34777 ppid=34776 AE_TMUX_SERVER=<unset> AE_TMUX_SERVER_KIND=<unset> argc=11 <-S> </private/tmp/aelx/T-100/t100-C-waiting-user/t/tmux-501/default> <capture-pane> <-p> <-J> <-S> <-40> <-E> <-> <-t> <%0>
pid=34820 ppid=34818 AE_TMUX_SERVER=<unset> AE_TMUX_SERVER_KIND=<unset> argc=5 <-S> </private/tmp/aelx/T-100/t100-C-waiting-user/t/tmux-501/default> <list-sessions> <-F> <#{session_id} #{session_name}>
pid=34822 ppid=84903 AE_TMUX_SERVER=<unset> AE_TMUX_SERVER_KIND=<unset> argc=7 <-S> </private/tmp/aelx/T-100/t100-C-waiting-user/t/tmux-501/default> <set-option> <-t> <$0> <@ae_watchdog_status> <[watch ⚠ 0/1]>
pid=34867 ppid=34865 AE_TMUX_SERVER=<unset> AE_TMUX_SERVER_KIND=<unset> argc=5 <-S> </private/tmp/aelx/T-100/t100-C-waiting-user/t/tmux-501/default> <list-sessions> <-F> <#{session_id} #{session_name}>
pid=34880 ppid=34835 AE_TMUX_SERVER=<unset> AE_TMUX_SERVER_KIND=<unset> argc=7 <-S> </private/tmp/aelx/T-100/t100-C-waiting-user/t/tmux-501/default> <set-option> <-t> <$0> <@ae_branch_name> <main>
pid=34917 ppid=34915 AE_TMUX_SERVER=<unset> AE_TMUX_SERVER_KIND=<unset> argc=5 <-S> </private/tmp/aelx/T-100/t100-C-waiting-user/t/tmux-501/default> <list-sessions> <-F> <#{session_id} #{session_name}>
pid=34938 ppid=84903 AE_TMUX_SERVER=<unset> AE_TMUX_SERVER_KIND=<unset> argc=7 <-S> </private/tmp/aelx/T-100/t100-C-waiting-user/t/tmux-501/default> <set-option> <-t> <$0> <@ae_branch_status> < main>
pid=34970 ppid=34968 AE_TMUX_SERVER=<unset> AE_TMUX_SERVER_KIND=<unset> argc=5 <-S> </private/tmp/aelx/T-100/t100-C-waiting-user/t/tmux-501/default> <list-sessions> <-F> <#{session_id} #{session_name}>
pid=34981 ppid=84903 AE_TMUX_SERVER=<unset> AE_TMUX_SERVER_KIND=<unset> argc=7 <-S> </private/tmp/aelx/T-100/t100-C-waiting-user/t/tmux-501/default> <set-option> <-t> <$0> <@ae_agents_status> <grok◌>
pid=34995 ppid=34994 AE_TMUX_SERVER=<unset> AE_TMUX_SERVER_KIND=<unset> argc=8 <-S> </private/tmp/aelx/T-100/t100-C-waiting-user/t/tmux-501/default> <list-panes> <-s> <-t> <t1> <-F> <#{pane_id}|#{window_id}|#{@ae_agent}>
pid=35006 ppid=84903 AE_TMUX_SERVER=<unset> AE_TMUX_SERVER_KIND=<unset> argc=8 <-S> </private/tmp/aelx/T-100/t100-C-waiting-user/t/tmux-501/default> <set-option> <-w> <-t> <@0> <@ae_window_status> <◌>
pid=35013 ppid=84903 AE_TMUX_SERVER=<unset> AE_TMUX_SERVER_KIND=<unset> argc=8 <-S> </private/tmp/aelx/T-100/t100-C-waiting-user/t/tmux-501/default> <set-option> <-w> <-t> <@1> <@ae_window_status> <>
pid=36170 ppid=84903 AE_TMUX_SERVER=<unset> AE_TMUX_SERVER_KIND=<unset> argc=5 <-S> </private/tmp/aelx/T-100/t100-C-waiting-user/t/tmux-501/default> <has-session> <-t> <t1>
pid=36183 ppid=84903 AE_TMUX_SERVER=<unset> AE_TMUX_SERVER_KIND=<unset> argc=8 <-S> </private/tmp/aelx/T-100/t100-C-waiting-user/t/tmux-501/default> <list-panes> <-s> <-t> <t1> <-F> <#{pane_id}|#{@ae_agent}|#{pane_current_command}|#{pane_pid}>
pid=36185 ppid=36184 AE_TMUX_SERVER=<unset> AE_TMUX_SERVER_KIND=<unset> argc=7 <-S> </private/tmp/aelx/T-100/t100-C-waiting-user/t/tmux-501/default> <display-message> <-p> <-t> <%0> <#{@ae_slot}>
pid=36188 ppid=36187 AE_TMUX_SERVER=<unset> AE_TMUX_SERVER_KIND=<unset> argc=11 <-S> </private/tmp/aelx/T-100/t100-C-waiting-user/t/tmux-501/default> <capture-pane> <-p> <-J> <-S> <-40> <-E> <-> <-t> <%0>
pid=36258 ppid=36255 AE_TMUX_SERVER=<unset> AE_TMUX_SERVER_KIND=<unset> argc=5 <-S> </private/tmp/aelx/T-100/t100-C-waiting-user/t/tmux-501/default> <list-sessions> <-F> <#{session_id} #{session_name}>
pid=36274 ppid=84903 AE_TMUX_SERVER=<unset> AE_TMUX_SERVER_KIND=<unset> argc=7 <-S> </private/tmp/aelx/T-100/t100-C-waiting-user/t/tmux-501/default> <set-option> <-t> <$0> <@ae_watchdog_status> <[watch ⚠ 0/1]>
pid=36301 ppid=36299 AE_TMUX_SERVER=<unset> AE_TMUX_SERVER_KIND=<unset> argc=5 <-S> </private/tmp/aelx/T-100/t100-C-waiting-user/t/tmux-501/default> <list-sessions> <-F> <#{session_id} #{session_name}>
pid=36309 ppid=36282 AE_TMUX_SERVER=<unset> AE_TMUX_SERVER_KIND=<unset> argc=7 <-S> </private/tmp/aelx/T-100/t100-C-waiting-user/t/tmux-501/default> <set-option> <-t> <$0> <@ae_branch_name> <main>
pid=36336 ppid=36331 AE_TMUX_SERVER=<unset> AE_TMUX_SERVER_KIND=<unset> argc=5 <-S> </private/tmp/aelx/T-100/t100-C-waiting-user/t/tmux-501/default> <list-sessions> <-F> <#{session_id} #{session_name}>
pid=36355 ppid=84903 AE_TMUX_SERVER=<unset> AE_TMUX_SERVER_KIND=<unset> argc=7 <-S> </private/tmp/aelx/T-100/t100-C-waiting-user/t/tmux-501/default> <set-option> <-t> <$0> <@ae_branch_status> < main>
pid=36381 ppid=36378 AE_TMUX_SERVER=<unset> AE_TMUX_SERVER_KIND=<unset> argc=5 <-S> </private/tmp/aelx/T-100/t100-C-waiting-user/t/tmux-501/default> <list-sessions> <-F> <#{session_id} #{session_name}>
pid=36392 ppid=84903 AE_TMUX_SERVER=<unset> AE_TMUX_SERVER_KIND=<unset> argc=7 <-S> </private/tmp/aelx/T-100/t100-C-waiting-user/t/tmux-501/default> <set-option> <-t> <$0> <@ae_agents_status> <grok◌>
pid=36404 ppid=36403 AE_TMUX_SERVER=<unset> AE_TMUX_SERVER_KIND=<unset> argc=8 <-S> </private/tmp/aelx/T-100/t100-C-waiting-user/t/tmux-501/default> <list-panes> <-s> <-t> <t1> <-F> <#{pane_id}|#{window_id}|#{@ae_agent}>
pid=36407 ppid=84903 AE_TMUX_SERVER=<unset> AE_TMUX_SERVER_KIND=<unset> argc=8 <-S> </private/tmp/aelx/T-100/t100-C-waiting-user/t/tmux-501/default> <set-option> <-w> <-t> <@0> <@ae_window_status> <◌>
pid=36408 ppid=84903 AE_TMUX_SERVER=<unset> AE_TMUX_SERVER_KIND=<unset> argc=8 <-S> </private/tmp/aelx/T-100/t100-C-waiting-user/t/tmux-501/default> <set-option> <-w> <-t> <@1> <@ae_window_status> <>
pid=36998 ppid=84903 AE_TMUX_SERVER=<unset> AE_TMUX_SERVER_KIND=<unset> argc=5 <-S> </private/tmp/aelx/T-100/t100-C-waiting-user/t/tmux-501/default> <has-session> <-t> <t1>
pid=37005 ppid=84903 AE_TMUX_SERVER=<unset> AE_TMUX_SERVER_KIND=<unset> argc=8 <-S> </private/tmp/aelx/T-100/t100-C-waiting-user/t/tmux-501/default> <list-panes> <-s> <-t> <t1> <-F> <#{pane_id}|#{@ae_agent}|#{pane_current_command}|#{pane_pid}>
pid=37007 ppid=37006 AE_TMUX_SERVER=<unset> AE_TMUX_SERVER_KIND=<unset> argc=7 <-S> </private/tmp/aelx/T-100/t100-C-waiting-user/t/tmux-501/default> <display-message> <-p> <-t> <%0> <#{@ae_slot}>
pid=37010 ppid=37009 AE_TMUX_SERVER=<unset> AE_TMUX_SERVER_KIND=<unset> argc=11 <-S> </private/tmp/aelx/T-100/t100-C-waiting-user/t/tmux-501/default> <capture-pane> <-p> <-J> <-S> <-40> <-E> <-> <-t> <%0>
pid=37046 ppid=37044 AE_TMUX_SERVER=<unset> AE_TMUX_SERVER_KIND=<unset> argc=5 <-S> </private/tmp/aelx/T-100/t100-C-waiting-user/t/tmux-501/default> <list-sessions> <-F> <#{session_id} #{session_name}>
pid=37047 ppid=84903 AE_TMUX_SERVER=<unset> AE_TMUX_SERVER_KIND=<unset> argc=7 <-S> </private/tmp/aelx/T-100/t100-C-waiting-user/t/tmux-501/default> <set-option> <-t> <$0> <@ae_watchdog_status> <[watch ⚠ 0/1]>
pid=37066 ppid=37064 AE_TMUX_SERVER=<unset> AE_TMUX_SERVER_KIND=<unset> argc=5 <-S> </private/tmp/aelx/T-100/t100-C-waiting-user/t/tmux-501/default> <list-sessions> <-F> <#{session_id} #{session_name}>
pid=37083 ppid=37048 AE_TMUX_SERVER=<unset> AE_TMUX_SERVER_KIND=<unset> argc=7 <-S> </private/tmp/aelx/T-100/t100-C-waiting-user/t/tmux-501/default> <set-option> <-t> <$0> <@ae_branch_name> <main>
pid=37116 ppid=37113 AE_TMUX_SERVER=<unset> AE_TMUX_SERVER_KIND=<unset> argc=5 <-S> </private/tmp/aelx/T-100/t100-C-waiting-user/t/tmux-501/default> <list-sessions> <-F> <#{session_id} #{session_name}>
pid=37140 ppid=84903 AE_TMUX_SERVER=<unset> AE_TMUX_SERVER_KIND=<unset> argc=7 <-S> </private/tmp/aelx/T-100/t100-C-waiting-user/t/tmux-501/default> <set-option> <-t> <$0> <@ae_branch_status> < main>
pid=37176 ppid=37173 AE_TMUX_SERVER=<unset> AE_TMUX_SERVER_KIND=<unset> argc=5 <-S> </private/tmp/aelx/T-100/t100-C-waiting-user/t/tmux-501/default> <list-sessions> <-F> <#{session_id} #{session_name}>
pid=37196 ppid=84903 AE_TMUX_SERVER=<unset> AE_TMUX_SERVER_KIND=<unset> argc=7 <-S> </private/tmp/aelx/T-100/t100-C-waiting-user/t/tmux-501/default> <set-option> <-t> <$0> <@ae_agents_status> <grok◌>
pid=37214 ppid=37212 AE_TMUX_SERVER=<unset> AE_TMUX_SERVER_KIND=<unset> argc=8 <-S> </private/tmp/aelx/T-100/t100-C-waiting-user/t/tmux-501/default> <list-panes> <-s> <-t> <t1> <-F> <#{pane_id}|#{window_id}|#{@ae_agent}>
pid=37227 ppid=84903 AE_TMUX_SERVER=<unset> AE_TMUX_SERVER_KIND=<unset> argc=8 <-S> </private/tmp/aelx/T-100/t100-C-waiting-user/t/tmux-501/default> <set-option> <-w> <-t> <@0> <@ae_window_status> <◌>
pid=37238 ppid=84903 AE_TMUX_SERVER=<unset> AE_TMUX_SERVER_KIND=<unset> argc=8 <-S> </private/tmp/aelx/T-100/t100-C-waiting-user/t/tmux-501/default> <set-option> <-w> <-t> <@1> <@ae_window_status> <>
pid=38875 ppid=84903 AE_TMUX_SERVER=<unset> AE_TMUX_SERVER_KIND=<unset> argc=5 <-S> </private/tmp/aelx/T-100/t100-C-waiting-user/t/tmux-501/default> <has-session> <-t> <t1>
pid=38884 ppid=84903 AE_TMUX_SERVER=<unset> AE_TMUX_SERVER_KIND=<unset> argc=8 <-S> </private/tmp/aelx/T-100/t100-C-waiting-user/t/tmux-501/default> <list-panes> <-s> <-t> <t1> <-F> <#{pane_id}|#{@ae_agent}|#{pane_current_command}|#{pane_pid}>
pid=38887 ppid=38886 AE_TMUX_SERVER=<unset> AE_TMUX_SERVER_KIND=<unset> argc=7 <-S> </private/tmp/aelx/T-100/t100-C-waiting-user/t/tmux-501/default> <display-message> <-p> <-t> <%0> <#{@ae_slot}>
pid=38892 ppid=38891 AE_TMUX_SERVER=<unset> AE_TMUX_SERVER_KIND=<unset> argc=11 <-S> </private/tmp/aelx/T-100/t100-C-waiting-user/t/tmux-501/default> <capture-pane> <-p> <-J> <-S> <-40> <-E> <-> <-t> <%0>
pid=38936 ppid=38934 AE_TMUX_SERVER=<unset> AE_TMUX_SERVER_KIND=<unset> argc=5 <-S> </private/tmp/aelx/T-100/t100-C-waiting-user/t/tmux-501/default> <list-sessions> <-F> <#{session_id} #{session_name}>
pid=38938 ppid=84903 AE_TMUX_SERVER=<unset> AE_TMUX_SERVER_KIND=<unset> argc=7 <-S> </private/tmp/aelx/T-100/t100-C-waiting-user/t/tmux-501/default> <set-option> <-t> <$0> <@ae_watchdog_status> <[watch ⚠ 0/1]>
pid=38955 ppid=38953 AE_TMUX_SERVER=<unset> AE_TMUX_SERVER_KIND=<unset> argc=5 <-S> </private/tmp/aelx/T-100/t100-C-waiting-user/t/tmux-501/default> <list-sessions> <-F> <#{session_id} #{session_name}>
pid=38957 ppid=38941 AE_TMUX_SERVER=<unset> AE_TMUX_SERVER_KIND=<unset> argc=7 <-S> </private/tmp/aelx/T-100/t100-C-waiting-user/t/tmux-501/default> <set-option> <-t> <$0> <@ae_branch_name> <main>
pid=38968 ppid=38966 AE_TMUX_SERVER=<unset> AE_TMUX_SERVER_KIND=<unset> argc=5 <-S> </private/tmp/aelx/T-100/t100-C-waiting-user/t/tmux-501/default> <list-sessions> <-F> <#{session_id} #{session_name}>
pid=38970 ppid=84903 AE_TMUX_SERVER=<unset> AE_TMUX_SERVER_KIND=<unset> argc=7 <-S> </private/tmp/aelx/T-100/t100-C-waiting-user/t/tmux-501/default> <set-option> <-t> <$0> <@ae_branch_status> < main>
pid=38983 ppid=38981 AE_TMUX_SERVER=<unset> AE_TMUX_SERVER_KIND=<unset> argc=5 <-S> </private/tmp/aelx/T-100/t100-C-waiting-user/t/tmux-501/default> <list-sessions> <-F> <#{session_id} #{session_name}>
pid=38986 ppid=84903 AE_TMUX_SERVER=<unset> AE_TMUX_SERVER_KIND=<unset> argc=7 <-S> </private/tmp/aelx/T-100/t100-C-waiting-user/t/tmux-501/default> <set-option> <-t> <$0> <@ae_agents_status> <grok◌>
pid=38994 ppid=38993 AE_TMUX_SERVER=<unset> AE_TMUX_SERVER_KIND=<unset> argc=8 <-S> </private/tmp/aelx/T-100/t100-C-waiting-user/t/tmux-501/default> <list-panes> <-s> <-t> <t1> <-F> <#{pane_id}|#{window_id}|#{@ae_agent}>
pid=38999 ppid=84903 AE_TMUX_SERVER=<unset> AE_TMUX_SERVER_KIND=<unset> argc=8 <-S> </private/tmp/aelx/T-100/t100-C-waiting-user/t/tmux-501/default> <set-option> <-w> <-t> <@0> <@ae_window_status> <◌>
pid=39001 ppid=84903 AE_TMUX_SERVER=<unset> AE_TMUX_SERVER_KIND=<unset> argc=8 <-S> </private/tmp/aelx/T-100/t100-C-waiting-user/t/tmux-501/default> <set-option> <-w> <-t> <@1> <@ae_window_status> <>
pid=40417 ppid=84903 AE_TMUX_SERVER=<unset> AE_TMUX_SERVER_KIND=<unset> argc=5 <-S> </private/tmp/aelx/T-100/t100-C-waiting-user/t/tmux-501/default> <has-session> <-t> <t1>
pid=40425 ppid=84903 AE_TMUX_SERVER=<unset> AE_TMUX_SERVER_KIND=<unset> argc=8 <-S> </private/tmp/aelx/T-100/t100-C-waiting-user/t/tmux-501/default> <list-panes> <-s> <-t> <t1> <-F> <#{pane_id}|#{@ae_agent}|#{pane_current_command}|#{pane_pid}>
pid=40429 ppid=40428 AE_TMUX_SERVER=<unset> AE_TMUX_SERVER_KIND=<unset> argc=7 <-S> </private/tmp/aelx/T-100/t100-C-waiting-user/t/tmux-501/default> <display-message> <-p> <-t> <%0> <#{@ae_slot}>
pid=40433 ppid=40432 AE_TMUX_SERVER=<unset> AE_TMUX_SERVER_KIND=<unset> argc=11 <-S> </private/tmp/aelx/T-100/t100-C-waiting-user/t/tmux-501/default> <capture-pane> <-p> <-J> <-S> <-40> <-E> <-> <-t> <%0>
pid=40480 ppid=40478 AE_TMUX_SERVER=<unset> AE_TMUX_SERVER_KIND=<unset> argc=5 <-S> </private/tmp/aelx/T-100/t100-C-waiting-user/t/tmux-501/default> <list-sessions> <-F> <#{session_id} #{session_name}>
pid=40483 ppid=84903 AE_TMUX_SERVER=<unset> AE_TMUX_SERVER_KIND=<unset> argc=7 <-S> </private/tmp/aelx/T-100/t100-C-waiting-user/t/tmux-501/default> <set-option> <-t> <$0> <@ae_watchdog_status> <[watch ⚠ 0/1]>
pid=40500 ppid=40498 AE_TMUX_SERVER=<unset> AE_TMUX_SERVER_KIND=<unset> argc=5 <-S> </private/tmp/aelx/T-100/t100-C-waiting-user/t/tmux-501/default> <list-sessions> <-F> <#{session_id} #{session_name}>
pid=40503 ppid=40485 AE_TMUX_SERVER=<unset> AE_TMUX_SERVER_KIND=<unset> argc=7 <-S> </private/tmp/aelx/T-100/t100-C-waiting-user/t/tmux-501/default> <set-option> <-t> <$0> <@ae_branch_name> <main>
pid=40515 ppid=40512 AE_TMUX_SERVER=<unset> AE_TMUX_SERVER_KIND=<unset> argc=5 <-S> </private/tmp/aelx/T-100/t100-C-waiting-user/t/tmux-501/default> <list-sessions> <-F> <#{session_id} #{session_name}>
pid=40517 ppid=84903 AE_TMUX_SERVER=<unset> AE_TMUX_SERVER_KIND=<unset> argc=7 <-S> </private/tmp/aelx/T-100/t100-C-waiting-user/t/tmux-501/default> <set-option> <-t> <$0> <@ae_branch_status> < main>
pid=40531 ppid=40529 AE_TMUX_SERVER=<unset> AE_TMUX_SERVER_KIND=<unset> argc=5 <-S> </private/tmp/aelx/T-100/t100-C-waiting-user/t/tmux-501/default> <list-sessions> <-F> <#{session_id} #{session_name}>
pid=40534 ppid=84903 AE_TMUX_SERVER=<unset> AE_TMUX_SERVER_KIND=<unset> argc=7 <-S> </private/tmp/aelx/T-100/t100-C-waiting-user/t/tmux-501/default> <set-option> <-t> <$0> <@ae_agents_status> <grok◌>
pid=40540 ppid=40539 AE_TMUX_SERVER=<unset> AE_TMUX_SERVER_KIND=<unset> argc=8 <-S> </private/tmp/aelx/T-100/t100-C-waiting-user/t/tmux-501/default> <list-panes> <-s> <-t> <t1> <-F> <#{pane_id}|#{window_id}|#{@ae_agent}>
pid=40543 ppid=84903 AE_TMUX_SERVER=<unset> AE_TMUX_SERVER_KIND=<unset> argc=8 <-S> </private/tmp/aelx/T-100/t100-C-waiting-user/t/tmux-501/default> <set-option> <-w> <-t> <@0> <@ae_window_status> <◌>
pid=40546 ppid=84903 AE_TMUX_SERVER=<unset> AE_TMUX_SERVER_KIND=<unset> argc=8 <-S> </private/tmp/aelx/T-100/t100-C-waiting-user/t/tmux-501/default> <set-option> <-w> <-t> <@1> <@ae_window_status> <>
pid=41997 ppid=84903 AE_TMUX_SERVER=<unset> AE_TMUX_SERVER_KIND=<unset> argc=5 <-S> </private/tmp/aelx/T-100/t100-C-waiting-user/t/tmux-501/default> <has-session> <-t> <t1>
pid=42005 ppid=84903 AE_TMUX_SERVER=<unset> AE_TMUX_SERVER_KIND=<unset> argc=8 <-S> </private/tmp/aelx/T-100/t100-C-waiting-user/t/tmux-501/default> <list-panes> <-s> <-t> <t1> <-F> <#{pane_id}|#{@ae_agent}|#{pane_current_command}|#{pane_pid}>
pid=42009 ppid=42008 AE_TMUX_SERVER=<unset> AE_TMUX_SERVER_KIND=<unset> argc=7 <-S> </private/tmp/aelx/T-100/t100-C-waiting-user/t/tmux-501/default> <display-message> <-p> <-t> <%0> <#{@ae_slot}>
pid=42013 ppid=42012 AE_TMUX_SERVER=<unset> AE_TMUX_SERVER_KIND=<unset> argc=11 <-S> </private/tmp/aelx/T-100/t100-C-waiting-user/t/tmux-501/default> <capture-pane> <-p> <-J> <-S> <-40> <-E> <-> <-t> <%0>
pid=42062 ppid=42060 AE_TMUX_SERVER=<unset> AE_TMUX_SERVER_KIND=<unset> argc=5 <-S> </private/tmp/aelx/T-100/t100-C-waiting-user/t/tmux-501/default> <list-sessions> <-F> <#{session_id} #{session_name}>
pid=42065 ppid=84903 AE_TMUX_SERVER=<unset> AE_TMUX_SERVER_KIND=<unset> argc=7 <-S> </private/tmp/aelx/T-100/t100-C-waiting-user/t/tmux-501/default> <set-option> <-t> <$0> <@ae_watchdog_status> <[watch ⚠ 0/1]>
pid=42083 ppid=42081 AE_TMUX_SERVER=<unset> AE_TMUX_SERVER_KIND=<unset> argc=5 <-S> </private/tmp/aelx/T-100/t100-C-waiting-user/t/tmux-501/default> <list-sessions> <-F> <#{session_id} #{session_name}>
pid=42086 ppid=42067 AE_TMUX_SERVER=<unset> AE_TMUX_SERVER_KIND=<unset> argc=7 <-S> </private/tmp/aelx/T-100/t100-C-waiting-user/t/tmux-501/default> <set-option> <-t> <$0> <@ae_branch_name> <main>
pid=42096 ppid=42094 AE_TMUX_SERVER=<unset> AE_TMUX_SERVER_KIND=<unset> argc=5 <-S> </private/tmp/aelx/T-100/t100-C-waiting-user/t/tmux-501/default> <list-sessions> <-F> <#{session_id} #{session_name}>
pid=42099 ppid=84903 AE_TMUX_SERVER=<unset> AE_TMUX_SERVER_KIND=<unset> argc=7 <-S> </private/tmp/aelx/T-100/t100-C-waiting-user/t/tmux-501/default> <set-option> <-t> <$0> <@ae_branch_status> < main>
pid=42112 ppid=42110 AE_TMUX_SERVER=<unset> AE_TMUX_SERVER_KIND=<unset> argc=5 <-S> </private/tmp/aelx/T-100/t100-C-waiting-user/t/tmux-501/default> <list-sessions> <-F> <#{session_id} #{session_name}>
pid=42114 ppid=84903 AE_TMUX_SERVER=<unset> AE_TMUX_SERVER_KIND=<unset> argc=7 <-S> </private/tmp/aelx/T-100/t100-C-waiting-user/t/tmux-501/default> <set-option> <-t> <$0> <@ae_agents_status> <grok◌>
pid=42121 ppid=42120 AE_TMUX_SERVER=<unset> AE_TMUX_SERVER_KIND=<unset> argc=8 <-S> </private/tmp/aelx/T-100/t100-C-waiting-user/t/tmux-501/default> <list-panes> <-s> <-t> <t1> <-F> <#{pane_id}|#{window_id}|#{@ae_agent}>
pid=42124 ppid=84903 AE_TMUX_SERVER=<unset> AE_TMUX_SERVER_KIND=<unset> argc=8 <-S> </private/tmp/aelx/T-100/t100-C-waiting-user/t/tmux-501/default> <set-option> <-w> <-t> <@0> <@ae_window_status> <◌>
pid=42127 ppid=84903 AE_TMUX_SERVER=<unset> AE_TMUX_SERVER_KIND=<unset> argc=8 <-S> </private/tmp/aelx/T-100/t100-C-waiting-user/t/tmux-501/default> <set-option> <-w> <-t> <@1> <@ae_window_status> <>
pid=43603 ppid=84903 AE_TMUX_SERVER=<unset> AE_TMUX_SERVER_KIND=<unset> argc=5 <-S> </private/tmp/aelx/T-100/t100-C-waiting-user/t/tmux-501/default> <has-session> <-t> <t1>
pid=43614 ppid=84903 AE_TMUX_SERVER=<unset> AE_TMUX_SERVER_KIND=<unset> argc=8 <-S> </private/tmp/aelx/T-100/t100-C-waiting-user/t/tmux-501/default> <list-panes> <-s> <-t> <t1> <-F> <#{pane_id}|#{@ae_agent}|#{pane_current_command}|#{pane_pid}>
pid=43617 ppid=43616 AE_TMUX_SERVER=<unset> AE_TMUX_SERVER_KIND=<unset> argc=7 <-S> </private/tmp/aelx/T-100/t100-C-waiting-user/t/tmux-501/default> <display-message> <-p> <-t> <%0> <#{@ae_slot}>
pid=43623 ppid=43622 AE_TMUX_SERVER=<unset> AE_TMUX_SERVER_KIND=<unset> argc=11 <-S> </private/tmp/aelx/T-100/t100-C-waiting-user/t/tmux-501/default> <capture-pane> <-p> <-J> <-S> <-40> <-E> <-> <-t> <%0>
pid=43667 ppid=43665 AE_TMUX_SERVER=<unset> AE_TMUX_SERVER_KIND=<unset> argc=5 <-S> </private/tmp/aelx/T-100/t100-C-waiting-user/t/tmux-501/default> <list-sessions> <-F> <#{session_id} #{session_name}>
pid=43672 ppid=84903 AE_TMUX_SERVER=<unset> AE_TMUX_SERVER_KIND=<unset> argc=7 <-S> </private/tmp/aelx/T-100/t100-C-waiting-user/t/tmux-501/default> <set-option> <-t> <$0> <@ae_watchdog_status> <[watch ⚠ 0/1]>
pid=43691 ppid=43689 AE_TMUX_SERVER=<unset> AE_TMUX_SERVER_KIND=<unset> argc=5 <-S> </private/tmp/aelx/T-100/t100-C-waiting-user/t/tmux-501/default> <list-sessions> <-F> <#{session_id} #{session_name}>
pid=43694 ppid=43676 AE_TMUX_SERVER=<unset> AE_TMUX_SERVER_KIND=<unset> argc=7 <-S> </private/tmp/aelx/T-100/t100-C-waiting-user/t/tmux-501/default> <set-option> <-t> <$0> <@ae_branch_name> <main>
pid=43705 ppid=43703 AE_TMUX_SERVER=<unset> AE_TMUX_SERVER_KIND=<unset> argc=5 <-S> </private/tmp/aelx/T-100/t100-C-waiting-user/t/tmux-501/default> <list-sessions> <-F> <#{session_id} #{session_name}>
pid=43707 ppid=84903 AE_TMUX_SERVER=<unset> AE_TMUX_SERVER_KIND=<unset> argc=7 <-S> </private/tmp/aelx/T-100/t100-C-waiting-user/t/tmux-501/default> <set-option> <-t> <$0> <@ae_branch_status> < main>
pid=43720 ppid=43718 AE_TMUX_SERVER=<unset> AE_TMUX_SERVER_KIND=<unset> argc=5 <-S> </private/tmp/aelx/T-100/t100-C-waiting-user/t/tmux-501/default> <list-sessions> <-F> <#{session_id} #{session_name}>
pid=43724 ppid=84903 AE_TMUX_SERVER=<unset> AE_TMUX_SERVER_KIND=<unset> argc=7 <-S> </private/tmp/aelx/T-100/t100-C-waiting-user/t/tmux-501/default> <set-option> <-t> <$0> <@ae_agents_status> <grok◌>
pid=43730 ppid=43729 AE_TMUX_SERVER=<unset> AE_TMUX_SERVER_KIND=<unset> argc=8 <-S> </private/tmp/aelx/T-100/t100-C-waiting-user/t/tmux-501/default> <list-panes> <-s> <-t> <t1> <-F> <#{pane_id}|#{window_id}|#{@ae_agent}>
pid=43738 ppid=84903 AE_TMUX_SERVER=<unset> AE_TMUX_SERVER_KIND=<unset> argc=8 <-S> </private/tmp/aelx/T-100/t100-C-waiting-user/t/tmux-501/default> <set-option> <-w> <-t> <@0> <@ae_window_status> <◌>
pid=43740 ppid=84903 AE_TMUX_SERVER=<unset> AE_TMUX_SERVER_KIND=<unset> argc=8 <-S> </private/tmp/aelx/T-100/t100-C-waiting-user/t/tmux-501/default> <set-option> <-w> <-t> <@1> <@ae_window_status> <>
pid=45090 ppid=84903 AE_TMUX_SERVER=<unset> AE_TMUX_SERVER_KIND=<unset> argc=5 <-S> </private/tmp/aelx/T-100/t100-C-waiting-user/t/tmux-501/default> <has-session> <-t> <t1>
pid=45098 ppid=84903 AE_TMUX_SERVER=<unset> AE_TMUX_SERVER_KIND=<unset> argc=8 <-S> </private/tmp/aelx/T-100/t100-C-waiting-user/t/tmux-501/default> <list-panes> <-s> <-t> <t1> <-F> <#{pane_id}|#{@ae_agent}|#{pane_current_command}|#{pane_pid}>
pid=45102 ppid=45101 AE_TMUX_SERVER=<unset> AE_TMUX_SERVER_KIND=<unset> argc=7 <-S> </private/tmp/aelx/T-100/t100-C-waiting-user/t/tmux-501/default> <display-message> <-p> <-t> <%0> <#{@ae_slot}>
pid=45107 ppid=45106 AE_TMUX_SERVER=<unset> AE_TMUX_SERVER_KIND=<unset> argc=11 <-S> </private/tmp/aelx/T-100/t100-C-waiting-user/t/tmux-501/default> <capture-pane> <-p> <-J> <-S> <-40> <-E> <-> <-t> <%0>
pid=45151 ppid=45149 AE_TMUX_SERVER=<unset> AE_TMUX_SERVER_KIND=<unset> argc=5 <-S> </private/tmp/aelx/T-100/t100-C-waiting-user/t/tmux-501/default> <list-sessions> <-F> <#{session_id} #{session_name}>
pid=45154 ppid=84903 AE_TMUX_SERVER=<unset> AE_TMUX_SERVER_KIND=<unset> argc=7 <-S> </private/tmp/aelx/T-100/t100-C-waiting-user/t/tmux-501/default> <set-option> <-t> <$0> <@ae_watchdog_status> <[watch ⚠ 0/1]>
pid=45171 ppid=45169 AE_TMUX_SERVER=<unset> AE_TMUX_SERVER_KIND=<unset> argc=5 <-S> </private/tmp/aelx/T-100/t100-C-waiting-user/t/tmux-501/default> <list-sessions> <-F> <#{session_id} #{session_name}>
pid=45173 ppid=45157 AE_TMUX_SERVER=<unset> AE_TMUX_SERVER_KIND=<unset> argc=7 <-S> </private/tmp/aelx/T-100/t100-C-waiting-user/t/tmux-501/default> <set-option> <-t> <$0> <@ae_branch_name> <main>
pid=45184 ppid=45182 AE_TMUX_SERVER=<unset> AE_TMUX_SERVER_KIND=<unset> argc=5 <-S> </private/tmp/aelx/T-100/t100-C-waiting-user/t/tmux-501/default> <list-sessions> <-F> <#{session_id} #{session_name}>
pid=45187 ppid=84903 AE_TMUX_SERVER=<unset> AE_TMUX_SERVER_KIND=<unset> argc=7 <-S> </private/tmp/aelx/T-100/t100-C-waiting-user/t/tmux-501/default> <set-option> <-t> <$0> <@ae_branch_status> < main>
pid=45203 ppid=45201 AE_TMUX_SERVER=<unset> AE_TMUX_SERVER_KIND=<unset> argc=5 <-S> </private/tmp/aelx/T-100/t100-C-waiting-user/t/tmux-501/default> <list-sessions> <-F> <#{session_id} #{session_name}>
pid=45206 ppid=84903 AE_TMUX_SERVER=<unset> AE_TMUX_SERVER_KIND=<unset> argc=7 <-S> </private/tmp/aelx/T-100/t100-C-waiting-user/t/tmux-501/default> <set-option> <-t> <$0> <@ae_agents_status> <grok◌>
pid=45212 ppid=45211 AE_TMUX_SERVER=<unset> AE_TMUX_SERVER_KIND=<unset> argc=8 <-S> </private/tmp/aelx/T-100/t100-C-waiting-user/t/tmux-501/default> <list-panes> <-s> <-t> <t1> <-F> <#{pane_id}|#{window_id}|#{@ae_agent}>
pid=45216 ppid=84903 AE_TMUX_SERVER=<unset> AE_TMUX_SERVER_KIND=<unset> argc=8 <-S> </private/tmp/aelx/T-100/t100-C-waiting-user/t/tmux-501/default> <set-option> <-w> <-t> <@0> <@ae_window_status> <◌>
pid=45218 ppid=84903 AE_TMUX_SERVER=<unset> AE_TMUX_SERVER_KIND=<unset> argc=8 <-S> </private/tmp/aelx/T-100/t100-C-waiting-user/t/tmux-501/default> <set-option> <-w> <-t> <@1> <@ae_window_status> <>
pid=46783 ppid=84903 AE_TMUX_SERVER=<unset> AE_TMUX_SERVER_KIND=<unset> argc=5 <-S> </private/tmp/aelx/T-100/t100-C-waiting-user/t/tmux-501/default> <has-session> <-t> <t1>
pid=46795 ppid=84903 AE_TMUX_SERVER=<unset> AE_TMUX_SERVER_KIND=<unset> argc=8 <-S> </private/tmp/aelx/T-100/t100-C-waiting-user/t/tmux-501/default> <list-panes> <-s> <-t> <t1> <-F> <#{pane_id}|#{@ae_agent}|#{pane_current_command}|#{pane_pid}>
pid=46799 ppid=46798 AE_TMUX_SERVER=<unset> AE_TMUX_SERVER_KIND=<unset> argc=7 <-S> </private/tmp/aelx/T-100/t100-C-waiting-user/t/tmux-501/default> <display-message> <-p> <-t> <%0> <#{@ae_slot}>
pid=46803 ppid=46802 AE_TMUX_SERVER=<unset> AE_TMUX_SERVER_KIND=<unset> argc=11 <-S> </private/tmp/aelx/T-100/t100-C-waiting-user/t/tmux-501/default> <capture-pane> <-p> <-J> <-S> <-40> <-E> <-> <-t> <%0>
pid=46858 ppid=46856 AE_TMUX_SERVER=<unset> AE_TMUX_SERVER_KIND=<unset> argc=5 <-S> </private/tmp/aelx/T-100/t100-C-waiting-user/t/tmux-501/default> <list-sessions> <-F> <#{session_id} #{session_name}>
pid=46861 ppid=84903 AE_TMUX_SERVER=<unset> AE_TMUX_SERVER_KIND=<unset> argc=7 <-S> </private/tmp/aelx/T-100/t100-C-waiting-user/t/tmux-501/default> <set-option> <-t> <$0> <@ae_watchdog_status> <[watch ⚠ 0/1]>
pid=46877 ppid=46875 AE_TMUX_SERVER=<unset> AE_TMUX_SERVER_KIND=<unset> argc=5 <-S> </private/tmp/aelx/T-100/t100-C-waiting-user/t/tmux-501/default> <list-sessions> <-F> <#{session_id} #{session_name}>
pid=46880 ppid=46863 AE_TMUX_SERVER=<unset> AE_TMUX_SERVER_KIND=<unset> argc=7 <-S> </private/tmp/aelx/T-100/t100-C-waiting-user/t/tmux-501/default> <set-option> <-t> <$0> <@ae_branch_name> <main>
pid=46890 ppid=46888 AE_TMUX_SERVER=<unset> AE_TMUX_SERVER_KIND=<unset> argc=5 <-S> </private/tmp/aelx/T-100/t100-C-waiting-user/t/tmux-501/default> <list-sessions> <-F> <#{session_id} #{session_name}>
pid=46892 ppid=84903 AE_TMUX_SERVER=<unset> AE_TMUX_SERVER_KIND=<unset> argc=7 <-S> </private/tmp/aelx/T-100/t100-C-waiting-user/t/tmux-501/default> <set-option> <-t> <$0> <@ae_branch_status> < main>
pid=46905 ppid=46903 AE_TMUX_SERVER=<unset> AE_TMUX_SERVER_KIND=<unset> argc=5 <-S> </private/tmp/aelx/T-100/t100-C-waiting-user/t/tmux-501/default> <list-sessions> <-F> <#{session_id} #{session_name}>
pid=46908 ppid=84903 AE_TMUX_SERVER=<unset> AE_TMUX_SERVER_KIND=<unset> argc=7 <-S> </private/tmp/aelx/T-100/t100-C-waiting-user/t/tmux-501/default> <set-option> <-t> <$0> <@ae_agents_status> <grok◌>
pid=46915 ppid=46914 AE_TMUX_SERVER=<unset> AE_TMUX_SERVER_KIND=<unset> argc=8 <-S> </private/tmp/aelx/T-100/t100-C-waiting-user/t/tmux-501/default> <list-panes> <-s> <-t> <t1> <-F> <#{pane_id}|#{window_id}|#{@ae_agent}>
pid=46935 ppid=84903 AE_TMUX_SERVER=<unset> AE_TMUX_SERVER_KIND=<unset> argc=8 <-S> </private/tmp/aelx/T-100/t100-C-waiting-user/t/tmux-501/default> <set-option> <-w> <-t> <@0> <@ae_window_status> <◌>
pid=46950 ppid=84903 AE_TMUX_SERVER=<unset> AE_TMUX_SERVER_KIND=<unset> argc=8 <-S> </private/tmp/aelx/T-100/t100-C-waiting-user/t/tmux-501/default> <set-option> <-w> <-t> <@1> <@ae_window_status> <>
pid=48007 ppid=48005 AE_TMUX_SERVER=<unset> AE_TMUX_SERVER_KIND=<unset> argc=5 <-S> </private/tmp/aelx/T-100/t100-C-waiting-user/t/tmux-501/default> <list-sessions> <-F> <#{session_id} #{session_name}>
