2026-08-24T14:20:34Z	child	rc=0	echo ae-p4-c13-calibrate	stdout='ae-p4-c13-calibrate'
2026-08-24T14:20:34Z	tmux	rc=0	tmux -S /tmp/ae-p4-calibrate.sock new-session -d -s p4cal sleep 30
2026-08-24T14:20:34Z	tmux	rc=0	tmux -S /tmp/ae-p4-calibrate.sock list-panes	stdout='%0'
2026-08-24T14:20:34Z	tmux	rc=0	tmux -S /tmp/ae-p4-calibrate.sock kill-server
2026-08-24T14:20:43Z	child	rc=0	python3 docs/migration/evidence/corpus/verify-corpus.py	dt=0s
2026-08-24T14:20:44Z	child	rc=0	python3 docs/migration/evidence/corpus/verify-invocations.py	dt=1s
2026-08-24T14:20:44Z	child	rc=0	python3 docs/migration/evidence/corpus/verify-obligations.py	dt=0s
2026-08-24T14:20:44Z	child	rc=0	python3 docs/migration/evidence/verify-contract-obligation-reconciliation.py	dt=0s
2026-08-24T14:20:44Z	child	rc=0	python3 docs/migration/evidence/verify-open-choice-reconciliation.py	dt=0s
2026-08-24T14:24:53Z	child	rc=-1	/Users/ckriech/projects/clemens33/ae-rust/target/release/ae list --json	cwd=docs/migration/evidence/phase4-run/scratch/smoke/home
2026-08-24T14:24:53Z	child	rc=0	/Users/ckriech/projects/clemens33/ae-rust/target/release/ae list --json
2026-08-24T14:25:18Z	child	rc=-1	/Users/ckriech/projects/clemens33/ae-rust/target/release/ae list	cwd=/Users/ckriech/projects/clemens33/ae-rust/docs/migration/evidence/phase4-run/scratch/0001/home
2026-08-24T14:25:18Z	child	rc=0	/Users/ckriech/projects/clemens33/ae-rust/target/release/ae list
2026-08-24T14:25:18Z	child	rc=-1	/Users/ckriech/projects/clemens33/ae-rust/target/release/ae list --json	cwd=/Users/ckriech/projects/clemens33/ae-rust/docs/migration/evidence/phase4-run/scratch/0002/home
2026-08-24T14:25:18Z	child	rc=0	/Users/ckriech/projects/clemens33/ae-rust/target/release/ae list --json
2026-08-24T14:25:18Z	child	rc=-1	/Users/ckriech/projects/clemens33/ae-rust/target/release/ae list --all	cwd=/Users/ckriech/projects/clemens33/ae-rust/docs/migration/evidence/phase4-run/scratch/0003/home
2026-08-24T14:25:18Z	child	rc=0	/Users/ckriech/projects/clemens33/ae-rust/target/release/ae list --all
2026-08-24T14:25:18Z	child	rc=-1	/Users/ckriech/projects/clemens33/ae-rust/target/release/ae list --all --json	cwd=/Users/ckriech/projects/clemens33/ae-rust/docs/migration/evidence/phase4-run/scratch/0004/home
2026-08-24T14:25:18Z	child	rc=0	/Users/ckriech/projects/clemens33/ae-rust/target/release/ae list --all --json
2026-08-24T14:25:18Z	child	rc=-1	/Users/ckriech/projects/clemens33/ae-rust/target/release/ae ls	cwd=/Users/ckriech/projects/clemens33/ae-rust/docs/migration/evidence/phase4-run/scratch/0005/home
2026-08-24T14:25:18Z	child	rc=0	/Users/ckriech/projects/clemens33/ae-rust/target/release/ae ls
2026-08-24T14:25:18Z	child	rc=-1	/Users/ckriech/projects/clemens33/ae-rust/target/release/ae ls --all	cwd=/Users/ckriech/projects/clemens33/ae-rust/docs/migration/evidence/phase4-run/scratch/0006/home
2026-08-24T14:25:18Z	child	rc=0	/Users/ckriech/projects/clemens33/ae-rust/target/release/ae ls --all
2026-08-24T14:25:18Z	child	rc=-1	/Users/ckriech/projects/clemens33/ae-rust/target/release/ae list	cwd=/Users/ckriech/projects/clemens33/ae-rust/docs/migration/evidence/phase4-run/scratch/0009/home
2026-08-24T14:25:18Z	child	rc=0	/Users/ckriech/projects/clemens33/ae-rust/target/release/ae list
2026-08-24T14:25:18Z	child	rc=-1	/Users/ckriech/projects/clemens33/ae-rust/target/release/ae list --json	cwd=/Users/ckriech/projects/clemens33/ae-rust/docs/migration/evidence/phase4-run/scratch/0010/home
2026-08-24T14:25:18Z	child	rc=0	/Users/ckriech/projects/clemens33/ae-rust/target/release/ae list --json
2026-08-24T14:25:18Z	child	rc=-1	/Users/ckriech/projects/clemens33/ae-rust/target/release/ae list --all	cwd=/Users/ckriech/projects/clemens33/ae-rust/docs/migration/evidence/phase4-run/scratch/0011/home
2026-08-24T14:25:18Z	child	rc=0	/Users/ckriech/projects/clemens33/ae-rust/target/release/ae list --all
2026-08-24T14:25:18Z	child	rc=-1	/Users/ckriech/projects/clemens33/ae-rust/target/release/ae list --all --json	cwd=/Users/ckriech/projects/clemens33/ae-rust/docs/migration/evidence/phase4-run/scratch/0012/home
2026-08-24T14:25:18Z	child	rc=0	/Users/ckriech/projects/clemens33/ae-rust/target/release/ae list --all --json
2026-08-24T14:25:18Z	child	rc=-1	/Users/ckriech/projects/clemens33/ae-rust/target/release/ae ls	cwd=/Users/ckriech/projects/clemens33/ae-rust/docs/migration/evidence/phase4-run/scratch/0013/home
2026-08-24T14:25:18Z	child	rc=0	/Users/ckriech/projects/clemens33/ae-rust/target/release/ae ls
2026-08-24T14:25:18Z	child	rc=-1	/Users/ckriech/projects/clemens33/ae-rust/target/release/ae ls --all	cwd=/Users/ckriech/projects/clemens33/ae-rust/docs/migration/evidence/phase4-run/scratch/0014/home
2026-08-24T14:25:18Z	child	rc=0	/Users/ckriech/projects/clemens33/ae-rust/target/release/ae ls --all
2026-08-24T14:25:18Z	child	rc=-1	/Users/ckriech/projects/clemens33/ae-rust/target/release/ae list	cwd=/Users/ckriech/projects/clemens33/ae-rust/docs/migration/evidence/phase4-run/scratch/0017/home
2026-08-24T14:25:18Z	child	rc=0	/Users/ckriech/projects/clemens33/ae-rust/target/release/ae list
2026-08-24T14:25:18Z	child	rc=-1	/Users/ckriech/projects/clemens33/ae-rust/target/release/ae list --json	cwd=/Users/ckriech/projects/clemens33/ae-rust/docs/migration/evidence/phase4-run/scratch/0018/home
2026-08-24T14:25:18Z	child	rc=0	/Users/ckriech/projects/clemens33/ae-rust/target/release/ae list --json
2026-08-24T14:25:18Z	child	rc=-1	/Users/ckriech/projects/clemens33/ae-rust/target/release/ae list --all	cwd=/Users/ckriech/projects/clemens33/ae-rust/docs/migration/evidence/phase4-run/scratch/0019/home
2026-08-24T14:25:18Z	child	rc=0	/Users/ckriech/projects/clemens33/ae-rust/target/release/ae list --all
2026-08-24T14:25:18Z	child	rc=-1	/Users/ckriech/projects/clemens33/ae-rust/target/release/ae list --all --json	cwd=/Users/ckriech/projects/clemens33/ae-rust/docs/migration/evidence/phase4-run/scratch/0020/home
2026-08-24T14:25:18Z	child	rc=0	/Users/ckriech/projects/clemens33/ae-rust/target/release/ae list --all --json
2026-08-24T14:25:18Z	child	rc=-1	/Users/ckriech/projects/clemens33/ae-rust/target/release/ae ls	cwd=/Users/ckriech/projects/clemens33/ae-rust/docs/migration/evidence/phase4-run/scratch/0021/home
2026-08-24T14:25:18Z	child	rc=0	/Users/ckriech/projects/clemens33/ae-rust/target/release/ae ls
2026-08-24T14:25:18Z	child	rc=-1	/Users/ckriech/projects/clemens33/ae-rust/target/release/ae ls --all	cwd=/Users/ckriech/projects/clemens33/ae-rust/docs/migration/evidence/phase4-run/scratch/0022/home
2026-08-24T14:25:18Z	child	rc=0	/Users/ckriech/projects/clemens33/ae-rust/target/release/ae ls --all
2026-08-24T14:25:18Z	child	rc=-1	/Users/ckriech/projects/clemens33/ae-rust/target/release/ae list	cwd=/Users/ckriech/projects/clemens33/ae-rust/docs/migration/evidence/phase4-run/scratch/0025/home
2026-08-24T14:25:18Z	child	rc=0	/Users/ckriech/projects/clemens33/ae-rust/target/release/ae list
2026-08-24T14:25:18Z	child	rc=-1	/Users/ckriech/projects/clemens33/ae-rust/target/release/ae list --json	cwd=/Users/ckriech/projects/clemens33/ae-rust/docs/migration/evidence/phase4-run/scratch/0026/home
2026-08-24T14:25:18Z	child	rc=0	/Users/ckriech/projects/clemens33/ae-rust/target/release/ae list --json
2026-08-24T14:25:18Z	child	rc=-1	/Users/ckriech/projects/clemens33/ae-rust/target/release/ae list --all	cwd=/Users/ckriech/projects/clemens33/ae-rust/docs/migration/evidence/phase4-run/scratch/0027/home
2026-08-24T14:25:18Z	child	rc=0	/Users/ckriech/projects/clemens33/ae-rust/target/release/ae list --all
2026-08-24T14:25:18Z	child	rc=-1	/Users/ckriech/projects/clemens33/ae-rust/target/release/ae list --all --json	cwd=/Users/ckriech/projects/clemens33/ae-rust/docs/migration/evidence/phase4-run/scratch/0028/home
2026-08-24T14:25:18Z	child	rc=0	/Users/ckriech/projects/clemens33/ae-rust/target/release/ae list --all --json
2026-08-24T14:25:18Z	child	rc=-1	/Users/ckriech/projects/clemens33/ae-rust/target/release/ae ls	cwd=/Users/ckriech/projects/clemens33/ae-rust/docs/migration/evidence/phase4-run/scratch/0029/home
2026-08-24T14:25:18Z	child	rc=0	/Users/ckriech/projects/clemens33/ae-rust/target/release/ae ls
2026-08-24T14:25:18Z	child	rc=-1	/Users/ckriech/projects/clemens33/ae-rust/target/release/ae ls --all	cwd=/Users/ckriech/projects/clemens33/ae-rust/docs/migration/evidence/phase4-run/scratch/0030/home
2026-08-24T14:25:18Z	child	rc=0	/Users/ckriech/projects/clemens33/ae-rust/target/release/ae ls --all
2026-08-24T14:25:18Z	child	rc=-1	/Users/ckriech/projects/clemens33/ae-rust/target/release/ae list	cwd=/Users/ckriech/projects/clemens33/ae-rust/docs/migration/evidence/phase4-run/scratch/0033/home
2026-08-24T14:25:18Z	child	rc=0	/Users/ckriech/projects/clemens33/ae-rust/target/release/ae list
2026-08-24T14:25:18Z	child	rc=-1	/Users/ckriech/projects/clemens33/ae-rust/target/release/ae list --json	cwd=/Users/ckriech/projects/clemens33/ae-rust/docs/migration/evidence/phase4-run/scratch/0034/home
2026-08-24T14:25:18Z	child	rc=0	/Users/ckriech/projects/clemens33/ae-rust/target/release/ae list --json
2026-08-24T14:25:18Z	child	rc=-1	/Users/ckriech/projects/clemens33/ae-rust/target/release/ae list --all	cwd=/Users/ckriech/projects/clemens33/ae-rust/docs/migration/evidence/phase4-run/scratch/0035/home
2026-08-24T14:25:18Z	child	rc=0	/Users/ckriech/projects/clemens33/ae-rust/target/release/ae list --all
2026-08-24T14:25:18Z	child	rc=-1	/Users/ckriech/projects/clemens33/ae-rust/target/release/ae list --all --json	cwd=/Users/ckriech/projects/clemens33/ae-rust/docs/migration/evidence/phase4-run/scratch/0036/home
2026-08-24T14:25:18Z	child	rc=0	/Users/ckriech/projects/clemens33/ae-rust/target/release/ae list --all --json
2026-08-24T14:25:18Z	child	rc=-1	/Users/ckriech/projects/clemens33/ae-rust/target/release/ae ls	cwd=/Users/ckriech/projects/clemens33/ae-rust/docs/migration/evidence/phase4-run/scratch/0037/home
2026-08-24T14:25:18Z	child	rc=0	/Users/ckriech/projects/clemens33/ae-rust/target/release/ae ls
2026-08-24T14:25:18Z	child	rc=-1	/Users/ckriech/projects/clemens33/ae-rust/target/release/ae ls --all	cwd=/Users/ckriech/projects/clemens33/ae-rust/docs/migration/evidence/phase4-run/scratch/0038/home
2026-08-24T14:25:18Z	child	rc=0	/Users/ckriech/projects/clemens33/ae-rust/target/release/ae ls --all
2026-08-24T14:25:18Z	child	rc=-1	/Users/ckriech/projects/clemens33/ae-rust/target/release/ae list	cwd=/Users/ckriech/projects/clemens33/ae-rust/docs/migration/evidence/phase4-run/scratch/0041/home
2026-08-24T14:25:18Z	child	rc=0	/Users/ckriech/projects/clemens33/ae-rust/target/release/ae list
2026-08-24T14:25:18Z	child	rc=-1	/Users/ckriech/projects/clemens33/ae-rust/target/release/ae list --json	cwd=/Users/ckriech/projects/clemens33/ae-rust/docs/migration/evidence/phase4-run/scratch/0042/home
2026-08-24T14:25:18Z	child	rc=0	/Users/ckriech/projects/clemens33/ae-rust/target/release/ae list --json
2026-08-24T14:25:18Z	child	rc=-1	/Users/ckriech/projects/clemens33/ae-rust/target/release/ae list --all	cwd=/Users/ckriech/projects/clemens33/ae-rust/docs/migration/evidence/phase4-run/scratch/0043/home
2026-08-24T14:25:18Z	child	rc=0	/Users/ckriech/projects/clemens33/ae-rust/target/release/ae list --all
2026-08-24T14:25:18Z	child	rc=-1	/Users/ckriech/projects/clemens33/ae-rust/target/release/ae list --all --json	cwd=/Users/ckriech/projects/clemens33/ae-rust/docs/migration/evidence/phase4-run/scratch/0044/home
2026-08-24T14:25:18Z	child	rc=0	/Users/ckriech/projects/clemens33/ae-rust/target/release/ae list --all --json
2026-08-24T14:25:18Z	child	rc=-1	/Users/ckriech/projects/clemens33/ae-rust/target/release/ae ls	cwd=/Users/ckriech/projects/clemens33/ae-rust/docs/migration/evidence/phase4-run/scratch/0045/home
2026-08-24T14:25:18Z	child	rc=0	/Users/ckriech/projects/clemens33/ae-rust/target/release/ae ls
2026-08-24T14:25:18Z	child	rc=-1	/Users/ckriech/projects/clemens33/ae-rust/target/release/ae ls --all	cwd=/Users/ckriech/projects/clemens33/ae-rust/docs/migration/evidence/phase4-run/scratch/0046/home
2026-08-24T14:25:18Z	child	rc=0	/Users/ckriech/projects/clemens33/ae-rust/target/release/ae ls --all
2026-08-24T14:25:18Z	child	rc=-1	/Users/ckriech/projects/clemens33/ae-rust/target/release/ae list	cwd=/Users/ckriech/projects/clemens33/ae-rust/docs/migration/evidence/phase4-run/scratch/0049/home
2026-08-24T14:25:19Z	child	rc=0	/Users/ckriech/projects/clemens33/ae-rust/target/release/ae list
2026-08-24T14:25:19Z	child	rc=-1	/Users/ckriech/projects/clemens33/ae-rust/target/release/ae list --json	cwd=/Users/ckriech/projects/clemens33/ae-rust/docs/migration/evidence/phase4-run/scratch/0050/home
2026-08-24T14:25:19Z	child	rc=0	/Users/ckriech/projects/clemens33/ae-rust/target/release/ae list --json
2026-08-24T14:25:19Z	child	rc=-1	/Users/ckriech/projects/clemens33/ae-rust/target/release/ae list --all	cwd=/Users/ckriech/projects/clemens33/ae-rust/docs/migration/evidence/phase4-run/scratch/0051/home
2026-08-24T14:25:19Z	child	rc=0	/Users/ckriech/projects/clemens33/ae-rust/target/release/ae list --all
2026-08-24T14:25:19Z	child	rc=-1	/Users/ckriech/projects/clemens33/ae-rust/target/release/ae list --all --json	cwd=/Users/ckriech/projects/clemens33/ae-rust/docs/migration/evidence/phase4-run/scratch/0052/home
2026-08-24T14:25:19Z	child	rc=0	/Users/ckriech/projects/clemens33/ae-rust/target/release/ae list --all --json
2026-08-24T14:25:19Z	child	rc=-1	/Users/ckriech/projects/clemens33/ae-rust/target/release/ae ls	cwd=/Users/ckriech/projects/clemens33/ae-rust/docs/migration/evidence/phase4-run/scratch/0053/home
2026-08-24T14:25:19Z	child	rc=0	/Users/ckriech/projects/clemens33/ae-rust/target/release/ae ls
2026-08-24T14:25:19Z	child	rc=-1	/Users/ckriech/projects/clemens33/ae-rust/target/release/ae ls --all	cwd=/Users/ckriech/projects/clemens33/ae-rust/docs/migration/evidence/phase4-run/scratch/0054/home
2026-08-24T14:25:19Z	child	rc=0	/Users/ckriech/projects/clemens33/ae-rust/target/release/ae ls --all
2026-08-24T14:25:19Z	child	rc=-1	/Users/ckriech/projects/clemens33/ae-rust/target/release/ae list	cwd=/Users/ckriech/projects/clemens33/ae-rust/docs/migration/evidence/phase4-run/scratch/0057/home
2026-08-24T14:25:19Z	child	rc=0	/Users/ckriech/projects/clemens33/ae-rust/target/release/ae list
2026-08-24T14:25:19Z	child	rc=-1	/Users/ckriech/projects/clemens33/ae-rust/target/release/ae list --json	cwd=/Users/ckriech/projects/clemens33/ae-rust/docs/migration/evidence/phase4-run/scratch/0058/home
2026-08-24T14:25:19Z	child	rc=0	/Users/ckriech/projects/clemens33/ae-rust/target/release/ae list --json
2026-08-24T14:25:19Z	child	rc=-1	/Users/ckriech/projects/clemens33/ae-rust/target/release/ae list --all	cwd=/Users/ckriech/projects/clemens33/ae-rust/docs/migration/evidence/phase4-run/scratch/0059/home
2026-08-24T14:25:19Z	child	rc=0	/Users/ckriech/projects/clemens33/ae-rust/target/release/ae list --all
2026-08-24T14:25:19Z	child	rc=-1	/Users/ckriech/projects/clemens33/ae-rust/target/release/ae list --all --json	cwd=/Users/ckriech/projects/clemens33/ae-rust/docs/migration/evidence/phase4-run/scratch/0060/home
2026-08-24T14:25:19Z	child	rc=0	/Users/ckriech/projects/clemens33/ae-rust/target/release/ae list --all --json
2026-08-24T14:25:19Z	child	rc=-1	/Users/ckriech/projects/clemens33/ae-rust/target/release/ae ls	cwd=/Users/ckriech/projects/clemens33/ae-rust/docs/migration/evidence/phase4-run/scratch/0061/home
2026-08-24T14:25:19Z	child	rc=0	/Users/ckriech/projects/clemens33/ae-rust/target/release/ae ls
2026-08-24T14:25:19Z	child	rc=-1	/Users/ckriech/projects/clemens33/ae-rust/target/release/ae ls --all	cwd=/Users/ckriech/projects/clemens33/ae-rust/docs/migration/evidence/phase4-run/scratch/0062/home
2026-08-24T14:25:19Z	child	rc=0	/Users/ckriech/projects/clemens33/ae-rust/target/release/ae ls --all
2026-08-24T14:25:19Z	child	rc=-1	/Users/ckriech/projects/clemens33/ae-rust/target/release/ae list	cwd=/Users/ckriech/projects/clemens33/ae-rust/docs/migration/evidence/phase4-run/scratch/0065/home
2026-08-24T14:25:19Z	child	rc=0	/Users/ckriech/projects/clemens33/ae-rust/target/release/ae list
2026-08-24T14:25:19Z	child	rc=-1	/Users/ckriech/projects/clemens33/ae-rust/target/release/ae list --json	cwd=/Users/ckriech/projects/clemens33/ae-rust/docs/migration/evidence/phase4-run/scratch/0066/home
2026-08-24T14:25:19Z	child	rc=0	/Users/ckriech/projects/clemens33/ae-rust/target/release/ae list --json
2026-08-24T14:25:19Z	child	rc=-1	/Users/ckriech/projects/clemens33/ae-rust/target/release/ae list --all	cwd=/Users/ckriech/projects/clemens33/ae-rust/docs/migration/evidence/phase4-run/scratch/0067/home
2026-08-24T14:25:19Z	child	rc=0	/Users/ckriech/projects/clemens33/ae-rust/target/release/ae list --all
2026-08-24T14:25:19Z	child	rc=-1	/Users/ckriech/projects/clemens33/ae-rust/target/release/ae list --all --json	cwd=/Users/ckriech/projects/clemens33/ae-rust/docs/migration/evidence/phase4-run/scratch/0068/home
2026-08-24T14:25:19Z	child	rc=0	/Users/ckriech/projects/clemens33/ae-rust/target/release/ae list --all --json
2026-08-24T14:25:19Z	child	rc=-1	/Users/ckriech/projects/clemens33/ae-rust/target/release/ae ls	cwd=/Users/ckriech/projects/clemens33/ae-rust/docs/migration/evidence/phase4-run/scratch/0069/home
2026-08-24T14:25:19Z	child	rc=0	/Users/ckriech/projects/clemens33/ae-rust/target/release/ae ls
2026-08-24T14:25:19Z	child	rc=-1	/Users/ckriech/projects/clemens33/ae-rust/target/release/ae ls --all	cwd=/Users/ckriech/projects/clemens33/ae-rust/docs/migration/evidence/phase4-run/scratch/0070/home
2026-08-24T14:25:19Z	child	rc=0	/Users/ckriech/projects/clemens33/ae-rust/target/release/ae ls --all
2026-08-24T14:25:19Z	child	rc=-1	/Users/ckriech/projects/clemens33/ae-rust/target/release/ae list	cwd=/Users/ckriech/projects/clemens33/ae-rust/docs/migration/evidence/phase4-run/scratch/0073/home
2026-08-24T14:25:19Z	child	rc=0	/Users/ckriech/projects/clemens33/ae-rust/target/release/ae list
2026-08-24T14:25:19Z	child	rc=-1	/Users/ckriech/projects/clemens33/ae-rust/target/release/ae list --json	cwd=/Users/ckriech/projects/clemens33/ae-rust/docs/migration/evidence/phase4-run/scratch/0074/home
2026-08-24T14:25:19Z	child	rc=0	/Users/ckriech/projects/clemens33/ae-rust/target/release/ae list --json
2026-08-24T14:25:19Z	child	rc=-1	/Users/ckriech/projects/clemens33/ae-rust/target/release/ae list --all	cwd=/Users/ckriech/projects/clemens33/ae-rust/docs/migration/evidence/phase4-run/scratch/0075/home
2026-08-24T14:25:19Z	child	rc=0	/Users/ckriech/projects/clemens33/ae-rust/target/release/ae list --all
2026-08-24T14:25:19Z	child	rc=-1	/Users/ckriech/projects/clemens33/ae-rust/target/release/ae list --all --json	cwd=/Users/ckriech/projects/clemens33/ae-rust/docs/migration/evidence/phase4-run/scratch/0076/home
2026-08-24T14:25:19Z	child	rc=0	/Users/ckriech/projects/clemens33/ae-rust/target/release/ae list --all --json
2026-08-24T14:25:19Z	child	rc=-1	/Users/ckriech/projects/clemens33/ae-rust/target/release/ae ls	cwd=/Users/ckriech/projects/clemens33/ae-rust/docs/migration/evidence/phase4-run/scratch/0077/home
2026-08-24T14:25:19Z	child	rc=0	/Users/ckriech/projects/clemens33/ae-rust/target/release/ae ls
2026-08-24T14:25:19Z	child	rc=-1	/Users/ckriech/projects/clemens33/ae-rust/target/release/ae ls --all	cwd=/Users/ckriech/projects/clemens33/ae-rust/docs/migration/evidence/phase4-run/scratch/0078/home
2026-08-24T14:25:19Z	child	rc=0	/Users/ckriech/projects/clemens33/ae-rust/target/release/ae ls --all
2026-08-24T14:25:19Z	child	rc=-1	/Users/ckriech/projects/clemens33/ae-rust/target/release/ae list	cwd=/Users/ckriech/projects/clemens33/ae-rust/docs/migration/evidence/phase4-run/scratch/0081/home
2026-08-24T14:25:19Z	child	rc=0	/Users/ckriech/projects/clemens33/ae-rust/target/release/ae list
2026-08-24T14:25:19Z	child	rc=-1	/Users/ckriech/projects/clemens33/ae-rust/target/release/ae list --json	cwd=/Users/ckriech/projects/clemens33/ae-rust/docs/migration/evidence/phase4-run/scratch/0082/home
2026-08-24T14:25:19Z	child	rc=0	/Users/ckriech/projects/clemens33/ae-rust/target/release/ae list --json
2026-08-24T14:25:19Z	child	rc=-1	/Users/ckriech/projects/clemens33/ae-rust/target/release/ae list --all	cwd=/Users/ckriech/projects/clemens33/ae-rust/docs/migration/evidence/phase4-run/scratch/0083/home
2026-08-24T14:25:19Z	child	rc=0	/Users/ckriech/projects/clemens33/ae-rust/target/release/ae list --all
2026-08-24T14:25:19Z	child	rc=-1	/Users/ckriech/projects/clemens33/ae-rust/target/release/ae list --all --json	cwd=/Users/ckriech/projects/clemens33/ae-rust/docs/migration/evidence/phase4-run/scratch/0084/home
2026-08-24T14:25:19Z	child	rc=0	/Users/ckriech/projects/clemens33/ae-rust/target/release/ae list --all --json
2026-08-24T14:25:19Z	child	rc=-1	/Users/ckriech/projects/clemens33/ae-rust/target/release/ae ls	cwd=/Users/ckriech/projects/clemens33/ae-rust/docs/migration/evidence/phase4-run/scratch/0085/home
2026-08-24T14:25:19Z	child	rc=0	/Users/ckriech/projects/clemens33/ae-rust/target/release/ae ls
2026-08-24T14:25:19Z	child	rc=-1	/Users/ckriech/projects/clemens33/ae-rust/target/release/ae ls --all	cwd=/Users/ckriech/projects/clemens33/ae-rust/docs/migration/evidence/phase4-run/scratch/0086/home
2026-08-24T14:25:19Z	child	rc=0	/Users/ckriech/projects/clemens33/ae-rust/target/release/ae ls --all
2026-08-24T14:25:19Z	child	rc=-1	/Users/ckriech/projects/clemens33/ae-rust/target/release/ae list	cwd=/Users/ckriech/projects/clemens33/ae-rust/docs/migration/evidence/phase4-run/scratch/0089/home
2026-08-24T14:25:19Z	child	rc=0	/Users/ckriech/projects/clemens33/ae-rust/target/release/ae list
2026-08-24T14:25:19Z	child	rc=-1	/Users/ckriech/projects/clemens33/ae-rust/target/release/ae list --json	cwd=/Users/ckriech/projects/clemens33/ae-rust/docs/migration/evidence/phase4-run/scratch/0090/home
2026-08-24T14:25:19Z	child	rc=0	/Users/ckriech/projects/clemens33/ae-rust/target/release/ae list --json
2026-08-24T14:25:19Z	child	rc=-1	/Users/ckriech/projects/clemens33/ae-rust/target/release/ae list --all	cwd=/Users/ckriech/projects/clemens33/ae-rust/docs/migration/evidence/phase4-run/scratch/0091/home
2026-08-24T14:25:19Z	child	rc=0	/Users/ckriech/projects/clemens33/ae-rust/target/release/ae list --all
2026-08-24T14:25:19Z	child	rc=-1	/Users/ckriech/projects/clemens33/ae-rust/target/release/ae list --all --json	cwd=/Users/ckriech/projects/clemens33/ae-rust/docs/migration/evidence/phase4-run/scratch/0092/home
2026-08-24T14:25:19Z	child	rc=0	/Users/ckriech/projects/clemens33/ae-rust/target/release/ae list --all --json
2026-08-24T14:25:19Z	child	rc=-1	/Users/ckriech/projects/clemens33/ae-rust/target/release/ae ls	cwd=/Users/ckriech/projects/clemens33/ae-rust/docs/migration/evidence/phase4-run/scratch/0093/home
2026-08-24T14:25:19Z	child	rc=0	/Users/ckriech/projects/clemens33/ae-rust/target/release/ae ls
2026-08-24T14:25:19Z	child	rc=-1	/Users/ckriech/projects/clemens33/ae-rust/target/release/ae ls --all	cwd=/Users/ckriech/projects/clemens33/ae-rust/docs/migration/evidence/phase4-run/scratch/0094/home
2026-08-24T14:25:19Z	child	rc=0	/Users/ckriech/projects/clemens33/ae-rust/target/release/ae ls --all
2026-08-24T14:25:19Z	child	rc=-1	/Users/ckriech/projects/clemens33/ae-rust/target/release/ae list	cwd=/Users/ckriech/projects/clemens33/ae-rust/docs/migration/evidence/phase4-run/scratch/0097/home
2026-08-24T14:25:19Z	child	rc=0	/Users/ckriech/projects/clemens33/ae-rust/target/release/ae list
2026-08-24T14:25:19Z	child	rc=-1	/Users/ckriech/projects/clemens33/ae-rust/target/release/ae list --json	cwd=/Users/ckriech/projects/clemens33/ae-rust/docs/migration/evidence/phase4-run/scratch/0098/home
2026-08-24T14:25:19Z	child	rc=0	/Users/ckriech/projects/clemens33/ae-rust/target/release/ae list --json
2026-08-24T14:25:19Z	child	rc=-1	/Users/ckriech/projects/clemens33/ae-rust/target/release/ae list --all	cwd=/Users/ckriech/projects/clemens33/ae-rust/docs/migration/evidence/phase4-run/scratch/0099/home
2026-08-24T14:25:19Z	child	rc=0	/Users/ckriech/projects/clemens33/ae-rust/target/release/ae list --all
2026-08-24T14:25:19Z	child	rc=-1	/Users/ckriech/projects/clemens33/ae-rust/target/release/ae list --all --json	cwd=/Users/ckriech/projects/clemens33/ae-rust/docs/migration/evidence/phase4-run/scratch/0100/home
2026-08-24T14:25:19Z	child	rc=0	/Users/ckriech/projects/clemens33/ae-rust/target/release/ae list --all --json
2026-08-24T14:25:19Z	child	rc=-1	/Users/ckriech/projects/clemens33/ae-rust/target/release/ae ls	cwd=/Users/ckriech/projects/clemens33/ae-rust/docs/migration/evidence/phase4-run/scratch/0101/home
2026-08-24T14:25:19Z	child	rc=0	/Users/ckriech/projects/clemens33/ae-rust/target/release/ae ls
2026-08-24T14:25:19Z	child	rc=-1	/Users/ckriech/projects/clemens33/ae-rust/target/release/ae ls --all	cwd=/Users/ckriech/projects/clemens33/ae-rust/docs/migration/evidence/phase4-run/scratch/0102/home
2026-08-24T14:25:19Z	child	rc=0	/Users/ckriech/projects/clemens33/ae-rust/target/release/ae ls --all
2026-08-24T14:25:19Z	child	rc=-1	/Users/ckriech/projects/clemens33/ae-rust/target/release/ae list	cwd=/Users/ckriech/projects/clemens33/ae-rust/docs/migration/evidence/phase4-run/scratch/0105/home
2026-08-24T14:25:19Z	child	rc=0	/Users/ckriech/projects/clemens33/ae-rust/target/release/ae list
2026-08-24T14:25:19Z	child	rc=-1	/Users/ckriech/projects/clemens33/ae-rust/target/release/ae list --json	cwd=/Users/ckriech/projects/clemens33/ae-rust/docs/migration/evidence/phase4-run/scratch/0106/home
2026-08-24T14:25:19Z	child	rc=0	/Users/ckriech/projects/clemens33/ae-rust/target/release/ae list --json
2026-08-24T14:25:19Z	child	rc=-1	/Users/ckriech/projects/clemens33/ae-rust/target/release/ae list --all	cwd=/Users/ckriech/projects/clemens33/ae-rust/docs/migration/evidence/phase4-run/scratch/0107/home
2026-08-24T14:25:19Z	child	rc=0	/Users/ckriech/projects/clemens33/ae-rust/target/release/ae list --all
2026-08-24T14:25:19Z	child	rc=-1	/Users/ckriech/projects/clemens33/ae-rust/target/release/ae list --all --json	cwd=/Users/ckriech/projects/clemens33/ae-rust/docs/migration/evidence/phase4-run/scratch/0108/home
2026-08-24T14:25:19Z	child	rc=0	/Users/ckriech/projects/clemens33/ae-rust/target/release/ae list --all --json
2026-08-24T14:25:19Z	child	rc=-1	/Users/ckriech/projects/clemens33/ae-rust/target/release/ae ls	cwd=/Users/ckriech/projects/clemens33/ae-rust/docs/migration/evidence/phase4-run/scratch/0109/home
2026-08-24T14:25:19Z	child	rc=0	/Users/ckriech/projects/clemens33/ae-rust/target/release/ae ls
2026-08-24T14:25:19Z	child	rc=-1	/Users/ckriech/projects/clemens33/ae-rust/target/release/ae ls --all	cwd=/Users/ckriech/projects/clemens33/ae-rust/docs/migration/evidence/phase4-run/scratch/0110/home
2026-08-24T14:25:19Z	child	rc=0	/Users/ckriech/projects/clemens33/ae-rust/target/release/ae ls --all
2026-08-24T14:25:19Z	child	rc=-1	/Users/ckriech/projects/clemens33/ae-rust/target/release/ae list	cwd=/Users/ckriech/projects/clemens33/ae-rust/docs/migration/evidence/phase4-run/scratch/0113/home
2026-08-24T14:25:19Z	child	rc=0	/Users/ckriech/projects/clemens33/ae-rust/target/release/ae list
2026-08-24T14:25:20Z	child	rc=-1	/Users/ckriech/projects/clemens33/ae-rust/target/release/ae list --json	cwd=/Users/ckriech/projects/clemens33/ae-rust/docs/migration/evidence/phase4-run/scratch/0114/home
2026-08-24T14:25:20Z	child	rc=0	/Users/ckriech/projects/clemens33/ae-rust/target/release/ae list --json
2026-08-24T14:25:20Z	child	rc=-1	/Users/ckriech/projects/clemens33/ae-rust/target/release/ae list --all	cwd=/Users/ckriech/projects/clemens33/ae-rust/docs/migration/evidence/phase4-run/scratch/0115/home
2026-08-24T14:25:20Z	child	rc=0	/Users/ckriech/projects/clemens33/ae-rust/target/release/ae list --all
2026-08-24T14:25:20Z	child	rc=-1	/Users/ckriech/projects/clemens33/ae-rust/target/release/ae list --all --json	cwd=/Users/ckriech/projects/clemens33/ae-rust/docs/migration/evidence/phase4-run/scratch/0116/home
2026-08-24T14:25:20Z	child	rc=0	/Users/ckriech/projects/clemens33/ae-rust/target/release/ae list --all --json
2026-08-24T14:25:20Z	child	rc=-1	/Users/ckriech/projects/clemens33/ae-rust/target/release/ae ls	cwd=/Users/ckriech/projects/clemens33/ae-rust/docs/migration/evidence/phase4-run/scratch/0117/home
2026-08-24T14:25:20Z	child	rc=0	/Users/ckriech/projects/clemens33/ae-rust/target/release/ae ls
2026-08-24T14:25:20Z	child	rc=-1	/Users/ckriech/projects/clemens33/ae-rust/target/release/ae ls --all	cwd=/Users/ckriech/projects/clemens33/ae-rust/docs/migration/evidence/phase4-run/scratch/0118/home
2026-08-24T14:25:20Z	child	rc=0	/Users/ckriech/projects/clemens33/ae-rust/target/release/ae ls --all
2026-08-24T14:25:20Z	child	rc=-1	/Users/ckriech/projects/clemens33/ae-rust/target/release/ae list	cwd=/Users/ckriech/projects/clemens33/ae-rust/docs/migration/evidence/phase4-run/scratch/0121/home
2026-08-24T14:25:20Z	child	rc=0	/Users/ckriech/projects/clemens33/ae-rust/target/release/ae list
2026-08-24T14:25:20Z	child	rc=-1	/Users/ckriech/projects/clemens33/ae-rust/target/release/ae list --json	cwd=/Users/ckriech/projects/clemens33/ae-rust/docs/migration/evidence/phase4-run/scratch/0122/home
2026-08-24T14:25:20Z	child	rc=0	/Users/ckriech/projects/clemens33/ae-rust/target/release/ae list --json
2026-08-24T14:25:20Z	child	rc=-1	/Users/ckriech/projects/clemens33/ae-rust/target/release/ae list --all	cwd=/Users/ckriech/projects/clemens33/ae-rust/docs/migration/evidence/phase4-run/scratch/0123/home
2026-08-24T14:25:20Z	child	rc=0	/Users/ckriech/projects/clemens33/ae-rust/target/release/ae list --all
2026-08-24T14:25:20Z	child	rc=-1	/Users/ckriech/projects/clemens33/ae-rust/target/release/ae list --all --json	cwd=/Users/ckriech/projects/clemens33/ae-rust/docs/migration/evidence/phase4-run/scratch/0124/home
2026-08-24T14:25:20Z	child	rc=0	/Users/ckriech/projects/clemens33/ae-rust/target/release/ae list --all --json
2026-08-24T14:25:20Z	child	rc=-1	/Users/ckriech/projects/clemens33/ae-rust/target/release/ae ls	cwd=/Users/ckriech/projects/clemens33/ae-rust/docs/migration/evidence/phase4-run/scratch/0125/home
2026-08-24T14:25:20Z	child	rc=0	/Users/ckriech/projects/clemens33/ae-rust/target/release/ae ls
2026-08-24T14:25:20Z	child	rc=-1	/Users/ckriech/projects/clemens33/ae-rust/target/release/ae ls --all	cwd=/Users/ckriech/projects/clemens33/ae-rust/docs/migration/evidence/phase4-run/scratch/0126/home
2026-08-24T14:25:20Z	child	rc=0	/Users/ckriech/projects/clemens33/ae-rust/target/release/ae ls --all
2026-08-24T14:25:20Z	child	rc=-1	/Users/ckriech/projects/clemens33/ae-rust/target/release/ae list	cwd=/Users/ckriech/projects/clemens33/ae-rust/docs/migration/evidence/phase4-run/scratch/0129/home
2026-08-24T14:25:20Z	child	rc=0	/Users/ckriech/projects/clemens33/ae-rust/target/release/ae list
2026-08-24T14:25:20Z	child	rc=-1	/Users/ckriech/projects/clemens33/ae-rust/target/release/ae list --json	cwd=/Users/ckriech/projects/clemens33/ae-rust/docs/migration/evidence/phase4-run/scratch/0130/home
2026-08-24T14:25:20Z	child	rc=0	/Users/ckriech/projects/clemens33/ae-rust/target/release/ae list --json
2026-08-24T14:25:20Z	child	rc=-1	/Users/ckriech/projects/clemens33/ae-rust/target/release/ae list --all	cwd=/Users/ckriech/projects/clemens33/ae-rust/docs/migration/evidence/phase4-run/scratch/0131/home
2026-08-24T14:25:20Z	child	rc=0	/Users/ckriech/projects/clemens33/ae-rust/target/release/ae list --all
2026-08-24T14:25:20Z	child	rc=-1	/Users/ckriech/projects/clemens33/ae-rust/target/release/ae list --all --json	cwd=/Users/ckriech/projects/clemens33/ae-rust/docs/migration/evidence/phase4-run/scratch/0132/home
2026-08-24T14:25:20Z	child	rc=0	/Users/ckriech/projects/clemens33/ae-rust/target/release/ae list --all --json
2026-08-24T14:25:20Z	child	rc=-1	/Users/ckriech/projects/clemens33/ae-rust/target/release/ae ls	cwd=/Users/ckriech/projects/clemens33/ae-rust/docs/migration/evidence/phase4-run/scratch/0133/home
2026-08-24T14:25:20Z	child	rc=0	/Users/ckriech/projects/clemens33/ae-rust/target/release/ae ls
2026-08-24T14:25:20Z	child	rc=-1	/Users/ckriech/projects/clemens33/ae-rust/target/release/ae ls --all	cwd=/Users/ckriech/projects/clemens33/ae-rust/docs/migration/evidence/phase4-run/scratch/0134/home
2026-08-24T14:25:20Z	child	rc=0	/Users/ckriech/projects/clemens33/ae-rust/target/release/ae ls --all
2026-08-24T14:25:20Z	child	rc=-1	/Users/ckriech/projects/clemens33/ae-rust/target/release/ae list	cwd=/Users/ckriech/projects/clemens33/ae-rust/docs/migration/evidence/phase4-run/scratch/0137/home
2026-08-24T14:25:20Z	child	rc=0	/Users/ckriech/projects/clemens33/ae-rust/target/release/ae list
2026-08-24T14:25:20Z	child	rc=-1	/Users/ckriech/projects/clemens33/ae-rust/target/release/ae list --json	cwd=/Users/ckriech/projects/clemens33/ae-rust/docs/migration/evidence/phase4-run/scratch/0138/home
2026-08-24T14:25:20Z	child	rc=0	/Users/ckriech/projects/clemens33/ae-rust/target/release/ae list --json
2026-08-24T14:25:20Z	child	rc=-1	/Users/ckriech/projects/clemens33/ae-rust/target/release/ae list --all	cwd=/Users/ckriech/projects/clemens33/ae-rust/docs/migration/evidence/phase4-run/scratch/0139/home
2026-08-24T14:25:20Z	child	rc=0	/Users/ckriech/projects/clemens33/ae-rust/target/release/ae list --all
2026-08-24T14:25:20Z	child	rc=-1	/Users/ckriech/projects/clemens33/ae-rust/target/release/ae list --all --json	cwd=/Users/ckriech/projects/clemens33/ae-rust/docs/migration/evidence/phase4-run/scratch/0140/home
2026-08-24T14:25:20Z	child	rc=0	/Users/ckriech/projects/clemens33/ae-rust/target/release/ae list --all --json
2026-08-24T14:25:20Z	child	rc=-1	/Users/ckriech/projects/clemens33/ae-rust/target/release/ae ls	cwd=/Users/ckriech/projects/clemens33/ae-rust/docs/migration/evidence/phase4-run/scratch/0141/home
2026-08-24T14:25:20Z	child	rc=0	/Users/ckriech/projects/clemens33/ae-rust/target/release/ae ls
2026-08-24T14:25:20Z	child	rc=-1	/Users/ckriech/projects/clemens33/ae-rust/target/release/ae ls --all	cwd=/Users/ckriech/projects/clemens33/ae-rust/docs/migration/evidence/phase4-run/scratch/0142/home
2026-08-24T14:25:20Z	child	rc=0	/Users/ckriech/projects/clemens33/ae-rust/target/release/ae ls --all
2026-08-24T14:25:20Z	child	rc=-1	/Users/ckriech/projects/clemens33/ae-rust/target/release/ae list	cwd=/Users/ckriech/projects/clemens33/ae-rust/docs/migration/evidence/phase4-run/scratch/0145/home
2026-08-24T14:25:20Z	child	rc=0	/Users/ckriech/projects/clemens33/ae-rust/target/release/ae list
2026-08-24T14:25:20Z	child	rc=-1	/Users/ckriech/projects/clemens33/ae-rust/target/release/ae list --json	cwd=/Users/ckriech/projects/clemens33/ae-rust/docs/migration/evidence/phase4-run/scratch/0146/home
2026-08-24T14:25:20Z	child	rc=0	/Users/ckriech/projects/clemens33/ae-rust/target/release/ae list --json
2026-08-24T14:25:20Z	child	rc=-1	/Users/ckriech/projects/clemens33/ae-rust/target/release/ae list --all	cwd=/Users/ckriech/projects/clemens33/ae-rust/docs/migration/evidence/phase4-run/scratch/0147/home
2026-08-24T14:25:20Z	child	rc=0	/Users/ckriech/projects/clemens33/ae-rust/target/release/ae list --all
2026-08-24T14:25:20Z	child	rc=-1	/Users/ckriech/projects/clemens33/ae-rust/target/release/ae list --all --json	cwd=/Users/ckriech/projects/clemens33/ae-rust/docs/migration/evidence/phase4-run/scratch/0148/home
2026-08-24T14:25:20Z	child	rc=0	/Users/ckriech/projects/clemens33/ae-rust/target/release/ae list --all --json
2026-08-24T14:25:20Z	child	rc=-1	/Users/ckriech/projects/clemens33/ae-rust/target/release/ae ls	cwd=/Users/ckriech/projects/clemens33/ae-rust/docs/migration/evidence/phase4-run/scratch/0149/home
2026-08-24T14:25:20Z	child	rc=0	/Users/ckriech/projects/clemens33/ae-rust/target/release/ae ls
2026-08-24T14:25:20Z	child	rc=-1	/Users/ckriech/projects/clemens33/ae-rust/target/release/ae ls --all	cwd=/Users/ckriech/projects/clemens33/ae-rust/docs/migration/evidence/phase4-run/scratch/0150/home
2026-08-24T14:25:20Z	child	rc=0	/Users/ckriech/projects/clemens33/ae-rust/target/release/ae ls --all
2026-08-24T14:25:20Z	child	rc=-1	/Users/ckriech/projects/clemens33/ae-rust/target/release/ae list	cwd=/Users/ckriech/projects/clemens33/ae-rust/docs/migration/evidence/phase4-run/scratch/0153/home
2026-08-24T14:25:20Z	child	rc=0	/Users/ckriech/projects/clemens33/ae-rust/target/release/ae list
2026-08-24T14:25:20Z	child	rc=-1	/Users/ckriech/projects/clemens33/ae-rust/target/release/ae list --json	cwd=/Users/ckriech/projects/clemens33/ae-rust/docs/migration/evidence/phase4-run/scratch/0154/home
2026-08-24T14:25:20Z	child	rc=0	/Users/ckriech/projects/clemens33/ae-rust/target/release/ae list --json
2026-08-24T14:25:20Z	child	rc=-1	/Users/ckriech/projects/clemens33/ae-rust/target/release/ae list --all	cwd=/Users/ckriech/projects/clemens33/ae-rust/docs/migration/evidence/phase4-run/scratch/0155/home
2026-08-24T14:25:20Z	child	rc=0	/Users/ckriech/projects/clemens33/ae-rust/target/release/ae list --all
2026-08-24T14:25:20Z	child	rc=-1	/Users/ckriech/projects/clemens33/ae-rust/target/release/ae list --all --json	cwd=/Users/ckriech/projects/clemens33/ae-rust/docs/migration/evidence/phase4-run/scratch/0156/home
2026-08-24T14:25:20Z	child	rc=0	/Users/ckriech/projects/clemens33/ae-rust/target/release/ae list --all --json
2026-08-24T14:25:20Z	child	rc=-1	/Users/ckriech/projects/clemens33/ae-rust/target/release/ae ls	cwd=/Users/ckriech/projects/clemens33/ae-rust/docs/migration/evidence/phase4-run/scratch/0157/home
2026-08-24T14:25:20Z	child	rc=0	/Users/ckriech/projects/clemens33/ae-rust/target/release/ae ls
2026-08-24T14:25:20Z	child	rc=-1	/Users/ckriech/projects/clemens33/ae-rust/target/release/ae ls --all	cwd=/Users/ckriech/projects/clemens33/ae-rust/docs/migration/evidence/phase4-run/scratch/0158/home
2026-08-24T14:25:20Z	child	rc=0	/Users/ckriech/projects/clemens33/ae-rust/target/release/ae ls --all
2026-08-24T14:25:20Z	child	rc=-1	/Users/ckriech/projects/clemens33/ae-rust/target/release/ae list	cwd=/Users/ckriech/projects/clemens33/ae-rust/docs/migration/evidence/phase4-run/scratch/0161/home
2026-08-24T14:25:20Z	child	rc=0	/Users/ckriech/projects/clemens33/ae-rust/target/release/ae list
2026-08-24T14:25:20Z	child	rc=-1	/Users/ckriech/projects/clemens33/ae-rust/target/release/ae list --json	cwd=/Users/ckriech/projects/clemens33/ae-rust/docs/migration/evidence/phase4-run/scratch/0162/home
2026-08-24T14:25:20Z	child	rc=0	/Users/ckriech/projects/clemens33/ae-rust/target/release/ae list --json
2026-08-24T14:25:20Z	child	rc=-1	/Users/ckriech/projects/clemens33/ae-rust/target/release/ae list --all	cwd=/Users/ckriech/projects/clemens33/ae-rust/docs/migration/evidence/phase4-run/scratch/0163/home
2026-08-24T14:25:20Z	child	rc=0	/Users/ckriech/projects/clemens33/ae-rust/target/release/ae list --all
2026-08-24T14:25:20Z	child	rc=-1	/Users/ckriech/projects/clemens33/ae-rust/target/release/ae list --all --json	cwd=/Users/ckriech/projects/clemens33/ae-rust/docs/migration/evidence/phase4-run/scratch/0164/home
2026-08-24T14:25:20Z	child	rc=0	/Users/ckriech/projects/clemens33/ae-rust/target/release/ae list --all --json
2026-08-24T14:25:20Z	child	rc=-1	/Users/ckriech/projects/clemens33/ae-rust/target/release/ae ls	cwd=/Users/ckriech/projects/clemens33/ae-rust/docs/migration/evidence/phase4-run/scratch/0165/home
2026-08-24T14:25:20Z	child	rc=0	/Users/ckriech/projects/clemens33/ae-rust/target/release/ae ls
2026-08-24T14:25:20Z	child	rc=-1	/Users/ckriech/projects/clemens33/ae-rust/target/release/ae ls --all	cwd=/Users/ckriech/projects/clemens33/ae-rust/docs/migration/evidence/phase4-run/scratch/0166/home
2026-08-24T14:25:20Z	child	rc=0	/Users/ckriech/projects/clemens33/ae-rust/target/release/ae ls --all
2026-08-24T14:25:20Z	child	rc=-1	/Users/ckriech/projects/clemens33/ae-rust/target/release/ae list	cwd=/Users/ckriech/projects/clemens33/ae-rust/docs/migration/evidence/phase4-run/scratch/0169/home
2026-08-24T14:25:20Z	child	rc=0	/Users/ckriech/projects/clemens33/ae-rust/target/release/ae list
2026-08-24T14:25:20Z	child	rc=-1	/Users/ckriech/projects/clemens33/ae-rust/target/release/ae list --json	cwd=/Users/ckriech/projects/clemens33/ae-rust/docs/migration/evidence/phase4-run/scratch/0170/home
2026-08-24T14:25:20Z	child	rc=0	/Users/ckriech/projects/clemens33/ae-rust/target/release/ae list --json
2026-08-24T14:25:20Z	child	rc=-1	/Users/ckriech/projects/clemens33/ae-rust/target/release/ae list --all	cwd=/Users/ckriech/projects/clemens33/ae-rust/docs/migration/evidence/phase4-run/scratch/0171/home
2026-08-24T14:25:20Z	child	rc=0	/Users/ckriech/projects/clemens33/ae-rust/target/release/ae list --all
2026-08-24T14:25:20Z	child	rc=-1	/Users/ckriech/projects/clemens33/ae-rust/target/release/ae list --all --json	cwd=/Users/ckriech/projects/clemens33/ae-rust/docs/migration/evidence/phase4-run/scratch/0172/home
2026-08-24T14:25:20Z	child	rc=0	/Users/ckriech/projects/clemens33/ae-rust/target/release/ae list --all --json
2026-08-24T14:25:20Z	child	rc=-1	/Users/ckriech/projects/clemens33/ae-rust/target/release/ae ls	cwd=/Users/ckriech/projects/clemens33/ae-rust/docs/migration/evidence/phase4-run/scratch/0173/home
2026-08-24T14:25:20Z	child	rc=0	/Users/ckriech/projects/clemens33/ae-rust/target/release/ae ls
2026-08-24T14:25:20Z	child	rc=-1	/Users/ckriech/projects/clemens33/ae-rust/target/release/ae ls --all	cwd=/Users/ckriech/projects/clemens33/ae-rust/docs/migration/evidence/phase4-run/scratch/0174/home
2026-08-24T14:25:20Z	child	rc=0	/Users/ckriech/projects/clemens33/ae-rust/target/release/ae ls --all
2026-08-24T14:25:20Z	child	rc=-1	/Users/ckriech/projects/clemens33/ae-rust/target/release/ae list	cwd=/Users/ckriech/projects/clemens33/ae-rust/docs/migration/evidence/phase4-run/scratch/0177/home
2026-08-24T14:25:20Z	child	rc=0	/Users/ckriech/projects/clemens33/ae-rust/target/release/ae list
2026-08-24T14:25:20Z	child	rc=-1	/Users/ckriech/projects/clemens33/ae-rust/target/release/ae list --json	cwd=/Users/ckriech/projects/clemens33/ae-rust/docs/migration/evidence/phase4-run/scratch/0178/home
2026-08-24T14:25:20Z	child	rc=0	/Users/ckriech/projects/clemens33/ae-rust/target/release/ae list --json
2026-08-24T14:25:20Z	child	rc=-1	/Users/ckriech/projects/clemens33/ae-rust/target/release/ae list --all	cwd=/Users/ckriech/projects/clemens33/ae-rust/docs/migration/evidence/phase4-run/scratch/0179/home
2026-08-24T14:25:20Z	child	rc=0	/Users/ckriech/projects/clemens33/ae-rust/target/release/ae list --all
2026-08-24T14:25:20Z	child	rc=-1	/Users/ckriech/projects/clemens33/ae-rust/target/release/ae list --all --json	cwd=/Users/ckriech/projects/clemens33/ae-rust/docs/migration/evidence/phase4-run/scratch/0180/home
2026-08-24T14:25:20Z	child	rc=0	/Users/ckriech/projects/clemens33/ae-rust/target/release/ae list --all --json
2026-08-24T14:25:20Z	child	rc=-1	/Users/ckriech/projects/clemens33/ae-rust/target/release/ae ls	cwd=/Users/ckriech/projects/clemens33/ae-rust/docs/migration/evidence/phase4-run/scratch/0181/home
2026-08-24T14:25:20Z	child	rc=0	/Users/ckriech/projects/clemens33/ae-rust/target/release/ae ls
2026-08-24T14:25:20Z	child	rc=-1	/Users/ckriech/projects/clemens33/ae-rust/target/release/ae ls --all	cwd=/Users/ckriech/projects/clemens33/ae-rust/docs/migration/evidence/phase4-run/scratch/0182/home
2026-08-24T14:25:21Z	child	rc=0	/Users/ckriech/projects/clemens33/ae-rust/target/release/ae ls --all
2026-08-24T14:25:21Z	child	rc=-1	/Users/ckriech/projects/clemens33/ae-rust/target/release/ae list	cwd=/Users/ckriech/projects/clemens33/ae-rust/docs/migration/evidence/phase4-run/scratch/0185/home
2026-08-24T14:25:21Z	child	rc=0	/Users/ckriech/projects/clemens33/ae-rust/target/release/ae list
2026-08-24T14:25:21Z	child	rc=-1	/Users/ckriech/projects/clemens33/ae-rust/target/release/ae list --json	cwd=/Users/ckriech/projects/clemens33/ae-rust/docs/migration/evidence/phase4-run/scratch/0186/home
2026-08-24T14:25:21Z	child	rc=0	/Users/ckriech/projects/clemens33/ae-rust/target/release/ae list --json
2026-08-24T14:25:21Z	child	rc=-1	/Users/ckriech/projects/clemens33/ae-rust/target/release/ae list --all	cwd=/Users/ckriech/projects/clemens33/ae-rust/docs/migration/evidence/phase4-run/scratch/0187/home
2026-08-24T14:25:21Z	child	rc=0	/Users/ckriech/projects/clemens33/ae-rust/target/release/ae list --all
2026-08-24T14:25:21Z	child	rc=-1	/Users/ckriech/projects/clemens33/ae-rust/target/release/ae list --all --json	cwd=/Users/ckriech/projects/clemens33/ae-rust/docs/migration/evidence/phase4-run/scratch/0188/home
2026-08-24T14:25:21Z	child	rc=0	/Users/ckriech/projects/clemens33/ae-rust/target/release/ae list --all --json
2026-08-24T14:25:21Z	child	rc=-1	/Users/ckriech/projects/clemens33/ae-rust/target/release/ae ls	cwd=/Users/ckriech/projects/clemens33/ae-rust/docs/migration/evidence/phase4-run/scratch/0189/home
2026-08-24T14:25:21Z	child	rc=0	/Users/ckriech/projects/clemens33/ae-rust/target/release/ae ls
2026-08-24T14:25:21Z	child	rc=-1	/Users/ckriech/projects/clemens33/ae-rust/target/release/ae ls --all	cwd=/Users/ckriech/projects/clemens33/ae-rust/docs/migration/evidence/phase4-run/scratch/0190/home
2026-08-24T14:25:21Z	child	rc=0	/Users/ckriech/projects/clemens33/ae-rust/target/release/ae ls --all
2026-08-24T14:25:21Z	child	rc=-1	/Users/ckriech/projects/clemens33/ae-rust/target/release/ae list	cwd=/Users/ckriech/projects/clemens33/ae-rust/docs/migration/evidence/phase4-run/scratch/0193/home
2026-08-24T14:25:21Z	child	rc=0	/Users/ckriech/projects/clemens33/ae-rust/target/release/ae list
2026-08-24T14:25:21Z	child	rc=-1	/Users/ckriech/projects/clemens33/ae-rust/target/release/ae list --json	cwd=/Users/ckriech/projects/clemens33/ae-rust/docs/migration/evidence/phase4-run/scratch/0194/home
2026-08-24T14:25:21Z	child	rc=0	/Users/ckriech/projects/clemens33/ae-rust/target/release/ae list --json
2026-08-24T14:25:21Z	child	rc=-1	/Users/ckriech/projects/clemens33/ae-rust/target/release/ae list --all	cwd=/Users/ckriech/projects/clemens33/ae-rust/docs/migration/evidence/phase4-run/scratch/0195/home
2026-08-24T14:25:21Z	child	rc=0	/Users/ckriech/projects/clemens33/ae-rust/target/release/ae list --all
2026-08-24T14:25:21Z	child	rc=-1	/Users/ckriech/projects/clemens33/ae-rust/target/release/ae list --all --json	cwd=/Users/ckriech/projects/clemens33/ae-rust/docs/migration/evidence/phase4-run/scratch/0196/home
2026-08-24T14:25:21Z	child	rc=0	/Users/ckriech/projects/clemens33/ae-rust/target/release/ae list --all --json
2026-08-24T14:25:21Z	child	rc=-1	/Users/ckriech/projects/clemens33/ae-rust/target/release/ae ls	cwd=/Users/ckriech/projects/clemens33/ae-rust/docs/migration/evidence/phase4-run/scratch/0197/home
2026-08-24T14:25:21Z	child	rc=0	/Users/ckriech/projects/clemens33/ae-rust/target/release/ae ls
2026-08-24T14:25:21Z	child	rc=-1	/Users/ckriech/projects/clemens33/ae-rust/target/release/ae ls --all	cwd=/Users/ckriech/projects/clemens33/ae-rust/docs/migration/evidence/phase4-run/scratch/0198/home
2026-08-24T14:25:21Z	child	rc=0	/Users/ckriech/projects/clemens33/ae-rust/target/release/ae ls --all
2026-08-24T14:25:21Z	child	rc=-1	/Users/ckriech/projects/clemens33/ae-rust/target/release/ae list	cwd=/Users/ckriech/projects/clemens33/ae-rust/docs/migration/evidence/phase4-run/scratch/0201/home
2026-08-24T14:25:21Z	child	rc=0	/Users/ckriech/projects/clemens33/ae-rust/target/release/ae list
2026-08-24T14:25:21Z	child	rc=-1	/Users/ckriech/projects/clemens33/ae-rust/target/release/ae list --json	cwd=/Users/ckriech/projects/clemens33/ae-rust/docs/migration/evidence/phase4-run/scratch/0202/home
2026-08-24T14:25:21Z	child	rc=0	/Users/ckriech/projects/clemens33/ae-rust/target/release/ae list --json
2026-08-24T14:25:21Z	child	rc=-1	/Users/ckriech/projects/clemens33/ae-rust/target/release/ae list --all	cwd=/Users/ckriech/projects/clemens33/ae-rust/docs/migration/evidence/phase4-run/scratch/0203/home
2026-08-24T14:25:21Z	child	rc=0	/Users/ckriech/projects/clemens33/ae-rust/target/release/ae list --all
2026-08-24T14:25:21Z	child	rc=-1	/Users/ckriech/projects/clemens33/ae-rust/target/release/ae list --all --json	cwd=/Users/ckriech/projects/clemens33/ae-rust/docs/migration/evidence/phase4-run/scratch/0204/home
2026-08-24T14:25:21Z	child	rc=0	/Users/ckriech/projects/clemens33/ae-rust/target/release/ae list --all --json
2026-08-24T14:25:21Z	child	rc=-1	/Users/ckriech/projects/clemens33/ae-rust/target/release/ae ls	cwd=/Users/ckriech/projects/clemens33/ae-rust/docs/migration/evidence/phase4-run/scratch/0205/home
2026-08-24T14:25:21Z	child	rc=0	/Users/ckriech/projects/clemens33/ae-rust/target/release/ae ls
2026-08-24T14:25:21Z	child	rc=-1	/Users/ckriech/projects/clemens33/ae-rust/target/release/ae ls --all	cwd=/Users/ckriech/projects/clemens33/ae-rust/docs/migration/evidence/phase4-run/scratch/0206/home
2026-08-24T14:25:21Z	child	rc=0	/Users/ckriech/projects/clemens33/ae-rust/target/release/ae ls --all
2026-08-24T14:25:21Z	child	rc=-1	/Users/ckriech/projects/clemens33/ae-rust/target/release/ae list	cwd=/Users/ckriech/projects/clemens33/ae-rust/docs/migration/evidence/phase4-run/scratch/0209/home
2026-08-24T14:25:21Z	child	rc=0	/Users/ckriech/projects/clemens33/ae-rust/target/release/ae list
2026-08-24T14:25:21Z	child	rc=-1	/Users/ckriech/projects/clemens33/ae-rust/target/release/ae list --json	cwd=/Users/ckriech/projects/clemens33/ae-rust/docs/migration/evidence/phase4-run/scratch/0210/home
2026-08-24T14:25:21Z	child	rc=0	/Users/ckriech/projects/clemens33/ae-rust/target/release/ae list --json
2026-08-24T14:25:21Z	child	rc=-1	/Users/ckriech/projects/clemens33/ae-rust/target/release/ae list --all	cwd=/Users/ckriech/projects/clemens33/ae-rust/docs/migration/evidence/phase4-run/scratch/0211/home
2026-08-24T14:25:21Z	child	rc=0	/Users/ckriech/projects/clemens33/ae-rust/target/release/ae list --all
2026-08-24T14:25:21Z	child	rc=-1	/Users/ckriech/projects/clemens33/ae-rust/target/release/ae list --all --json	cwd=/Users/ckriech/projects/clemens33/ae-rust/docs/migration/evidence/phase4-run/scratch/0212/home
2026-08-24T14:25:21Z	child	rc=0	/Users/ckriech/projects/clemens33/ae-rust/target/release/ae list --all --json
2026-08-24T14:25:21Z	child	rc=-1	/Users/ckriech/projects/clemens33/ae-rust/target/release/ae ls	cwd=/Users/ckriech/projects/clemens33/ae-rust/docs/migration/evidence/phase4-run/scratch/0213/home
2026-08-24T14:25:21Z	child	rc=0	/Users/ckriech/projects/clemens33/ae-rust/target/release/ae ls
2026-08-24T14:25:21Z	child	rc=-1	/Users/ckriech/projects/clemens33/ae-rust/target/release/ae ls --all	cwd=/Users/ckriech/projects/clemens33/ae-rust/docs/migration/evidence/phase4-run/scratch/0214/home
2026-08-24T14:25:21Z	child	rc=0	/Users/ckriech/projects/clemens33/ae-rust/target/release/ae ls --all
2026-08-24T14:25:21Z	child	rc=-1	/Users/ckriech/projects/clemens33/ae-rust/target/release/ae list	cwd=/Users/ckriech/projects/clemens33/ae-rust/docs/migration/evidence/phase4-run/scratch/0217/home
2026-08-24T14:25:21Z	child	rc=0	/Users/ckriech/projects/clemens33/ae-rust/target/release/ae list
2026-08-24T14:25:21Z	child	rc=-1	/Users/ckriech/projects/clemens33/ae-rust/target/release/ae list --json	cwd=/Users/ckriech/projects/clemens33/ae-rust/docs/migration/evidence/phase4-run/scratch/0218/home
2026-08-24T14:25:21Z	child	rc=0	/Users/ckriech/projects/clemens33/ae-rust/target/release/ae list --json
2026-08-24T14:25:21Z	child	rc=-1	/Users/ckriech/projects/clemens33/ae-rust/target/release/ae list --all	cwd=/Users/ckriech/projects/clemens33/ae-rust/docs/migration/evidence/phase4-run/scratch/0219/home
2026-08-24T14:25:21Z	child	rc=0	/Users/ckriech/projects/clemens33/ae-rust/target/release/ae list --all
2026-08-24T14:25:21Z	child	rc=-1	/Users/ckriech/projects/clemens33/ae-rust/target/release/ae list --all --json	cwd=/Users/ckriech/projects/clemens33/ae-rust/docs/migration/evidence/phase4-run/scratch/0220/home
2026-08-24T14:25:21Z	child	rc=0	/Users/ckriech/projects/clemens33/ae-rust/target/release/ae list --all --json
2026-08-24T14:25:21Z	child	rc=-1	/Users/ckriech/projects/clemens33/ae-rust/target/release/ae ls	cwd=/Users/ckriech/projects/clemens33/ae-rust/docs/migration/evidence/phase4-run/scratch/0221/home
2026-08-24T14:25:21Z	child	rc=0	/Users/ckriech/projects/clemens33/ae-rust/target/release/ae ls
2026-08-24T14:25:21Z	child	rc=-1	/Users/ckriech/projects/clemens33/ae-rust/target/release/ae ls --all	cwd=/Users/ckriech/projects/clemens33/ae-rust/docs/migration/evidence/phase4-run/scratch/0222/home
2026-08-24T14:25:21Z	child	rc=0	/Users/ckriech/projects/clemens33/ae-rust/target/release/ae ls --all
2026-08-24T14:25:21Z	child	rc=-1	/Users/ckriech/projects/clemens33/ae-rust/target/release/ae list	cwd=/Users/ckriech/projects/clemens33/ae-rust/docs/migration/evidence/phase4-run/scratch/0225/home
2026-08-24T14:25:21Z	child	rc=0	/Users/ckriech/projects/clemens33/ae-rust/target/release/ae list
2026-08-24T14:25:21Z	child	rc=-1	/Users/ckriech/projects/clemens33/ae-rust/target/release/ae list --json	cwd=/Users/ckriech/projects/clemens33/ae-rust/docs/migration/evidence/phase4-run/scratch/0226/home
2026-08-24T14:25:21Z	child	rc=0	/Users/ckriech/projects/clemens33/ae-rust/target/release/ae list --json
2026-08-24T14:25:21Z	child	rc=-1	/Users/ckriech/projects/clemens33/ae-rust/target/release/ae list --all	cwd=/Users/ckriech/projects/clemens33/ae-rust/docs/migration/evidence/phase4-run/scratch/0227/home
2026-08-24T14:25:21Z	child	rc=0	/Users/ckriech/projects/clemens33/ae-rust/target/release/ae list --all
2026-08-24T14:25:21Z	child	rc=-1	/Users/ckriech/projects/clemens33/ae-rust/target/release/ae list --all --json	cwd=/Users/ckriech/projects/clemens33/ae-rust/docs/migration/evidence/phase4-run/scratch/0228/home
2026-08-24T14:25:21Z	child	rc=0	/Users/ckriech/projects/clemens33/ae-rust/target/release/ae list --all --json
2026-08-24T14:25:21Z	child	rc=-1	/Users/ckriech/projects/clemens33/ae-rust/target/release/ae ls	cwd=/Users/ckriech/projects/clemens33/ae-rust/docs/migration/evidence/phase4-run/scratch/0229/home
2026-08-24T14:25:21Z	child	rc=0	/Users/ckriech/projects/clemens33/ae-rust/target/release/ae ls
2026-08-24T14:25:21Z	child	rc=-1	/Users/ckriech/projects/clemens33/ae-rust/target/release/ae ls --all	cwd=/Users/ckriech/projects/clemens33/ae-rust/docs/migration/evidence/phase4-run/scratch/0230/home
2026-08-24T14:25:21Z	child	rc=0	/Users/ckriech/projects/clemens33/ae-rust/target/release/ae ls --all
2026-08-24T14:25:21Z	child	rc=-1	/Users/ckriech/projects/clemens33/ae-rust/target/release/ae list	cwd=/Users/ckriech/projects/clemens33/ae-rust/docs/migration/evidence/phase4-run/scratch/0233/home
2026-08-24T14:25:21Z	child	rc=0	/Users/ckriech/projects/clemens33/ae-rust/target/release/ae list
2026-08-24T14:25:21Z	child	rc=-1	/Users/ckriech/projects/clemens33/ae-rust/target/release/ae list --json	cwd=/Users/ckriech/projects/clemens33/ae-rust/docs/migration/evidence/phase4-run/scratch/0234/home
2026-08-24T14:25:21Z	child	rc=0	/Users/ckriech/projects/clemens33/ae-rust/target/release/ae list --json
2026-08-24T14:25:21Z	child	rc=-1	/Users/ckriech/projects/clemens33/ae-rust/target/release/ae list --all	cwd=/Users/ckriech/projects/clemens33/ae-rust/docs/migration/evidence/phase4-run/scratch/0235/home
2026-08-24T14:25:21Z	child	rc=0	/Users/ckriech/projects/clemens33/ae-rust/target/release/ae list --all
2026-08-24T14:25:21Z	child	rc=-1	/Users/ckriech/projects/clemens33/ae-rust/target/release/ae list --all --json	cwd=/Users/ckriech/projects/clemens33/ae-rust/docs/migration/evidence/phase4-run/scratch/0236/home
2026-08-24T14:25:21Z	child	rc=0	/Users/ckriech/projects/clemens33/ae-rust/target/release/ae list --all --json
2026-08-24T14:25:21Z	child	rc=-1	/Users/ckriech/projects/clemens33/ae-rust/target/release/ae ls	cwd=/Users/ckriech/projects/clemens33/ae-rust/docs/migration/evidence/phase4-run/scratch/0237/home
2026-08-24T14:25:21Z	child	rc=0	/Users/ckriech/projects/clemens33/ae-rust/target/release/ae ls
2026-08-24T14:25:21Z	child	rc=-1	/Users/ckriech/projects/clemens33/ae-rust/target/release/ae ls --all	cwd=/Users/ckriech/projects/clemens33/ae-rust/docs/migration/evidence/phase4-run/scratch/0238/home
2026-08-24T14:25:21Z	child	rc=0	/Users/ckriech/projects/clemens33/ae-rust/target/release/ae ls --all
2026-08-24T14:25:21Z	child	rc=-1	/Users/ckriech/projects/clemens33/ae-rust/target/release/ae list	cwd=/Users/ckriech/projects/clemens33/ae-rust/docs/migration/evidence/phase4-run/scratch/0241/home
2026-08-24T14:25:21Z	child	rc=0	/Users/ckriech/projects/clemens33/ae-rust/target/release/ae list
2026-08-24T14:25:21Z	child	rc=-1	/Users/ckriech/projects/clemens33/ae-rust/target/release/ae list --json	cwd=/Users/ckriech/projects/clemens33/ae-rust/docs/migration/evidence/phase4-run/scratch/0242/home
2026-08-24T14:25:21Z	child	rc=0	/Users/ckriech/projects/clemens33/ae-rust/target/release/ae list --json
2026-08-24T14:25:21Z	child	rc=-1	/Users/ckriech/projects/clemens33/ae-rust/target/release/ae list --all	cwd=/Users/ckriech/projects/clemens33/ae-rust/docs/migration/evidence/phase4-run/scratch/0243/home
2026-08-24T14:25:21Z	child	rc=0	/Users/ckriech/projects/clemens33/ae-rust/target/release/ae list --all
2026-08-24T14:25:21Z	child	rc=-1	/Users/ckriech/projects/clemens33/ae-rust/target/release/ae list --all --json	cwd=/Users/ckriech/projects/clemens33/ae-rust/docs/migration/evidence/phase4-run/scratch/0244/home
2026-08-24T14:25:21Z	child	rc=0	/Users/ckriech/projects/clemens33/ae-rust/target/release/ae list --all --json
2026-08-24T14:25:21Z	child	rc=-1	/Users/ckriech/projects/clemens33/ae-rust/target/release/ae ls	cwd=/Users/ckriech/projects/clemens33/ae-rust/docs/migration/evidence/phase4-run/scratch/0245/home
2026-08-24T14:25:21Z	child	rc=0	/Users/ckriech/projects/clemens33/ae-rust/target/release/ae ls
2026-08-24T14:25:21Z	child	rc=-1	/Users/ckriech/projects/clemens33/ae-rust/target/release/ae ls --all	cwd=/Users/ckriech/projects/clemens33/ae-rust/docs/migration/evidence/phase4-run/scratch/0246/home
2026-08-24T14:25:21Z	child	rc=0	/Users/ckriech/projects/clemens33/ae-rust/target/release/ae ls --all
2026-08-24T14:25:21Z	child	rc=-1	/Users/ckriech/projects/clemens33/ae-rust/target/release/ae list	cwd=/Users/ckriech/projects/clemens33/ae-rust/docs/migration/evidence/phase4-run/scratch/0249/home
2026-08-24T14:25:21Z	child	rc=0	/Users/ckriech/projects/clemens33/ae-rust/target/release/ae list
2026-08-24T14:25:21Z	child	rc=-1	/Users/ckriech/projects/clemens33/ae-rust/target/release/ae list --json	cwd=/Users/ckriech/projects/clemens33/ae-rust/docs/migration/evidence/phase4-run/scratch/0250/home
2026-08-24T14:25:21Z	child	rc=0	/Users/ckriech/projects/clemens33/ae-rust/target/release/ae list --json
2026-08-24T14:25:21Z	child	rc=-1	/Users/ckriech/projects/clemens33/ae-rust/target/release/ae list --all	cwd=/Users/ckriech/projects/clemens33/ae-rust/docs/migration/evidence/phase4-run/scratch/0251/home
2026-08-24T14:25:21Z	child	rc=0	/Users/ckriech/projects/clemens33/ae-rust/target/release/ae list --all
2026-08-24T14:25:21Z	child	rc=-1	/Users/ckriech/projects/clemens33/ae-rust/target/release/ae list --all --json	cwd=/Users/ckriech/projects/clemens33/ae-rust/docs/migration/evidence/phase4-run/scratch/0252/home
2026-08-24T14:25:21Z	child	rc=0	/Users/ckriech/projects/clemens33/ae-rust/target/release/ae list --all --json
2026-08-24T14:25:21Z	child	rc=-1	/Users/ckriech/projects/clemens33/ae-rust/target/release/ae ls	cwd=/Users/ckriech/projects/clemens33/ae-rust/docs/migration/evidence/phase4-run/scratch/0253/home
2026-08-24T14:25:22Z	child	rc=0	/Users/ckriech/projects/clemens33/ae-rust/target/release/ae ls
2026-08-24T14:25:22Z	child	rc=-1	/Users/ckriech/projects/clemens33/ae-rust/target/release/ae ls --all	cwd=/Users/ckriech/projects/clemens33/ae-rust/docs/migration/evidence/phase4-run/scratch/0254/home
2026-08-24T14:25:22Z	child	rc=0	/Users/ckriech/projects/clemens33/ae-rust/target/release/ae ls --all
2026-08-24T14:25:22Z	child	rc=-1	/Users/ckriech/projects/clemens33/ae-rust/target/release/ae list	cwd=/Users/ckriech/projects/clemens33/ae-rust/docs/migration/evidence/phase4-run/scratch/0257/home
2026-08-24T14:25:22Z	child	rc=0	/Users/ckriech/projects/clemens33/ae-rust/target/release/ae list
2026-08-24T14:25:22Z	child	rc=-1	/Users/ckriech/projects/clemens33/ae-rust/target/release/ae list --json	cwd=/Users/ckriech/projects/clemens33/ae-rust/docs/migration/evidence/phase4-run/scratch/0258/home
2026-08-24T14:25:22Z	child	rc=0	/Users/ckriech/projects/clemens33/ae-rust/target/release/ae list --json
2026-08-24T14:25:22Z	child	rc=-1	/Users/ckriech/projects/clemens33/ae-rust/target/release/ae list --all	cwd=/Users/ckriech/projects/clemens33/ae-rust/docs/migration/evidence/phase4-run/scratch/0259/home
2026-08-24T14:25:22Z	child	rc=0	/Users/ckriech/projects/clemens33/ae-rust/target/release/ae list --all
2026-08-24T14:25:22Z	child	rc=-1	/Users/ckriech/projects/clemens33/ae-rust/target/release/ae list --all --json	cwd=/Users/ckriech/projects/clemens33/ae-rust/docs/migration/evidence/phase4-run/scratch/0260/home
2026-08-24T14:25:22Z	child	rc=0	/Users/ckriech/projects/clemens33/ae-rust/target/release/ae list --all --json
2026-08-24T14:25:22Z	child	rc=-1	/Users/ckriech/projects/clemens33/ae-rust/target/release/ae ls	cwd=/Users/ckriech/projects/clemens33/ae-rust/docs/migration/evidence/phase4-run/scratch/0261/home
2026-08-24T14:25:22Z	child	rc=0	/Users/ckriech/projects/clemens33/ae-rust/target/release/ae ls
2026-08-24T14:25:22Z	child	rc=-1	/Users/ckriech/projects/clemens33/ae-rust/target/release/ae ls --all	cwd=/Users/ckriech/projects/clemens33/ae-rust/docs/migration/evidence/phase4-run/scratch/0262/home
2026-08-24T14:25:22Z	child	rc=0	/Users/ckriech/projects/clemens33/ae-rust/target/release/ae ls --all
2026-08-24T14:25:22Z	child	rc=-1	/Users/ckriech/projects/clemens33/ae-rust/target/release/ae list	cwd=/Users/ckriech/projects/clemens33/ae-rust/docs/migration/evidence/phase4-run/scratch/0265/home
2026-08-24T14:25:22Z	child	rc=0	/Users/ckriech/projects/clemens33/ae-rust/target/release/ae list
2026-08-24T14:25:22Z	child	rc=-1	/Users/ckriech/projects/clemens33/ae-rust/target/release/ae list --json	cwd=/Users/ckriech/projects/clemens33/ae-rust/docs/migration/evidence/phase4-run/scratch/0266/home
2026-08-24T14:25:22Z	child	rc=0	/Users/ckriech/projects/clemens33/ae-rust/target/release/ae list --json
2026-08-24T14:25:22Z	child	rc=-1	/Users/ckriech/projects/clemens33/ae-rust/target/release/ae list --all	cwd=/Users/ckriech/projects/clemens33/ae-rust/docs/migration/evidence/phase4-run/scratch/0267/home
2026-08-24T14:25:22Z	child	rc=0	/Users/ckriech/projects/clemens33/ae-rust/target/release/ae list --all
2026-08-24T14:25:22Z	child	rc=-1	/Users/ckriech/projects/clemens33/ae-rust/target/release/ae list --all --json	cwd=/Users/ckriech/projects/clemens33/ae-rust/docs/migration/evidence/phase4-run/scratch/0268/home
2026-08-24T14:25:22Z	child	rc=0	/Users/ckriech/projects/clemens33/ae-rust/target/release/ae list --all --json
2026-08-24T14:25:22Z	child	rc=-1	/Users/ckriech/projects/clemens33/ae-rust/target/release/ae ls	cwd=/Users/ckriech/projects/clemens33/ae-rust/docs/migration/evidence/phase4-run/scratch/0269/home
2026-08-24T14:25:22Z	child	rc=0	/Users/ckriech/projects/clemens33/ae-rust/target/release/ae ls
2026-08-24T14:25:22Z	child	rc=-1	/Users/ckriech/projects/clemens33/ae-rust/target/release/ae ls --all	cwd=/Users/ckriech/projects/clemens33/ae-rust/docs/migration/evidence/phase4-run/scratch/0270/home
2026-08-24T14:25:22Z	child	rc=0	/Users/ckriech/projects/clemens33/ae-rust/target/release/ae ls --all
2026-08-24T14:25:22Z	child	rc=-1	/Users/ckriech/projects/clemens33/ae-rust/target/release/ae list	cwd=/Users/ckriech/projects/clemens33/ae-rust/docs/migration/evidence/phase4-run/scratch/0273/home
2026-08-24T14:25:22Z	child	rc=0	/Users/ckriech/projects/clemens33/ae-rust/target/release/ae list
2026-08-24T14:25:22Z	child	rc=-1	/Users/ckriech/projects/clemens33/ae-rust/target/release/ae list --json	cwd=/Users/ckriech/projects/clemens33/ae-rust/docs/migration/evidence/phase4-run/scratch/0274/home
2026-08-24T14:25:22Z	child	rc=0	/Users/ckriech/projects/clemens33/ae-rust/target/release/ae list --json
2026-08-24T14:25:22Z	child	rc=-1	/Users/ckriech/projects/clemens33/ae-rust/target/release/ae list --all	cwd=/Users/ckriech/projects/clemens33/ae-rust/docs/migration/evidence/phase4-run/scratch/0275/home
2026-08-24T14:25:22Z	child	rc=0	/Users/ckriech/projects/clemens33/ae-rust/target/release/ae list --all
2026-08-24T14:25:22Z	child	rc=-1	/Users/ckriech/projects/clemens33/ae-rust/target/release/ae list --all --json	cwd=/Users/ckriech/projects/clemens33/ae-rust/docs/migration/evidence/phase4-run/scratch/0276/home
2026-08-24T14:25:22Z	child	rc=0	/Users/ckriech/projects/clemens33/ae-rust/target/release/ae list --all --json
2026-08-24T14:25:22Z	child	rc=-1	/Users/ckriech/projects/clemens33/ae-rust/target/release/ae ls	cwd=/Users/ckriech/projects/clemens33/ae-rust/docs/migration/evidence/phase4-run/scratch/0277/home
2026-08-24T14:25:22Z	child	rc=0	/Users/ckriech/projects/clemens33/ae-rust/target/release/ae ls
2026-08-24T14:25:22Z	child	rc=-1	/Users/ckriech/projects/clemens33/ae-rust/target/release/ae ls --all	cwd=/Users/ckriech/projects/clemens33/ae-rust/docs/migration/evidence/phase4-run/scratch/0278/home
2026-08-24T14:25:22Z	child	rc=0	/Users/ckriech/projects/clemens33/ae-rust/target/release/ae ls --all
2026-08-24T14:25:22Z	child	rc=-1	/Users/ckriech/projects/clemens33/ae-rust/target/release/ae list	cwd=/Users/ckriech/projects/clemens33/ae-rust/docs/migration/evidence/phase4-run/scratch/0281/home
2026-08-24T14:25:22Z	child	rc=0	/Users/ckriech/projects/clemens33/ae-rust/target/release/ae list
2026-08-24T14:25:22Z	child	rc=-1	/Users/ckriech/projects/clemens33/ae-rust/target/release/ae list --json	cwd=/Users/ckriech/projects/clemens33/ae-rust/docs/migration/evidence/phase4-run/scratch/0282/home
2026-08-24T14:25:22Z	child	rc=0	/Users/ckriech/projects/clemens33/ae-rust/target/release/ae list --json
2026-08-24T14:25:22Z	child	rc=-1	/Users/ckriech/projects/clemens33/ae-rust/target/release/ae list --all	cwd=/Users/ckriech/projects/clemens33/ae-rust/docs/migration/evidence/phase4-run/scratch/0283/home
2026-08-24T14:25:22Z	child	rc=0	/Users/ckriech/projects/clemens33/ae-rust/target/release/ae list --all
2026-08-24T14:25:22Z	child	rc=-1	/Users/ckriech/projects/clemens33/ae-rust/target/release/ae list --all --json	cwd=/Users/ckriech/projects/clemens33/ae-rust/docs/migration/evidence/phase4-run/scratch/0284/home
2026-08-24T14:25:22Z	child	rc=0	/Users/ckriech/projects/clemens33/ae-rust/target/release/ae list --all --json
2026-08-24T14:25:22Z	child	rc=-1	/Users/ckriech/projects/clemens33/ae-rust/target/release/ae ls	cwd=/Users/ckriech/projects/clemens33/ae-rust/docs/migration/evidence/phase4-run/scratch/0285/home
2026-08-24T14:25:22Z	child	rc=0	/Users/ckriech/projects/clemens33/ae-rust/target/release/ae ls
2026-08-24T14:25:22Z	child	rc=-1	/Users/ckriech/projects/clemens33/ae-rust/target/release/ae ls --all	cwd=/Users/ckriech/projects/clemens33/ae-rust/docs/migration/evidence/phase4-run/scratch/0286/home
2026-08-24T14:25:22Z	child	rc=0	/Users/ckriech/projects/clemens33/ae-rust/target/release/ae ls --all
2026-08-24T14:25:22Z	child	rc=-1	/Users/ckriech/projects/clemens33/ae-rust/target/release/ae list	cwd=/Users/ckriech/projects/clemens33/ae-rust/docs/migration/evidence/phase4-run/scratch/0289/home
2026-08-24T14:25:22Z	child	rc=0	/Users/ckriech/projects/clemens33/ae-rust/target/release/ae list
2026-08-24T14:25:22Z	child	rc=-1	/Users/ckriech/projects/clemens33/ae-rust/target/release/ae list --json	cwd=/Users/ckriech/projects/clemens33/ae-rust/docs/migration/evidence/phase4-run/scratch/0290/home
2026-08-24T14:25:22Z	child	rc=0	/Users/ckriech/projects/clemens33/ae-rust/target/release/ae list --json
2026-08-24T14:25:22Z	child	rc=-1	/Users/ckriech/projects/clemens33/ae-rust/target/release/ae list --all	cwd=/Users/ckriech/projects/clemens33/ae-rust/docs/migration/evidence/phase4-run/scratch/0291/home
2026-08-24T14:25:22Z	child	rc=0	/Users/ckriech/projects/clemens33/ae-rust/target/release/ae list --all
2026-08-24T14:25:22Z	child	rc=-1	/Users/ckriech/projects/clemens33/ae-rust/target/release/ae list --all --json	cwd=/Users/ckriech/projects/clemens33/ae-rust/docs/migration/evidence/phase4-run/scratch/0292/home
2026-08-24T14:25:22Z	child	rc=0	/Users/ckriech/projects/clemens33/ae-rust/target/release/ae list --all --json
2026-08-24T14:25:22Z	child	rc=-1	/Users/ckriech/projects/clemens33/ae-rust/target/release/ae ls	cwd=/Users/ckriech/projects/clemens33/ae-rust/docs/migration/evidence/phase4-run/scratch/0293/home
2026-08-24T14:25:22Z	child	rc=0	/Users/ckriech/projects/clemens33/ae-rust/target/release/ae ls
2026-08-24T14:25:22Z	child	rc=-1	/Users/ckriech/projects/clemens33/ae-rust/target/release/ae ls --all	cwd=/Users/ckriech/projects/clemens33/ae-rust/docs/migration/evidence/phase4-run/scratch/0294/home
2026-08-24T14:25:22Z	child	rc=0	/Users/ckriech/projects/clemens33/ae-rust/target/release/ae ls --all
2026-08-24T14:25:22Z	child	rc=-1	/Users/ckriech/projects/clemens33/ae-rust/target/release/ae list	cwd=/Users/ckriech/projects/clemens33/ae-rust/docs/migration/evidence/phase4-run/scratch/0297/home
2026-08-24T14:25:22Z	child	rc=0	/Users/ckriech/projects/clemens33/ae-rust/target/release/ae list
2026-08-24T14:25:22Z	child	rc=-1	/Users/ckriech/projects/clemens33/ae-rust/target/release/ae list --json	cwd=/Users/ckriech/projects/clemens33/ae-rust/docs/migration/evidence/phase4-run/scratch/0298/home
2026-08-24T14:25:22Z	child	rc=0	/Users/ckriech/projects/clemens33/ae-rust/target/release/ae list --json
2026-08-24T14:25:22Z	child	rc=-1	/Users/ckriech/projects/clemens33/ae-rust/target/release/ae list --all	cwd=/Users/ckriech/projects/clemens33/ae-rust/docs/migration/evidence/phase4-run/scratch/0299/home
2026-08-24T14:25:22Z	child	rc=0	/Users/ckriech/projects/clemens33/ae-rust/target/release/ae list --all
2026-08-24T14:25:22Z	child	rc=-1	/Users/ckriech/projects/clemens33/ae-rust/target/release/ae list --all --json	cwd=/Users/ckriech/projects/clemens33/ae-rust/docs/migration/evidence/phase4-run/scratch/0300/home
2026-08-24T14:25:22Z	child	rc=0	/Users/ckriech/projects/clemens33/ae-rust/target/release/ae list --all --json
2026-08-24T14:25:22Z	child	rc=-1	/Users/ckriech/projects/clemens33/ae-rust/target/release/ae ls	cwd=/Users/ckriech/projects/clemens33/ae-rust/docs/migration/evidence/phase4-run/scratch/0301/home
2026-08-24T14:25:22Z	child	rc=0	/Users/ckriech/projects/clemens33/ae-rust/target/release/ae ls
2026-08-24T14:25:22Z	child	rc=-1	/Users/ckriech/projects/clemens33/ae-rust/target/release/ae ls --all	cwd=/Users/ckriech/projects/clemens33/ae-rust/docs/migration/evidence/phase4-run/scratch/0302/home
2026-08-24T14:25:22Z	child	rc=0	/Users/ckriech/projects/clemens33/ae-rust/target/release/ae ls --all
2026-08-24T14:25:22Z	child	rc=-1	/Users/ckriech/projects/clemens33/ae-rust/target/release/ae list	cwd=/Users/ckriech/projects/clemens33/ae-rust/docs/migration/evidence/phase4-run/scratch/0319/home
2026-08-24T14:25:22Z	child	rc=0	/Users/ckriech/projects/clemens33/ae-rust/target/release/ae list
2026-08-24T14:25:22Z	child	rc=-1	/Users/ckriech/projects/clemens33/ae-rust/target/release/ae list --json	cwd=/Users/ckriech/projects/clemens33/ae-rust/docs/migration/evidence/phase4-run/scratch/0320/home
2026-08-24T14:25:22Z	child	rc=0	/Users/ckriech/projects/clemens33/ae-rust/target/release/ae list --json
2026-08-24T14:25:22Z	child	rc=-1	/Users/ckriech/projects/clemens33/ae-rust/target/release/ae ls	cwd=/Users/ckriech/projects/clemens33/ae-rust/docs/migration/evidence/phase4-run/scratch/0321/home
2026-08-24T14:25:22Z	child	rc=0	/Users/ckriech/projects/clemens33/ae-rust/target/release/ae ls
2026-08-24T14:25:23Z	child	rc=-1	/Users/ckriech/projects/clemens33/ae-rust/target/release/ae ls --json	cwd=/Users/ckriech/projects/clemens33/ae-rust/docs/migration/evidence/phase4-run/scratch/0322/home
2026-08-24T14:25:23Z	child	rc=0	/Users/ckriech/projects/clemens33/ae-rust/target/release/ae ls --json
2026-08-24T14:25:23Z	child	rc=-1	/Users/ckriech/projects/clemens33/ae-rust/target/release/ae list --running	cwd=/Users/ckriech/projects/clemens33/ae-rust/docs/migration/evidence/phase4-run/scratch/0323/home
2026-08-24T14:25:23Z	child	rc=0	/Users/ckriech/projects/clemens33/ae-rust/target/release/ae list --running
2026-08-24T14:25:23Z	child	rc=-1	/Users/ckriech/projects/clemens33/ae-rust/target/release/ae list --running --json	cwd=/Users/ckriech/projects/clemens33/ae-rust/docs/migration/evidence/phase4-run/scratch/0324/home
2026-08-24T14:25:23Z	child	rc=0	/Users/ckriech/projects/clemens33/ae-rust/target/release/ae list --running --json
2026-08-24T14:25:23Z	child	rc=-1	/Users/ckriech/projects/clemens33/ae-rust/target/release/ae ls --running	cwd=/Users/ckriech/projects/clemens33/ae-rust/docs/migration/evidence/phase4-run/scratch/0325/home
2026-08-24T14:25:23Z	child	rc=0	/Users/ckriech/projects/clemens33/ae-rust/target/release/ae ls --running
2026-08-24T14:25:23Z	child	rc=-1	/Users/ckriech/projects/clemens33/ae-rust/target/release/ae ls --running --json	cwd=/Users/ckriech/projects/clemens33/ae-rust/docs/migration/evidence/phase4-run/scratch/0326/home
2026-08-24T14:25:23Z	child	rc=0	/Users/ckriech/projects/clemens33/ae-rust/target/release/ae ls --running --json
2026-08-24T14:25:23Z	child	rc=-1	/Users/ckriech/projects/clemens33/ae-rust/target/release/ae list --all	cwd=/Users/ckriech/projects/clemens33/ae-rust/docs/migration/evidence/phase4-run/scratch/0327/home
2026-08-24T14:25:23Z	child	rc=0	/Users/ckriech/projects/clemens33/ae-rust/target/release/ae list --all
2026-08-24T14:25:23Z	child	rc=-1	/Users/ckriech/projects/clemens33/ae-rust/target/release/ae list --all --json	cwd=/Users/ckriech/projects/clemens33/ae-rust/docs/migration/evidence/phase4-run/scratch/0328/home
2026-08-24T14:25:23Z	child	rc=0	/Users/ckriech/projects/clemens33/ae-rust/target/release/ae list --all --json
2026-08-24T14:25:23Z	child	rc=-1	/Users/ckriech/projects/clemens33/ae-rust/target/release/ae ls --all	cwd=/Users/ckriech/projects/clemens33/ae-rust/docs/migration/evidence/phase4-run/scratch/0329/home
2026-08-24T14:25:23Z	child	rc=0	/Users/ckriech/projects/clemens33/ae-rust/target/release/ae ls --all
2026-08-24T14:25:23Z	child	rc=-1	/Users/ckriech/projects/clemens33/ae-rust/target/release/ae ls --all --json	cwd=/Users/ckriech/projects/clemens33/ae-rust/docs/migration/evidence/phase4-run/scratch/0330/home
2026-08-24T14:25:23Z	child	rc=0	/Users/ckriech/projects/clemens33/ae-rust/target/release/ae ls --all --json
2026-08-24T14:25:23Z	child	rc=-1	/Users/ckriech/projects/clemens33/ae-rust/target/release/ae list --stopped	cwd=/Users/ckriech/projects/clemens33/ae-rust/docs/migration/evidence/phase4-run/scratch/0331/home
2026-08-24T14:25:23Z	child	rc=0	/Users/ckriech/projects/clemens33/ae-rust/target/release/ae list --stopped
2026-08-24T14:25:24Z	child	rc=-1	/Users/ckriech/projects/clemens33/ae-rust/target/release/ae list --stopped --json	cwd=/Users/ckriech/projects/clemens33/ae-rust/docs/migration/evidence/phase4-run/scratch/0332/home
2026-08-24T14:25:24Z	child	rc=0	/Users/ckriech/projects/clemens33/ae-rust/target/release/ae list --stopped --json
2026-08-24T14:25:24Z	child	rc=-1	/Users/ckriech/projects/clemens33/ae-rust/target/release/ae ls --stopped	cwd=/Users/ckriech/projects/clemens33/ae-rust/docs/migration/evidence/phase4-run/scratch/0333/home
2026-08-24T14:25:24Z	child	rc=0	/Users/ckriech/projects/clemens33/ae-rust/target/release/ae ls --stopped
2026-08-24T14:25:24Z	child	rc=-1	/Users/ckriech/projects/clemens33/ae-rust/target/release/ae ls --stopped --json	cwd=/Users/ckriech/projects/clemens33/ae-rust/docs/migration/evidence/phase4-run/scratch/0334/home
2026-08-24T14:25:24Z	child	rc=0	/Users/ckriech/projects/clemens33/ae-rust/target/release/ae ls --stopped --json
2026-08-24T14:25:24Z	child	rc=-1	/Users/ckriech/projects/clemens33/ae-rust/target/release/ae list --needs-attn	cwd=/Users/ckriech/projects/clemens33/ae-rust/docs/migration/evidence/phase4-run/scratch/0335/home
2026-08-24T14:25:24Z	child	rc=0	/Users/ckriech/projects/clemens33/ae-rust/target/release/ae list --needs-attn
2026-08-24T14:25:24Z	child	rc=-1	/Users/ckriech/projects/clemens33/ae-rust/target/release/ae list --needs-attn --json	cwd=/Users/ckriech/projects/clemens33/ae-rust/docs/migration/evidence/phase4-run/scratch/0336/home
2026-08-24T14:25:24Z	child	rc=0	/Users/ckriech/projects/clemens33/ae-rust/target/release/ae list --needs-attn --json
2026-08-24T14:25:24Z	child	rc=-1	/Users/ckriech/projects/clemens33/ae-rust/target/release/ae ls --needs-attn	cwd=/Users/ckriech/projects/clemens33/ae-rust/docs/migration/evidence/phase4-run/scratch/0337/home
2026-08-24T14:25:24Z	child	rc=0	/Users/ckriech/projects/clemens33/ae-rust/target/release/ae ls --needs-attn
2026-08-24T14:25:24Z	child	rc=-1	/Users/ckriech/projects/clemens33/ae-rust/target/release/ae ls --needs-attn --json	cwd=/Users/ckriech/projects/clemens33/ae-rust/docs/migration/evidence/phase4-run/scratch/0338/home
2026-08-24T14:25:24Z	child	rc=0	/Users/ckriech/projects/clemens33/ae-rust/target/release/ae ls --needs-attn --json
2026-08-24T14:25:24Z	child	rc=-1	/Users/ckriech/projects/clemens33/ae-rust/target/release/ae list --needs-me	cwd=/Users/ckriech/projects/clemens33/ae-rust/docs/migration/evidence/phase4-run/scratch/0339/home
2026-08-24T14:25:24Z	child	rc=0	/Users/ckriech/projects/clemens33/ae-rust/target/release/ae list --needs-me
2026-08-24T14:25:24Z	child	rc=-1	/Users/ckriech/projects/clemens33/ae-rust/target/release/ae list --needs-me --json	cwd=/Users/ckriech/projects/clemens33/ae-rust/docs/migration/evidence/phase4-run/scratch/0340/home
2026-08-24T14:25:24Z	child	rc=0	/Users/ckriech/projects/clemens33/ae-rust/target/release/ae list --needs-me --json
2026-08-24T14:25:24Z	child	rc=-1	/Users/ckriech/projects/clemens33/ae-rust/target/release/ae ls --needs-me	cwd=/Users/ckriech/projects/clemens33/ae-rust/docs/migration/evidence/phase4-run/scratch/0341/home
2026-08-24T14:25:24Z	child	rc=0	/Users/ckriech/projects/clemens33/ae-rust/target/release/ae ls --needs-me
2026-08-24T14:25:25Z	child	rc=-1	/Users/ckriech/projects/clemens33/ae-rust/target/release/ae ls --needs-me --json	cwd=/Users/ckriech/projects/clemens33/ae-rust/docs/migration/evidence/phase4-run/scratch/0342/home
2026-08-24T14:25:25Z	child	rc=0	/Users/ckriech/projects/clemens33/ae-rust/target/release/ae ls --needs-me --json
2026-08-24T14:25:25Z	child	rc=-1	/Users/ckriech/projects/clemens33/ae-rust/target/release/ae list --needs	cwd=/Users/ckriech/projects/clemens33/ae-rust/docs/migration/evidence/phase4-run/scratch/0343/home
2026-08-24T14:25:25Z	child	rc=0	/Users/ckriech/projects/clemens33/ae-rust/target/release/ae list --needs
2026-08-24T14:25:25Z	child	rc=-1	/Users/ckriech/projects/clemens33/ae-rust/target/release/ae list --needs --json	cwd=/Users/ckriech/projects/clemens33/ae-rust/docs/migration/evidence/phase4-run/scratch/0344/home
2026-08-24T14:25:25Z	child	rc=0	/Users/ckriech/projects/clemens33/ae-rust/target/release/ae list --needs --json
2026-08-24T14:25:25Z	child	rc=-1	/Users/ckriech/projects/clemens33/ae-rust/target/release/ae ls --needs	cwd=/Users/ckriech/projects/clemens33/ae-rust/docs/migration/evidence/phase4-run/scratch/0345/home
2026-08-24T14:25:25Z	child	rc=0	/Users/ckriech/projects/clemens33/ae-rust/target/release/ae ls --needs
2026-08-24T14:25:25Z	child	rc=-1	/Users/ckriech/projects/clemens33/ae-rust/target/release/ae ls --needs --json	cwd=/Users/ckriech/projects/clemens33/ae-rust/docs/migration/evidence/phase4-run/scratch/0346/home
2026-08-24T14:25:25Z	child	rc=0	/Users/ckriech/projects/clemens33/ae-rust/target/release/ae ls --needs --json
2026-08-24T14:25:25Z	child	rc=-1	/Users/ckriech/projects/clemens33/ae-rust/target/release/ae list --attn	cwd=/Users/ckriech/projects/clemens33/ae-rust/docs/migration/evidence/phase4-run/scratch/0347/home
2026-08-24T14:25:25Z	child	rc=0	/Users/ckriech/projects/clemens33/ae-rust/target/release/ae list --attn
2026-08-24T14:25:25Z	child	rc=-1	/Users/ckriech/projects/clemens33/ae-rust/target/release/ae list --attn --json	cwd=/Users/ckriech/projects/clemens33/ae-rust/docs/migration/evidence/phase4-run/scratch/0348/home
2026-08-24T14:25:25Z	child	rc=0	/Users/ckriech/projects/clemens33/ae-rust/target/release/ae list --attn --json
2026-08-24T14:25:25Z	child	rc=-1	/Users/ckriech/projects/clemens33/ae-rust/target/release/ae ls --attn	cwd=/Users/ckriech/projects/clemens33/ae-rust/docs/migration/evidence/phase4-run/scratch/0349/home
2026-08-24T14:25:25Z	child	rc=0	/Users/ckriech/projects/clemens33/ae-rust/target/release/ae ls --attn
2026-08-24T14:25:25Z	child	rc=-1	/Users/ckriech/projects/clemens33/ae-rust/target/release/ae ls --attn --json	cwd=/Users/ckriech/projects/clemens33/ae-rust/docs/migration/evidence/phase4-run/scratch/0350/home
2026-08-24T14:25:25Z	child	rc=0	/Users/ckriech/projects/clemens33/ae-rust/target/release/ae ls --attn --json
2026-08-24T14:25:25Z	child	rc=-1	/Users/ckriech/projects/clemens33/ae-rust/target/release/ae list --active	cwd=/Users/ckriech/projects/clemens33/ae-rust/docs/migration/evidence/phase4-run/scratch/0351/home
2026-08-24T14:25:25Z	child	rc=0	/Users/ckriech/projects/clemens33/ae-rust/target/release/ae list --active
2026-08-24T14:25:26Z	child	rc=-1	/Users/ckriech/projects/clemens33/ae-rust/target/release/ae list --active --json	cwd=/Users/ckriech/projects/clemens33/ae-rust/docs/migration/evidence/phase4-run/scratch/0352/home
2026-08-24T14:25:26Z	child	rc=0	/Users/ckriech/projects/clemens33/ae-rust/target/release/ae list --active --json
2026-08-24T14:25:26Z	child	rc=-1	/Users/ckriech/projects/clemens33/ae-rust/target/release/ae ls --active	cwd=/Users/ckriech/projects/clemens33/ae-rust/docs/migration/evidence/phase4-run/scratch/0353/home
2026-08-24T14:25:26Z	child	rc=0	/Users/ckriech/projects/clemens33/ae-rust/target/release/ae ls --active
2026-08-24T14:25:26Z	child	rc=-1	/Users/ckriech/projects/clemens33/ae-rust/target/release/ae ls --active --json	cwd=/Users/ckriech/projects/clemens33/ae-rust/docs/migration/evidence/phase4-run/scratch/0354/home
2026-08-24T14:25:26Z	child	rc=0	/Users/ckriech/projects/clemens33/ae-rust/target/release/ae ls --active --json
2026-08-24T14:25:26Z	child	rc=-1	/Users/ckriech/projects/clemens33/ae-rust/target/release/ae list --busy	cwd=/Users/ckriech/projects/clemens33/ae-rust/docs/migration/evidence/phase4-run/scratch/0355/home
2026-08-24T14:25:26Z	child	rc=0	/Users/ckriech/projects/clemens33/ae-rust/target/release/ae list --busy
2026-08-24T14:25:26Z	child	rc=-1	/Users/ckriech/projects/clemens33/ae-rust/target/release/ae list --busy --json	cwd=/Users/ckriech/projects/clemens33/ae-rust/docs/migration/evidence/phase4-run/scratch/0356/home
2026-08-24T14:25:26Z	child	rc=0	/Users/ckriech/projects/clemens33/ae-rust/target/release/ae list --busy --json
2026-08-24T14:25:26Z	child	rc=-1	/Users/ckriech/projects/clemens33/ae-rust/target/release/ae ls --busy	cwd=/Users/ckriech/projects/clemens33/ae-rust/docs/migration/evidence/phase4-run/scratch/0357/home
2026-08-24T14:25:26Z	child	rc=0	/Users/ckriech/projects/clemens33/ae-rust/target/release/ae ls --busy
2026-08-24T14:25:26Z	child	rc=-1	/Users/ckriech/projects/clemens33/ae-rust/target/release/ae ls --busy --json	cwd=/Users/ckriech/projects/clemens33/ae-rust/docs/migration/evidence/phase4-run/scratch/0358/home
2026-08-24T14:25:26Z	child	rc=0	/Users/ckriech/projects/clemens33/ae-rust/target/release/ae ls --busy --json
2026-08-24T14:25:26Z	child	rc=-1	/Users/ckriech/projects/clemens33/ae-rust/target/release/ae list --needs-attn --all	cwd=/Users/ckriech/projects/clemens33/ae-rust/docs/migration/evidence/phase4-run/scratch/0359/home
2026-08-24T14:25:26Z	child	rc=0	/Users/ckriech/projects/clemens33/ae-rust/target/release/ae list --needs-attn --all
2026-08-24T14:25:26Z	child	rc=-1	/Users/ckriech/projects/clemens33/ae-rust/target/release/ae list --needs-attn --all --json	cwd=/Users/ckriech/projects/clemens33/ae-rust/docs/migration/evidence/phase4-run/scratch/0360/home
2026-08-24T14:25:26Z	child	rc=0	/Users/ckriech/projects/clemens33/ae-rust/target/release/ae list --needs-attn --all --json
2026-08-24T14:25:26Z	child	rc=-1	/Users/ckriech/projects/clemens33/ae-rust/target/release/ae list --all --needs-attn	cwd=/Users/ckriech/projects/clemens33/ae-rust/docs/migration/evidence/phase4-run/scratch/0361/home
2026-08-24T14:25:26Z	child	rc=0	/Users/ckriech/projects/clemens33/ae-rust/target/release/ae list --all --needs-attn
2026-08-24T14:25:26Z	child	rc=-1	/Users/ckriech/projects/clemens33/ae-rust/target/release/ae list --all --needs-attn --json	cwd=/Users/ckriech/projects/clemens33/ae-rust/docs/migration/evidence/phase4-run/scratch/0362/home
2026-08-24T14:25:27Z	child	rc=0	/Users/ckriech/projects/clemens33/ae-rust/target/release/ae list --all --needs-attn --json
2026-08-24T14:25:27Z	child	rc=-1	/Users/ckriech/projects/clemens33/ae-rust/target/release/ae list --active --all	cwd=/Users/ckriech/projects/clemens33/ae-rust/docs/migration/evidence/phase4-run/scratch/0363/home
2026-08-24T14:25:27Z	child	rc=0	/Users/ckriech/projects/clemens33/ae-rust/target/release/ae list --active --all
2026-08-24T14:25:27Z	child	rc=-1	/Users/ckriech/projects/clemens33/ae-rust/target/release/ae list --active --all --json	cwd=/Users/ckriech/projects/clemens33/ae-rust/docs/migration/evidence/phase4-run/scratch/0364/home
2026-08-24T14:25:27Z	child	rc=0	/Users/ckriech/projects/clemens33/ae-rust/target/release/ae list --active --all --json
2026-08-24T14:25:27Z	child	rc=-1	/Users/ckriech/projects/clemens33/ae-rust/target/release/ae list --all --active	cwd=/Users/ckriech/projects/clemens33/ae-rust/docs/migration/evidence/phase4-run/scratch/0365/home
2026-08-24T14:25:27Z	child	rc=0	/Users/ckriech/projects/clemens33/ae-rust/target/release/ae list --all --active
2026-08-24T14:25:27Z	child	rc=-1	/Users/ckriech/projects/clemens33/ae-rust/target/release/ae list --all --active --json	cwd=/Users/ckriech/projects/clemens33/ae-rust/docs/migration/evidence/phase4-run/scratch/0366/home
2026-08-24T14:25:27Z	child	rc=0	/Users/ckriech/projects/clemens33/ae-rust/target/release/ae list --all --active --json
2026-08-24T14:25:27Z	child	rc=-1	/Users/ckriech/projects/clemens33/ae-rust/target/release/ae list --needs-attn --stopped	cwd=/Users/ckriech/projects/clemens33/ae-rust/docs/migration/evidence/phase4-run/scratch/0367/home
2026-08-24T14:25:27Z	child	rc=0	/Users/ckriech/projects/clemens33/ae-rust/target/release/ae list --needs-attn --stopped
2026-08-24T14:25:27Z	child	rc=-1	/Users/ckriech/projects/clemens33/ae-rust/target/release/ae list --needs-attn --stopped --json	cwd=/Users/ckriech/projects/clemens33/ae-rust/docs/migration/evidence/phase4-run/scratch/0368/home
2026-08-24T14:25:27Z	child	rc=0	/Users/ckriech/projects/clemens33/ae-rust/target/release/ae list --needs-attn --stopped --json
2026-08-24T14:25:27Z	child	rc=-1	/Users/ckriech/projects/clemens33/ae-rust/target/release/ae list --active --stopped	cwd=/Users/ckriech/projects/clemens33/ae-rust/docs/migration/evidence/phase4-run/scratch/0369/home
2026-08-24T14:25:27Z	child	rc=0	/Users/ckriech/projects/clemens33/ae-rust/target/release/ae list --active --stopped
2026-08-24T14:25:27Z	child	rc=-1	/Users/ckriech/projects/clemens33/ae-rust/target/release/ae list --active --stopped --json	cwd=/Users/ckriech/projects/clemens33/ae-rust/docs/migration/evidence/phase4-run/scratch/0370/home
2026-08-24T14:25:27Z	child	rc=0	/Users/ckriech/projects/clemens33/ae-rust/target/release/ae list --active --stopped --json
2026-08-24T14:25:27Z	child	rc=-1	/Users/ckriech/projects/clemens33/ae-rust/target/release/ae list --no-such-flag	cwd=/Users/ckriech/projects/clemens33/ae-rust/docs/migration/evidence/phase4-run/scratch/0371/home
2026-08-24T14:25:27Z	child	rc=2	/Users/ckriech/projects/clemens33/ae-rust/target/release/ae list --no-such-flag
2026-08-24T14:25:27Z	child	rc=-1	/Users/ckriech/projects/clemens33/ae-rust/target/release/ae list --help	cwd=/Users/ckriech/projects/clemens33/ae-rust/docs/migration/evidence/phase4-run/scratch/0372/home
2026-08-24T14:25:27Z	child	rc=2	/Users/ckriech/projects/clemens33/ae-rust/target/release/ae list --help
2026-08-24T14:25:27Z	child	rc=-1	/Users/ckriech/projects/clemens33/ae-rust/target/release/ae list --active	cwd=/Users/ckriech/projects/clemens33/ae-rust/docs/migration/evidence/phase4-run/scratch/0373/home
2026-08-24T14:25:27Z	child	rc=0	/Users/ckriech/projects/clemens33/ae-rust/target/release/ae list --active
2026-08-24T14:25:28Z	child	rc=-1	/Users/ckriech/projects/clemens33/ae-rust/target/release/ae list --active --json	cwd=/Users/ckriech/projects/clemens33/ae-rust/docs/migration/evidence/phase4-run/scratch/0374/home
2026-08-24T14:25:28Z	child	rc=0	/Users/ckriech/projects/clemens33/ae-rust/target/release/ae list --active --json
2026-08-24T14:25:28Z	child	rc=-1	/Users/ckriech/projects/clemens33/ae-rust/target/release/ae list --busy	cwd=/Users/ckriech/projects/clemens33/ae-rust/docs/migration/evidence/phase4-run/scratch/0375/home
2026-08-24T14:25:28Z	child	rc=0	/Users/ckriech/projects/clemens33/ae-rust/target/release/ae list --busy
2026-08-24T14:25:28Z	child	rc=-1	/Users/ckriech/projects/clemens33/ae-rust/target/release/ae list --active --all	cwd=/Users/ckriech/projects/clemens33/ae-rust/docs/migration/evidence/phase4-run/scratch/0376/home
2026-08-24T14:25:28Z	child	rc=0	/Users/ckriech/projects/clemens33/ae-rust/target/release/ae list --active --all
2026-08-24T14:25:28Z	child	rc=-1	/Users/ckriech/projects/clemens33/ae-rust/target/release/ae list --all --active	cwd=/Users/ckriech/projects/clemens33/ae-rust/docs/migration/evidence/phase4-run/scratch/0377/home
2026-08-24T14:25:28Z	child	rc=0	/Users/ckriech/projects/clemens33/ae-rust/target/release/ae list --all --active
2026-08-24T14:25:28Z	child	rc=-1	/Users/ckriech/projects/clemens33/ae-rust/target/release/ae list --active --stopped	cwd=/Users/ckriech/projects/clemens33/ae-rust/docs/migration/evidence/phase4-run/scratch/0378/home
2026-08-24T14:25:28Z	child	rc=0	/Users/ckriech/projects/clemens33/ae-rust/target/release/ae list --active --stopped
2026-08-24T14:25:28Z	child	rc=-1	/Users/ckriech/projects/clemens33/ae-rust/target/release/ae list --stopped --active	cwd=/Users/ckriech/projects/clemens33/ae-rust/docs/migration/evidence/phase4-run/scratch/0379/home
2026-08-24T14:25:28Z	child	rc=0	/Users/ckriech/projects/clemens33/ae-rust/target/release/ae list --stopped --active
2026-08-24T14:25:28Z	child	rc=-1	/Users/ckriech/projects/clemens33/ae-rust/target/release/ae list --needs-attn --active	cwd=/Users/ckriech/projects/clemens33/ae-rust/docs/migration/evidence/phase4-run/scratch/0380/home
2026-08-24T14:25:28Z	child	rc=0	/Users/ckriech/projects/clemens33/ae-rust/target/release/ae list --needs-attn --active
2026-08-24T14:25:28Z	child	rc=-1	/Users/ckriech/projects/clemens33/ae-rust/target/release/ae list --active --needs-attn	cwd=/Users/ckriech/projects/clemens33/ae-rust/docs/migration/evidence/phase4-run/scratch/0381/home
2026-08-24T14:25:28Z	child	rc=0	/Users/ckriech/projects/clemens33/ae-rust/target/release/ae list --active --needs-attn
2026-08-24T14:25:28Z	child	rc=-1	/Users/ckriech/projects/clemens33/ae-rust/target/release/ae list --active	cwd=/Users/ckriech/projects/clemens33/ae-rust/docs/migration/evidence/phase4-run/scratch/0382/home
2026-08-24T14:25:28Z	child	rc=0	/Users/ckriech/projects/clemens33/ae-rust/target/release/ae list --active
2026-08-24T14:25:28Z	child	rc=-1	/Users/ckriech/projects/clemens33/ae-rust/target/release/ae list --active --json	cwd=/Users/ckriech/projects/clemens33/ae-rust/docs/migration/evidence/phase4-run/scratch/0383/home
2026-08-24T14:25:28Z	child	rc=0	/Users/ckriech/projects/clemens33/ae-rust/target/release/ae list --active --json
2026-08-24T14:25:28Z	child	rc=-1	/Users/ckriech/projects/clemens33/ae-rust/target/release/ae list --busy	cwd=/Users/ckriech/projects/clemens33/ae-rust/docs/migration/evidence/phase4-run/scratch/0384/home
2026-08-24T14:25:29Z	child	rc=0	/Users/ckriech/projects/clemens33/ae-rust/target/release/ae list --busy
2026-08-24T14:25:29Z	child	rc=-1	/Users/ckriech/projects/clemens33/ae-rust/target/release/ae list --active --all	cwd=/Users/ckriech/projects/clemens33/ae-rust/docs/migration/evidence/phase4-run/scratch/0385/home
2026-08-24T14:25:29Z	child	rc=0	/Users/ckriech/projects/clemens33/ae-rust/target/release/ae list --active --all
2026-08-24T14:25:29Z	child	rc=-1	/Users/ckriech/projects/clemens33/ae-rust/target/release/ae list --all --active	cwd=/Users/ckriech/projects/clemens33/ae-rust/docs/migration/evidence/phase4-run/scratch/0386/home
2026-08-24T14:25:29Z	child	rc=0	/Users/ckriech/projects/clemens33/ae-rust/target/release/ae list --all --active
2026-08-24T14:25:29Z	child	rc=-1	/Users/ckriech/projects/clemens33/ae-rust/target/release/ae list --active --stopped	cwd=/Users/ckriech/projects/clemens33/ae-rust/docs/migration/evidence/phase4-run/scratch/0387/home
2026-08-24T14:25:29Z	child	rc=0	/Users/ckriech/projects/clemens33/ae-rust/target/release/ae list --active --stopped
2026-08-24T14:25:29Z	child	rc=-1	/Users/ckriech/projects/clemens33/ae-rust/target/release/ae list --stopped --active	cwd=/Users/ckriech/projects/clemens33/ae-rust/docs/migration/evidence/phase4-run/scratch/0388/home
2026-08-24T14:25:29Z	child	rc=0	/Users/ckriech/projects/clemens33/ae-rust/target/release/ae list --stopped --active
2026-08-24T14:25:29Z	child	rc=-1	/Users/ckriech/projects/clemens33/ae-rust/target/release/ae list --needs-attn --active	cwd=/Users/ckriech/projects/clemens33/ae-rust/docs/migration/evidence/phase4-run/scratch/0389/home
2026-08-24T14:25:29Z	child	rc=0	/Users/ckriech/projects/clemens33/ae-rust/target/release/ae list --needs-attn --active
2026-08-24T14:25:29Z	child	rc=-1	/Users/ckriech/projects/clemens33/ae-rust/target/release/ae list --active --needs-attn	cwd=/Users/ckriech/projects/clemens33/ae-rust/docs/migration/evidence/phase4-run/scratch/0390/home
2026-08-24T14:25:29Z	child	rc=0	/Users/ckriech/projects/clemens33/ae-rust/target/release/ae list --active --needs-attn
2026-08-24T14:25:29Z	child	rc=-1	/Users/ckriech/projects/clemens33/ae-rust/target/release/ae list	cwd=/Users/ckriech/projects/clemens33/ae-rust/docs/migration/evidence/phase4-run/scratch/0391/home
2026-08-24T14:25:29Z	child	rc=0	/Users/ckriech/projects/clemens33/ae-rust/target/release/ae list
2026-08-24T14:25:29Z	child	rc=-1	/Users/ckriech/projects/clemens33/ae-rust/target/release/ae list --json	cwd=/Users/ckriech/projects/clemens33/ae-rust/docs/migration/evidence/phase4-run/scratch/0392/home
2026-08-24T14:25:29Z	child	rc=0	/Users/ckriech/projects/clemens33/ae-rust/target/release/ae list --json
2026-08-24T14:25:29Z	child	rc=-1	/Users/ckriech/projects/clemens33/ae-rust/target/release/ae ls	cwd=/Users/ckriech/projects/clemens33/ae-rust/docs/migration/evidence/phase4-run/scratch/0393/home
2026-08-24T14:25:29Z	child	rc=0	/Users/ckriech/projects/clemens33/ae-rust/target/release/ae ls
2026-08-24T14:25:29Z	child	rc=-1	/Users/ckriech/projects/clemens33/ae-rust/target/release/ae ls --json	cwd=/Users/ckriech/projects/clemens33/ae-rust/docs/migration/evidence/phase4-run/scratch/0394/home
2026-08-24T14:25:30Z	child	rc=0	/Users/ckriech/projects/clemens33/ae-rust/target/release/ae ls --json
2026-08-24T14:25:30Z	child	rc=-1	/Users/ckriech/projects/clemens33/ae-rust/target/release/ae list --running	cwd=/Users/ckriech/projects/clemens33/ae-rust/docs/migration/evidence/phase4-run/scratch/0395/home
2026-08-24T14:25:30Z	child	rc=0	/Users/ckriech/projects/clemens33/ae-rust/target/release/ae list --running
2026-08-24T14:25:30Z	child	rc=-1	/Users/ckriech/projects/clemens33/ae-rust/target/release/ae list --running --json	cwd=/Users/ckriech/projects/clemens33/ae-rust/docs/migration/evidence/phase4-run/scratch/0396/home
2026-08-24T14:25:30Z	child	rc=0	/Users/ckriech/projects/clemens33/ae-rust/target/release/ae list --running --json
2026-08-24T14:25:30Z	child	rc=-1	/Users/ckriech/projects/clemens33/ae-rust/target/release/ae ls --running	cwd=/Users/ckriech/projects/clemens33/ae-rust/docs/migration/evidence/phase4-run/scratch/0397/home
2026-08-24T14:25:30Z	child	rc=0	/Users/ckriech/projects/clemens33/ae-rust/target/release/ae ls --running
2026-08-24T14:25:30Z	child	rc=-1	/Users/ckriech/projects/clemens33/ae-rust/target/release/ae ls --running --json	cwd=/Users/ckriech/projects/clemens33/ae-rust/docs/migration/evidence/phase4-run/scratch/0398/home
2026-08-24T14:25:30Z	child	rc=0	/Users/ckriech/projects/clemens33/ae-rust/target/release/ae ls --running --json
2026-08-24T14:25:30Z	child	rc=-1	/Users/ckriech/projects/clemens33/ae-rust/target/release/ae list --all	cwd=/Users/ckriech/projects/clemens33/ae-rust/docs/migration/evidence/phase4-run/scratch/0399/home
2026-08-24T14:25:30Z	child	rc=0	/Users/ckriech/projects/clemens33/ae-rust/target/release/ae list --all
2026-08-24T14:25:30Z	child	rc=-1	/Users/ckriech/projects/clemens33/ae-rust/target/release/ae list --all --json	cwd=/Users/ckriech/projects/clemens33/ae-rust/docs/migration/evidence/phase4-run/scratch/0400/home
2026-08-24T14:25:30Z	child	rc=0	/Users/ckriech/projects/clemens33/ae-rust/target/release/ae list --all --json
2026-08-24T14:25:30Z	child	rc=-1	/Users/ckriech/projects/clemens33/ae-rust/target/release/ae ls --all	cwd=/Users/ckriech/projects/clemens33/ae-rust/docs/migration/evidence/phase4-run/scratch/0401/home
2026-08-24T14:25:30Z	child	rc=0	/Users/ckriech/projects/clemens33/ae-rust/target/release/ae ls --all
2026-08-24T14:25:30Z	child	rc=-1	/Users/ckriech/projects/clemens33/ae-rust/target/release/ae ls --all --json	cwd=/Users/ckriech/projects/clemens33/ae-rust/docs/migration/evidence/phase4-run/scratch/0402/home
2026-08-24T14:25:30Z	child	rc=0	/Users/ckriech/projects/clemens33/ae-rust/target/release/ae ls --all --json
2026-08-24T14:25:30Z	child	rc=-1	/Users/ckriech/projects/clemens33/ae-rust/target/release/ae list --stopped	cwd=/Users/ckriech/projects/clemens33/ae-rust/docs/migration/evidence/phase4-run/scratch/0403/home
2026-08-24T14:25:30Z	child	rc=0	/Users/ckriech/projects/clemens33/ae-rust/target/release/ae list --stopped
2026-08-24T14:25:30Z	child	rc=-1	/Users/ckriech/projects/clemens33/ae-rust/target/release/ae list --stopped --json	cwd=/Users/ckriech/projects/clemens33/ae-rust/docs/migration/evidence/phase4-run/scratch/0404/home
2026-08-24T14:25:31Z	child	rc=0	/Users/ckriech/projects/clemens33/ae-rust/target/release/ae list --stopped --json
2026-08-24T14:25:31Z	child	rc=-1	/Users/ckriech/projects/clemens33/ae-rust/target/release/ae ls --stopped	cwd=/Users/ckriech/projects/clemens33/ae-rust/docs/migration/evidence/phase4-run/scratch/0405/home
2026-08-24T14:25:31Z	child	rc=0	/Users/ckriech/projects/clemens33/ae-rust/target/release/ae ls --stopped
2026-08-24T14:25:31Z	child	rc=-1	/Users/ckriech/projects/clemens33/ae-rust/target/release/ae ls --stopped --json	cwd=/Users/ckriech/projects/clemens33/ae-rust/docs/migration/evidence/phase4-run/scratch/0406/home
2026-08-24T14:25:31Z	child	rc=0	/Users/ckriech/projects/clemens33/ae-rust/target/release/ae ls --stopped --json
2026-08-24T14:25:31Z	child	rc=-1	/Users/ckriech/projects/clemens33/ae-rust/target/release/ae list --needs-attn	cwd=/Users/ckriech/projects/clemens33/ae-rust/docs/migration/evidence/phase4-run/scratch/0407/home
2026-08-24T14:25:31Z	child	rc=0	/Users/ckriech/projects/clemens33/ae-rust/target/release/ae list --needs-attn
2026-08-24T14:25:31Z	child	rc=-1	/Users/ckriech/projects/clemens33/ae-rust/target/release/ae list --needs-attn --json	cwd=/Users/ckriech/projects/clemens33/ae-rust/docs/migration/evidence/phase4-run/scratch/0408/home
2026-08-24T14:25:31Z	child	rc=0	/Users/ckriech/projects/clemens33/ae-rust/target/release/ae list --needs-attn --json
2026-08-24T14:25:31Z	child	rc=-1	/Users/ckriech/projects/clemens33/ae-rust/target/release/ae ls --needs-attn	cwd=/Users/ckriech/projects/clemens33/ae-rust/docs/migration/evidence/phase4-run/scratch/0409/home
2026-08-24T14:25:31Z	child	rc=0	/Users/ckriech/projects/clemens33/ae-rust/target/release/ae ls --needs-attn
2026-08-24T14:25:31Z	child	rc=-1	/Users/ckriech/projects/clemens33/ae-rust/target/release/ae ls --needs-attn --json	cwd=/Users/ckriech/projects/clemens33/ae-rust/docs/migration/evidence/phase4-run/scratch/0410/home
2026-08-24T14:25:31Z	child	rc=0	/Users/ckriech/projects/clemens33/ae-rust/target/release/ae ls --needs-attn --json
2026-08-24T14:25:31Z	child	rc=-1	/Users/ckriech/projects/clemens33/ae-rust/target/release/ae list --needs-me	cwd=/Users/ckriech/projects/clemens33/ae-rust/docs/migration/evidence/phase4-run/scratch/0411/home
2026-08-24T14:25:31Z	child	rc=0	/Users/ckriech/projects/clemens33/ae-rust/target/release/ae list --needs-me
2026-08-24T14:25:31Z	child	rc=-1	/Users/ckriech/projects/clemens33/ae-rust/target/release/ae list --needs-me --json	cwd=/Users/ckriech/projects/clemens33/ae-rust/docs/migration/evidence/phase4-run/scratch/0412/home
2026-08-24T14:25:31Z	child	rc=0	/Users/ckriech/projects/clemens33/ae-rust/target/release/ae list --needs-me --json
2026-08-24T14:25:31Z	child	rc=-1	/Users/ckriech/projects/clemens33/ae-rust/target/release/ae ls --needs-me	cwd=/Users/ckriech/projects/clemens33/ae-rust/docs/migration/evidence/phase4-run/scratch/0413/home
2026-08-24T14:25:31Z	child	rc=0	/Users/ckriech/projects/clemens33/ae-rust/target/release/ae ls --needs-me
2026-08-24T14:25:31Z	child	rc=-1	/Users/ckriech/projects/clemens33/ae-rust/target/release/ae ls --needs-me --json	cwd=/Users/ckriech/projects/clemens33/ae-rust/docs/migration/evidence/phase4-run/scratch/0414/home
2026-08-24T14:25:31Z	child	rc=0	/Users/ckriech/projects/clemens33/ae-rust/target/release/ae ls --needs-me --json
2026-08-24T14:25:32Z	child	rc=-1	/Users/ckriech/projects/clemens33/ae-rust/target/release/ae list --needs	cwd=/Users/ckriech/projects/clemens33/ae-rust/docs/migration/evidence/phase4-run/scratch/0415/home
2026-08-24T14:25:32Z	child	rc=0	/Users/ckriech/projects/clemens33/ae-rust/target/release/ae list --needs
2026-08-24T14:25:32Z	child	rc=-1	/Users/ckriech/projects/clemens33/ae-rust/target/release/ae list --needs --json	cwd=/Users/ckriech/projects/clemens33/ae-rust/docs/migration/evidence/phase4-run/scratch/0416/home
2026-08-24T14:25:32Z	child	rc=0	/Users/ckriech/projects/clemens33/ae-rust/target/release/ae list --needs --json
2026-08-24T14:25:32Z	child	rc=-1	/Users/ckriech/projects/clemens33/ae-rust/target/release/ae ls --needs	cwd=/Users/ckriech/projects/clemens33/ae-rust/docs/migration/evidence/phase4-run/scratch/0417/home
2026-08-24T14:25:32Z	child	rc=0	/Users/ckriech/projects/clemens33/ae-rust/target/release/ae ls --needs
2026-08-24T14:25:32Z	child	rc=-1	/Users/ckriech/projects/clemens33/ae-rust/target/release/ae ls --needs --json	cwd=/Users/ckriech/projects/clemens33/ae-rust/docs/migration/evidence/phase4-run/scratch/0418/home
2026-08-24T14:25:32Z	child	rc=0	/Users/ckriech/projects/clemens33/ae-rust/target/release/ae ls --needs --json
2026-08-24T14:25:32Z	child	rc=-1	/Users/ckriech/projects/clemens33/ae-rust/target/release/ae list --attn	cwd=/Users/ckriech/projects/clemens33/ae-rust/docs/migration/evidence/phase4-run/scratch/0419/home
2026-08-24T14:25:32Z	child	rc=0	/Users/ckriech/projects/clemens33/ae-rust/target/release/ae list --attn
2026-08-24T14:25:32Z	child	rc=-1	/Users/ckriech/projects/clemens33/ae-rust/target/release/ae list --attn --json	cwd=/Users/ckriech/projects/clemens33/ae-rust/docs/migration/evidence/phase4-run/scratch/0420/home
2026-08-24T14:25:32Z	child	rc=0	/Users/ckriech/projects/clemens33/ae-rust/target/release/ae list --attn --json
2026-08-24T14:25:32Z	child	rc=-1	/Users/ckriech/projects/clemens33/ae-rust/target/release/ae ls --attn	cwd=/Users/ckriech/projects/clemens33/ae-rust/docs/migration/evidence/phase4-run/scratch/0421/home
2026-08-24T14:25:32Z	child	rc=0	/Users/ckriech/projects/clemens33/ae-rust/target/release/ae ls --attn
2026-08-24T14:25:32Z	child	rc=-1	/Users/ckriech/projects/clemens33/ae-rust/target/release/ae ls --attn --json	cwd=/Users/ckriech/projects/clemens33/ae-rust/docs/migration/evidence/phase4-run/scratch/0422/home
2026-08-24T14:25:32Z	child	rc=0	/Users/ckriech/projects/clemens33/ae-rust/target/release/ae ls --attn --json
2026-08-24T14:25:32Z	child	rc=-1	/Users/ckriech/projects/clemens33/ae-rust/target/release/ae list --active	cwd=/Users/ckriech/projects/clemens33/ae-rust/docs/migration/evidence/phase4-run/scratch/0423/home
2026-08-24T14:25:32Z	child	rc=0	/Users/ckriech/projects/clemens33/ae-rust/target/release/ae list --active
2026-08-24T14:25:32Z	child	rc=-1	/Users/ckriech/projects/clemens33/ae-rust/target/release/ae list --active --json	cwd=/Users/ckriech/projects/clemens33/ae-rust/docs/migration/evidence/phase4-run/scratch/0424/home
2026-08-24T14:25:32Z	child	rc=0	/Users/ckriech/projects/clemens33/ae-rust/target/release/ae list --active --json
2026-08-24T14:25:33Z	child	rc=-1	/Users/ckriech/projects/clemens33/ae-rust/target/release/ae ls --active	cwd=/Users/ckriech/projects/clemens33/ae-rust/docs/migration/evidence/phase4-run/scratch/0425/home
2026-08-24T14:25:33Z	child	rc=0	/Users/ckriech/projects/clemens33/ae-rust/target/release/ae ls --active
2026-08-24T14:25:33Z	child	rc=-1	/Users/ckriech/projects/clemens33/ae-rust/target/release/ae ls --active --json	cwd=/Users/ckriech/projects/clemens33/ae-rust/docs/migration/evidence/phase4-run/scratch/0426/home
2026-08-24T14:25:33Z	child	rc=0	/Users/ckriech/projects/clemens33/ae-rust/target/release/ae ls --active --json
2026-08-24T14:25:33Z	child	rc=-1	/Users/ckriech/projects/clemens33/ae-rust/target/release/ae list --busy	cwd=/Users/ckriech/projects/clemens33/ae-rust/docs/migration/evidence/phase4-run/scratch/0427/home
2026-08-24T14:25:33Z	child	rc=0	/Users/ckriech/projects/clemens33/ae-rust/target/release/ae list --busy
2026-08-24T14:25:33Z	child	rc=-1	/Users/ckriech/projects/clemens33/ae-rust/target/release/ae list --busy --json	cwd=/Users/ckriech/projects/clemens33/ae-rust/docs/migration/evidence/phase4-run/scratch/0428/home
2026-08-24T14:25:33Z	child	rc=0	/Users/ckriech/projects/clemens33/ae-rust/target/release/ae list --busy --json
2026-08-24T14:25:33Z	child	rc=-1	/Users/ckriech/projects/clemens33/ae-rust/target/release/ae ls --busy	cwd=/Users/ckriech/projects/clemens33/ae-rust/docs/migration/evidence/phase4-run/scratch/0429/home
2026-08-24T14:25:33Z	child	rc=0	/Users/ckriech/projects/clemens33/ae-rust/target/release/ae ls --busy
2026-08-24T14:25:33Z	child	rc=-1	/Users/ckriech/projects/clemens33/ae-rust/target/release/ae ls --busy --json	cwd=/Users/ckriech/projects/clemens33/ae-rust/docs/migration/evidence/phase4-run/scratch/0430/home
2026-08-24T14:25:33Z	child	rc=0	/Users/ckriech/projects/clemens33/ae-rust/target/release/ae ls --busy --json
2026-08-24T14:25:33Z	child	rc=-1	/Users/ckriech/projects/clemens33/ae-rust/target/release/ae list --needs-attn --all	cwd=/Users/ckriech/projects/clemens33/ae-rust/docs/migration/evidence/phase4-run/scratch/0431/home
2026-08-24T14:25:33Z	child	rc=0	/Users/ckriech/projects/clemens33/ae-rust/target/release/ae list --needs-attn --all
2026-08-24T14:25:33Z	child	rc=-1	/Users/ckriech/projects/clemens33/ae-rust/target/release/ae list --needs-attn --all --json	cwd=/Users/ckriech/projects/clemens33/ae-rust/docs/migration/evidence/phase4-run/scratch/0432/home
2026-08-24T14:25:33Z	child	rc=0	/Users/ckriech/projects/clemens33/ae-rust/target/release/ae list --needs-attn --all --json
2026-08-24T14:25:33Z	child	rc=-1	/Users/ckriech/projects/clemens33/ae-rust/target/release/ae list --all --needs-attn	cwd=/Users/ckriech/projects/clemens33/ae-rust/docs/migration/evidence/phase4-run/scratch/0433/home
2026-08-24T14:25:33Z	child	rc=0	/Users/ckriech/projects/clemens33/ae-rust/target/release/ae list --all --needs-attn
2026-08-24T14:25:33Z	child	rc=-1	/Users/ckriech/projects/clemens33/ae-rust/target/release/ae list --all --needs-attn --json	cwd=/Users/ckriech/projects/clemens33/ae-rust/docs/migration/evidence/phase4-run/scratch/0434/home
2026-08-24T14:25:33Z	child	rc=0	/Users/ckriech/projects/clemens33/ae-rust/target/release/ae list --all --needs-attn --json
2026-08-24T14:25:33Z	child	rc=-1	/Users/ckriech/projects/clemens33/ae-rust/target/release/ae list --active --all	cwd=/Users/ckriech/projects/clemens33/ae-rust/docs/migration/evidence/phase4-run/scratch/0435/home
2026-08-24T14:25:34Z	child	rc=0	/Users/ckriech/projects/clemens33/ae-rust/target/release/ae list --active --all
2026-08-24T14:25:34Z	child	rc=-1	/Users/ckriech/projects/clemens33/ae-rust/target/release/ae list --active --all --json	cwd=/Users/ckriech/projects/clemens33/ae-rust/docs/migration/evidence/phase4-run/scratch/0436/home
2026-08-24T14:25:34Z	child	rc=0	/Users/ckriech/projects/clemens33/ae-rust/target/release/ae list --active --all --json
2026-08-24T14:25:34Z	child	rc=-1	/Users/ckriech/projects/clemens33/ae-rust/target/release/ae list --all --active	cwd=/Users/ckriech/projects/clemens33/ae-rust/docs/migration/evidence/phase4-run/scratch/0437/home
2026-08-24T14:25:34Z	child	rc=0	/Users/ckriech/projects/clemens33/ae-rust/target/release/ae list --all --active
2026-08-24T14:25:34Z	child	rc=-1	/Users/ckriech/projects/clemens33/ae-rust/target/release/ae list --all --active --json	cwd=/Users/ckriech/projects/clemens33/ae-rust/docs/migration/evidence/phase4-run/scratch/0438/home
2026-08-24T14:25:34Z	child	rc=0	/Users/ckriech/projects/clemens33/ae-rust/target/release/ae list --all --active --json
2026-08-24T14:25:34Z	child	rc=-1	/Users/ckriech/projects/clemens33/ae-rust/target/release/ae list --needs-attn --stopped	cwd=/Users/ckriech/projects/clemens33/ae-rust/docs/migration/evidence/phase4-run/scratch/0439/home
2026-08-24T14:25:34Z	child	rc=0	/Users/ckriech/projects/clemens33/ae-rust/target/release/ae list --needs-attn --stopped
2026-08-24T14:25:34Z	child	rc=-1	/Users/ckriech/projects/clemens33/ae-rust/target/release/ae list --needs-attn --stopped --json	cwd=/Users/ckriech/projects/clemens33/ae-rust/docs/migration/evidence/phase4-run/scratch/0440/home
2026-08-24T14:25:34Z	child	rc=0	/Users/ckriech/projects/clemens33/ae-rust/target/release/ae list --needs-attn --stopped --json
2026-08-24T14:25:34Z	child	rc=-1	/Users/ckriech/projects/clemens33/ae-rust/target/release/ae list --active --stopped	cwd=/Users/ckriech/projects/clemens33/ae-rust/docs/migration/evidence/phase4-run/scratch/0441/home
2026-08-24T14:25:34Z	child	rc=0	/Users/ckriech/projects/clemens33/ae-rust/target/release/ae list --active --stopped
2026-08-24T14:25:34Z	child	rc=-1	/Users/ckriech/projects/clemens33/ae-rust/target/release/ae list --active --stopped --json	cwd=/Users/ckriech/projects/clemens33/ae-rust/docs/migration/evidence/phase4-run/scratch/0442/home
2026-08-24T14:25:34Z	child	rc=0	/Users/ckriech/projects/clemens33/ae-rust/target/release/ae list --active --stopped --json
2026-08-24T14:25:34Z	child	rc=-1	/Users/ckriech/projects/clemens33/ae-rust/target/release/ae list --no-such-flag	cwd=/Users/ckriech/projects/clemens33/ae-rust/docs/migration/evidence/phase4-run/scratch/0443/home
2026-08-24T14:25:34Z	child	rc=2	/Users/ckriech/projects/clemens33/ae-rust/target/release/ae list --no-such-flag
2026-08-24T14:25:34Z	child	rc=-1	/Users/ckriech/projects/clemens33/ae-rust/target/release/ae list --help	cwd=/Users/ckriech/projects/clemens33/ae-rust/docs/migration/evidence/phase4-run/scratch/0444/home
2026-08-24T14:25:34Z	child	rc=2	/Users/ckriech/projects/clemens33/ae-rust/target/release/ae list --help
2026-08-24T14:25:34Z	child	rc=-1	/Users/ckriech/projects/clemens33/ae-rust/target/release/ae list --active	cwd=/Users/ckriech/projects/clemens33/ae-rust/docs/migration/evidence/phase4-run/scratch/0445/home
2026-08-24T14:25:34Z	child	rc=0	/Users/ckriech/projects/clemens33/ae-rust/target/release/ae list --active
2026-08-24T14:25:34Z	child	rc=-1	/Users/ckriech/projects/clemens33/ae-rust/target/release/ae list --active --json	cwd=/Users/ckriech/projects/clemens33/ae-rust/docs/migration/evidence/phase4-run/scratch/0446/home
2026-08-24T14:25:34Z	child	rc=0	/Users/ckriech/projects/clemens33/ae-rust/target/release/ae list --active --json
2026-08-24T14:25:35Z	child	rc=-1	/Users/ckriech/projects/clemens33/ae-rust/target/release/ae list --busy	cwd=/Users/ckriech/projects/clemens33/ae-rust/docs/migration/evidence/phase4-run/scratch/0447/home
2026-08-24T14:25:35Z	child	rc=0	/Users/ckriech/projects/clemens33/ae-rust/target/release/ae list --busy
2026-08-24T14:25:35Z	child	rc=-1	/Users/ckriech/projects/clemens33/ae-rust/target/release/ae list --active --all	cwd=/Users/ckriech/projects/clemens33/ae-rust/docs/migration/evidence/phase4-run/scratch/0448/home
2026-08-24T14:25:35Z	child	rc=0	/Users/ckriech/projects/clemens33/ae-rust/target/release/ae list --active --all
2026-08-24T14:25:35Z	child	rc=-1	/Users/ckriech/projects/clemens33/ae-rust/target/release/ae list --all --active	cwd=/Users/ckriech/projects/clemens33/ae-rust/docs/migration/evidence/phase4-run/scratch/0449/home
2026-08-24T14:25:35Z	child	rc=0	/Users/ckriech/projects/clemens33/ae-rust/target/release/ae list --all --active
2026-08-24T14:25:35Z	child	rc=-1	/Users/ckriech/projects/clemens33/ae-rust/target/release/ae list --active --stopped	cwd=/Users/ckriech/projects/clemens33/ae-rust/docs/migration/evidence/phase4-run/scratch/0450/home
2026-08-24T14:25:35Z	child	rc=0	/Users/ckriech/projects/clemens33/ae-rust/target/release/ae list --active --stopped
2026-08-24T14:25:35Z	child	rc=-1	/Users/ckriech/projects/clemens33/ae-rust/target/release/ae list --stopped --active	cwd=/Users/ckriech/projects/clemens33/ae-rust/docs/migration/evidence/phase4-run/scratch/0451/home
2026-08-24T14:25:35Z	child	rc=0	/Users/ckriech/projects/clemens33/ae-rust/target/release/ae list --stopped --active
2026-08-24T14:25:35Z	child	rc=-1	/Users/ckriech/projects/clemens33/ae-rust/target/release/ae list --needs-attn --active	cwd=/Users/ckriech/projects/clemens33/ae-rust/docs/migration/evidence/phase4-run/scratch/0452/home
2026-08-24T14:25:35Z	child	rc=0	/Users/ckriech/projects/clemens33/ae-rust/target/release/ae list --needs-attn --active
2026-08-24T14:25:35Z	child	rc=-1	/Users/ckriech/projects/clemens33/ae-rust/target/release/ae list --active --needs-attn	cwd=/Users/ckriech/projects/clemens33/ae-rust/docs/migration/evidence/phase4-run/scratch/0453/home
2026-08-24T14:25:35Z	child	rc=0	/Users/ckriech/projects/clemens33/ae-rust/target/release/ae list --active --needs-attn
2026-08-24T14:25:35Z	child	rc=-1	/Users/ckriech/projects/clemens33/ae-rust/target/release/ae list --active	cwd=/Users/ckriech/projects/clemens33/ae-rust/docs/migration/evidence/phase4-run/scratch/0454/home
2026-08-24T14:25:35Z	child	rc=0	/Users/ckriech/projects/clemens33/ae-rust/target/release/ae list --active
2026-08-24T14:25:35Z	child	rc=-1	/Users/ckriech/projects/clemens33/ae-rust/target/release/ae list --active --json	cwd=/Users/ckriech/projects/clemens33/ae-rust/docs/migration/evidence/phase4-run/scratch/0455/home
2026-08-24T14:25:35Z	child	rc=0	/Users/ckriech/projects/clemens33/ae-rust/target/release/ae list --active --json
2026-08-24T14:25:35Z	child	rc=-1	/Users/ckriech/projects/clemens33/ae-rust/target/release/ae list --busy	cwd=/Users/ckriech/projects/clemens33/ae-rust/docs/migration/evidence/phase4-run/scratch/0456/home
2026-08-24T14:25:35Z	child	rc=0	/Users/ckriech/projects/clemens33/ae-rust/target/release/ae list --busy
2026-08-24T14:25:35Z	child	rc=-1	/Users/ckriech/projects/clemens33/ae-rust/target/release/ae list --active --all	cwd=/Users/ckriech/projects/clemens33/ae-rust/docs/migration/evidence/phase4-run/scratch/0457/home
2026-08-24T14:25:36Z	child	rc=0	/Users/ckriech/projects/clemens33/ae-rust/target/release/ae list --active --all
2026-08-24T14:25:36Z	child	rc=-1	/Users/ckriech/projects/clemens33/ae-rust/target/release/ae list --all --active	cwd=/Users/ckriech/projects/clemens33/ae-rust/docs/migration/evidence/phase4-run/scratch/0458/home
2026-08-24T14:25:36Z	child	rc=0	/Users/ckriech/projects/clemens33/ae-rust/target/release/ae list --all --active
2026-08-24T14:25:36Z	child	rc=-1	/Users/ckriech/projects/clemens33/ae-rust/target/release/ae list --active --stopped	cwd=/Users/ckriech/projects/clemens33/ae-rust/docs/migration/evidence/phase4-run/scratch/0459/home
2026-08-24T14:25:36Z	child	rc=0	/Users/ckriech/projects/clemens33/ae-rust/target/release/ae list --active --stopped
2026-08-24T14:25:36Z	child	rc=-1	/Users/ckriech/projects/clemens33/ae-rust/target/release/ae list --stopped --active	cwd=/Users/ckriech/projects/clemens33/ae-rust/docs/migration/evidence/phase4-run/scratch/0460/home
2026-08-24T14:25:36Z	child	rc=0	/Users/ckriech/projects/clemens33/ae-rust/target/release/ae list --stopped --active
2026-08-24T14:25:36Z	child	rc=-1	/Users/ckriech/projects/clemens33/ae-rust/target/release/ae list --needs-attn --active	cwd=/Users/ckriech/projects/clemens33/ae-rust/docs/migration/evidence/phase4-run/scratch/0461/home
2026-08-24T14:25:36Z	child	rc=0	/Users/ckriech/projects/clemens33/ae-rust/target/release/ae list --needs-attn --active
2026-08-24T14:25:36Z	child	rc=-1	/Users/ckriech/projects/clemens33/ae-rust/target/release/ae list --active --needs-attn	cwd=/Users/ckriech/projects/clemens33/ae-rust/docs/migration/evidence/phase4-run/scratch/0462/home
2026-08-24T14:25:36Z	child	rc=0	/Users/ckriech/projects/clemens33/ae-rust/target/release/ae list --active --needs-attn
2026-08-24T14:25:36Z	child	rc=-1	/Users/ckriech/projects/clemens33/ae-rust/target/release/ae list	cwd=/Users/ckriech/projects/clemens33/ae-rust/docs/migration/evidence/phase4-run/scratch/0463/home
2026-08-24T14:25:36Z	child	rc=0	/Users/ckriech/projects/clemens33/ae-rust/target/release/ae list
2026-08-24T14:25:36Z	child	rc=-1	/Users/ckriech/projects/clemens33/ae-rust/target/release/ae list --json	cwd=/Users/ckriech/projects/clemens33/ae-rust/docs/migration/evidence/phase4-run/scratch/0464/home
2026-08-24T14:25:36Z	child	rc=0	/Users/ckriech/projects/clemens33/ae-rust/target/release/ae list --json
2026-08-24T14:25:36Z	child	rc=-1	/Users/ckriech/projects/clemens33/ae-rust/target/release/ae list --all --json	cwd=/Users/ckriech/projects/clemens33/ae-rust/docs/migration/evidence/phase4-run/scratch/0465/home
2026-08-24T14:25:36Z	child	rc=0	/Users/ckriech/projects/clemens33/ae-rust/target/release/ae list --all --json
2026-08-24T14:25:36Z	child	rc=-1	/Users/ckriech/projects/clemens33/ae-rust/target/release/ae list --needs-attn	cwd=/Users/ckriech/projects/clemens33/ae-rust/docs/migration/evidence/phase4-run/scratch/0466/home
2026-08-24T14:25:36Z	child	rc=0	/Users/ckriech/projects/clemens33/ae-rust/target/release/ae list --needs-attn
2026-08-24T14:25:36Z	child	rc=-1	/Users/ckriech/projects/clemens33/ae-rust/target/release/ae list --needs-attn --json	cwd=/Users/ckriech/projects/clemens33/ae-rust/docs/migration/evidence/phase4-run/scratch/0467/home
2026-08-24T14:25:36Z	child	rc=0	/Users/ckriech/projects/clemens33/ae-rust/target/release/ae list --needs-attn --json
2026-08-24T14:25:36Z	child	rc=-1	/Users/ckriech/projects/clemens33/ae-rust/target/release/ae list --active	cwd=/Users/ckriech/projects/clemens33/ae-rust/docs/migration/evidence/phase4-run/scratch/0468/home
2026-08-24T14:25:36Z	child	rc=0	/Users/ckriech/projects/clemens33/ae-rust/target/release/ae list --active
2026-08-24T14:25:36Z	child	rc=-1	/Users/ckriech/projects/clemens33/ae-rust/target/release/ae list --active --json	cwd=/Users/ckriech/projects/clemens33/ae-rust/docs/migration/evidence/phase4-run/scratch/0469/home
2026-08-24T14:25:36Z	child	rc=0	/Users/ckriech/projects/clemens33/ae-rust/target/release/ae list --active --json
2026-08-24T14:25:36Z	child	rc=-1	/Users/ckriech/projects/clemens33/ae-rust/target/release/ae list	cwd=/Users/ckriech/projects/clemens33/ae-rust/docs/migration/evidence/phase4-run/scratch/0471/home
2026-08-24T14:25:36Z	child	rc=0	/Users/ckriech/projects/clemens33/ae-rust/target/release/ae list
2026-08-24T14:25:36Z	child	rc=-1	/Users/ckriech/projects/clemens33/ae-rust/target/release/ae list --json	cwd=/Users/ckriech/projects/clemens33/ae-rust/docs/migration/evidence/phase4-run/scratch/0472/home
2026-08-24T14:25:36Z	child	rc=0	/Users/ckriech/projects/clemens33/ae-rust/target/release/ae list --json
2026-08-24T14:25:36Z	child	rc=-1	/Users/ckriech/projects/clemens33/ae-rust/target/release/ae list --all --json	cwd=/Users/ckriech/projects/clemens33/ae-rust/docs/migration/evidence/phase4-run/scratch/0473/home
2026-08-24T14:25:36Z	child	rc=0	/Users/ckriech/projects/clemens33/ae-rust/target/release/ae list --all --json
2026-08-24T14:25:36Z	child	rc=-1	/Users/ckriech/projects/clemens33/ae-rust/target/release/ae list --needs-attn	cwd=/Users/ckriech/projects/clemens33/ae-rust/docs/migration/evidence/phase4-run/scratch/0474/home
2026-08-24T14:25:36Z	child	rc=0	/Users/ckriech/projects/clemens33/ae-rust/target/release/ae list --needs-attn
2026-08-24T14:25:36Z	child	rc=-1	/Users/ckriech/projects/clemens33/ae-rust/target/release/ae list --needs-attn --json	cwd=/Users/ckriech/projects/clemens33/ae-rust/docs/migration/evidence/phase4-run/scratch/0475/home
2026-08-24T14:25:36Z	child	rc=0	/Users/ckriech/projects/clemens33/ae-rust/target/release/ae list --needs-attn --json
2026-08-24T14:25:36Z	child	rc=-1	/Users/ckriech/projects/clemens33/ae-rust/target/release/ae list --active	cwd=/Users/ckriech/projects/clemens33/ae-rust/docs/migration/evidence/phase4-run/scratch/0476/home
2026-08-24T14:25:36Z	child	rc=0	/Users/ckriech/projects/clemens33/ae-rust/target/release/ae list --active
2026-08-24T14:25:36Z	child	rc=-1	/Users/ckriech/projects/clemens33/ae-rust/target/release/ae list --active --json	cwd=/Users/ckriech/projects/clemens33/ae-rust/docs/migration/evidence/phase4-run/scratch/0477/home
2026-08-24T14:25:36Z	child	rc=0	/Users/ckriech/projects/clemens33/ae-rust/target/release/ae list --active --json
2026-08-24T14:25:36Z	child	rc=-1	/Users/ckriech/projects/clemens33/ae-rust/target/release/ae list	cwd=/Users/ckriech/projects/clemens33/ae-rust/docs/migration/evidence/phase4-run/scratch/0479/home
2026-08-24T14:25:36Z	child	rc=0	/Users/ckriech/projects/clemens33/ae-rust/target/release/ae list
2026-08-24T14:25:36Z	child	rc=-1	/Users/ckriech/projects/clemens33/ae-rust/target/release/ae list --json	cwd=/Users/ckriech/projects/clemens33/ae-rust/docs/migration/evidence/phase4-run/scratch/0480/home
2026-08-24T14:25:36Z	child	rc=0	/Users/ckriech/projects/clemens33/ae-rust/target/release/ae list --json
2026-08-24T14:25:36Z	child	rc=-1	/Users/ckriech/projects/clemens33/ae-rust/target/release/ae list --all --json	cwd=/Users/ckriech/projects/clemens33/ae-rust/docs/migration/evidence/phase4-run/scratch/0481/home
2026-08-24T14:25:36Z	child	rc=0	/Users/ckriech/projects/clemens33/ae-rust/target/release/ae list --all --json
2026-08-24T14:25:36Z	child	rc=-1	/Users/ckriech/projects/clemens33/ae-rust/target/release/ae list --needs-attn	cwd=/Users/ckriech/projects/clemens33/ae-rust/docs/migration/evidence/phase4-run/scratch/0482/home
2026-08-24T14:25:36Z	child	rc=0	/Users/ckriech/projects/clemens33/ae-rust/target/release/ae list --needs-attn
2026-08-24T14:25:36Z	child	rc=-1	/Users/ckriech/projects/clemens33/ae-rust/target/release/ae list --needs-attn --json	cwd=/Users/ckriech/projects/clemens33/ae-rust/docs/migration/evidence/phase4-run/scratch/0483/home
2026-08-24T14:25:36Z	child	rc=0	/Users/ckriech/projects/clemens33/ae-rust/target/release/ae list --needs-attn --json
2026-08-24T14:25:36Z	child	rc=-1	/Users/ckriech/projects/clemens33/ae-rust/target/release/ae list --active	cwd=/Users/ckriech/projects/clemens33/ae-rust/docs/migration/evidence/phase4-run/scratch/0484/home
2026-08-24T14:25:36Z	child	rc=0	/Users/ckriech/projects/clemens33/ae-rust/target/release/ae list --active
2026-08-24T14:25:36Z	child	rc=-1	/Users/ckriech/projects/clemens33/ae-rust/target/release/ae list --active --json	cwd=/Users/ckriech/projects/clemens33/ae-rust/docs/migration/evidence/phase4-run/scratch/0485/home
2026-08-24T14:25:36Z	child	rc=0	/Users/ckriech/projects/clemens33/ae-rust/target/release/ae list --active --json
2026-08-24T14:25:36Z	child	rc=-1	/Users/ckriech/projects/clemens33/ae-rust/target/release/ae list	cwd=/Users/ckriech/projects/clemens33/ae-rust/docs/migration/evidence/phase4-run/scratch/0487/home
2026-08-24T14:25:36Z	child	rc=0	/Users/ckriech/projects/clemens33/ae-rust/target/release/ae list
2026-08-24T14:25:36Z	child	rc=-1	/Users/ckriech/projects/clemens33/ae-rust/target/release/ae list --json	cwd=/Users/ckriech/projects/clemens33/ae-rust/docs/migration/evidence/phase4-run/scratch/0488/home
2026-08-24T14:25:36Z	child	rc=0	/Users/ckriech/projects/clemens33/ae-rust/target/release/ae list --json
2026-08-24T14:25:36Z	child	rc=-1	/Users/ckriech/projects/clemens33/ae-rust/target/release/ae list --all --json	cwd=/Users/ckriech/projects/clemens33/ae-rust/docs/migration/evidence/phase4-run/scratch/0489/home
2026-08-24T14:25:36Z	child	rc=0	/Users/ckriech/projects/clemens33/ae-rust/target/release/ae list --all --json
2026-08-24T14:25:36Z	child	rc=-1	/Users/ckriech/projects/clemens33/ae-rust/target/release/ae list --needs-attn	cwd=/Users/ckriech/projects/clemens33/ae-rust/docs/migration/evidence/phase4-run/scratch/0490/home
2026-08-24T14:25:36Z	child	rc=0	/Users/ckriech/projects/clemens33/ae-rust/target/release/ae list --needs-attn
2026-08-24T14:25:36Z	child	rc=-1	/Users/ckriech/projects/clemens33/ae-rust/target/release/ae list --needs-attn --json	cwd=/Users/ckriech/projects/clemens33/ae-rust/docs/migration/evidence/phase4-run/scratch/0491/home
2026-08-24T14:25:36Z	child	rc=0	/Users/ckriech/projects/clemens33/ae-rust/target/release/ae list --needs-attn --json
2026-08-24T14:25:37Z	child	rc=-1	/Users/ckriech/projects/clemens33/ae-rust/target/release/ae list --active	cwd=/Users/ckriech/projects/clemens33/ae-rust/docs/migration/evidence/phase4-run/scratch/0492/home
2026-08-24T14:25:37Z	child	rc=0	/Users/ckriech/projects/clemens33/ae-rust/target/release/ae list --active
2026-08-24T14:25:37Z	child	rc=-1	/Users/ckriech/projects/clemens33/ae-rust/target/release/ae list --active --json	cwd=/Users/ckriech/projects/clemens33/ae-rust/docs/migration/evidence/phase4-run/scratch/0493/home
2026-08-24T14:25:37Z	child	rc=0	/Users/ckriech/projects/clemens33/ae-rust/target/release/ae list --active --json
2026-08-24T14:25:37Z	child	rc=-1	/Users/ckriech/projects/clemens33/ae-rust/target/release/ae list	cwd=/Users/ckriech/projects/clemens33/ae-rust/docs/migration/evidence/phase4-run/scratch/0495/home
2026-08-24T14:25:37Z	child	rc=0	/Users/ckriech/projects/clemens33/ae-rust/target/release/ae list
2026-08-24T14:25:37Z	child	rc=-1	/Users/ckriech/projects/clemens33/ae-rust/target/release/ae list --json	cwd=/Users/ckriech/projects/clemens33/ae-rust/docs/migration/evidence/phase4-run/scratch/0496/home
2026-08-24T14:25:37Z	child	rc=0	/Users/ckriech/projects/clemens33/ae-rust/target/release/ae list --json
2026-08-24T14:25:37Z	child	rc=-1	/Users/ckriech/projects/clemens33/ae-rust/target/release/ae list --all --json	cwd=/Users/ckriech/projects/clemens33/ae-rust/docs/migration/evidence/phase4-run/scratch/0497/home
2026-08-24T14:25:37Z	child	rc=0	/Users/ckriech/projects/clemens33/ae-rust/target/release/ae list --all --json
2026-08-24T14:25:37Z	child	rc=-1	/Users/ckriech/projects/clemens33/ae-rust/target/release/ae list --needs-attn	cwd=/Users/ckriech/projects/clemens33/ae-rust/docs/migration/evidence/phase4-run/scratch/0498/home
2026-08-24T14:25:37Z	child	rc=0	/Users/ckriech/projects/clemens33/ae-rust/target/release/ae list --needs-attn
2026-08-24T14:25:37Z	child	rc=-1	/Users/ckriech/projects/clemens33/ae-rust/target/release/ae list --needs-attn --json	cwd=/Users/ckriech/projects/clemens33/ae-rust/docs/migration/evidence/phase4-run/scratch/0499/home
2026-08-24T14:25:37Z	child	rc=0	/Users/ckriech/projects/clemens33/ae-rust/target/release/ae list --needs-attn --json
2026-08-24T14:25:37Z	child	rc=-1	/Users/ckriech/projects/clemens33/ae-rust/target/release/ae list --active	cwd=/Users/ckriech/projects/clemens33/ae-rust/docs/migration/evidence/phase4-run/scratch/0500/home
2026-08-24T14:25:37Z	child	rc=0	/Users/ckriech/projects/clemens33/ae-rust/target/release/ae list --active
2026-08-24T14:25:37Z	child	rc=-1	/Users/ckriech/projects/clemens33/ae-rust/target/release/ae list --active --json	cwd=/Users/ckriech/projects/clemens33/ae-rust/docs/migration/evidence/phase4-run/scratch/0501/home
2026-08-24T14:25:37Z	child	rc=0	/Users/ckriech/projects/clemens33/ae-rust/target/release/ae list --active --json
2026-08-24T14:25:37Z	child	rc=-1	/Users/ckriech/projects/clemens33/ae-rust/target/release/ae list	cwd=/Users/ckriech/projects/clemens33/ae-rust/docs/migration/evidence/phase4-run/scratch/0503/home
2026-08-24T14:25:37Z	child	rc=0	/Users/ckriech/projects/clemens33/ae-rust/target/release/ae list
2026-08-24T14:25:37Z	child	rc=-1	/Users/ckriech/projects/clemens33/ae-rust/target/release/ae list --json	cwd=/Users/ckriech/projects/clemens33/ae-rust/docs/migration/evidence/phase4-run/scratch/0504/home
2026-08-24T14:25:37Z	child	rc=0	/Users/ckriech/projects/clemens33/ae-rust/target/release/ae list --json
2026-08-24T14:25:37Z	child	rc=-1	/Users/ckriech/projects/clemens33/ae-rust/target/release/ae list --all --json	cwd=/Users/ckriech/projects/clemens33/ae-rust/docs/migration/evidence/phase4-run/scratch/0505/home
2026-08-24T14:25:37Z	child	rc=0	/Users/ckriech/projects/clemens33/ae-rust/target/release/ae list --all --json
2026-08-24T14:25:37Z	child	rc=-1	/Users/ckriech/projects/clemens33/ae-rust/target/release/ae list --needs-attn	cwd=/Users/ckriech/projects/clemens33/ae-rust/docs/migration/evidence/phase4-run/scratch/0506/home
2026-08-24T14:25:37Z	child	rc=0	/Users/ckriech/projects/clemens33/ae-rust/target/release/ae list --needs-attn
2026-08-24T14:25:37Z	child	rc=-1	/Users/ckriech/projects/clemens33/ae-rust/target/release/ae list --needs-attn --json	cwd=/Users/ckriech/projects/clemens33/ae-rust/docs/migration/evidence/phase4-run/scratch/0507/home
2026-08-24T14:25:37Z	child	rc=0	/Users/ckriech/projects/clemens33/ae-rust/target/release/ae list --needs-attn --json
2026-08-24T14:25:37Z	child	rc=-1	/Users/ckriech/projects/clemens33/ae-rust/target/release/ae list --active	cwd=/Users/ckriech/projects/clemens33/ae-rust/docs/migration/evidence/phase4-run/scratch/0508/home
2026-08-24T14:25:37Z	child	rc=0	/Users/ckriech/projects/clemens33/ae-rust/target/release/ae list --active
2026-08-24T14:25:37Z	child	rc=-1	/Users/ckriech/projects/clemens33/ae-rust/target/release/ae list --active --json	cwd=/Users/ckriech/projects/clemens33/ae-rust/docs/migration/evidence/phase4-run/scratch/0509/home
2026-08-24T14:25:37Z	child	rc=0	/Users/ckriech/projects/clemens33/ae-rust/target/release/ae list --active --json
2026-08-24T14:25:37Z	child	rc=-1	/Users/ckriech/projects/clemens33/ae-rust/target/release/ae list	cwd=/Users/ckriech/projects/clemens33/ae-rust/docs/migration/evidence/phase4-run/scratch/0511/home
2026-08-24T14:25:37Z	child	rc=0	/Users/ckriech/projects/clemens33/ae-rust/target/release/ae list
2026-08-24T14:25:37Z	child	rc=-1	/Users/ckriech/projects/clemens33/ae-rust/target/release/ae list --json	cwd=/Users/ckriech/projects/clemens33/ae-rust/docs/migration/evidence/phase4-run/scratch/0512/home
2026-08-24T14:25:37Z	child	rc=0	/Users/ckriech/projects/clemens33/ae-rust/target/release/ae list --json
2026-08-24T14:25:37Z	child	rc=-1	/Users/ckriech/projects/clemens33/ae-rust/target/release/ae list --all --json	cwd=/Users/ckriech/projects/clemens33/ae-rust/docs/migration/evidence/phase4-run/scratch/0513/home
2026-08-24T14:25:37Z	child	rc=0	/Users/ckriech/projects/clemens33/ae-rust/target/release/ae list --all --json
2026-08-24T14:25:37Z	child	rc=-1	/Users/ckriech/projects/clemens33/ae-rust/target/release/ae list --needs-attn	cwd=/Users/ckriech/projects/clemens33/ae-rust/docs/migration/evidence/phase4-run/scratch/0514/home
2026-08-24T14:25:37Z	child	rc=0	/Users/ckriech/projects/clemens33/ae-rust/target/release/ae list --needs-attn
2026-08-24T14:25:37Z	child	rc=-1	/Users/ckriech/projects/clemens33/ae-rust/target/release/ae list --needs-attn --json	cwd=/Users/ckriech/projects/clemens33/ae-rust/docs/migration/evidence/phase4-run/scratch/0515/home
2026-08-24T14:25:37Z	child	rc=0	/Users/ckriech/projects/clemens33/ae-rust/target/release/ae list --needs-attn --json
2026-08-24T14:25:37Z	child	rc=-1	/Users/ckriech/projects/clemens33/ae-rust/target/release/ae list --active	cwd=/Users/ckriech/projects/clemens33/ae-rust/docs/migration/evidence/phase4-run/scratch/0516/home
2026-08-24T14:25:37Z	child	rc=0	/Users/ckriech/projects/clemens33/ae-rust/target/release/ae list --active
2026-08-24T14:25:37Z	child	rc=-1	/Users/ckriech/projects/clemens33/ae-rust/target/release/ae list --active --json	cwd=/Users/ckriech/projects/clemens33/ae-rust/docs/migration/evidence/phase4-run/scratch/0517/home
2026-08-24T14:25:37Z	child	rc=0	/Users/ckriech/projects/clemens33/ae-rust/target/release/ae list --active --json
2026-08-24T14:25:37Z	child	rc=-1	/Users/ckriech/projects/clemens33/ae-rust/target/release/ae list	cwd=/Users/ckriech/projects/clemens33/ae-rust/docs/migration/evidence/phase4-run/scratch/0519/home
2026-08-24T14:25:37Z	child	rc=0	/Users/ckriech/projects/clemens33/ae-rust/target/release/ae list
2026-08-24T14:25:37Z	child	rc=-1	/Users/ckriech/projects/clemens33/ae-rust/target/release/ae list --json	cwd=/Users/ckriech/projects/clemens33/ae-rust/docs/migration/evidence/phase4-run/scratch/0520/home
2026-08-24T14:25:37Z	child	rc=0	/Users/ckriech/projects/clemens33/ae-rust/target/release/ae list --json
2026-08-24T14:25:37Z	child	rc=-1	/Users/ckriech/projects/clemens33/ae-rust/target/release/ae list --all --json	cwd=/Users/ckriech/projects/clemens33/ae-rust/docs/migration/evidence/phase4-run/scratch/0521/home
2026-08-24T14:25:37Z	child	rc=0	/Users/ckriech/projects/clemens33/ae-rust/target/release/ae list --all --json
2026-08-24T14:25:37Z	child	rc=-1	/Users/ckriech/projects/clemens33/ae-rust/target/release/ae list --needs-attn	cwd=/Users/ckriech/projects/clemens33/ae-rust/docs/migration/evidence/phase4-run/scratch/0522/home
2026-08-24T14:25:37Z	child	rc=0	/Users/ckriech/projects/clemens33/ae-rust/target/release/ae list --needs-attn
2026-08-24T14:25:37Z	child	rc=-1	/Users/ckriech/projects/clemens33/ae-rust/target/release/ae list --needs-attn --json	cwd=/Users/ckriech/projects/clemens33/ae-rust/docs/migration/evidence/phase4-run/scratch/0523/home
2026-08-24T14:25:37Z	child	rc=0	/Users/ckriech/projects/clemens33/ae-rust/target/release/ae list --needs-attn --json
2026-08-24T14:25:37Z	child	rc=-1	/Users/ckriech/projects/clemens33/ae-rust/target/release/ae list --active	cwd=/Users/ckriech/projects/clemens33/ae-rust/docs/migration/evidence/phase4-run/scratch/0524/home
2026-08-24T14:25:37Z	child	rc=0	/Users/ckriech/projects/clemens33/ae-rust/target/release/ae list --active
2026-08-24T14:25:37Z	child	rc=-1	/Users/ckriech/projects/clemens33/ae-rust/target/release/ae list --active --json	cwd=/Users/ckriech/projects/clemens33/ae-rust/docs/migration/evidence/phase4-run/scratch/0525/home
2026-08-24T14:25:37Z	child	rc=0	/Users/ckriech/projects/clemens33/ae-rust/target/release/ae list --active --json
2026-08-24T14:25:37Z	child	rc=-1	/Users/ckriech/projects/clemens33/ae-rust/target/release/ae list	cwd=/Users/ckriech/projects/clemens33/ae-rust/docs/migration/evidence/phase4-run/scratch/0527/home
2026-08-24T14:25:37Z	child	rc=0	/Users/ckriech/projects/clemens33/ae-rust/target/release/ae list
2026-08-24T14:25:37Z	child	rc=-1	/Users/ckriech/projects/clemens33/ae-rust/target/release/ae list --json	cwd=/Users/ckriech/projects/clemens33/ae-rust/docs/migration/evidence/phase4-run/scratch/0528/home
2026-08-24T14:25:37Z	child	rc=0	/Users/ckriech/projects/clemens33/ae-rust/target/release/ae list --json
2026-08-24T14:25:37Z	child	rc=-1	/Users/ckriech/projects/clemens33/ae-rust/target/release/ae list --all --json	cwd=/Users/ckriech/projects/clemens33/ae-rust/docs/migration/evidence/phase4-run/scratch/0529/home
2026-08-24T14:25:37Z	child	rc=0	/Users/ckriech/projects/clemens33/ae-rust/target/release/ae list --all --json
2026-08-24T14:25:37Z	child	rc=-1	/Users/ckriech/projects/clemens33/ae-rust/target/release/ae list --needs-attn	cwd=/Users/ckriech/projects/clemens33/ae-rust/docs/migration/evidence/phase4-run/scratch/0530/home
2026-08-24T14:25:37Z	child	rc=0	/Users/ckriech/projects/clemens33/ae-rust/target/release/ae list --needs-attn
2026-08-24T14:25:37Z	child	rc=-1	/Users/ckriech/projects/clemens33/ae-rust/target/release/ae list --needs-attn --json	cwd=/Users/ckriech/projects/clemens33/ae-rust/docs/migration/evidence/phase4-run/scratch/0531/home
2026-08-24T14:25:37Z	child	rc=0	/Users/ckriech/projects/clemens33/ae-rust/target/release/ae list --needs-attn --json
2026-08-24T14:25:37Z	child	rc=-1	/Users/ckriech/projects/clemens33/ae-rust/target/release/ae list --active	cwd=/Users/ckriech/projects/clemens33/ae-rust/docs/migration/evidence/phase4-run/scratch/0532/home
2026-08-24T14:25:37Z	child	rc=0	/Users/ckriech/projects/clemens33/ae-rust/target/release/ae list --active
2026-08-24T14:25:37Z	child	rc=-1	/Users/ckriech/projects/clemens33/ae-rust/target/release/ae list --active --json	cwd=/Users/ckriech/projects/clemens33/ae-rust/docs/migration/evidence/phase4-run/scratch/0533/home
2026-08-24T14:25:37Z	child	rc=0	/Users/ckriech/projects/clemens33/ae-rust/target/release/ae list --active --json
2026-08-24T14:25:37Z	child	rc=-1	/Users/ckriech/projects/clemens33/ae-rust/target/release/ae list	cwd=/Users/ckriech/projects/clemens33/ae-rust/docs/migration/evidence/phase4-run/scratch/0535/home
2026-08-24T14:25:37Z	child	rc=0	/Users/ckriech/projects/clemens33/ae-rust/target/release/ae list
2026-08-24T14:25:37Z	child	rc=-1	/Users/ckriech/projects/clemens33/ae-rust/target/release/ae list --json	cwd=/Users/ckriech/projects/clemens33/ae-rust/docs/migration/evidence/phase4-run/scratch/0536/home
2026-08-24T14:25:37Z	child	rc=0	/Users/ckriech/projects/clemens33/ae-rust/target/release/ae list --json
2026-08-24T14:25:37Z	child	rc=-1	/Users/ckriech/projects/clemens33/ae-rust/target/release/ae list --all --json	cwd=/Users/ckriech/projects/clemens33/ae-rust/docs/migration/evidence/phase4-run/scratch/0537/home
2026-08-24T14:25:37Z	child	rc=0	/Users/ckriech/projects/clemens33/ae-rust/target/release/ae list --all --json
2026-08-24T14:25:37Z	child	rc=-1	/Users/ckriech/projects/clemens33/ae-rust/target/release/ae list --needs-attn	cwd=/Users/ckriech/projects/clemens33/ae-rust/docs/migration/evidence/phase4-run/scratch/0538/home
2026-08-24T14:25:37Z	child	rc=0	/Users/ckriech/projects/clemens33/ae-rust/target/release/ae list --needs-attn
2026-08-24T14:25:37Z	child	rc=-1	/Users/ckriech/projects/clemens33/ae-rust/target/release/ae list --needs-attn --json	cwd=/Users/ckriech/projects/clemens33/ae-rust/docs/migration/evidence/phase4-run/scratch/0539/home
2026-08-24T14:25:37Z	child	rc=0	/Users/ckriech/projects/clemens33/ae-rust/target/release/ae list --needs-attn --json
2026-08-24T14:25:37Z	child	rc=-1	/Users/ckriech/projects/clemens33/ae-rust/target/release/ae list --active	cwd=/Users/ckriech/projects/clemens33/ae-rust/docs/migration/evidence/phase4-run/scratch/0540/home
2026-08-24T14:25:37Z	child	rc=0	/Users/ckriech/projects/clemens33/ae-rust/target/release/ae list --active
2026-08-24T14:25:37Z	child	rc=-1	/Users/ckriech/projects/clemens33/ae-rust/target/release/ae list --active --json	cwd=/Users/ckriech/projects/clemens33/ae-rust/docs/migration/evidence/phase4-run/scratch/0541/home
2026-08-24T14:25:37Z	child	rc=0	/Users/ckriech/projects/clemens33/ae-rust/target/release/ae list --active --json
2026-08-24T14:25:37Z	child	rc=-1	/Users/ckriech/projects/clemens33/ae-rust/target/release/ae list	cwd=/Users/ckriech/projects/clemens33/ae-rust/docs/migration/evidence/phase4-run/scratch/0543/home
2026-08-24T14:25:37Z	child	rc=0	/Users/ckriech/projects/clemens33/ae-rust/target/release/ae list
2026-08-24T14:25:37Z	child	rc=-1	/Users/ckriech/projects/clemens33/ae-rust/target/release/ae list --json	cwd=/Users/ckriech/projects/clemens33/ae-rust/docs/migration/evidence/phase4-run/scratch/0544/home
2026-08-24T14:25:37Z	child	rc=0	/Users/ckriech/projects/clemens33/ae-rust/target/release/ae list --json
2026-08-24T14:25:37Z	child	rc=-1	/Users/ckriech/projects/clemens33/ae-rust/target/release/ae list --all --json	cwd=/Users/ckriech/projects/clemens33/ae-rust/docs/migration/evidence/phase4-run/scratch/0545/home
2026-08-24T14:25:37Z	child	rc=0	/Users/ckriech/projects/clemens33/ae-rust/target/release/ae list --all --json
2026-08-24T14:25:37Z	child	rc=-1	/Users/ckriech/projects/clemens33/ae-rust/target/release/ae list --needs-attn	cwd=/Users/ckriech/projects/clemens33/ae-rust/docs/migration/evidence/phase4-run/scratch/0546/home
2026-08-24T14:25:37Z	child	rc=0	/Users/ckriech/projects/clemens33/ae-rust/target/release/ae list --needs-attn
2026-08-24T14:25:37Z	child	rc=-1	/Users/ckriech/projects/clemens33/ae-rust/target/release/ae list --needs-attn --json	cwd=/Users/ckriech/projects/clemens33/ae-rust/docs/migration/evidence/phase4-run/scratch/0547/home
2026-08-24T14:25:37Z	child	rc=0	/Users/ckriech/projects/clemens33/ae-rust/target/release/ae list --needs-attn --json
2026-08-24T14:25:37Z	child	rc=-1	/Users/ckriech/projects/clemens33/ae-rust/target/release/ae list --active	cwd=/Users/ckriech/projects/clemens33/ae-rust/docs/migration/evidence/phase4-run/scratch/0548/home
2026-08-24T14:25:37Z	child	rc=0	/Users/ckriech/projects/clemens33/ae-rust/target/release/ae list --active
2026-08-24T14:25:37Z	child	rc=-1	/Users/ckriech/projects/clemens33/ae-rust/target/release/ae list --active --json	cwd=/Users/ckriech/projects/clemens33/ae-rust/docs/migration/evidence/phase4-run/scratch/0549/home
2026-08-24T14:25:37Z	child	rc=0	/Users/ckriech/projects/clemens33/ae-rust/target/release/ae list --active --json
2026-08-24T14:25:37Z	child	rc=-1	/Users/ckriech/projects/clemens33/ae-rust/target/release/ae list	cwd=/Users/ckriech/projects/clemens33/ae-rust/docs/migration/evidence/phase4-run/scratch/0551/home
2026-08-24T14:25:37Z	child	rc=0	/Users/ckriech/projects/clemens33/ae-rust/target/release/ae list
2026-08-24T14:25:37Z	child	rc=-1	/Users/ckriech/projects/clemens33/ae-rust/target/release/ae list --json	cwd=/Users/ckriech/projects/clemens33/ae-rust/docs/migration/evidence/phase4-run/scratch/0552/home
2026-08-24T14:25:37Z	child	rc=0	/Users/ckriech/projects/clemens33/ae-rust/target/release/ae list --json
2026-08-24T14:25:37Z	child	rc=-1	/Users/ckriech/projects/clemens33/ae-rust/target/release/ae list --all --json	cwd=/Users/ckriech/projects/clemens33/ae-rust/docs/migration/evidence/phase4-run/scratch/0553/home
2026-08-24T14:25:37Z	child	rc=0	/Users/ckriech/projects/clemens33/ae-rust/target/release/ae list --all --json
2026-08-24T14:25:37Z	child	rc=-1	/Users/ckriech/projects/clemens33/ae-rust/target/release/ae list --needs-attn	cwd=/Users/ckriech/projects/clemens33/ae-rust/docs/migration/evidence/phase4-run/scratch/0554/home
2026-08-24T14:25:37Z	child	rc=0	/Users/ckriech/projects/clemens33/ae-rust/target/release/ae list --needs-attn
2026-08-24T14:25:37Z	child	rc=-1	/Users/ckriech/projects/clemens33/ae-rust/target/release/ae list --needs-attn --json	cwd=/Users/ckriech/projects/clemens33/ae-rust/docs/migration/evidence/phase4-run/scratch/0555/home
2026-08-24T14:25:37Z	child	rc=0	/Users/ckriech/projects/clemens33/ae-rust/target/release/ae list --needs-attn --json
2026-08-24T14:25:37Z	child	rc=-1	/Users/ckriech/projects/clemens33/ae-rust/target/release/ae list --active	cwd=/Users/ckriech/projects/clemens33/ae-rust/docs/migration/evidence/phase4-run/scratch/0556/home
2026-08-24T14:25:37Z	child	rc=0	/Users/ckriech/projects/clemens33/ae-rust/target/release/ae list --active
2026-08-24T14:25:37Z	child	rc=-1	/Users/ckriech/projects/clemens33/ae-rust/target/release/ae list --active --json	cwd=/Users/ckriech/projects/clemens33/ae-rust/docs/migration/evidence/phase4-run/scratch/0557/home
2026-08-24T14:25:37Z	child	rc=0	/Users/ckriech/projects/clemens33/ae-rust/target/release/ae list --active --json
2026-08-24T14:25:37Z	child	rc=-1	/Users/ckriech/projects/clemens33/ae-rust/target/release/ae list	cwd=/Users/ckriech/projects/clemens33/ae-rust/docs/migration/evidence/phase4-run/scratch/0559/home
2026-08-24T14:25:37Z	child	rc=0	/Users/ckriech/projects/clemens33/ae-rust/target/release/ae list
2026-08-24T14:25:38Z	child	rc=-1	/Users/ckriech/projects/clemens33/ae-rust/target/release/ae list --json	cwd=/Users/ckriech/projects/clemens33/ae-rust/docs/migration/evidence/phase4-run/scratch/0560/home
2026-08-24T14:25:38Z	child	rc=0	/Users/ckriech/projects/clemens33/ae-rust/target/release/ae list --json
2026-08-24T14:25:38Z	child	rc=-1	/Users/ckriech/projects/clemens33/ae-rust/target/release/ae list --all --json	cwd=/Users/ckriech/projects/clemens33/ae-rust/docs/migration/evidence/phase4-run/scratch/0561/home
2026-08-24T14:25:38Z	child	rc=0	/Users/ckriech/projects/clemens33/ae-rust/target/release/ae list --all --json
2026-08-24T14:25:38Z	child	rc=-1	/Users/ckriech/projects/clemens33/ae-rust/target/release/ae list --needs-attn	cwd=/Users/ckriech/projects/clemens33/ae-rust/docs/migration/evidence/phase4-run/scratch/0562/home
2026-08-24T14:25:38Z	child	rc=0	/Users/ckriech/projects/clemens33/ae-rust/target/release/ae list --needs-attn
2026-08-24T14:25:38Z	child	rc=-1	/Users/ckriech/projects/clemens33/ae-rust/target/release/ae list --needs-attn --json	cwd=/Users/ckriech/projects/clemens33/ae-rust/docs/migration/evidence/phase4-run/scratch/0563/home
2026-08-24T14:25:38Z	child	rc=0	/Users/ckriech/projects/clemens33/ae-rust/target/release/ae list --needs-attn --json
2026-08-24T14:25:38Z	child	rc=-1	/Users/ckriech/projects/clemens33/ae-rust/target/release/ae list --active	cwd=/Users/ckriech/projects/clemens33/ae-rust/docs/migration/evidence/phase4-run/scratch/0564/home
2026-08-24T14:25:38Z	child	rc=0	/Users/ckriech/projects/clemens33/ae-rust/target/release/ae list --active
2026-08-24T14:25:38Z	child	rc=-1	/Users/ckriech/projects/clemens33/ae-rust/target/release/ae list --active --json	cwd=/Users/ckriech/projects/clemens33/ae-rust/docs/migration/evidence/phase4-run/scratch/0565/home
2026-08-24T14:25:38Z	child	rc=0	/Users/ckriech/projects/clemens33/ae-rust/target/release/ae list --active --json
2026-08-24T14:25:38Z	child	rc=-1	/Users/ckriech/projects/clemens33/ae-rust/target/release/ae list	cwd=/Users/ckriech/projects/clemens33/ae-rust/docs/migration/evidence/phase4-run/scratch/0567/home
2026-08-24T14:25:38Z	child	rc=0	/Users/ckriech/projects/clemens33/ae-rust/target/release/ae list
2026-08-24T14:25:38Z	child	rc=-1	/Users/ckriech/projects/clemens33/ae-rust/target/release/ae list --json	cwd=/Users/ckriech/projects/clemens33/ae-rust/docs/migration/evidence/phase4-run/scratch/0568/home
2026-08-24T14:25:38Z	child	rc=0	/Users/ckriech/projects/clemens33/ae-rust/target/release/ae list --json
2026-08-24T14:25:38Z	child	rc=-1	/Users/ckriech/projects/clemens33/ae-rust/target/release/ae list --all --json	cwd=/Users/ckriech/projects/clemens33/ae-rust/docs/migration/evidence/phase4-run/scratch/0569/home
2026-08-24T14:25:38Z	child	rc=0	/Users/ckriech/projects/clemens33/ae-rust/target/release/ae list --all --json
2026-08-24T14:25:38Z	child	rc=-1	/Users/ckriech/projects/clemens33/ae-rust/target/release/ae list --needs-attn	cwd=/Users/ckriech/projects/clemens33/ae-rust/docs/migration/evidence/phase4-run/scratch/0570/home
2026-08-24T14:25:38Z	child	rc=0	/Users/ckriech/projects/clemens33/ae-rust/target/release/ae list --needs-attn
2026-08-24T14:25:38Z	child	rc=-1	/Users/ckriech/projects/clemens33/ae-rust/target/release/ae list --needs-attn --json	cwd=/Users/ckriech/projects/clemens33/ae-rust/docs/migration/evidence/phase4-run/scratch/0571/home
2026-08-24T14:25:38Z	child	rc=0	/Users/ckriech/projects/clemens33/ae-rust/target/release/ae list --needs-attn --json
2026-08-24T14:25:38Z	child	rc=-1	/Users/ckriech/projects/clemens33/ae-rust/target/release/ae list --active	cwd=/Users/ckriech/projects/clemens33/ae-rust/docs/migration/evidence/phase4-run/scratch/0572/home
2026-08-24T14:25:38Z	child	rc=0	/Users/ckriech/projects/clemens33/ae-rust/target/release/ae list --active
2026-08-24T14:25:38Z	child	rc=-1	/Users/ckriech/projects/clemens33/ae-rust/target/release/ae list --active --json	cwd=/Users/ckriech/projects/clemens33/ae-rust/docs/migration/evidence/phase4-run/scratch/0573/home
2026-08-24T14:25:38Z	child	rc=0	/Users/ckriech/projects/clemens33/ae-rust/target/release/ae list --active --json
2026-08-24T14:25:38Z	child	rc=-1	/Users/ckriech/projects/clemens33/ae-rust/target/release/ae list	cwd=/Users/ckriech/projects/clemens33/ae-rust/docs/migration/evidence/phase4-run/scratch/0575/home
2026-08-24T14:25:38Z	child	rc=0	/Users/ckriech/projects/clemens33/ae-rust/target/release/ae list
2026-08-24T14:25:38Z	child	rc=-1	/Users/ckriech/projects/clemens33/ae-rust/target/release/ae list --json	cwd=/Users/ckriech/projects/clemens33/ae-rust/docs/migration/evidence/phase4-run/scratch/0576/home
2026-08-24T14:25:38Z	child	rc=0	/Users/ckriech/projects/clemens33/ae-rust/target/release/ae list --json
2026-08-24T14:25:38Z	child	rc=-1	/Users/ckriech/projects/clemens33/ae-rust/target/release/ae list --all --json	cwd=/Users/ckriech/projects/clemens33/ae-rust/docs/migration/evidence/phase4-run/scratch/0577/home
2026-08-24T14:25:38Z	child	rc=0	/Users/ckriech/projects/clemens33/ae-rust/target/release/ae list --all --json
2026-08-24T14:25:38Z	child	rc=-1	/Users/ckriech/projects/clemens33/ae-rust/target/release/ae list --needs-attn	cwd=/Users/ckriech/projects/clemens33/ae-rust/docs/migration/evidence/phase4-run/scratch/0578/home
2026-08-24T14:25:38Z	child	rc=0	/Users/ckriech/projects/clemens33/ae-rust/target/release/ae list --needs-attn
2026-08-24T14:25:38Z	child	rc=-1	/Users/ckriech/projects/clemens33/ae-rust/target/release/ae list --needs-attn --json	cwd=/Users/ckriech/projects/clemens33/ae-rust/docs/migration/evidence/phase4-run/scratch/0579/home
2026-08-24T14:25:38Z	child	rc=0	/Users/ckriech/projects/clemens33/ae-rust/target/release/ae list --needs-attn --json
2026-08-24T14:25:38Z	child	rc=-1	/Users/ckriech/projects/clemens33/ae-rust/target/release/ae list --active	cwd=/Users/ckriech/projects/clemens33/ae-rust/docs/migration/evidence/phase4-run/scratch/0580/home
2026-08-24T14:25:38Z	child	rc=0	/Users/ckriech/projects/clemens33/ae-rust/target/release/ae list --active
2026-08-24T14:25:38Z	child	rc=-1	/Users/ckriech/projects/clemens33/ae-rust/target/release/ae list --active --json	cwd=/Users/ckriech/projects/clemens33/ae-rust/docs/migration/evidence/phase4-run/scratch/0581/home
2026-08-24T14:25:38Z	child	rc=0	/Users/ckriech/projects/clemens33/ae-rust/target/release/ae list --active --json
2026-08-24T14:25:38Z	child	rc=-1	/Users/ckriech/projects/clemens33/ae-rust/target/release/ae list	cwd=/Users/ckriech/projects/clemens33/ae-rust/docs/migration/evidence/phase4-run/scratch/0583/home
2026-08-24T14:25:38Z	child	rc=0	/Users/ckriech/projects/clemens33/ae-rust/target/release/ae list
2026-08-24T14:25:38Z	child	rc=-1	/Users/ckriech/projects/clemens33/ae-rust/target/release/ae list --json	cwd=/Users/ckriech/projects/clemens33/ae-rust/docs/migration/evidence/phase4-run/scratch/0584/home
2026-08-24T14:25:38Z	child	rc=0	/Users/ckriech/projects/clemens33/ae-rust/target/release/ae list --json
2026-08-24T14:25:38Z	child	rc=-1	/Users/ckriech/projects/clemens33/ae-rust/target/release/ae list --all --json	cwd=/Users/ckriech/projects/clemens33/ae-rust/docs/migration/evidence/phase4-run/scratch/0585/home
2026-08-24T14:25:38Z	child	rc=0	/Users/ckriech/projects/clemens33/ae-rust/target/release/ae list --all --json
2026-08-24T14:25:38Z	child	rc=-1	/Users/ckriech/projects/clemens33/ae-rust/target/release/ae list --needs-attn	cwd=/Users/ckriech/projects/clemens33/ae-rust/docs/migration/evidence/phase4-run/scratch/0586/home
2026-08-24T14:25:38Z	child	rc=0	/Users/ckriech/projects/clemens33/ae-rust/target/release/ae list --needs-attn
2026-08-24T14:25:38Z	child	rc=-1	/Users/ckriech/projects/clemens33/ae-rust/target/release/ae list --needs-attn --json	cwd=/Users/ckriech/projects/clemens33/ae-rust/docs/migration/evidence/phase4-run/scratch/0587/home
2026-08-24T14:25:38Z	child	rc=0	/Users/ckriech/projects/clemens33/ae-rust/target/release/ae list --needs-attn --json
2026-08-24T14:25:38Z	child	rc=-1	/Users/ckriech/projects/clemens33/ae-rust/target/release/ae list --active	cwd=/Users/ckriech/projects/clemens33/ae-rust/docs/migration/evidence/phase4-run/scratch/0588/home
2026-08-24T14:25:38Z	child	rc=0	/Users/ckriech/projects/clemens33/ae-rust/target/release/ae list --active
2026-08-24T14:25:38Z	child	rc=-1	/Users/ckriech/projects/clemens33/ae-rust/target/release/ae list --active --json	cwd=/Users/ckriech/projects/clemens33/ae-rust/docs/migration/evidence/phase4-run/scratch/0589/home
2026-08-24T14:25:38Z	child	rc=0	/Users/ckriech/projects/clemens33/ae-rust/target/release/ae list --active --json
2026-08-24T14:25:38Z	child	rc=-1	/Users/ckriech/projects/clemens33/ae-rust/target/release/ae list	cwd=/Users/ckriech/projects/clemens33/ae-rust/docs/migration/evidence/phase4-run/scratch/0591/home
2026-08-24T14:25:38Z	child	rc=0	/Users/ckriech/projects/clemens33/ae-rust/target/release/ae list
2026-08-24T14:25:38Z	child	rc=-1	/Users/ckriech/projects/clemens33/ae-rust/target/release/ae list --json	cwd=/Users/ckriech/projects/clemens33/ae-rust/docs/migration/evidence/phase4-run/scratch/0592/home
2026-08-24T14:25:38Z	child	rc=0	/Users/ckriech/projects/clemens33/ae-rust/target/release/ae list --json
2026-08-24T14:25:38Z	child	rc=-1	/Users/ckriech/projects/clemens33/ae-rust/target/release/ae list --all --json	cwd=/Users/ckriech/projects/clemens33/ae-rust/docs/migration/evidence/phase4-run/scratch/0593/home
2026-08-24T14:25:38Z	child	rc=0	/Users/ckriech/projects/clemens33/ae-rust/target/release/ae list --all --json
2026-08-24T14:25:38Z	child	rc=-1	/Users/ckriech/projects/clemens33/ae-rust/target/release/ae list --needs-attn	cwd=/Users/ckriech/projects/clemens33/ae-rust/docs/migration/evidence/phase4-run/scratch/0594/home
2026-08-24T14:25:38Z	child	rc=0	/Users/ckriech/projects/clemens33/ae-rust/target/release/ae list --needs-attn
2026-08-24T14:25:38Z	child	rc=-1	/Users/ckriech/projects/clemens33/ae-rust/target/release/ae list --needs-attn --json	cwd=/Users/ckriech/projects/clemens33/ae-rust/docs/migration/evidence/phase4-run/scratch/0595/home
2026-08-24T14:25:38Z	child	rc=0	/Users/ckriech/projects/clemens33/ae-rust/target/release/ae list --needs-attn --json
2026-08-24T14:25:38Z	child	rc=-1	/Users/ckriech/projects/clemens33/ae-rust/target/release/ae list --active	cwd=/Users/ckriech/projects/clemens33/ae-rust/docs/migration/evidence/phase4-run/scratch/0596/home
2026-08-24T14:25:38Z	child	rc=0	/Users/ckriech/projects/clemens33/ae-rust/target/release/ae list --active
2026-08-24T14:25:38Z	child	rc=-1	/Users/ckriech/projects/clemens33/ae-rust/target/release/ae list --active --json	cwd=/Users/ckriech/projects/clemens33/ae-rust/docs/migration/evidence/phase4-run/scratch/0597/home
2026-08-24T14:25:38Z	child	rc=0	/Users/ckriech/projects/clemens33/ae-rust/target/release/ae list --active --json
2026-08-24T14:25:38Z	child	rc=-1	/Users/ckriech/projects/clemens33/ae-rust/target/release/ae list	cwd=/Users/ckriech/projects/clemens33/ae-rust/docs/migration/evidence/phase4-run/scratch/0599/home
2026-08-24T14:25:38Z	child	rc=0	/Users/ckriech/projects/clemens33/ae-rust/target/release/ae list
2026-08-24T14:25:38Z	child	rc=-1	/Users/ckriech/projects/clemens33/ae-rust/target/release/ae list --json	cwd=/Users/ckriech/projects/clemens33/ae-rust/docs/migration/evidence/phase4-run/scratch/0600/home
2026-08-24T14:25:38Z	child	rc=0	/Users/ckriech/projects/clemens33/ae-rust/target/release/ae list --json
2026-08-24T14:25:38Z	child	rc=-1	/Users/ckriech/projects/clemens33/ae-rust/target/release/ae list --all --json	cwd=/Users/ckriech/projects/clemens33/ae-rust/docs/migration/evidence/phase4-run/scratch/0601/home
2026-08-24T14:25:38Z	child	rc=0	/Users/ckriech/projects/clemens33/ae-rust/target/release/ae list --all --json
2026-08-24T14:25:38Z	child	rc=-1	/Users/ckriech/projects/clemens33/ae-rust/target/release/ae list --needs-attn	cwd=/Users/ckriech/projects/clemens33/ae-rust/docs/migration/evidence/phase4-run/scratch/0602/home
2026-08-24T14:25:38Z	child	rc=0	/Users/ckriech/projects/clemens33/ae-rust/target/release/ae list --needs-attn
2026-08-24T14:25:38Z	child	rc=-1	/Users/ckriech/projects/clemens33/ae-rust/target/release/ae list --needs-attn --json	cwd=/Users/ckriech/projects/clemens33/ae-rust/docs/migration/evidence/phase4-run/scratch/0603/home
2026-08-24T14:25:38Z	child	rc=0	/Users/ckriech/projects/clemens33/ae-rust/target/release/ae list --needs-attn --json
2026-08-24T14:25:38Z	child	rc=-1	/Users/ckriech/projects/clemens33/ae-rust/target/release/ae list --active	cwd=/Users/ckriech/projects/clemens33/ae-rust/docs/migration/evidence/phase4-run/scratch/0604/home
2026-08-24T14:25:38Z	child	rc=0	/Users/ckriech/projects/clemens33/ae-rust/target/release/ae list --active
2026-08-24T14:25:38Z	child	rc=-1	/Users/ckriech/projects/clemens33/ae-rust/target/release/ae list --active --json	cwd=/Users/ckriech/projects/clemens33/ae-rust/docs/migration/evidence/phase4-run/scratch/0605/home
2026-08-24T14:25:38Z	child	rc=0	/Users/ckriech/projects/clemens33/ae-rust/target/release/ae list --active --json
2026-08-24T14:25:38Z	child	rc=-1	/Users/ckriech/projects/clemens33/ae-rust/target/release/ae list	cwd=/Users/ckriech/projects/clemens33/ae-rust/docs/migration/evidence/phase4-run/scratch/0607/home
2026-08-24T14:25:38Z	child	rc=0	/Users/ckriech/projects/clemens33/ae-rust/target/release/ae list
2026-08-24T14:25:38Z	child	rc=-1	/Users/ckriech/projects/clemens33/ae-rust/target/release/ae list --json	cwd=/Users/ckriech/projects/clemens33/ae-rust/docs/migration/evidence/phase4-run/scratch/0608/home
2026-08-24T14:25:38Z	child	rc=0	/Users/ckriech/projects/clemens33/ae-rust/target/release/ae list --json
2026-08-24T14:25:38Z	child	rc=-1	/Users/ckriech/projects/clemens33/ae-rust/target/release/ae list --all --json	cwd=/Users/ckriech/projects/clemens33/ae-rust/docs/migration/evidence/phase4-run/scratch/0609/home
2026-08-24T14:25:38Z	child	rc=0	/Users/ckriech/projects/clemens33/ae-rust/target/release/ae list --all --json
2026-08-24T14:25:38Z	child	rc=-1	/Users/ckriech/projects/clemens33/ae-rust/target/release/ae list --needs-attn	cwd=/Users/ckriech/projects/clemens33/ae-rust/docs/migration/evidence/phase4-run/scratch/0610/home
2026-08-24T14:25:38Z	child	rc=0	/Users/ckriech/projects/clemens33/ae-rust/target/release/ae list --needs-attn
2026-08-24T14:25:38Z	child	rc=-1	/Users/ckriech/projects/clemens33/ae-rust/target/release/ae list --needs-attn --json	cwd=/Users/ckriech/projects/clemens33/ae-rust/docs/migration/evidence/phase4-run/scratch/0611/home
2026-08-24T14:25:38Z	child	rc=0	/Users/ckriech/projects/clemens33/ae-rust/target/release/ae list --needs-attn --json
2026-08-24T14:25:38Z	child	rc=-1	/Users/ckriech/projects/clemens33/ae-rust/target/release/ae list --active	cwd=/Users/ckriech/projects/clemens33/ae-rust/docs/migration/evidence/phase4-run/scratch/0612/home
2026-08-24T14:25:38Z	child	rc=0	/Users/ckriech/projects/clemens33/ae-rust/target/release/ae list --active
2026-08-24T14:25:38Z	child	rc=-1	/Users/ckriech/projects/clemens33/ae-rust/target/release/ae list --active --json	cwd=/Users/ckriech/projects/clemens33/ae-rust/docs/migration/evidence/phase4-run/scratch/0613/home
2026-08-24T14:25:38Z	child	rc=0	/Users/ckriech/projects/clemens33/ae-rust/target/release/ae list --active --json
2026-08-24T14:25:38Z	child	rc=-1	/Users/ckriech/projects/clemens33/ae-rust/target/release/ae list	cwd=/Users/ckriech/projects/clemens33/ae-rust/docs/migration/evidence/phase4-run/scratch/0615/home
2026-08-24T14:25:38Z	child	rc=0	/Users/ckriech/projects/clemens33/ae-rust/target/release/ae list
2026-08-24T14:25:38Z	child	rc=-1	/Users/ckriech/projects/clemens33/ae-rust/target/release/ae list --json	cwd=/Users/ckriech/projects/clemens33/ae-rust/docs/migration/evidence/phase4-run/scratch/0616/home
2026-08-24T14:25:38Z	child	rc=0	/Users/ckriech/projects/clemens33/ae-rust/target/release/ae list --json
2026-08-24T14:25:38Z	child	rc=-1	/Users/ckriech/projects/clemens33/ae-rust/target/release/ae list --all --json	cwd=/Users/ckriech/projects/clemens33/ae-rust/docs/migration/evidence/phase4-run/scratch/0617/home
2026-08-24T14:25:38Z	child	rc=0	/Users/ckriech/projects/clemens33/ae-rust/target/release/ae list --all --json
2026-08-24T14:25:38Z	child	rc=-1	/Users/ckriech/projects/clemens33/ae-rust/target/release/ae list --needs-attn	cwd=/Users/ckriech/projects/clemens33/ae-rust/docs/migration/evidence/phase4-run/scratch/0618/home
2026-08-24T14:25:38Z	child	rc=0	/Users/ckriech/projects/clemens33/ae-rust/target/release/ae list --needs-attn
2026-08-24T14:25:38Z	child	rc=-1	/Users/ckriech/projects/clemens33/ae-rust/target/release/ae list --needs-attn --json	cwd=/Users/ckriech/projects/clemens33/ae-rust/docs/migration/evidence/phase4-run/scratch/0619/home
2026-08-24T14:25:38Z	child	rc=0	/Users/ckriech/projects/clemens33/ae-rust/target/release/ae list --needs-attn --json
2026-08-24T14:25:38Z	child	rc=-1	/Users/ckriech/projects/clemens33/ae-rust/target/release/ae list --active	cwd=/Users/ckriech/projects/clemens33/ae-rust/docs/migration/evidence/phase4-run/scratch/0620/home
2026-08-24T14:25:39Z	child	rc=0	/Users/ckriech/projects/clemens33/ae-rust/target/release/ae list --active
2026-08-24T14:25:39Z	child	rc=-1	/Users/ckriech/projects/clemens33/ae-rust/target/release/ae list --active --json	cwd=/Users/ckriech/projects/clemens33/ae-rust/docs/migration/evidence/phase4-run/scratch/0621/home
2026-08-24T14:25:39Z	child	rc=0	/Users/ckriech/projects/clemens33/ae-rust/target/release/ae list --active --json
2026-08-24T14:25:39Z	child	rc=-1	/Users/ckriech/projects/clemens33/ae-rust/target/release/ae list	cwd=/Users/ckriech/projects/clemens33/ae-rust/docs/migration/evidence/phase4-run/scratch/0623/home
2026-08-24T14:25:39Z	child	rc=0	/Users/ckriech/projects/clemens33/ae-rust/target/release/ae list
2026-08-24T14:25:39Z	child	rc=-1	/Users/ckriech/projects/clemens33/ae-rust/target/release/ae list --json	cwd=/Users/ckriech/projects/clemens33/ae-rust/docs/migration/evidence/phase4-run/scratch/0624/home
2026-08-24T14:25:39Z	child	rc=0	/Users/ckriech/projects/clemens33/ae-rust/target/release/ae list --json
2026-08-24T14:25:39Z	child	rc=-1	/Users/ckriech/projects/clemens33/ae-rust/target/release/ae list --all --json	cwd=/Users/ckriech/projects/clemens33/ae-rust/docs/migration/evidence/phase4-run/scratch/0625/home
2026-08-24T14:25:39Z	child	rc=0	/Users/ckriech/projects/clemens33/ae-rust/target/release/ae list --all --json
2026-08-24T14:25:39Z	child	rc=-1	/Users/ckriech/projects/clemens33/ae-rust/target/release/ae list --needs-attn	cwd=/Users/ckriech/projects/clemens33/ae-rust/docs/migration/evidence/phase4-run/scratch/0626/home
2026-08-24T14:25:39Z	child	rc=0	/Users/ckriech/projects/clemens33/ae-rust/target/release/ae list --needs-attn
2026-08-24T14:25:39Z	child	rc=-1	/Users/ckriech/projects/clemens33/ae-rust/target/release/ae list --needs-attn --json	cwd=/Users/ckriech/projects/clemens33/ae-rust/docs/migration/evidence/phase4-run/scratch/0627/home
2026-08-24T14:25:39Z	child	rc=0	/Users/ckriech/projects/clemens33/ae-rust/target/release/ae list --needs-attn --json
2026-08-24T14:25:39Z	child	rc=-1	/Users/ckriech/projects/clemens33/ae-rust/target/release/ae list --active	cwd=/Users/ckriech/projects/clemens33/ae-rust/docs/migration/evidence/phase4-run/scratch/0628/home
2026-08-24T14:25:39Z	child	rc=0	/Users/ckriech/projects/clemens33/ae-rust/target/release/ae list --active
2026-08-24T14:25:39Z	child	rc=-1	/Users/ckriech/projects/clemens33/ae-rust/target/release/ae list --active --json	cwd=/Users/ckriech/projects/clemens33/ae-rust/docs/migration/evidence/phase4-run/scratch/0629/home
2026-08-24T14:25:39Z	child	rc=0	/Users/ckriech/projects/clemens33/ae-rust/target/release/ae list --active --json
2026-08-24T14:25:39Z	child	rc=-1	/Users/ckriech/projects/clemens33/ae-rust/target/release/ae list	cwd=/Users/ckriech/projects/clemens33/ae-rust/docs/migration/evidence/phase4-run/scratch/0631/home
2026-08-24T14:25:39Z	child	rc=0	/Users/ckriech/projects/clemens33/ae-rust/target/release/ae list
2026-08-24T14:25:39Z	child	rc=-1	/Users/ckriech/projects/clemens33/ae-rust/target/release/ae list --json	cwd=/Users/ckriech/projects/clemens33/ae-rust/docs/migration/evidence/phase4-run/scratch/0632/home
2026-08-24T14:25:39Z	child	rc=0	/Users/ckriech/projects/clemens33/ae-rust/target/release/ae list --json
2026-08-24T14:25:39Z	child	rc=-1	/Users/ckriech/projects/clemens33/ae-rust/target/release/ae list --all --json	cwd=/Users/ckriech/projects/clemens33/ae-rust/docs/migration/evidence/phase4-run/scratch/0633/home
2026-08-24T14:25:39Z	child	rc=0	/Users/ckriech/projects/clemens33/ae-rust/target/release/ae list --all --json
2026-08-24T14:25:39Z	child	rc=-1	/Users/ckriech/projects/clemens33/ae-rust/target/release/ae list --needs-attn	cwd=/Users/ckriech/projects/clemens33/ae-rust/docs/migration/evidence/phase4-run/scratch/0634/home
2026-08-24T14:25:39Z	child	rc=0	/Users/ckriech/projects/clemens33/ae-rust/target/release/ae list --needs-attn
2026-08-24T14:25:39Z	child	rc=-1	/Users/ckriech/projects/clemens33/ae-rust/target/release/ae list --needs-attn --json	cwd=/Users/ckriech/projects/clemens33/ae-rust/docs/migration/evidence/phase4-run/scratch/0635/home
2026-08-24T14:25:39Z	child	rc=0	/Users/ckriech/projects/clemens33/ae-rust/target/release/ae list --needs-attn --json
2026-08-24T14:25:39Z	child	rc=-1	/Users/ckriech/projects/clemens33/ae-rust/target/release/ae list --active	cwd=/Users/ckriech/projects/clemens33/ae-rust/docs/migration/evidence/phase4-run/scratch/0636/home
2026-08-24T14:25:39Z	child	rc=0	/Users/ckriech/projects/clemens33/ae-rust/target/release/ae list --active
2026-08-24T14:25:39Z	child	rc=-1	/Users/ckriech/projects/clemens33/ae-rust/target/release/ae list --active --json	cwd=/Users/ckriech/projects/clemens33/ae-rust/docs/migration/evidence/phase4-run/scratch/0637/home
2026-08-24T14:25:39Z	child	rc=0	/Users/ckriech/projects/clemens33/ae-rust/target/release/ae list --active --json
2026-08-24T14:25:39Z	child	rc=-1	/Users/ckriech/projects/clemens33/ae-rust/target/release/ae list	cwd=/Users/ckriech/projects/clemens33/ae-rust/docs/migration/evidence/phase4-run/scratch/0639/home
2026-08-24T14:25:39Z	child	rc=0	/Users/ckriech/projects/clemens33/ae-rust/target/release/ae list
2026-08-24T14:25:39Z	child	rc=-1	/Users/ckriech/projects/clemens33/ae-rust/target/release/ae list --json	cwd=/Users/ckriech/projects/clemens33/ae-rust/docs/migration/evidence/phase4-run/scratch/0640/home
2026-08-24T14:25:39Z	child	rc=0	/Users/ckriech/projects/clemens33/ae-rust/target/release/ae list --json
2026-08-24T14:25:39Z	child	rc=-1	/Users/ckriech/projects/clemens33/ae-rust/target/release/ae list --all --json	cwd=/Users/ckriech/projects/clemens33/ae-rust/docs/migration/evidence/phase4-run/scratch/0641/home
2026-08-24T14:25:39Z	child	rc=0	/Users/ckriech/projects/clemens33/ae-rust/target/release/ae list --all --json
2026-08-24T14:25:39Z	child	rc=-1	/Users/ckriech/projects/clemens33/ae-rust/target/release/ae list --needs-attn	cwd=/Users/ckriech/projects/clemens33/ae-rust/docs/migration/evidence/phase4-run/scratch/0642/home
2026-08-24T14:25:39Z	child	rc=0	/Users/ckriech/projects/clemens33/ae-rust/target/release/ae list --needs-attn
2026-08-24T14:25:39Z	child	rc=-1	/Users/ckriech/projects/clemens33/ae-rust/target/release/ae list --needs-attn --json	cwd=/Users/ckriech/projects/clemens33/ae-rust/docs/migration/evidence/phase4-run/scratch/0643/home
2026-08-24T14:25:39Z	child	rc=0	/Users/ckriech/projects/clemens33/ae-rust/target/release/ae list --needs-attn --json
2026-08-24T14:25:39Z	child	rc=-1	/Users/ckriech/projects/clemens33/ae-rust/target/release/ae list --active	cwd=/Users/ckriech/projects/clemens33/ae-rust/docs/migration/evidence/phase4-run/scratch/0644/home
2026-08-24T14:25:39Z	child	rc=0	/Users/ckriech/projects/clemens33/ae-rust/target/release/ae list --active
2026-08-24T14:25:39Z	child	rc=-1	/Users/ckriech/projects/clemens33/ae-rust/target/release/ae list --active --json	cwd=/Users/ckriech/projects/clemens33/ae-rust/docs/migration/evidence/phase4-run/scratch/0645/home
2026-08-24T14:25:39Z	child	rc=0	/Users/ckriech/projects/clemens33/ae-rust/target/release/ae list --active --json
2026-08-24T14:25:39Z	child	rc=-1	/Users/ckriech/projects/clemens33/ae-rust/target/release/ae list	cwd=/Users/ckriech/projects/clemens33/ae-rust/docs/migration/evidence/phase4-run/scratch/0647/home
2026-08-24T14:25:39Z	child	rc=0	/Users/ckriech/projects/clemens33/ae-rust/target/release/ae list
2026-08-24T14:25:39Z	child	rc=-1	/Users/ckriech/projects/clemens33/ae-rust/target/release/ae list --json	cwd=/Users/ckriech/projects/clemens33/ae-rust/docs/migration/evidence/phase4-run/scratch/0648/home
2026-08-24T14:25:39Z	child	rc=0	/Users/ckriech/projects/clemens33/ae-rust/target/release/ae list --json
2026-08-24T14:25:39Z	child	rc=-1	/Users/ckriech/projects/clemens33/ae-rust/target/release/ae list --all --json	cwd=/Users/ckriech/projects/clemens33/ae-rust/docs/migration/evidence/phase4-run/scratch/0649/home
2026-08-24T14:25:39Z	child	rc=0	/Users/ckriech/projects/clemens33/ae-rust/target/release/ae list --all --json
2026-08-24T14:25:39Z	child	rc=-1	/Users/ckriech/projects/clemens33/ae-rust/target/release/ae list --needs-attn	cwd=/Users/ckriech/projects/clemens33/ae-rust/docs/migration/evidence/phase4-run/scratch/0650/home
2026-08-24T14:25:39Z	child	rc=0	/Users/ckriech/projects/clemens33/ae-rust/target/release/ae list --needs-attn
2026-08-24T14:25:39Z	child	rc=-1	/Users/ckriech/projects/clemens33/ae-rust/target/release/ae list --needs-attn --json	cwd=/Users/ckriech/projects/clemens33/ae-rust/docs/migration/evidence/phase4-run/scratch/0651/home
2026-08-24T14:25:39Z	child	rc=0	/Users/ckriech/projects/clemens33/ae-rust/target/release/ae list --needs-attn --json
2026-08-24T14:25:39Z	child	rc=-1	/Users/ckriech/projects/clemens33/ae-rust/target/release/ae list --active	cwd=/Users/ckriech/projects/clemens33/ae-rust/docs/migration/evidence/phase4-run/scratch/0652/home
2026-08-24T14:25:39Z	child	rc=0	/Users/ckriech/projects/clemens33/ae-rust/target/release/ae list --active
2026-08-24T14:25:39Z	child	rc=-1	/Users/ckriech/projects/clemens33/ae-rust/target/release/ae list --active --json	cwd=/Users/ckriech/projects/clemens33/ae-rust/docs/migration/evidence/phase4-run/scratch/0653/home
2026-08-24T14:25:39Z	child	rc=0	/Users/ckriech/projects/clemens33/ae-rust/target/release/ae list --active --json
2026-08-24T14:25:39Z	child	rc=-1	/Users/ckriech/projects/clemens33/ae-rust/target/release/ae list	cwd=/Users/ckriech/projects/clemens33/ae-rust/docs/migration/evidence/phase4-run/scratch/0655/home
2026-08-24T14:25:39Z	child	rc=0	/Users/ckriech/projects/clemens33/ae-rust/target/release/ae list
2026-08-24T14:25:39Z	child	rc=-1	/Users/ckriech/projects/clemens33/ae-rust/target/release/ae list --json	cwd=/Users/ckriech/projects/clemens33/ae-rust/docs/migration/evidence/phase4-run/scratch/0656/home
2026-08-24T14:25:39Z	child	rc=0	/Users/ckriech/projects/clemens33/ae-rust/target/release/ae list --json
2026-08-24T14:25:39Z	child	rc=-1	/Users/ckriech/projects/clemens33/ae-rust/target/release/ae list --all --json	cwd=/Users/ckriech/projects/clemens33/ae-rust/docs/migration/evidence/phase4-run/scratch/0657/home
2026-08-24T14:25:39Z	child	rc=0	/Users/ckriech/projects/clemens33/ae-rust/target/release/ae list --all --json
2026-08-24T14:25:39Z	child	rc=-1	/Users/ckriech/projects/clemens33/ae-rust/target/release/ae list --needs-attn	cwd=/Users/ckriech/projects/clemens33/ae-rust/docs/migration/evidence/phase4-run/scratch/0658/home
2026-08-24T14:25:39Z	child	rc=0	/Users/ckriech/projects/clemens33/ae-rust/target/release/ae list --needs-attn
2026-08-24T14:25:39Z	child	rc=-1	/Users/ckriech/projects/clemens33/ae-rust/target/release/ae list --needs-attn --json	cwd=/Users/ckriech/projects/clemens33/ae-rust/docs/migration/evidence/phase4-run/scratch/0659/home
2026-08-24T14:25:39Z	child	rc=0	/Users/ckriech/projects/clemens33/ae-rust/target/release/ae list --needs-attn --json
2026-08-24T14:25:39Z	child	rc=-1	/Users/ckriech/projects/clemens33/ae-rust/target/release/ae list --active	cwd=/Users/ckriech/projects/clemens33/ae-rust/docs/migration/evidence/phase4-run/scratch/0660/home
2026-08-24T14:25:39Z	child	rc=0	/Users/ckriech/projects/clemens33/ae-rust/target/release/ae list --active
2026-08-24T14:25:39Z	child	rc=-1	/Users/ckriech/projects/clemens33/ae-rust/target/release/ae list --active --json	cwd=/Users/ckriech/projects/clemens33/ae-rust/docs/migration/evidence/phase4-run/scratch/0661/home
2026-08-24T14:25:39Z	child	rc=0	/Users/ckriech/projects/clemens33/ae-rust/target/release/ae list --active --json
2026-08-24T14:25:39Z	child	rc=-1	/Users/ckriech/projects/clemens33/ae-rust/target/release/ae list	cwd=/Users/ckriech/projects/clemens33/ae-rust/docs/migration/evidence/phase4-run/scratch/0663/home
2026-08-24T14:25:39Z	child	rc=0	/Users/ckriech/projects/clemens33/ae-rust/target/release/ae list
2026-08-24T14:25:39Z	child	rc=-1	/Users/ckriech/projects/clemens33/ae-rust/target/release/ae list --json	cwd=/Users/ckriech/projects/clemens33/ae-rust/docs/migration/evidence/phase4-run/scratch/0664/home
2026-08-24T14:25:39Z	child	rc=0	/Users/ckriech/projects/clemens33/ae-rust/target/release/ae list --json
2026-08-24T14:25:39Z	child	rc=-1	/Users/ckriech/projects/clemens33/ae-rust/target/release/ae list --all --json	cwd=/Users/ckriech/projects/clemens33/ae-rust/docs/migration/evidence/phase4-run/scratch/0665/home
2026-08-24T14:25:39Z	child	rc=0	/Users/ckriech/projects/clemens33/ae-rust/target/release/ae list --all --json
2026-08-24T14:25:39Z	child	rc=-1	/Users/ckriech/projects/clemens33/ae-rust/target/release/ae list --needs-attn	cwd=/Users/ckriech/projects/clemens33/ae-rust/docs/migration/evidence/phase4-run/scratch/0666/home
2026-08-24T14:25:39Z	child	rc=0	/Users/ckriech/projects/clemens33/ae-rust/target/release/ae list --needs-attn
2026-08-24T14:25:39Z	child	rc=-1	/Users/ckriech/projects/clemens33/ae-rust/target/release/ae list --needs-attn --json	cwd=/Users/ckriech/projects/clemens33/ae-rust/docs/migration/evidence/phase4-run/scratch/0667/home
2026-08-24T14:25:39Z	child	rc=0	/Users/ckriech/projects/clemens33/ae-rust/target/release/ae list --needs-attn --json
2026-08-24T14:25:39Z	child	rc=-1	/Users/ckriech/projects/clemens33/ae-rust/target/release/ae list --active	cwd=/Users/ckriech/projects/clemens33/ae-rust/docs/migration/evidence/phase4-run/scratch/0668/home
2026-08-24T14:25:39Z	child	rc=0	/Users/ckriech/projects/clemens33/ae-rust/target/release/ae list --active
2026-08-24T14:25:39Z	child	rc=-1	/Users/ckriech/projects/clemens33/ae-rust/target/release/ae list --active --json	cwd=/Users/ckriech/projects/clemens33/ae-rust/docs/migration/evidence/phase4-run/scratch/0669/home
2026-08-24T14:25:39Z	child	rc=0	/Users/ckriech/projects/clemens33/ae-rust/target/release/ae list --active --json
2026-08-24T14:25:39Z	child	rc=-1	/Users/ckriech/projects/clemens33/ae-rust/target/release/ae list	cwd=/Users/ckriech/projects/clemens33/ae-rust/docs/migration/evidence/phase4-run/scratch/0671/home
2026-08-24T14:25:39Z	child	rc=0	/Users/ckriech/projects/clemens33/ae-rust/target/release/ae list
2026-08-24T14:25:39Z	child	rc=-1	/Users/ckriech/projects/clemens33/ae-rust/target/release/ae list --json	cwd=/Users/ckriech/projects/clemens33/ae-rust/docs/migration/evidence/phase4-run/scratch/0672/home
2026-08-24T14:25:39Z	child	rc=0	/Users/ckriech/projects/clemens33/ae-rust/target/release/ae list --json
2026-08-24T14:25:39Z	child	rc=-1	/Users/ckriech/projects/clemens33/ae-rust/target/release/ae list --all --json	cwd=/Users/ckriech/projects/clemens33/ae-rust/docs/migration/evidence/phase4-run/scratch/0673/home
2026-08-24T14:25:39Z	child	rc=0	/Users/ckriech/projects/clemens33/ae-rust/target/release/ae list --all --json
2026-08-24T14:25:39Z	child	rc=-1	/Users/ckriech/projects/clemens33/ae-rust/target/release/ae list --needs-attn	cwd=/Users/ckriech/projects/clemens33/ae-rust/docs/migration/evidence/phase4-run/scratch/0674/home
2026-08-24T14:25:39Z	child	rc=0	/Users/ckriech/projects/clemens33/ae-rust/target/release/ae list --needs-attn
2026-08-24T14:25:39Z	child	rc=-1	/Users/ckriech/projects/clemens33/ae-rust/target/release/ae list --needs-attn --json	cwd=/Users/ckriech/projects/clemens33/ae-rust/docs/migration/evidence/phase4-run/scratch/0675/home
2026-08-24T14:25:39Z	child	rc=0	/Users/ckriech/projects/clemens33/ae-rust/target/release/ae list --needs-attn --json
2026-08-24T14:25:39Z	child	rc=-1	/Users/ckriech/projects/clemens33/ae-rust/target/release/ae list --active	cwd=/Users/ckriech/projects/clemens33/ae-rust/docs/migration/evidence/phase4-run/scratch/0676/home
2026-08-24T14:25:39Z	child	rc=0	/Users/ckriech/projects/clemens33/ae-rust/target/release/ae list --active
2026-08-24T14:25:39Z	child	rc=-1	/Users/ckriech/projects/clemens33/ae-rust/target/release/ae list --active --json	cwd=/Users/ckriech/projects/clemens33/ae-rust/docs/migration/evidence/phase4-run/scratch/0677/home
2026-08-24T14:25:39Z	child	rc=0	/Users/ckriech/projects/clemens33/ae-rust/target/release/ae list --active --json
2026-08-24T14:25:39Z	child	rc=-1	/Users/ckriech/projects/clemens33/ae-rust/target/release/ae list	cwd=/Users/ckriech/projects/clemens33/ae-rust/docs/migration/evidence/phase4-run/scratch/0679/home
2026-08-24T14:25:39Z	child	rc=0	/Users/ckriech/projects/clemens33/ae-rust/target/release/ae list
2026-08-24T14:25:39Z	child	rc=-1	/Users/ckriech/projects/clemens33/ae-rust/target/release/ae list --json	cwd=/Users/ckriech/projects/clemens33/ae-rust/docs/migration/evidence/phase4-run/scratch/0680/home
2026-08-24T14:25:39Z	child	rc=0	/Users/ckriech/projects/clemens33/ae-rust/target/release/ae list --json
2026-08-24T14:25:39Z	child	rc=-1	/Users/ckriech/projects/clemens33/ae-rust/target/release/ae list --all --json	cwd=/Users/ckriech/projects/clemens33/ae-rust/docs/migration/evidence/phase4-run/scratch/0681/home
2026-08-24T14:25:39Z	child	rc=0	/Users/ckriech/projects/clemens33/ae-rust/target/release/ae list --all --json
2026-08-24T14:25:39Z	child	rc=-1	/Users/ckriech/projects/clemens33/ae-rust/target/release/ae list --needs-attn	cwd=/Users/ckriech/projects/clemens33/ae-rust/docs/migration/evidence/phase4-run/scratch/0682/home
2026-08-24T14:25:39Z	child	rc=0	/Users/ckriech/projects/clemens33/ae-rust/target/release/ae list --needs-attn
2026-08-24T14:25:39Z	child	rc=-1	/Users/ckriech/projects/clemens33/ae-rust/target/release/ae list --needs-attn --json	cwd=/Users/ckriech/projects/clemens33/ae-rust/docs/migration/evidence/phase4-run/scratch/0683/home
2026-08-24T14:25:39Z	child	rc=0	/Users/ckriech/projects/clemens33/ae-rust/target/release/ae list --needs-attn --json
2026-08-24T14:25:39Z	child	rc=-1	/Users/ckriech/projects/clemens33/ae-rust/target/release/ae list --active	cwd=/Users/ckriech/projects/clemens33/ae-rust/docs/migration/evidence/phase4-run/scratch/0684/home
2026-08-24T14:25:39Z	child	rc=0	/Users/ckriech/projects/clemens33/ae-rust/target/release/ae list --active
2026-08-24T14:25:39Z	child	rc=-1	/Users/ckriech/projects/clemens33/ae-rust/target/release/ae list --active --json	cwd=/Users/ckriech/projects/clemens33/ae-rust/docs/migration/evidence/phase4-run/scratch/0685/home
2026-08-24T14:25:39Z	child	rc=0	/Users/ckriech/projects/clemens33/ae-rust/target/release/ae list --active --json
2026-08-24T14:25:39Z	child	rc=-1	/Users/ckriech/projects/clemens33/ae-rust/target/release/ae list	cwd=/Users/ckriech/projects/clemens33/ae-rust/docs/migration/evidence/phase4-run/scratch/0687/home
2026-08-24T14:25:39Z	child	rc=0	/Users/ckriech/projects/clemens33/ae-rust/target/release/ae list
2026-08-24T14:25:39Z	child	rc=-1	/Users/ckriech/projects/clemens33/ae-rust/target/release/ae list --json	cwd=/Users/ckriech/projects/clemens33/ae-rust/docs/migration/evidence/phase4-run/scratch/0688/home
2026-08-24T14:25:40Z	child	rc=0	/Users/ckriech/projects/clemens33/ae-rust/target/release/ae list --json
2026-08-24T14:25:40Z	child	rc=-1	/Users/ckriech/projects/clemens33/ae-rust/target/release/ae list --all --json	cwd=/Users/ckriech/projects/clemens33/ae-rust/docs/migration/evidence/phase4-run/scratch/0689/home
2026-08-24T14:25:40Z	child	rc=0	/Users/ckriech/projects/clemens33/ae-rust/target/release/ae list --all --json
2026-08-24T14:25:40Z	child	rc=-1	/Users/ckriech/projects/clemens33/ae-rust/target/release/ae list --needs-attn	cwd=/Users/ckriech/projects/clemens33/ae-rust/docs/migration/evidence/phase4-run/scratch/0690/home
2026-08-24T14:25:40Z	child	rc=0	/Users/ckriech/projects/clemens33/ae-rust/target/release/ae list --needs-attn
2026-08-24T14:25:40Z	child	rc=-1	/Users/ckriech/projects/clemens33/ae-rust/target/release/ae list --needs-attn --json	cwd=/Users/ckriech/projects/clemens33/ae-rust/docs/migration/evidence/phase4-run/scratch/0691/home
2026-08-24T14:25:40Z	child	rc=0	/Users/ckriech/projects/clemens33/ae-rust/target/release/ae list --needs-attn --json
2026-08-24T14:25:40Z	child	rc=-1	/Users/ckriech/projects/clemens33/ae-rust/target/release/ae list --active	cwd=/Users/ckriech/projects/clemens33/ae-rust/docs/migration/evidence/phase4-run/scratch/0692/home
2026-08-24T14:25:40Z	child	rc=0	/Users/ckriech/projects/clemens33/ae-rust/target/release/ae list --active
2026-08-24T14:25:40Z	child	rc=-1	/Users/ckriech/projects/clemens33/ae-rust/target/release/ae list --active --json	cwd=/Users/ckriech/projects/clemens33/ae-rust/docs/migration/evidence/phase4-run/scratch/0693/home
2026-08-24T14:25:40Z	child	rc=0	/Users/ckriech/projects/clemens33/ae-rust/target/release/ae list --active --json
2026-08-24T14:25:40Z	child	rc=-1	/Users/ckriech/projects/clemens33/ae-rust/target/release/ae list	cwd=/Users/ckriech/projects/clemens33/ae-rust/docs/migration/evidence/phase4-run/scratch/0695/home
2026-08-24T14:25:40Z	child	rc=0	/Users/ckriech/projects/clemens33/ae-rust/target/release/ae list
2026-08-24T14:25:40Z	child	rc=-1	/Users/ckriech/projects/clemens33/ae-rust/target/release/ae list --json	cwd=/Users/ckriech/projects/clemens33/ae-rust/docs/migration/evidence/phase4-run/scratch/0696/home
2026-08-24T14:25:40Z	child	rc=0	/Users/ckriech/projects/clemens33/ae-rust/target/release/ae list --json
2026-08-24T14:25:40Z	child	rc=-1	/Users/ckriech/projects/clemens33/ae-rust/target/release/ae list --all --json	cwd=/Users/ckriech/projects/clemens33/ae-rust/docs/migration/evidence/phase4-run/scratch/0697/home
2026-08-24T14:25:40Z	child	rc=0	/Users/ckriech/projects/clemens33/ae-rust/target/release/ae list --all --json
2026-08-24T14:25:40Z	child	rc=-1	/Users/ckriech/projects/clemens33/ae-rust/target/release/ae list --needs-attn	cwd=/Users/ckriech/projects/clemens33/ae-rust/docs/migration/evidence/phase4-run/scratch/0698/home
2026-08-24T14:25:40Z	child	rc=0	/Users/ckriech/projects/clemens33/ae-rust/target/release/ae list --needs-attn
2026-08-24T14:25:40Z	child	rc=-1	/Users/ckriech/projects/clemens33/ae-rust/target/release/ae list --needs-attn --json	cwd=/Users/ckriech/projects/clemens33/ae-rust/docs/migration/evidence/phase4-run/scratch/0699/home
2026-08-24T14:25:40Z	child	rc=0	/Users/ckriech/projects/clemens33/ae-rust/target/release/ae list --needs-attn --json
2026-08-24T14:25:40Z	child	rc=-1	/Users/ckriech/projects/clemens33/ae-rust/target/release/ae list --active	cwd=/Users/ckriech/projects/clemens33/ae-rust/docs/migration/evidence/phase4-run/scratch/0700/home
2026-08-24T14:25:40Z	child	rc=0	/Users/ckriech/projects/clemens33/ae-rust/target/release/ae list --active
2026-08-24T14:25:40Z	child	rc=-1	/Users/ckriech/projects/clemens33/ae-rust/target/release/ae list --active --json	cwd=/Users/ckriech/projects/clemens33/ae-rust/docs/migration/evidence/phase4-run/scratch/0701/home
2026-08-24T14:25:40Z	child	rc=0	/Users/ckriech/projects/clemens33/ae-rust/target/release/ae list --active --json
2026-08-24T14:25:40Z	child	rc=-1	/Users/ckriech/projects/clemens33/ae-rust/target/release/ae list	cwd=/Users/ckriech/projects/clemens33/ae-rust/docs/migration/evidence/phase4-run/scratch/0703/home
2026-08-24T14:25:40Z	child	rc=0	/Users/ckriech/projects/clemens33/ae-rust/target/release/ae list
2026-08-24T14:25:40Z	child	rc=-1	/Users/ckriech/projects/clemens33/ae-rust/target/release/ae list --json	cwd=/Users/ckriech/projects/clemens33/ae-rust/docs/migration/evidence/phase4-run/scratch/0704/home
2026-08-24T14:25:40Z	child	rc=0	/Users/ckriech/projects/clemens33/ae-rust/target/release/ae list --json
2026-08-24T14:25:40Z	child	rc=-1	/Users/ckriech/projects/clemens33/ae-rust/target/release/ae list --all --json	cwd=/Users/ckriech/projects/clemens33/ae-rust/docs/migration/evidence/phase4-run/scratch/0705/home
2026-08-24T14:25:40Z	child	rc=0	/Users/ckriech/projects/clemens33/ae-rust/target/release/ae list --all --json
2026-08-24T14:25:40Z	child	rc=-1	/Users/ckriech/projects/clemens33/ae-rust/target/release/ae list --needs-attn	cwd=/Users/ckriech/projects/clemens33/ae-rust/docs/migration/evidence/phase4-run/scratch/0706/home
2026-08-24T14:25:40Z	child	rc=0	/Users/ckriech/projects/clemens33/ae-rust/target/release/ae list --needs-attn
2026-08-24T14:25:40Z	child	rc=-1	/Users/ckriech/projects/clemens33/ae-rust/target/release/ae list --needs-attn --json	cwd=/Users/ckriech/projects/clemens33/ae-rust/docs/migration/evidence/phase4-run/scratch/0707/home
2026-08-24T14:25:40Z	child	rc=0	/Users/ckriech/projects/clemens33/ae-rust/target/release/ae list --needs-attn --json
2026-08-24T14:25:40Z	child	rc=-1	/Users/ckriech/projects/clemens33/ae-rust/target/release/ae list --active	cwd=/Users/ckriech/projects/clemens33/ae-rust/docs/migration/evidence/phase4-run/scratch/0708/home
2026-08-24T14:25:40Z	child	rc=0	/Users/ckriech/projects/clemens33/ae-rust/target/release/ae list --active
2026-08-24T14:25:40Z	child	rc=-1	/Users/ckriech/projects/clemens33/ae-rust/target/release/ae list --active --json	cwd=/Users/ckriech/projects/clemens33/ae-rust/docs/migration/evidence/phase4-run/scratch/0709/home
2026-08-24T14:25:40Z	child	rc=0	/Users/ckriech/projects/clemens33/ae-rust/target/release/ae list --active --json
2026-08-24T14:25:40Z	child	rc=-1	/Users/ckriech/projects/clemens33/ae-rust/target/release/ae list	cwd=/Users/ckriech/projects/clemens33/ae-rust/docs/migration/evidence/phase4-run/scratch/0711/home
2026-08-24T14:25:40Z	child	rc=0	/Users/ckriech/projects/clemens33/ae-rust/target/release/ae list
2026-08-24T14:25:40Z	child	rc=-1	/Users/ckriech/projects/clemens33/ae-rust/target/release/ae list --json	cwd=/Users/ckriech/projects/clemens33/ae-rust/docs/migration/evidence/phase4-run/scratch/0712/home
2026-08-24T14:25:40Z	child	rc=0	/Users/ckriech/projects/clemens33/ae-rust/target/release/ae list --json
2026-08-24T14:25:40Z	child	rc=-1	/Users/ckriech/projects/clemens33/ae-rust/target/release/ae list --all --json	cwd=/Users/ckriech/projects/clemens33/ae-rust/docs/migration/evidence/phase4-run/scratch/0713/home
2026-08-24T14:25:40Z	child	rc=0	/Users/ckriech/projects/clemens33/ae-rust/target/release/ae list --all --json
2026-08-24T14:25:40Z	child	rc=-1	/Users/ckriech/projects/clemens33/ae-rust/target/release/ae list --needs-attn	cwd=/Users/ckriech/projects/clemens33/ae-rust/docs/migration/evidence/phase4-run/scratch/0714/home
2026-08-24T14:25:40Z	child	rc=0	/Users/ckriech/projects/clemens33/ae-rust/target/release/ae list --needs-attn
2026-08-24T14:25:40Z	child	rc=-1	/Users/ckriech/projects/clemens33/ae-rust/target/release/ae list --needs-attn --json	cwd=/Users/ckriech/projects/clemens33/ae-rust/docs/migration/evidence/phase4-run/scratch/0715/home
2026-08-24T14:25:40Z	child	rc=0	/Users/ckriech/projects/clemens33/ae-rust/target/release/ae list --needs-attn --json
2026-08-24T14:25:40Z	child	rc=-1	/Users/ckriech/projects/clemens33/ae-rust/target/release/ae list --active	cwd=/Users/ckriech/projects/clemens33/ae-rust/docs/migration/evidence/phase4-run/scratch/0716/home
2026-08-24T14:25:40Z	child	rc=0	/Users/ckriech/projects/clemens33/ae-rust/target/release/ae list --active
2026-08-24T14:25:40Z	child	rc=-1	/Users/ckriech/projects/clemens33/ae-rust/target/release/ae list --active --json	cwd=/Users/ckriech/projects/clemens33/ae-rust/docs/migration/evidence/phase4-run/scratch/0717/home
2026-08-24T14:25:40Z	child	rc=0	/Users/ckriech/projects/clemens33/ae-rust/target/release/ae list --active --json
2026-08-24T14:25:40Z	child	rc=-1	/Users/ckriech/projects/clemens33/ae-rust/target/release/ae list --needs-attn --json	cwd=/Users/ckriech/projects/clemens33/ae-rust/docs/migration/evidence/phase4-run/scratch/0723/home
2026-08-24T14:25:40Z	child	rc=0	/Users/ckriech/projects/clemens33/ae-rust/target/release/ae list --needs-attn --json
2026-08-24T14:25:40Z	child	rc=-1	/Users/ckriech/projects/clemens33/ae-rust/target/release/ae list --needs-attn --json	cwd=/Users/ckriech/projects/clemens33/ae-rust/docs/migration/evidence/phase4-run/scratch/0724/home
2026-08-24T14:25:40Z	child	rc=0	/Users/ckriech/projects/clemens33/ae-rust/target/release/ae list --needs-attn --json
2026-08-24T14:25:40Z	child	rc=-1	/Users/ckriech/projects/clemens33/ae-rust/target/release/ae list --json	cwd=/Users/ckriech/projects/clemens33/ae-rust/docs/migration/evidence/phase4-run/scratch/0728/home
2026-08-24T14:25:40Z	child	rc=0	/Users/ckriech/projects/clemens33/ae-rust/target/release/ae list --json
2026-08-24T14:25:40Z	child	rc=-1	/Users/ckriech/projects/clemens33/ae-rust/target/release/ae list --json	cwd=/Users/ckriech/projects/clemens33/ae-rust/docs/migration/evidence/phase4-run/scratch/0732/home
2026-08-24T14:25:40Z	child	rc=0	/Users/ckriech/projects/clemens33/ae-rust/target/release/ae list --json
2026-08-24T14:25:40Z	child	rc=-1	/Users/ckriech/projects/clemens33/ae-rust/target/release/ae list --json	cwd=/Users/ckriech/projects/clemens33/ae-rust/docs/migration/evidence/phase4-run/scratch/0736/home
2026-08-24T14:25:40Z	child	rc=0	/Users/ckriech/projects/clemens33/ae-rust/target/release/ae list --json
2026-08-24T14:25:40Z	child	rc=-1	/Users/ckriech/projects/clemens33/ae-rust/target/release/ae list --json	cwd=/Users/ckriech/projects/clemens33/ae-rust/docs/migration/evidence/phase4-run/scratch/0740/home
2026-08-24T14:25:40Z	child	rc=0	/Users/ckriech/projects/clemens33/ae-rust/target/release/ae list --json
2026-08-24T14:25:40Z	child	rc=-1	/Users/ckriech/projects/clemens33/ae-rust/target/release/ae list --json	cwd=/Users/ckriech/projects/clemens33/ae-rust/docs/migration/evidence/phase4-run/scratch/0744/home
2026-08-24T14:25:40Z	child	rc=0	/Users/ckriech/projects/clemens33/ae-rust/target/release/ae list --json
2026-08-24T14:25:40Z	child	rc=-1	/Users/ckriech/projects/clemens33/ae-rust/target/release/ae list --json	cwd=/Users/ckriech/projects/clemens33/ae-rust/docs/migration/evidence/phase4-run/scratch/0748/home
2026-08-24T14:25:40Z	child	rc=0	/Users/ckriech/projects/clemens33/ae-rust/target/release/ae list --json
2026-08-24T14:25:40Z	child	rc=-1	/Users/ckriech/projects/clemens33/ae-rust/target/release/ae list --json	cwd=/Users/ckriech/projects/clemens33/ae-rust/docs/migration/evidence/phase4-run/scratch/0752/home
2026-08-24T14:25:40Z	child	rc=0	/Users/ckriech/projects/clemens33/ae-rust/target/release/ae list --json
2026-08-24T14:25:40Z	child	rc=-1	/Users/ckriech/projects/clemens33/ae-rust/target/release/ae list --json	cwd=/Users/ckriech/projects/clemens33/ae-rust/docs/migration/evidence/phase4-run/scratch/0756/home
2026-08-24T14:25:40Z	child	rc=0	/Users/ckriech/projects/clemens33/ae-rust/target/release/ae list --json
2026-08-24T14:25:40Z	child	rc=-1	/Users/ckriech/projects/clemens33/ae-rust/target/release/ae list --json	cwd=/Users/ckriech/projects/clemens33/ae-rust/docs/migration/evidence/phase4-run/scratch/0760/home
2026-08-24T14:25:40Z	child	rc=0	/Users/ckriech/projects/clemens33/ae-rust/target/release/ae list --json
2026-08-24T14:25:40Z	child	rc=-1	/Users/ckriech/projects/clemens33/ae-rust/target/release/ae list --json	cwd=/Users/ckriech/projects/clemens33/ae-rust/docs/migration/evidence/phase4-run/scratch/0764/home
2026-08-24T14:25:40Z	child	rc=0	/Users/ckriech/projects/clemens33/ae-rust/target/release/ae list --json
2026-08-24T14:25:40Z	child	rc=-1	/Users/ckriech/projects/clemens33/ae-rust/target/release/ae list --json	cwd=/Users/ckriech/projects/clemens33/ae-rust/docs/migration/evidence/phase4-run/scratch/0768/home
2026-08-24T14:25:40Z	child	rc=0	/Users/ckriech/projects/clemens33/ae-rust/target/release/ae list --json
2026-08-24T14:25:40Z	child	rc=-1	/Users/ckriech/projects/clemens33/ae-rust/target/release/ae list --json	cwd=/Users/ckriech/projects/clemens33/ae-rust/docs/migration/evidence/phase4-run/scratch/0772/home
2026-08-24T14:25:40Z	child	rc=0	/Users/ckriech/projects/clemens33/ae-rust/target/release/ae list --json
2026-08-24T14:25:40Z	child	rc=-1	/Users/ckriech/projects/clemens33/ae-rust/target/release/ae list --json	cwd=/Users/ckriech/projects/clemens33/ae-rust/docs/migration/evidence/phase4-run/scratch/0773/home
2026-08-24T14:25:40Z	child	rc=0	/Users/ckriech/projects/clemens33/ae-rust/target/release/ae list --json
2026-08-24T14:25:40Z	child	rc=-1	/Users/ckriech/projects/clemens33/ae-rust/target/release/ae list --needs-attn	cwd=/Users/ckriech/projects/clemens33/ae-rust/docs/migration/evidence/phase4-run/scratch/0774/home
2026-08-24T14:25:40Z	child	rc=0	/Users/ckriech/projects/clemens33/ae-rust/target/release/ae list --needs-attn
2026-08-24T14:25:40Z	child	rc=-1	/Users/ckriech/projects/clemens33/ae-rust/target/release/ae list --json	cwd=/Users/ckriech/projects/clemens33/ae-rust/docs/migration/evidence/phase4-run/scratch/0775/home
2026-08-24T14:25:40Z	child	rc=0	/Users/ckriech/projects/clemens33/ae-rust/target/release/ae list --json
2026-08-24T14:25:40Z	child	rc=-1	/Users/ckriech/projects/clemens33/ae-rust/target/release/ae list --needs-attn	cwd=/Users/ckriech/projects/clemens33/ae-rust/docs/migration/evidence/phase4-run/scratch/0776/home
2026-08-24T14:25:40Z	child	rc=0	/Users/ckriech/projects/clemens33/ae-rust/target/release/ae list --needs-attn
2026-08-24T14:25:40Z	child	rc=-1	/Users/ckriech/projects/clemens33/ae-rust/target/release/ae list --json	cwd=/Users/ckriech/projects/clemens33/ae-rust/docs/migration/evidence/phase4-run/scratch/0777/home
2026-08-24T14:25:40Z	child	rc=0	/Users/ckriech/projects/clemens33/ae-rust/target/release/ae list --json
2026-08-24T14:25:40Z	child	rc=-1	/Users/ckriech/projects/clemens33/ae-rust/target/release/ae list --needs-attn	cwd=/Users/ckriech/projects/clemens33/ae-rust/docs/migration/evidence/phase4-run/scratch/0778/home
2026-08-24T14:25:40Z	child	rc=0	/Users/ckriech/projects/clemens33/ae-rust/target/release/ae list --needs-attn
2026-08-24T14:25:41Z	child	rc=-1	/Users/ckriech/projects/clemens33/ae-rust/target/release/ae list --json	cwd=/Users/ckriech/projects/clemens33/ae-rust/docs/migration/evidence/phase4-run/scratch/0779/home
2026-08-24T14:25:41Z	child	rc=0	/Users/ckriech/projects/clemens33/ae-rust/target/release/ae list --json
2026-08-24T14:25:41Z	child	rc=-1	/Users/ckriech/projects/clemens33/ae-rust/target/release/ae list --needs-attn	cwd=/Users/ckriech/projects/clemens33/ae-rust/docs/migration/evidence/phase4-run/scratch/0780/home
2026-08-24T14:25:41Z	child	rc=0	/Users/ckriech/projects/clemens33/ae-rust/target/release/ae list --needs-attn
2026-08-24T14:25:41Z	child	rc=-1	/Users/ckriech/projects/clemens33/ae-rust/target/release/ae list --json	cwd=/Users/ckriech/projects/clemens33/ae-rust/docs/migration/evidence/phase4-run/scratch/0781/home
2026-08-24T14:25:41Z	child	rc=0	/Users/ckriech/projects/clemens33/ae-rust/target/release/ae list --json
2026-08-24T14:25:41Z	child	rc=-1	/Users/ckriech/projects/clemens33/ae-rust/target/release/ae list --needs-attn	cwd=/Users/ckriech/projects/clemens33/ae-rust/docs/migration/evidence/phase4-run/scratch/0782/home
2026-08-24T14:25:41Z	child	rc=0	/Users/ckriech/projects/clemens33/ae-rust/target/release/ae list --needs-attn
2026-08-24T14:25:41Z	child	rc=-1	/Users/ckriech/projects/clemens33/ae-rust/target/release/ae list --json	cwd=/Users/ckriech/projects/clemens33/ae-rust/docs/migration/evidence/phase4-run/scratch/0783/home
2026-08-24T14:25:41Z	child	rc=0	/Users/ckriech/projects/clemens33/ae-rust/target/release/ae list --json
2026-08-24T14:25:41Z	child	rc=-1	/Users/ckriech/projects/clemens33/ae-rust/target/release/ae list --json	cwd=/Users/ckriech/projects/clemens33/ae-rust/docs/migration/evidence/phase4-run/scratch/0784/home
2026-08-24T14:25:41Z	child	rc=0	/Users/ckriech/projects/clemens33/ae-rust/target/release/ae list --json
2026-08-24T14:25:41Z	child	rc=-1	/Users/ckriech/projects/clemens33/ae-rust/target/release/ae list --json	cwd=/Users/ckriech/projects/clemens33/ae-rust/docs/migration/evidence/phase4-run/scratch/0785/home
2026-08-24T14:25:41Z	child	rc=0	/Users/ckriech/projects/clemens33/ae-rust/target/release/ae list --json
2026-08-24T14:25:41Z	child	rc=-1	/Users/ckriech/projects/clemens33/ae-rust/target/release/ae list	cwd=/Users/ckriech/projects/clemens33/ae-rust/docs/migration/evidence/phase4-run/scratch/0786/home
2026-08-24T14:25:41Z	child	rc=0	/Users/ckriech/projects/clemens33/ae-rust/target/release/ae list
2026-08-24T14:25:41Z	child	rc=-1	/Users/ckriech/projects/clemens33/ae-rust/target/release/ae list --json	cwd=/Users/ckriech/projects/clemens33/ae-rust/docs/migration/evidence/phase4-run/scratch/0787/home
2026-08-24T14:25:41Z	child	rc=0	/Users/ckriech/projects/clemens33/ae-rust/target/release/ae list --json
2026-08-24T14:25:41Z	child	rc=-1	/Users/ckriech/projects/clemens33/ae-rust/target/release/ae list --all	cwd=/Users/ckriech/projects/clemens33/ae-rust/docs/migration/evidence/phase4-run/scratch/0788/home
2026-08-24T14:25:41Z	child	rc=0	/Users/ckriech/projects/clemens33/ae-rust/target/release/ae list --all
2026-08-24T14:25:41Z	child	rc=-1	/Users/ckriech/projects/clemens33/ae-rust/target/release/ae list --all --json	cwd=/Users/ckriech/projects/clemens33/ae-rust/docs/migration/evidence/phase4-run/scratch/0789/home
2026-08-24T14:25:41Z	child	rc=0	/Users/ckriech/projects/clemens33/ae-rust/target/release/ae list --all --json
2026-08-24T14:25:41Z	child	rc=-1	/Users/ckriech/projects/clemens33/ae-rust/target/release/ae list	cwd=/Users/ckriech/projects/clemens33/ae-rust/docs/migration/evidence/phase4-run/scratch/0791/home
2026-08-24T14:25:41Z	child	rc=0	/Users/ckriech/projects/clemens33/ae-rust/target/release/ae list
2026-08-24T14:25:41Z	child	rc=-1	/Users/ckriech/projects/clemens33/ae-rust/target/release/ae list --json	cwd=/Users/ckriech/projects/clemens33/ae-rust/docs/migration/evidence/phase4-run/scratch/0792/home
2026-08-24T14:25:41Z	child	rc=0	/Users/ckriech/projects/clemens33/ae-rust/target/release/ae list --json
2026-08-24T14:25:41Z	child	rc=-1	/Users/ckriech/projects/clemens33/ae-rust/target/release/ae list --all	cwd=/Users/ckriech/projects/clemens33/ae-rust/docs/migration/evidence/phase4-run/scratch/0793/home
2026-08-24T14:25:41Z	child	rc=0	/Users/ckriech/projects/clemens33/ae-rust/target/release/ae list --all
2026-08-24T14:25:41Z	child	rc=-1	/Users/ckriech/projects/clemens33/ae-rust/target/release/ae list --all --json	cwd=/Users/ckriech/projects/clemens33/ae-rust/docs/migration/evidence/phase4-run/scratch/0794/home
2026-08-24T14:25:41Z	child	rc=0	/Users/ckriech/projects/clemens33/ae-rust/target/release/ae list --all --json
2026-08-24T14:25:41Z	child	rc=-1	/Users/ckriech/projects/clemens33/ae-rust/target/release/ae list	cwd=/Users/ckriech/projects/clemens33/ae-rust/docs/migration/evidence/phase4-run/scratch/0796/home
2026-08-24T14:25:41Z	child	rc=0	/Users/ckriech/projects/clemens33/ae-rust/target/release/ae list
2026-08-24T14:25:41Z	child	rc=-1	/Users/ckriech/projects/clemens33/ae-rust/target/release/ae list --json	cwd=/Users/ckriech/projects/clemens33/ae-rust/docs/migration/evidence/phase4-run/scratch/0797/home
2026-08-24T14:25:41Z	child	rc=0	/Users/ckriech/projects/clemens33/ae-rust/target/release/ae list --json
2026-08-24T14:25:41Z	child	rc=-1	/Users/ckriech/projects/clemens33/ae-rust/target/release/ae list --all	cwd=/Users/ckriech/projects/clemens33/ae-rust/docs/migration/evidence/phase4-run/scratch/0798/home
2026-08-24T14:25:41Z	child	rc=0	/Users/ckriech/projects/clemens33/ae-rust/target/release/ae list --all
2026-08-24T14:25:41Z	child	rc=-1	/Users/ckriech/projects/clemens33/ae-rust/target/release/ae list --all --json	cwd=/Users/ckriech/projects/clemens33/ae-rust/docs/migration/evidence/phase4-run/scratch/0799/home
2026-08-24T14:25:41Z	child	rc=0	/Users/ckriech/projects/clemens33/ae-rust/target/release/ae list --all --json
2026-08-24T14:25:41Z	child	rc=-1	/Users/ckriech/projects/clemens33/ae-rust/target/release/ae list	cwd=/Users/ckriech/projects/clemens33/ae-rust/docs/migration/evidence/phase4-run/scratch/0801/home
2026-08-24T14:25:41Z	child	rc=0	/Users/ckriech/projects/clemens33/ae-rust/target/release/ae list
2026-08-24T14:25:41Z	child	rc=-1	/Users/ckriech/projects/clemens33/ae-rust/target/release/ae list --json	cwd=/Users/ckriech/projects/clemens33/ae-rust/docs/migration/evidence/phase4-run/scratch/0802/home
2026-08-24T14:25:41Z	child	rc=0	/Users/ckriech/projects/clemens33/ae-rust/target/release/ae list --json
2026-08-24T14:25:41Z	child	rc=-1	/Users/ckriech/projects/clemens33/ae-rust/target/release/ae list --all	cwd=/Users/ckriech/projects/clemens33/ae-rust/docs/migration/evidence/phase4-run/scratch/0803/home
2026-08-24T14:25:41Z	child	rc=0	/Users/ckriech/projects/clemens33/ae-rust/target/release/ae list --all
2026-08-24T14:25:41Z	child	rc=-1	/Users/ckriech/projects/clemens33/ae-rust/target/release/ae list --all --json	cwd=/Users/ckriech/projects/clemens33/ae-rust/docs/migration/evidence/phase4-run/scratch/0804/home
2026-08-24T14:25:41Z	child	rc=0	/Users/ckriech/projects/clemens33/ae-rust/target/release/ae list --all --json
2026-08-24T14:25:41Z	child	rc=-1	/Users/ckriech/projects/clemens33/ae-rust/target/release/ae list	cwd=/Users/ckriech/projects/clemens33/ae-rust/docs/migration/evidence/phase4-run/scratch/0806/home
2026-08-24T14:25:41Z	child	rc=0	/Users/ckriech/projects/clemens33/ae-rust/target/release/ae list
2026-08-24T14:25:41Z	child	rc=-1	/Users/ckriech/projects/clemens33/ae-rust/target/release/ae list --json	cwd=/Users/ckriech/projects/clemens33/ae-rust/docs/migration/evidence/phase4-run/scratch/0807/home
2026-08-24T14:25:41Z	child	rc=0	/Users/ckriech/projects/clemens33/ae-rust/target/release/ae list --json
2026-08-24T14:25:41Z	child	rc=-1	/Users/ckriech/projects/clemens33/ae-rust/target/release/ae list --all	cwd=/Users/ckriech/projects/clemens33/ae-rust/docs/migration/evidence/phase4-run/scratch/0808/home
2026-08-24T14:25:41Z	child	rc=0	/Users/ckriech/projects/clemens33/ae-rust/target/release/ae list --all
2026-08-24T14:25:41Z	child	rc=-1	/Users/ckriech/projects/clemens33/ae-rust/target/release/ae list --all --json	cwd=/Users/ckriech/projects/clemens33/ae-rust/docs/migration/evidence/phase4-run/scratch/0809/home
2026-08-24T14:25:41Z	child	rc=0	/Users/ckriech/projects/clemens33/ae-rust/target/release/ae list --all --json
2026-08-24T14:25:41Z	child	rc=-1	/Users/ckriech/projects/clemens33/ae-rust/target/release/ae list	cwd=/Users/ckriech/projects/clemens33/ae-rust/docs/migration/evidence/phase4-run/scratch/0811/home
2026-08-24T14:25:41Z	child	rc=0	/Users/ckriech/projects/clemens33/ae-rust/target/release/ae list
2026-08-24T14:25:41Z	child	rc=-1	/Users/ckriech/projects/clemens33/ae-rust/target/release/ae list --json	cwd=/Users/ckriech/projects/clemens33/ae-rust/docs/migration/evidence/phase4-run/scratch/0812/home
2026-08-24T14:25:41Z	child	rc=0	/Users/ckriech/projects/clemens33/ae-rust/target/release/ae list --json
2026-08-24T14:25:41Z	child	rc=-1	/Users/ckriech/projects/clemens33/ae-rust/target/release/ae list --all	cwd=/Users/ckriech/projects/clemens33/ae-rust/docs/migration/evidence/phase4-run/scratch/0813/home
2026-08-24T14:25:41Z	child	rc=0	/Users/ckriech/projects/clemens33/ae-rust/target/release/ae list --all
2026-08-24T14:25:41Z	child	rc=-1	/Users/ckriech/projects/clemens33/ae-rust/target/release/ae list --all --json	cwd=/Users/ckriech/projects/clemens33/ae-rust/docs/migration/evidence/phase4-run/scratch/0814/home
2026-08-24T14:25:41Z	child	rc=0	/Users/ckriech/projects/clemens33/ae-rust/target/release/ae list --all --json
2026-08-24T14:25:41Z	child	rc=-1	/Users/ckriech/projects/clemens33/ae-rust/target/release/ae list	cwd=/Users/ckriech/projects/clemens33/ae-rust/docs/migration/evidence/phase4-run/scratch/0816/home
2026-08-24T14:25:41Z	child	rc=0	/Users/ckriech/projects/clemens33/ae-rust/target/release/ae list
2026-08-24T14:25:41Z	child	rc=-1	/Users/ckriech/projects/clemens33/ae-rust/target/release/ae list --json	cwd=/Users/ckriech/projects/clemens33/ae-rust/docs/migration/evidence/phase4-run/scratch/0817/home
2026-08-24T14:25:41Z	child	rc=0	/Users/ckriech/projects/clemens33/ae-rust/target/release/ae list --json
2026-08-24T14:25:41Z	child	rc=-1	/Users/ckriech/projects/clemens33/ae-rust/target/release/ae list --all	cwd=/Users/ckriech/projects/clemens33/ae-rust/docs/migration/evidence/phase4-run/scratch/0818/home
2026-08-24T14:25:41Z	child	rc=0	/Users/ckriech/projects/clemens33/ae-rust/target/release/ae list --all
2026-08-24T14:25:41Z	child	rc=-1	/Users/ckriech/projects/clemens33/ae-rust/target/release/ae list --all --json	cwd=/Users/ckriech/projects/clemens33/ae-rust/docs/migration/evidence/phase4-run/scratch/0819/home
2026-08-24T14:25:41Z	child	rc=0	/Users/ckriech/projects/clemens33/ae-rust/target/release/ae list --all --json
2026-08-24T14:25:41Z	child	rc=-1	/Users/ckriech/projects/clemens33/ae-rust/target/release/ae list	cwd=/Users/ckriech/projects/clemens33/ae-rust/docs/migration/evidence/phase4-run/scratch/0821/home
2026-08-24T14:25:41Z	child	rc=0	/Users/ckriech/projects/clemens33/ae-rust/target/release/ae list
2026-08-24T14:25:41Z	child	rc=-1	/Users/ckriech/projects/clemens33/ae-rust/target/release/ae list --json	cwd=/Users/ckriech/projects/clemens33/ae-rust/docs/migration/evidence/phase4-run/scratch/0822/home
2026-08-24T14:25:41Z	child	rc=0	/Users/ckriech/projects/clemens33/ae-rust/target/release/ae list --json
2026-08-24T14:25:41Z	child	rc=-1	/Users/ckriech/projects/clemens33/ae-rust/target/release/ae list --all	cwd=/Users/ckriech/projects/clemens33/ae-rust/docs/migration/evidence/phase4-run/scratch/0823/home
2026-08-24T14:25:41Z	child	rc=0	/Users/ckriech/projects/clemens33/ae-rust/target/release/ae list --all
2026-08-24T14:25:41Z	child	rc=-1	/Users/ckriech/projects/clemens33/ae-rust/target/release/ae list --all --json	cwd=/Users/ckriech/projects/clemens33/ae-rust/docs/migration/evidence/phase4-run/scratch/0824/home
2026-08-24T14:25:41Z	child	rc=0	/Users/ckriech/projects/clemens33/ae-rust/target/release/ae list --all --json
2026-08-24T14:25:41Z	child	rc=-1	/Users/ckriech/projects/clemens33/ae-rust/target/release/ae list	cwd=/Users/ckriech/projects/clemens33/ae-rust/docs/migration/evidence/phase4-run/scratch/0826/home
2026-08-24T14:25:41Z	child	rc=0	/Users/ckriech/projects/clemens33/ae-rust/target/release/ae list
2026-08-24T14:25:41Z	child	rc=-1	/Users/ckriech/projects/clemens33/ae-rust/target/release/ae list --json	cwd=/Users/ckriech/projects/clemens33/ae-rust/docs/migration/evidence/phase4-run/scratch/0827/home
2026-08-24T14:25:41Z	child	rc=0	/Users/ckriech/projects/clemens33/ae-rust/target/release/ae list --json
2026-08-24T14:25:41Z	child	rc=-1	/Users/ckriech/projects/clemens33/ae-rust/target/release/ae list --all	cwd=/Users/ckriech/projects/clemens33/ae-rust/docs/migration/evidence/phase4-run/scratch/0828/home
2026-08-24T14:25:41Z	child	rc=0	/Users/ckriech/projects/clemens33/ae-rust/target/release/ae list --all
2026-08-24T14:25:41Z	child	rc=-1	/Users/ckriech/projects/clemens33/ae-rust/target/release/ae list --all --json	cwd=/Users/ckriech/projects/clemens33/ae-rust/docs/migration/evidence/phase4-run/scratch/0829/home
2026-08-24T14:25:41Z	child	rc=0	/Users/ckriech/projects/clemens33/ae-rust/target/release/ae list --all --json
2026-08-24T14:25:41Z	child	rc=-1	/Users/ckriech/projects/clemens33/ae-rust/target/release/ae list	cwd=/Users/ckriech/projects/clemens33/ae-rust/docs/migration/evidence/phase4-run/scratch/0831/home
2026-08-24T14:25:41Z	child	rc=0	/Users/ckriech/projects/clemens33/ae-rust/target/release/ae list
2026-08-24T14:25:41Z	child	rc=-1	/Users/ckriech/projects/clemens33/ae-rust/target/release/ae list --json	cwd=/Users/ckriech/projects/clemens33/ae-rust/docs/migration/evidence/phase4-run/scratch/0832/home
2026-08-24T14:25:41Z	child	rc=0	/Users/ckriech/projects/clemens33/ae-rust/target/release/ae list --json
2026-08-24T14:25:41Z	child	rc=-1	/Users/ckriech/projects/clemens33/ae-rust/target/release/ae list --all	cwd=/Users/ckriech/projects/clemens33/ae-rust/docs/migration/evidence/phase4-run/scratch/0833/home
2026-08-24T14:25:41Z	child	rc=0	/Users/ckriech/projects/clemens33/ae-rust/target/release/ae list --all
2026-08-24T14:25:41Z	child	rc=-1	/Users/ckriech/projects/clemens33/ae-rust/target/release/ae list --all --json	cwd=/Users/ckriech/projects/clemens33/ae-rust/docs/migration/evidence/phase4-run/scratch/0834/home
2026-08-24T14:25:41Z	child	rc=0	/Users/ckriech/projects/clemens33/ae-rust/target/release/ae list --all --json
2026-08-24T14:25:41Z	child	rc=-1	/Users/ckriech/projects/clemens33/ae-rust/target/release/ae list	cwd=/Users/ckriech/projects/clemens33/ae-rust/docs/migration/evidence/phase4-run/scratch/0836/home
2026-08-24T14:25:41Z	child	rc=0	/Users/ckriech/projects/clemens33/ae-rust/target/release/ae list
2026-08-24T14:25:41Z	child	rc=-1	/Users/ckriech/projects/clemens33/ae-rust/target/release/ae list --json	cwd=/Users/ckriech/projects/clemens33/ae-rust/docs/migration/evidence/phase4-run/scratch/0837/home
2026-08-24T14:25:41Z	child	rc=0	/Users/ckriech/projects/clemens33/ae-rust/target/release/ae list --json
2026-08-24T14:25:41Z	child	rc=-1	/Users/ckriech/projects/clemens33/ae-rust/target/release/ae list --all	cwd=/Users/ckriech/projects/clemens33/ae-rust/docs/migration/evidence/phase4-run/scratch/0838/home
2026-08-24T14:25:41Z	child	rc=0	/Users/ckriech/projects/clemens33/ae-rust/target/release/ae list --all
2026-08-24T14:25:41Z	child	rc=-1	/Users/ckriech/projects/clemens33/ae-rust/target/release/ae list --all --json	cwd=/Users/ckriech/projects/clemens33/ae-rust/docs/migration/evidence/phase4-run/scratch/0839/home
2026-08-24T14:25:41Z	child	rc=0	/Users/ckriech/projects/clemens33/ae-rust/target/release/ae list --all --json
2026-08-24T14:25:41Z	child	rc=-1	/Users/ckriech/projects/clemens33/ae-rust/target/release/ae list	cwd=/Users/ckriech/projects/clemens33/ae-rust/docs/migration/evidence/phase4-run/scratch/0841/home
2026-08-24T14:25:41Z	child	rc=0	/Users/ckriech/projects/clemens33/ae-rust/target/release/ae list
2026-08-24T14:25:41Z	child	rc=-1	/Users/ckriech/projects/clemens33/ae-rust/target/release/ae list --json	cwd=/Users/ckriech/projects/clemens33/ae-rust/docs/migration/evidence/phase4-run/scratch/0842/home
2026-08-24T14:25:41Z	child	rc=0	/Users/ckriech/projects/clemens33/ae-rust/target/release/ae list --json
2026-08-24T14:25:41Z	child	rc=-1	/Users/ckriech/projects/clemens33/ae-rust/target/release/ae list --all	cwd=/Users/ckriech/projects/clemens33/ae-rust/docs/migration/evidence/phase4-run/scratch/0843/home
2026-08-24T14:25:41Z	child	rc=0	/Users/ckriech/projects/clemens33/ae-rust/target/release/ae list --all
2026-08-24T14:25:41Z	child	rc=-1	/Users/ckriech/projects/clemens33/ae-rust/target/release/ae list --all --json	cwd=/Users/ckriech/projects/clemens33/ae-rust/docs/migration/evidence/phase4-run/scratch/0844/home
2026-08-24T14:25:41Z	child	rc=0	/Users/ckriech/projects/clemens33/ae-rust/target/release/ae list --all --json
2026-08-24T14:25:41Z	child	rc=-1	/Users/ckriech/projects/clemens33/ae-rust/target/release/ae list	cwd=/Users/ckriech/projects/clemens33/ae-rust/docs/migration/evidence/phase4-run/scratch/0846/home
2026-08-24T14:25:41Z	child	rc=0	/Users/ckriech/projects/clemens33/ae-rust/target/release/ae list
2026-08-24T14:25:41Z	child	rc=-1	/Users/ckriech/projects/clemens33/ae-rust/target/release/ae list --json	cwd=/Users/ckriech/projects/clemens33/ae-rust/docs/migration/evidence/phase4-run/scratch/0847/home
2026-08-24T14:25:41Z	child	rc=0	/Users/ckriech/projects/clemens33/ae-rust/target/release/ae list --json
2026-08-24T14:25:41Z	child	rc=-1	/Users/ckriech/projects/clemens33/ae-rust/target/release/ae list --all	cwd=/Users/ckriech/projects/clemens33/ae-rust/docs/migration/evidence/phase4-run/scratch/0848/home
2026-08-24T14:25:41Z	child	rc=0	/Users/ckriech/projects/clemens33/ae-rust/target/release/ae list --all
2026-08-24T14:25:41Z	child	rc=-1	/Users/ckriech/projects/clemens33/ae-rust/target/release/ae list --all --json	cwd=/Users/ckriech/projects/clemens33/ae-rust/docs/migration/evidence/phase4-run/scratch/0849/home
2026-08-24T14:25:41Z	child	rc=0	/Users/ckriech/projects/clemens33/ae-rust/target/release/ae list --all --json
2026-08-24T14:25:41Z	child	rc=-1	/Users/ckriech/projects/clemens33/ae-rust/target/release/ae list	cwd=/Users/ckriech/projects/clemens33/ae-rust/docs/migration/evidence/phase4-run/scratch/0851/home
2026-08-24T14:25:41Z	child	rc=0	/Users/ckriech/projects/clemens33/ae-rust/target/release/ae list
2026-08-24T14:25:41Z	child	rc=-1	/Users/ckriech/projects/clemens33/ae-rust/target/release/ae list --json	cwd=/Users/ckriech/projects/clemens33/ae-rust/docs/migration/evidence/phase4-run/scratch/0852/home
2026-08-24T14:25:42Z	child	rc=0	/Users/ckriech/projects/clemens33/ae-rust/target/release/ae list --json
2026-08-24T14:25:42Z	child	rc=-1	/Users/ckriech/projects/clemens33/ae-rust/target/release/ae list --all	cwd=/Users/ckriech/projects/clemens33/ae-rust/docs/migration/evidence/phase4-run/scratch/0853/home
2026-08-24T14:25:42Z	child	rc=0	/Users/ckriech/projects/clemens33/ae-rust/target/release/ae list --all
2026-08-24T14:25:42Z	child	rc=-1	/Users/ckriech/projects/clemens33/ae-rust/target/release/ae list --all --json	cwd=/Users/ckriech/projects/clemens33/ae-rust/docs/migration/evidence/phase4-run/scratch/0854/home
2026-08-24T14:25:42Z	child	rc=0	/Users/ckriech/projects/clemens33/ae-rust/target/release/ae list --all --json
2026-08-24T14:25:42Z	child	rc=-1	/Users/ckriech/projects/clemens33/ae-rust/target/release/ae list	cwd=/Users/ckriech/projects/clemens33/ae-rust/docs/migration/evidence/phase4-run/scratch/0856/home
2026-08-24T14:25:42Z	child	rc=0	/Users/ckriech/projects/clemens33/ae-rust/target/release/ae list
2026-08-24T14:25:42Z	child	rc=-1	/Users/ckriech/projects/clemens33/ae-rust/target/release/ae list --json	cwd=/Users/ckriech/projects/clemens33/ae-rust/docs/migration/evidence/phase4-run/scratch/0857/home
2026-08-24T14:25:42Z	child	rc=0	/Users/ckriech/projects/clemens33/ae-rust/target/release/ae list --json
2026-08-24T14:25:42Z	child	rc=-1	/Users/ckriech/projects/clemens33/ae-rust/target/release/ae list --all	cwd=/Users/ckriech/projects/clemens33/ae-rust/docs/migration/evidence/phase4-run/scratch/0858/home
2026-08-24T14:25:42Z	child	rc=0	/Users/ckriech/projects/clemens33/ae-rust/target/release/ae list --all
2026-08-24T14:25:42Z	child	rc=-1	/Users/ckriech/projects/clemens33/ae-rust/target/release/ae list --all --json	cwd=/Users/ckriech/projects/clemens33/ae-rust/docs/migration/evidence/phase4-run/scratch/0859/home
2026-08-24T14:25:42Z	child	rc=0	/Users/ckriech/projects/clemens33/ae-rust/target/release/ae list --all --json
2026-08-24T14:25:42Z	child	rc=-1	/Users/ckriech/projects/clemens33/ae-rust/target/release/ae list	cwd=/Users/ckriech/projects/clemens33/ae-rust/docs/migration/evidence/phase4-run/scratch/0861/home
2026-08-24T14:25:42Z	child	rc=0	/Users/ckriech/projects/clemens33/ae-rust/target/release/ae list
2026-08-24T14:25:42Z	child	rc=-1	/Users/ckriech/projects/clemens33/ae-rust/target/release/ae list --json	cwd=/Users/ckriech/projects/clemens33/ae-rust/docs/migration/evidence/phase4-run/scratch/0862/home
2026-08-24T14:25:42Z	child	rc=0	/Users/ckriech/projects/clemens33/ae-rust/target/release/ae list --json
2026-08-24T14:25:42Z	child	rc=-1	/Users/ckriech/projects/clemens33/ae-rust/target/release/ae list --all	cwd=/Users/ckriech/projects/clemens33/ae-rust/docs/migration/evidence/phase4-run/scratch/0863/home
2026-08-24T14:25:42Z	child	rc=0	/Users/ckriech/projects/clemens33/ae-rust/target/release/ae list --all
2026-08-24T14:25:42Z	child	rc=-1	/Users/ckriech/projects/clemens33/ae-rust/target/release/ae list --all --json	cwd=/Users/ckriech/projects/clemens33/ae-rust/docs/migration/evidence/phase4-run/scratch/0864/home
2026-08-24T14:25:42Z	child	rc=0	/Users/ckriech/projects/clemens33/ae-rust/target/release/ae list --all --json
2026-08-24T14:25:42Z	child	rc=-1	/Users/ckriech/projects/clemens33/ae-rust/target/release/ae list	cwd=/Users/ckriech/projects/clemens33/ae-rust/docs/migration/evidence/phase4-run/scratch/0866/home
2026-08-24T14:25:42Z	child	rc=0	/Users/ckriech/projects/clemens33/ae-rust/target/release/ae list
2026-08-24T14:25:42Z	child	rc=-1	/Users/ckriech/projects/clemens33/ae-rust/target/release/ae list --json	cwd=/Users/ckriech/projects/clemens33/ae-rust/docs/migration/evidence/phase4-run/scratch/0867/home
2026-08-24T14:25:42Z	child	rc=0	/Users/ckriech/projects/clemens33/ae-rust/target/release/ae list --json
2026-08-24T14:25:42Z	child	rc=-1	/Users/ckriech/projects/clemens33/ae-rust/target/release/ae list --all	cwd=/Users/ckriech/projects/clemens33/ae-rust/docs/migration/evidence/phase4-run/scratch/0868/home
2026-08-24T14:25:42Z	child	rc=0	/Users/ckriech/projects/clemens33/ae-rust/target/release/ae list --all
2026-08-24T14:25:42Z	child	rc=-1	/Users/ckriech/projects/clemens33/ae-rust/target/release/ae list --all --json	cwd=/Users/ckriech/projects/clemens33/ae-rust/docs/migration/evidence/phase4-run/scratch/0869/home
2026-08-24T14:25:42Z	child	rc=0	/Users/ckriech/projects/clemens33/ae-rust/target/release/ae list --all --json
2026-08-24T14:25:42Z	child	rc=-1	/Users/ckriech/projects/clemens33/ae-rust/target/release/ae list	cwd=/Users/ckriech/projects/clemens33/ae-rust/docs/migration/evidence/phase4-run/scratch/0871/home
2026-08-24T14:25:42Z	child	rc=0	/Users/ckriech/projects/clemens33/ae-rust/target/release/ae list
2026-08-24T14:25:42Z	child	rc=-1	/Users/ckriech/projects/clemens33/ae-rust/target/release/ae list --json	cwd=/Users/ckriech/projects/clemens33/ae-rust/docs/migration/evidence/phase4-run/scratch/0872/home
2026-08-24T14:25:42Z	child	rc=0	/Users/ckriech/projects/clemens33/ae-rust/target/release/ae list --json
2026-08-24T14:25:42Z	child	rc=-1	/Users/ckriech/projects/clemens33/ae-rust/target/release/ae list --all	cwd=/Users/ckriech/projects/clemens33/ae-rust/docs/migration/evidence/phase4-run/scratch/0873/home
2026-08-24T14:25:42Z	child	rc=0	/Users/ckriech/projects/clemens33/ae-rust/target/release/ae list --all
2026-08-24T14:25:42Z	child	rc=-1	/Users/ckriech/projects/clemens33/ae-rust/target/release/ae list --all --json	cwd=/Users/ckriech/projects/clemens33/ae-rust/docs/migration/evidence/phase4-run/scratch/0874/home
2026-08-24T14:25:42Z	child	rc=0	/Users/ckriech/projects/clemens33/ae-rust/target/release/ae list --all --json
2026-08-24T14:25:42Z	child	rc=-1	/Users/ckriech/projects/clemens33/ae-rust/target/release/ae list	cwd=/Users/ckriech/projects/clemens33/ae-rust/docs/migration/evidence/phase4-run/scratch/0876/home
2026-08-24T14:25:42Z	child	rc=0	/Users/ckriech/projects/clemens33/ae-rust/target/release/ae list
2026-08-24T14:25:42Z	child	rc=-1	/Users/ckriech/projects/clemens33/ae-rust/target/release/ae list --json	cwd=/Users/ckriech/projects/clemens33/ae-rust/docs/migration/evidence/phase4-run/scratch/0877/home
2026-08-24T14:25:42Z	child	rc=0	/Users/ckriech/projects/clemens33/ae-rust/target/release/ae list --json
2026-08-24T14:25:42Z	child	rc=-1	/Users/ckriech/projects/clemens33/ae-rust/target/release/ae list --all	cwd=/Users/ckriech/projects/clemens33/ae-rust/docs/migration/evidence/phase4-run/scratch/0878/home
2026-08-24T14:25:42Z	child	rc=0	/Users/ckriech/projects/clemens33/ae-rust/target/release/ae list --all
2026-08-24T14:25:42Z	child	rc=-1	/Users/ckriech/projects/clemens33/ae-rust/target/release/ae list --all --json	cwd=/Users/ckriech/projects/clemens33/ae-rust/docs/migration/evidence/phase4-run/scratch/0879/home
2026-08-24T14:25:42Z	child	rc=0	/Users/ckriech/projects/clemens33/ae-rust/target/release/ae list --all --json
2026-08-24T14:25:42Z	child	rc=-1	/Users/ckriech/projects/clemens33/ae-rust/target/release/ae list	cwd=/Users/ckriech/projects/clemens33/ae-rust/docs/migration/evidence/phase4-run/scratch/0881/home
2026-08-24T14:25:42Z	child	rc=0	/Users/ckriech/projects/clemens33/ae-rust/target/release/ae list
2026-08-24T14:25:42Z	child	rc=-1	/Users/ckriech/projects/clemens33/ae-rust/target/release/ae list --json	cwd=/Users/ckriech/projects/clemens33/ae-rust/docs/migration/evidence/phase4-run/scratch/0882/home
2026-08-24T14:25:42Z	child	rc=0	/Users/ckriech/projects/clemens33/ae-rust/target/release/ae list --json
2026-08-24T14:25:42Z	child	rc=-1	/Users/ckriech/projects/clemens33/ae-rust/target/release/ae list --all	cwd=/Users/ckriech/projects/clemens33/ae-rust/docs/migration/evidence/phase4-run/scratch/0883/home
2026-08-24T14:25:42Z	child	rc=0	/Users/ckriech/projects/clemens33/ae-rust/target/release/ae list --all
2026-08-24T14:25:42Z	child	rc=-1	/Users/ckriech/projects/clemens33/ae-rust/target/release/ae list --all --json	cwd=/Users/ckriech/projects/clemens33/ae-rust/docs/migration/evidence/phase4-run/scratch/0884/home
2026-08-24T14:25:42Z	child	rc=0	/Users/ckriech/projects/clemens33/ae-rust/target/release/ae list --all --json
2026-08-24T14:25:42Z	child	rc=-1	/Users/ckriech/projects/clemens33/ae-rust/target/release/ae list	cwd=/Users/ckriech/projects/clemens33/ae-rust/docs/migration/evidence/phase4-run/scratch/0886/home
2026-08-24T14:25:42Z	child	rc=0	/Users/ckriech/projects/clemens33/ae-rust/target/release/ae list
2026-08-24T14:25:42Z	child	rc=-1	/Users/ckriech/projects/clemens33/ae-rust/target/release/ae list --json	cwd=/Users/ckriech/projects/clemens33/ae-rust/docs/migration/evidence/phase4-run/scratch/0887/home
2026-08-24T14:25:42Z	child	rc=0	/Users/ckriech/projects/clemens33/ae-rust/target/release/ae list --json
2026-08-24T14:25:42Z	child	rc=-1	/Users/ckriech/projects/clemens33/ae-rust/target/release/ae list --all	cwd=/Users/ckriech/projects/clemens33/ae-rust/docs/migration/evidence/phase4-run/scratch/0888/home
2026-08-24T14:25:42Z	child	rc=0	/Users/ckriech/projects/clemens33/ae-rust/target/release/ae list --all
2026-08-24T14:25:42Z	child	rc=-1	/Users/ckriech/projects/clemens33/ae-rust/target/release/ae list --all --json	cwd=/Users/ckriech/projects/clemens33/ae-rust/docs/migration/evidence/phase4-run/scratch/0889/home
2026-08-24T14:25:42Z	child	rc=0	/Users/ckriech/projects/clemens33/ae-rust/target/release/ae list --all --json
2026-08-24T14:25:42Z	child	rc=-1	/Users/ckriech/projects/clemens33/ae-rust/target/release/ae list	cwd=/Users/ckriech/projects/clemens33/ae-rust/docs/migration/evidence/phase4-run/scratch/0891/home
2026-08-24T14:25:42Z	child	rc=0	/Users/ckriech/projects/clemens33/ae-rust/target/release/ae list
2026-08-24T14:25:42Z	child	rc=-1	/Users/ckriech/projects/clemens33/ae-rust/target/release/ae list --json	cwd=/Users/ckriech/projects/clemens33/ae-rust/docs/migration/evidence/phase4-run/scratch/0892/home
2026-08-24T14:25:42Z	child	rc=0	/Users/ckriech/projects/clemens33/ae-rust/target/release/ae list --json
2026-08-24T14:25:42Z	child	rc=-1	/Users/ckriech/projects/clemens33/ae-rust/target/release/ae list --all	cwd=/Users/ckriech/projects/clemens33/ae-rust/docs/migration/evidence/phase4-run/scratch/0893/home
2026-08-24T14:25:42Z	child	rc=0	/Users/ckriech/projects/clemens33/ae-rust/target/release/ae list --all
2026-08-24T14:25:42Z	child	rc=-1	/Users/ckriech/projects/clemens33/ae-rust/target/release/ae list --all --json	cwd=/Users/ckriech/projects/clemens33/ae-rust/docs/migration/evidence/phase4-run/scratch/0894/home
2026-08-24T14:25:42Z	child	rc=0	/Users/ckriech/projects/clemens33/ae-rust/target/release/ae list --all --json
2026-08-24T14:25:42Z	child	rc=-1	/Users/ckriech/projects/clemens33/ae-rust/target/release/ae list	cwd=/Users/ckriech/projects/clemens33/ae-rust/docs/migration/evidence/phase4-run/scratch/0896/home
2026-08-24T14:25:42Z	child	rc=0	/Users/ckriech/projects/clemens33/ae-rust/target/release/ae list
2026-08-24T14:25:42Z	child	rc=-1	/Users/ckriech/projects/clemens33/ae-rust/target/release/ae list --json	cwd=/Users/ckriech/projects/clemens33/ae-rust/docs/migration/evidence/phase4-run/scratch/0897/home
2026-08-24T14:25:42Z	child	rc=0	/Users/ckriech/projects/clemens33/ae-rust/target/release/ae list --json
2026-08-24T14:25:42Z	child	rc=-1	/Users/ckriech/projects/clemens33/ae-rust/target/release/ae list --all	cwd=/Users/ckriech/projects/clemens33/ae-rust/docs/migration/evidence/phase4-run/scratch/0898/home
2026-08-24T14:25:42Z	child	rc=0	/Users/ckriech/projects/clemens33/ae-rust/target/release/ae list --all
2026-08-24T14:25:42Z	child	rc=-1	/Users/ckriech/projects/clemens33/ae-rust/target/release/ae list --all --json	cwd=/Users/ckriech/projects/clemens33/ae-rust/docs/migration/evidence/phase4-run/scratch/0899/home
2026-08-24T14:25:42Z	child	rc=0	/Users/ckriech/projects/clemens33/ae-rust/target/release/ae list --all --json
2026-08-24T14:25:42Z	child	rc=-1	/Users/ckriech/projects/clemens33/ae-rust/target/release/ae list	cwd=/Users/ckriech/projects/clemens33/ae-rust/docs/migration/evidence/phase4-run/scratch/0901/home
2026-08-24T14:25:42Z	child	rc=0	/Users/ckriech/projects/clemens33/ae-rust/target/release/ae list
2026-08-24T14:25:42Z	child	rc=-1	/Users/ckriech/projects/clemens33/ae-rust/target/release/ae list --json	cwd=/Users/ckriech/projects/clemens33/ae-rust/docs/migration/evidence/phase4-run/scratch/0902/home
2026-08-24T14:25:42Z	child	rc=0	/Users/ckriech/projects/clemens33/ae-rust/target/release/ae list --json
2026-08-24T14:25:42Z	child	rc=-1	/Users/ckriech/projects/clemens33/ae-rust/target/release/ae list --all	cwd=/Users/ckriech/projects/clemens33/ae-rust/docs/migration/evidence/phase4-run/scratch/0903/home
2026-08-24T14:25:42Z	child	rc=0	/Users/ckriech/projects/clemens33/ae-rust/target/release/ae list --all
2026-08-24T14:25:42Z	child	rc=-1	/Users/ckriech/projects/clemens33/ae-rust/target/release/ae list --all --json	cwd=/Users/ckriech/projects/clemens33/ae-rust/docs/migration/evidence/phase4-run/scratch/0904/home
2026-08-24T14:25:42Z	child	rc=0	/Users/ckriech/projects/clemens33/ae-rust/target/release/ae list --all --json
2026-08-24T14:25:42Z	child	rc=-1	/Users/ckriech/projects/clemens33/ae-rust/target/release/ae list	cwd=/Users/ckriech/projects/clemens33/ae-rust/docs/migration/evidence/phase4-run/scratch/0906/home
2026-08-24T14:25:42Z	child	rc=0	/Users/ckriech/projects/clemens33/ae-rust/target/release/ae list
2026-08-24T14:25:42Z	child	rc=-1	/Users/ckriech/projects/clemens33/ae-rust/target/release/ae list --json	cwd=/Users/ckriech/projects/clemens33/ae-rust/docs/migration/evidence/phase4-run/scratch/0907/home
2026-08-24T14:25:42Z	child	rc=0	/Users/ckriech/projects/clemens33/ae-rust/target/release/ae list --json
2026-08-24T14:25:42Z	child	rc=-1	/Users/ckriech/projects/clemens33/ae-rust/target/release/ae list --all	cwd=/Users/ckriech/projects/clemens33/ae-rust/docs/migration/evidence/phase4-run/scratch/0908/home
2026-08-24T14:25:42Z	child	rc=0	/Users/ckriech/projects/clemens33/ae-rust/target/release/ae list --all
2026-08-24T14:25:42Z	child	rc=-1	/Users/ckriech/projects/clemens33/ae-rust/target/release/ae list --all --json	cwd=/Users/ckriech/projects/clemens33/ae-rust/docs/migration/evidence/phase4-run/scratch/0909/home
2026-08-24T14:25:42Z	child	rc=0	/Users/ckriech/projects/clemens33/ae-rust/target/release/ae list --all --json
2026-08-24T14:25:42Z	child	rc=-1	/Users/ckriech/projects/clemens33/ae-rust/target/release/ae list	cwd=/Users/ckriech/projects/clemens33/ae-rust/docs/migration/evidence/phase4-run/scratch/0911/home
2026-08-24T14:25:42Z	child	rc=0	/Users/ckriech/projects/clemens33/ae-rust/target/release/ae list
2026-08-24T14:25:42Z	child	rc=-1	/Users/ckriech/projects/clemens33/ae-rust/target/release/ae list --json	cwd=/Users/ckriech/projects/clemens33/ae-rust/docs/migration/evidence/phase4-run/scratch/0912/home
2026-08-24T14:25:42Z	child	rc=0	/Users/ckriech/projects/clemens33/ae-rust/target/release/ae list --json
2026-08-24T14:25:42Z	child	rc=-1	/Users/ckriech/projects/clemens33/ae-rust/target/release/ae list --all	cwd=/Users/ckriech/projects/clemens33/ae-rust/docs/migration/evidence/phase4-run/scratch/0913/home
2026-08-24T14:25:42Z	child	rc=0	/Users/ckriech/projects/clemens33/ae-rust/target/release/ae list --all
2026-08-24T14:25:42Z	child	rc=-1	/Users/ckriech/projects/clemens33/ae-rust/target/release/ae list --all --json	cwd=/Users/ckriech/projects/clemens33/ae-rust/docs/migration/evidence/phase4-run/scratch/0914/home
2026-08-24T14:25:42Z	child	rc=0	/Users/ckriech/projects/clemens33/ae-rust/target/release/ae list --all --json
2026-08-24T14:25:42Z	child	rc=-1	/Users/ckriech/projects/clemens33/ae-rust/target/release/ae list	cwd=/Users/ckriech/projects/clemens33/ae-rust/docs/migration/evidence/phase4-run/scratch/0916/home
2026-08-24T14:25:42Z	child	rc=0	/Users/ckriech/projects/clemens33/ae-rust/target/release/ae list
2026-08-24T14:25:42Z	child	rc=-1	/Users/ckriech/projects/clemens33/ae-rust/target/release/ae list --json	cwd=/Users/ckriech/projects/clemens33/ae-rust/docs/migration/evidence/phase4-run/scratch/0917/home
2026-08-24T14:25:42Z	child	rc=0	/Users/ckriech/projects/clemens33/ae-rust/target/release/ae list --json
2026-08-24T14:25:42Z	child	rc=-1	/Users/ckriech/projects/clemens33/ae-rust/target/release/ae list --all	cwd=/Users/ckriech/projects/clemens33/ae-rust/docs/migration/evidence/phase4-run/scratch/0918/home
2026-08-24T14:25:42Z	child	rc=0	/Users/ckriech/projects/clemens33/ae-rust/target/release/ae list --all
2026-08-24T14:25:42Z	child	rc=-1	/Users/ckriech/projects/clemens33/ae-rust/target/release/ae list --all --json	cwd=/Users/ckriech/projects/clemens33/ae-rust/docs/migration/evidence/phase4-run/scratch/0919/home
2026-08-24T14:25:42Z	child	rc=0	/Users/ckriech/projects/clemens33/ae-rust/target/release/ae list --all --json
2026-08-24T14:25:42Z	child	rc=-1	/Users/ckriech/projects/clemens33/ae-rust/target/release/ae list	cwd=/Users/ckriech/projects/clemens33/ae-rust/docs/migration/evidence/phase4-run/scratch/0921/home
2026-08-24T14:25:42Z	child	rc=0	/Users/ckriech/projects/clemens33/ae-rust/target/release/ae list
2026-08-24T14:25:42Z	child	rc=-1	/Users/ckriech/projects/clemens33/ae-rust/target/release/ae list --json	cwd=/Users/ckriech/projects/clemens33/ae-rust/docs/migration/evidence/phase4-run/scratch/0922/home
2026-08-24T14:25:42Z	child	rc=0	/Users/ckriech/projects/clemens33/ae-rust/target/release/ae list --json
2026-08-24T14:25:43Z	child	rc=-1	/Users/ckriech/projects/clemens33/ae-rust/target/release/ae list --all	cwd=/Users/ckriech/projects/clemens33/ae-rust/docs/migration/evidence/phase4-run/scratch/0923/home
2026-08-24T14:25:43Z	child	rc=0	/Users/ckriech/projects/clemens33/ae-rust/target/release/ae list --all
2026-08-24T14:25:43Z	child	rc=-1	/Users/ckriech/projects/clemens33/ae-rust/target/release/ae list --all --json	cwd=/Users/ckriech/projects/clemens33/ae-rust/docs/migration/evidence/phase4-run/scratch/0924/home
2026-08-24T14:25:43Z	child	rc=0	/Users/ckriech/projects/clemens33/ae-rust/target/release/ae list --all --json
2026-08-24T14:25:43Z	child	rc=-1	/Users/ckriech/projects/clemens33/ae-rust/target/release/ae list	cwd=/Users/ckriech/projects/clemens33/ae-rust/docs/migration/evidence/phase4-run/scratch/0926/home
2026-08-24T14:25:43Z	child	rc=0	/Users/ckriech/projects/clemens33/ae-rust/target/release/ae list
2026-08-24T14:25:43Z	child	rc=-1	/Users/ckriech/projects/clemens33/ae-rust/target/release/ae list --json	cwd=/Users/ckriech/projects/clemens33/ae-rust/docs/migration/evidence/phase4-run/scratch/0927/home
2026-08-24T14:25:43Z	child	rc=0	/Users/ckriech/projects/clemens33/ae-rust/target/release/ae list --json
2026-08-24T14:25:43Z	child	rc=-1	/Users/ckriech/projects/clemens33/ae-rust/target/release/ae list --all	cwd=/Users/ckriech/projects/clemens33/ae-rust/docs/migration/evidence/phase4-run/scratch/0928/home
2026-08-24T14:25:43Z	child	rc=0	/Users/ckriech/projects/clemens33/ae-rust/target/release/ae list --all
2026-08-24T14:25:43Z	child	rc=-1	/Users/ckriech/projects/clemens33/ae-rust/target/release/ae list --all --json	cwd=/Users/ckriech/projects/clemens33/ae-rust/docs/migration/evidence/phase4-run/scratch/0929/home
2026-08-24T14:25:43Z	child	rc=0	/Users/ckriech/projects/clemens33/ae-rust/target/release/ae list --all --json
2026-08-24T14:25:43Z	child	rc=-1	/Users/ckriech/projects/clemens33/ae-rust/target/release/ae list	cwd=/Users/ckriech/projects/clemens33/ae-rust/docs/migration/evidence/phase4-run/scratch/0931/home
2026-08-24T14:25:43Z	child	rc=0	/Users/ckriech/projects/clemens33/ae-rust/target/release/ae list
2026-08-24T14:25:43Z	child	rc=-1	/Users/ckriech/projects/clemens33/ae-rust/target/release/ae list --json	cwd=/Users/ckriech/projects/clemens33/ae-rust/docs/migration/evidence/phase4-run/scratch/0932/home
2026-08-24T14:25:43Z	child	rc=0	/Users/ckriech/projects/clemens33/ae-rust/target/release/ae list --json
2026-08-24T14:25:43Z	child	rc=-1	/Users/ckriech/projects/clemens33/ae-rust/target/release/ae list --all	cwd=/Users/ckriech/projects/clemens33/ae-rust/docs/migration/evidence/phase4-run/scratch/0933/home
2026-08-24T14:25:43Z	child	rc=0	/Users/ckriech/projects/clemens33/ae-rust/target/release/ae list --all
2026-08-24T14:25:43Z	child	rc=-1	/Users/ckriech/projects/clemens33/ae-rust/target/release/ae list --all --json	cwd=/Users/ckriech/projects/clemens33/ae-rust/docs/migration/evidence/phase4-run/scratch/0934/home
2026-08-24T14:25:43Z	child	rc=0	/Users/ckriech/projects/clemens33/ae-rust/target/release/ae list --all --json
2026-08-24T14:25:43Z	child	rc=-1	/Users/ckriech/projects/clemens33/ae-rust/target/release/ae list	cwd=/Users/ckriech/projects/clemens33/ae-rust/docs/migration/evidence/phase4-run/scratch/0936/home
2026-08-24T14:25:43Z	child	rc=0	/Users/ckriech/projects/clemens33/ae-rust/target/release/ae list
2026-08-24T14:25:43Z	child	rc=-1	/Users/ckriech/projects/clemens33/ae-rust/target/release/ae list --json	cwd=/Users/ckriech/projects/clemens33/ae-rust/docs/migration/evidence/phase4-run/scratch/0937/home
2026-08-24T14:25:43Z	child	rc=0	/Users/ckriech/projects/clemens33/ae-rust/target/release/ae list --json
2026-08-24T14:25:43Z	child	rc=-1	/Users/ckriech/projects/clemens33/ae-rust/target/release/ae list --all	cwd=/Users/ckriech/projects/clemens33/ae-rust/docs/migration/evidence/phase4-run/scratch/0938/home
2026-08-24T14:25:43Z	child	rc=0	/Users/ckriech/projects/clemens33/ae-rust/target/release/ae list --all
2026-08-24T14:25:43Z	child	rc=-1	/Users/ckriech/projects/clemens33/ae-rust/target/release/ae list --all --json	cwd=/Users/ckriech/projects/clemens33/ae-rust/docs/migration/evidence/phase4-run/scratch/0939/home
2026-08-24T14:25:43Z	child	rc=0	/Users/ckriech/projects/clemens33/ae-rust/target/release/ae list --all --json
2026-08-24T14:25:43Z	child	rc=-1	/Users/ckriech/projects/clemens33/ae-rust/target/release/ae list	cwd=/Users/ckriech/projects/clemens33/ae-rust/docs/migration/evidence/phase4-run/scratch/0941/home
2026-08-24T14:25:43Z	child	rc=0	/Users/ckriech/projects/clemens33/ae-rust/target/release/ae list
2026-08-24T14:25:43Z	child	rc=-1	/Users/ckriech/projects/clemens33/ae-rust/target/release/ae list --json	cwd=/Users/ckriech/projects/clemens33/ae-rust/docs/migration/evidence/phase4-run/scratch/0942/home
2026-08-24T14:25:43Z	child	rc=0	/Users/ckriech/projects/clemens33/ae-rust/target/release/ae list --json
2026-08-24T14:25:43Z	child	rc=-1	/Users/ckriech/projects/clemens33/ae-rust/target/release/ae list --all	cwd=/Users/ckriech/projects/clemens33/ae-rust/docs/migration/evidence/phase4-run/scratch/0943/home
2026-08-24T14:25:43Z	child	rc=0	/Users/ckriech/projects/clemens33/ae-rust/target/release/ae list --all
2026-08-24T14:25:43Z	child	rc=-1	/Users/ckriech/projects/clemens33/ae-rust/target/release/ae list --all --json	cwd=/Users/ckriech/projects/clemens33/ae-rust/docs/migration/evidence/phase4-run/scratch/0944/home
2026-08-24T14:25:43Z	child	rc=0	/Users/ckriech/projects/clemens33/ae-rust/target/release/ae list --all --json
2026-08-24T14:25:43Z	child	rc=-1	/Users/ckriech/projects/clemens33/ae-rust/target/release/ae list	cwd=/Users/ckriech/projects/clemens33/ae-rust/docs/migration/evidence/phase4-run/scratch/0946/home
2026-08-24T14:25:43Z	child	rc=0	/Users/ckriech/projects/clemens33/ae-rust/target/release/ae list
2026-08-24T14:25:43Z	child	rc=-1	/Users/ckriech/projects/clemens33/ae-rust/target/release/ae list --json	cwd=/Users/ckriech/projects/clemens33/ae-rust/docs/migration/evidence/phase4-run/scratch/0947/home
2026-08-24T14:25:43Z	child	rc=0	/Users/ckriech/projects/clemens33/ae-rust/target/release/ae list --json
2026-08-24T14:25:43Z	child	rc=-1	/Users/ckriech/projects/clemens33/ae-rust/target/release/ae list --all	cwd=/Users/ckriech/projects/clemens33/ae-rust/docs/migration/evidence/phase4-run/scratch/0948/home
2026-08-24T14:25:43Z	child	rc=0	/Users/ckriech/projects/clemens33/ae-rust/target/release/ae list --all
2026-08-24T14:25:43Z	child	rc=-1	/Users/ckriech/projects/clemens33/ae-rust/target/release/ae list --all --json	cwd=/Users/ckriech/projects/clemens33/ae-rust/docs/migration/evidence/phase4-run/scratch/0949/home
2026-08-24T14:25:43Z	child	rc=0	/Users/ckriech/projects/clemens33/ae-rust/target/release/ae list --all --json
2026-08-24T14:25:43Z	child	rc=-1	/Users/ckriech/projects/clemens33/ae-rust/target/release/ae list	cwd=/Users/ckriech/projects/clemens33/ae-rust/docs/migration/evidence/phase4-run/scratch/0951/home
2026-08-24T14:25:43Z	child	rc=0	/Users/ckriech/projects/clemens33/ae-rust/target/release/ae list
2026-08-24T14:25:43Z	child	rc=-1	/Users/ckriech/projects/clemens33/ae-rust/target/release/ae list --json	cwd=/Users/ckriech/projects/clemens33/ae-rust/docs/migration/evidence/phase4-run/scratch/0952/home
2026-08-24T14:25:43Z	child	rc=0	/Users/ckriech/projects/clemens33/ae-rust/target/release/ae list --json
2026-08-24T14:25:43Z	child	rc=-1	/Users/ckriech/projects/clemens33/ae-rust/target/release/ae list --all	cwd=/Users/ckriech/projects/clemens33/ae-rust/docs/migration/evidence/phase4-run/scratch/0953/home
2026-08-24T14:25:43Z	child	rc=0	/Users/ckriech/projects/clemens33/ae-rust/target/release/ae list --all
2026-08-24T14:25:43Z	child	rc=-1	/Users/ckriech/projects/clemens33/ae-rust/target/release/ae list --all --json	cwd=/Users/ckriech/projects/clemens33/ae-rust/docs/migration/evidence/phase4-run/scratch/0954/home
2026-08-24T14:25:43Z	child	rc=0	/Users/ckriech/projects/clemens33/ae-rust/target/release/ae list --all --json
2026-08-24T14:25:43Z	child	rc=-1	/Users/ckriech/projects/clemens33/ae-rust/target/release/ae list	cwd=/Users/ckriech/projects/clemens33/ae-rust/docs/migration/evidence/phase4-run/scratch/0956/home
2026-08-24T14:25:43Z	child	rc=0	/Users/ckriech/projects/clemens33/ae-rust/target/release/ae list
2026-08-24T14:25:43Z	child	rc=-1	/Users/ckriech/projects/clemens33/ae-rust/target/release/ae list --json	cwd=/Users/ckriech/projects/clemens33/ae-rust/docs/migration/evidence/phase4-run/scratch/0957/home
2026-08-24T14:25:43Z	child	rc=0	/Users/ckriech/projects/clemens33/ae-rust/target/release/ae list --json
2026-08-24T14:25:43Z	child	rc=-1	/Users/ckriech/projects/clemens33/ae-rust/target/release/ae list --all	cwd=/Users/ckriech/projects/clemens33/ae-rust/docs/migration/evidence/phase4-run/scratch/0958/home
2026-08-24T14:25:43Z	child	rc=0	/Users/ckriech/projects/clemens33/ae-rust/target/release/ae list --all
2026-08-24T14:25:43Z	child	rc=-1	/Users/ckriech/projects/clemens33/ae-rust/target/release/ae list --all --json	cwd=/Users/ckriech/projects/clemens33/ae-rust/docs/migration/evidence/phase4-run/scratch/0959/home
2026-08-24T14:25:43Z	child	rc=0	/Users/ckriech/projects/clemens33/ae-rust/target/release/ae list --all --json
2026-08-24T14:25:43Z	child	rc=-1	/Users/ckriech/projects/clemens33/ae-rust/target/release/ae list	cwd=/Users/ckriech/projects/clemens33/ae-rust/docs/migration/evidence/phase4-run/scratch/0961/home
2026-08-24T14:25:43Z	child	rc=0	/Users/ckriech/projects/clemens33/ae-rust/target/release/ae list
2026-08-24T14:25:43Z	child	rc=-1	/Users/ckriech/projects/clemens33/ae-rust/target/release/ae list --json	cwd=/Users/ckriech/projects/clemens33/ae-rust/docs/migration/evidence/phase4-run/scratch/0962/home
2026-08-24T14:25:43Z	child	rc=0	/Users/ckriech/projects/clemens33/ae-rust/target/release/ae list --json
2026-08-24T14:25:43Z	child	rc=-1	/Users/ckriech/projects/clemens33/ae-rust/target/release/ae list --all	cwd=/Users/ckriech/projects/clemens33/ae-rust/docs/migration/evidence/phase4-run/scratch/0963/home
2026-08-24T14:25:43Z	child	rc=0	/Users/ckriech/projects/clemens33/ae-rust/target/release/ae list --all
2026-08-24T14:25:43Z	child	rc=-1	/Users/ckriech/projects/clemens33/ae-rust/target/release/ae list --all --json	cwd=/Users/ckriech/projects/clemens33/ae-rust/docs/migration/evidence/phase4-run/scratch/0964/home
2026-08-24T14:25:43Z	child	rc=0	/Users/ckriech/projects/clemens33/ae-rust/target/release/ae list --all --json
2026-08-24T14:25:43Z	child	rc=-1	/Users/ckriech/projects/clemens33/ae-rust/target/release/ae list	cwd=/Users/ckriech/projects/clemens33/ae-rust/docs/migration/evidence/phase4-run/scratch/0966/home
2026-08-24T14:25:43Z	child	rc=0	/Users/ckriech/projects/clemens33/ae-rust/target/release/ae list
2026-08-24T14:25:43Z	child	rc=-1	/Users/ckriech/projects/clemens33/ae-rust/target/release/ae list --json	cwd=/Users/ckriech/projects/clemens33/ae-rust/docs/migration/evidence/phase4-run/scratch/0967/home
2026-08-24T14:25:43Z	child	rc=0	/Users/ckriech/projects/clemens33/ae-rust/target/release/ae list --json
2026-08-24T14:25:43Z	child	rc=-1	/Users/ckriech/projects/clemens33/ae-rust/target/release/ae list --all	cwd=/Users/ckriech/projects/clemens33/ae-rust/docs/migration/evidence/phase4-run/scratch/0968/home
2026-08-24T14:25:43Z	child	rc=0	/Users/ckriech/projects/clemens33/ae-rust/target/release/ae list --all
2026-08-24T14:25:43Z	child	rc=-1	/Users/ckriech/projects/clemens33/ae-rust/target/release/ae list --all --json	cwd=/Users/ckriech/projects/clemens33/ae-rust/docs/migration/evidence/phase4-run/scratch/0969/home
2026-08-24T14:25:43Z	child	rc=0	/Users/ckriech/projects/clemens33/ae-rust/target/release/ae list --all --json
2026-08-24T14:25:43Z	child	rc=-1	/Users/ckriech/projects/clemens33/ae-rust/target/release/ae list	cwd=/Users/ckriech/projects/clemens33/ae-rust/docs/migration/evidence/phase4-run/scratch/0971/home
2026-08-24T14:25:43Z	child	rc=0	/Users/ckriech/projects/clemens33/ae-rust/target/release/ae list
2026-08-24T14:25:43Z	child	rc=-1	/Users/ckriech/projects/clemens33/ae-rust/target/release/ae list --json	cwd=/Users/ckriech/projects/clemens33/ae-rust/docs/migration/evidence/phase4-run/scratch/0972/home
2026-08-24T14:25:43Z	child	rc=0	/Users/ckriech/projects/clemens33/ae-rust/target/release/ae list --json
2026-08-24T14:25:43Z	child	rc=-1	/Users/ckriech/projects/clemens33/ae-rust/target/release/ae list --all	cwd=/Users/ckriech/projects/clemens33/ae-rust/docs/migration/evidence/phase4-run/scratch/0973/home
2026-08-24T14:25:43Z	child	rc=0	/Users/ckriech/projects/clemens33/ae-rust/target/release/ae list --all
2026-08-24T14:25:43Z	child	rc=-1	/Users/ckriech/projects/clemens33/ae-rust/target/release/ae list --all --json	cwd=/Users/ckriech/projects/clemens33/ae-rust/docs/migration/evidence/phase4-run/scratch/0974/home
2026-08-24T14:25:43Z	child	rc=0	/Users/ckriech/projects/clemens33/ae-rust/target/release/ae list --all --json
2026-08-24T14:25:43Z	child	rc=-1	/Users/ckriech/projects/clemens33/ae-rust/target/release/ae list	cwd=/Users/ckriech/projects/clemens33/ae-rust/docs/migration/evidence/phase4-run/scratch/0976/home
2026-08-24T14:25:43Z	child	rc=0	/Users/ckriech/projects/clemens33/ae-rust/target/release/ae list
2026-08-24T14:25:43Z	child	rc=-1	/Users/ckriech/projects/clemens33/ae-rust/target/release/ae list --json	cwd=/Users/ckriech/projects/clemens33/ae-rust/docs/migration/evidence/phase4-run/scratch/0977/home
2026-08-24T14:25:43Z	child	rc=0	/Users/ckriech/projects/clemens33/ae-rust/target/release/ae list --json
2026-08-24T14:25:43Z	child	rc=-1	/Users/ckriech/projects/clemens33/ae-rust/target/release/ae list --all	cwd=/Users/ckriech/projects/clemens33/ae-rust/docs/migration/evidence/phase4-run/scratch/0978/home
2026-08-24T14:25:43Z	child	rc=0	/Users/ckriech/projects/clemens33/ae-rust/target/release/ae list --all
2026-08-24T14:25:43Z	child	rc=-1	/Users/ckriech/projects/clemens33/ae-rust/target/release/ae list --all --json	cwd=/Users/ckriech/projects/clemens33/ae-rust/docs/migration/evidence/phase4-run/scratch/0979/home
2026-08-24T14:25:43Z	child	rc=0	/Users/ckriech/projects/clemens33/ae-rust/target/release/ae list --all --json
2026-08-24T14:25:43Z	child	rc=-1	/Users/ckriech/projects/clemens33/ae-rust/target/release/ae list	cwd=/Users/ckriech/projects/clemens33/ae-rust/docs/migration/evidence/phase4-run/scratch/0981/home
2026-08-24T14:25:43Z	child	rc=0	/Users/ckriech/projects/clemens33/ae-rust/target/release/ae list
2026-08-24T14:25:43Z	child	rc=-1	/Users/ckriech/projects/clemens33/ae-rust/target/release/ae list --json	cwd=/Users/ckriech/projects/clemens33/ae-rust/docs/migration/evidence/phase4-run/scratch/0982/home
2026-08-24T14:25:43Z	child	rc=0	/Users/ckriech/projects/clemens33/ae-rust/target/release/ae list --json
2026-08-24T14:25:43Z	child	rc=-1	/Users/ckriech/projects/clemens33/ae-rust/target/release/ae list --all	cwd=/Users/ckriech/projects/clemens33/ae-rust/docs/migration/evidence/phase4-run/scratch/0983/home
2026-08-24T14:25:43Z	child	rc=0	/Users/ckriech/projects/clemens33/ae-rust/target/release/ae list --all
2026-08-24T14:25:43Z	child	rc=-1	/Users/ckriech/projects/clemens33/ae-rust/target/release/ae list --all --json	cwd=/Users/ckriech/projects/clemens33/ae-rust/docs/migration/evidence/phase4-run/scratch/0984/home
2026-08-24T14:25:43Z	child	rc=0	/Users/ckriech/projects/clemens33/ae-rust/target/release/ae list --all --json
2026-08-24T14:25:43Z	child	rc=-1	/Users/ckriech/projects/clemens33/ae-rust/target/release/ae list	cwd=/Users/ckriech/projects/clemens33/ae-rust/docs/migration/evidence/phase4-run/scratch/0986/home
2026-08-24T14:25:43Z	child	rc=0	/Users/ckriech/projects/clemens33/ae-rust/target/release/ae list
2026-08-24T14:25:43Z	child	rc=-1	/Users/ckriech/projects/clemens33/ae-rust/target/release/ae list --json	cwd=/Users/ckriech/projects/clemens33/ae-rust/docs/migration/evidence/phase4-run/scratch/0987/home
2026-08-24T14:25:43Z	child	rc=0	/Users/ckriech/projects/clemens33/ae-rust/target/release/ae list --json
2026-08-24T14:25:44Z	child	rc=-1	/Users/ckriech/projects/clemens33/ae-rust/target/release/ae list --all	cwd=/Users/ckriech/projects/clemens33/ae-rust/docs/migration/evidence/phase4-run/scratch/0988/home
2026-08-24T14:25:44Z	child	rc=0	/Users/ckriech/projects/clemens33/ae-rust/target/release/ae list --all
2026-08-24T14:25:44Z	child	rc=-1	/Users/ckriech/projects/clemens33/ae-rust/target/release/ae list --all --json	cwd=/Users/ckriech/projects/clemens33/ae-rust/docs/migration/evidence/phase4-run/scratch/0989/home
2026-08-24T14:25:44Z	child	rc=0	/Users/ckriech/projects/clemens33/ae-rust/target/release/ae list --all --json
2026-08-24T14:25:44Z	child	rc=-1	/Users/ckriech/projects/clemens33/ae-rust/target/release/ae list	cwd=/Users/ckriech/projects/clemens33/ae-rust/docs/migration/evidence/phase4-run/scratch/0991/home
2026-08-24T14:25:44Z	child	rc=0	/Users/ckriech/projects/clemens33/ae-rust/target/release/ae list
2026-08-24T14:25:44Z	child	rc=-1	/Users/ckriech/projects/clemens33/ae-rust/target/release/ae list --json	cwd=/Users/ckriech/projects/clemens33/ae-rust/docs/migration/evidence/phase4-run/scratch/0992/home
2026-08-24T14:25:44Z	child	rc=0	/Users/ckriech/projects/clemens33/ae-rust/target/release/ae list --json
2026-08-24T14:25:44Z	child	rc=-1	/Users/ckriech/projects/clemens33/ae-rust/target/release/ae list --all	cwd=/Users/ckriech/projects/clemens33/ae-rust/docs/migration/evidence/phase4-run/scratch/0993/home
2026-08-24T14:25:44Z	child	rc=0	/Users/ckriech/projects/clemens33/ae-rust/target/release/ae list --all
2026-08-24T14:25:44Z	child	rc=-1	/Users/ckriech/projects/clemens33/ae-rust/target/release/ae list --all --json	cwd=/Users/ckriech/projects/clemens33/ae-rust/docs/migration/evidence/phase4-run/scratch/0994/home
2026-08-24T14:25:44Z	child	rc=0	/Users/ckriech/projects/clemens33/ae-rust/target/release/ae list --all --json
2026-08-24T14:25:44Z	child	rc=-1	/Users/ckriech/projects/clemens33/ae-rust/target/release/ae list	cwd=/Users/ckriech/projects/clemens33/ae-rust/docs/migration/evidence/phase4-run/scratch/0996/home
2026-08-24T14:25:44Z	child	rc=0	/Users/ckriech/projects/clemens33/ae-rust/target/release/ae list
2026-08-24T14:25:44Z	child	rc=-1	/Users/ckriech/projects/clemens33/ae-rust/target/release/ae list --json	cwd=/Users/ckriech/projects/clemens33/ae-rust/docs/migration/evidence/phase4-run/scratch/0997/home
2026-08-24T14:25:44Z	child	rc=0	/Users/ckriech/projects/clemens33/ae-rust/target/release/ae list --json
2026-08-24T14:25:44Z	child	rc=-1	/Users/ckriech/projects/clemens33/ae-rust/target/release/ae list --all	cwd=/Users/ckriech/projects/clemens33/ae-rust/docs/migration/evidence/phase4-run/scratch/0998/home
2026-08-24T14:25:44Z	child	rc=0	/Users/ckriech/projects/clemens33/ae-rust/target/release/ae list --all
2026-08-24T14:25:44Z	child	rc=-1	/Users/ckriech/projects/clemens33/ae-rust/target/release/ae list --all --json	cwd=/Users/ckriech/projects/clemens33/ae-rust/docs/migration/evidence/phase4-run/scratch/0999/home
2026-08-24T14:25:44Z	child	rc=0	/Users/ckriech/projects/clemens33/ae-rust/target/release/ae list --all --json
2026-08-24T14:25:44Z	child	rc=-1	/Users/ckriech/projects/clemens33/ae-rust/target/release/ae list	cwd=/Users/ckriech/projects/clemens33/ae-rust/docs/migration/evidence/phase4-run/scratch/1001/home
2026-08-24T14:25:44Z	child	rc=0	/Users/ckriech/projects/clemens33/ae-rust/target/release/ae list
2026-08-24T14:25:44Z	child	rc=-1	/Users/ckriech/projects/clemens33/ae-rust/target/release/ae list --json	cwd=/Users/ckriech/projects/clemens33/ae-rust/docs/migration/evidence/phase4-run/scratch/1002/home
2026-08-24T14:25:44Z	child	rc=0	/Users/ckriech/projects/clemens33/ae-rust/target/release/ae list --json
2026-08-24T14:25:44Z	child	rc=-1	/Users/ckriech/projects/clemens33/ae-rust/target/release/ae list --all	cwd=/Users/ckriech/projects/clemens33/ae-rust/docs/migration/evidence/phase4-run/scratch/1003/home
2026-08-24T14:25:44Z	child	rc=0	/Users/ckriech/projects/clemens33/ae-rust/target/release/ae list --all
2026-08-24T14:25:44Z	child	rc=-1	/Users/ckriech/projects/clemens33/ae-rust/target/release/ae list --all --json	cwd=/Users/ckriech/projects/clemens33/ae-rust/docs/migration/evidence/phase4-run/scratch/1004/home
2026-08-24T14:25:44Z	child	rc=0	/Users/ckriech/projects/clemens33/ae-rust/target/release/ae list --all --json
2026-08-24T14:25:44Z	child	rc=-1	/Users/ckriech/projects/clemens33/ae-rust/target/release/ae list	cwd=/Users/ckriech/projects/clemens33/ae-rust/docs/migration/evidence/phase4-run/scratch/1006/home
2026-08-24T14:25:44Z	child	rc=0	/Users/ckriech/projects/clemens33/ae-rust/target/release/ae list
2026-08-24T14:25:44Z	child	rc=-1	/Users/ckriech/projects/clemens33/ae-rust/target/release/ae list --json	cwd=/Users/ckriech/projects/clemens33/ae-rust/docs/migration/evidence/phase4-run/scratch/1007/home
2026-08-24T14:25:44Z	child	rc=0	/Users/ckriech/projects/clemens33/ae-rust/target/release/ae list --json
2026-08-24T14:25:44Z	child	rc=-1	/Users/ckriech/projects/clemens33/ae-rust/target/release/ae list --all	cwd=/Users/ckriech/projects/clemens33/ae-rust/docs/migration/evidence/phase4-run/scratch/1008/home
2026-08-24T14:25:44Z	child	rc=0	/Users/ckriech/projects/clemens33/ae-rust/target/release/ae list --all
2026-08-24T14:25:44Z	child	rc=-1	/Users/ckriech/projects/clemens33/ae-rust/target/release/ae list --all --json	cwd=/Users/ckriech/projects/clemens33/ae-rust/docs/migration/evidence/phase4-run/scratch/1009/home
2026-08-24T14:25:44Z	child	rc=0	/Users/ckriech/projects/clemens33/ae-rust/target/release/ae list --all --json
2026-08-24T14:25:44Z	child	rc=-1	/Users/ckriech/projects/clemens33/ae-rust/target/release/ae list	cwd=/Users/ckriech/projects/clemens33/ae-rust/docs/migration/evidence/phase4-run/scratch/1011/home
2026-08-24T14:25:44Z	child	rc=0	/Users/ckriech/projects/clemens33/ae-rust/target/release/ae list
2026-08-24T14:25:44Z	child	rc=-1	/Users/ckriech/projects/clemens33/ae-rust/target/release/ae list --json	cwd=/Users/ckriech/projects/clemens33/ae-rust/docs/migration/evidence/phase4-run/scratch/1012/home
2026-08-24T14:25:44Z	child	rc=0	/Users/ckriech/projects/clemens33/ae-rust/target/release/ae list --json
2026-08-24T14:25:44Z	child	rc=-1	/Users/ckriech/projects/clemens33/ae-rust/target/release/ae list --all	cwd=/Users/ckriech/projects/clemens33/ae-rust/docs/migration/evidence/phase4-run/scratch/1013/home
2026-08-24T14:25:44Z	child	rc=0	/Users/ckriech/projects/clemens33/ae-rust/target/release/ae list --all
2026-08-24T14:25:44Z	child	rc=-1	/Users/ckriech/projects/clemens33/ae-rust/target/release/ae list --all --json	cwd=/Users/ckriech/projects/clemens33/ae-rust/docs/migration/evidence/phase4-run/scratch/1014/home
2026-08-24T14:25:44Z	child	rc=0	/Users/ckriech/projects/clemens33/ae-rust/target/release/ae list --all --json
2026-08-24T14:25:44Z	child	rc=-1	/Users/ckriech/projects/clemens33/ae-rust/target/release/ae list	cwd=/Users/ckriech/projects/clemens33/ae-rust/docs/migration/evidence/phase4-run/scratch/1016/home
2026-08-24T14:25:44Z	child	rc=0	/Users/ckriech/projects/clemens33/ae-rust/target/release/ae list
2026-08-24T14:25:44Z	child	rc=-1	/Users/ckriech/projects/clemens33/ae-rust/target/release/ae list --json	cwd=/Users/ckriech/projects/clemens33/ae-rust/docs/migration/evidence/phase4-run/scratch/1017/home
2026-08-24T14:25:44Z	child	rc=0	/Users/ckriech/projects/clemens33/ae-rust/target/release/ae list --json
2026-08-24T14:25:44Z	child	rc=-1	/Users/ckriech/projects/clemens33/ae-rust/target/release/ae list --all	cwd=/Users/ckriech/projects/clemens33/ae-rust/docs/migration/evidence/phase4-run/scratch/1018/home
2026-08-24T14:25:44Z	child	rc=0	/Users/ckriech/projects/clemens33/ae-rust/target/release/ae list --all
2026-08-24T14:25:44Z	child	rc=-1	/Users/ckriech/projects/clemens33/ae-rust/target/release/ae list --all --json	cwd=/Users/ckriech/projects/clemens33/ae-rust/docs/migration/evidence/phase4-run/scratch/1019/home
2026-08-24T14:25:44Z	child	rc=0	/Users/ckriech/projects/clemens33/ae-rust/target/release/ae list --all --json
2026-08-24T14:25:44Z	child	rc=-1	/Users/ckriech/projects/clemens33/ae-rust/target/release/ae list	cwd=/Users/ckriech/projects/clemens33/ae-rust/docs/migration/evidence/phase4-run/scratch/1021/home
2026-08-24T14:25:44Z	child	rc=0	/Users/ckriech/projects/clemens33/ae-rust/target/release/ae list
2026-08-24T14:25:44Z	child	rc=-1	/Users/ckriech/projects/clemens33/ae-rust/target/release/ae list --json	cwd=/Users/ckriech/projects/clemens33/ae-rust/docs/migration/evidence/phase4-run/scratch/1022/home
2026-08-24T14:25:44Z	child	rc=0	/Users/ckriech/projects/clemens33/ae-rust/target/release/ae list --json
2026-08-24T14:25:44Z	child	rc=-1	/Users/ckriech/projects/clemens33/ae-rust/target/release/ae list --all	cwd=/Users/ckriech/projects/clemens33/ae-rust/docs/migration/evidence/phase4-run/scratch/1023/home
2026-08-24T14:25:44Z	child	rc=0	/Users/ckriech/projects/clemens33/ae-rust/target/release/ae list --all
2026-08-24T14:25:44Z	child	rc=-1	/Users/ckriech/projects/clemens33/ae-rust/target/release/ae list --all --json	cwd=/Users/ckriech/projects/clemens33/ae-rust/docs/migration/evidence/phase4-run/scratch/1024/home
2026-08-24T14:25:44Z	child	rc=0	/Users/ckriech/projects/clemens33/ae-rust/target/release/ae list --all --json
2026-08-24T14:25:44Z	child	rc=-1	/Users/ckriech/projects/clemens33/ae-rust/target/release/ae list	cwd=/Users/ckriech/projects/clemens33/ae-rust/docs/migration/evidence/phase4-run/scratch/1026/home
2026-08-24T14:25:44Z	child	rc=0	/Users/ckriech/projects/clemens33/ae-rust/target/release/ae list
2026-08-24T14:25:44Z	child	rc=-1	/Users/ckriech/projects/clemens33/ae-rust/target/release/ae list --json	cwd=/Users/ckriech/projects/clemens33/ae-rust/docs/migration/evidence/phase4-run/scratch/1027/home
2026-08-24T14:25:44Z	child	rc=0	/Users/ckriech/projects/clemens33/ae-rust/target/release/ae list --json
2026-08-24T14:25:44Z	child	rc=-1	/Users/ckriech/projects/clemens33/ae-rust/target/release/ae list --all	cwd=/Users/ckriech/projects/clemens33/ae-rust/docs/migration/evidence/phase4-run/scratch/1028/home
2026-08-24T14:25:44Z	child	rc=0	/Users/ckriech/projects/clemens33/ae-rust/target/release/ae list --all
2026-08-24T14:25:44Z	child	rc=-1	/Users/ckriech/projects/clemens33/ae-rust/target/release/ae list --all --json	cwd=/Users/ckriech/projects/clemens33/ae-rust/docs/migration/evidence/phase4-run/scratch/1029/home
2026-08-24T14:25:44Z	child	rc=0	/Users/ckriech/projects/clemens33/ae-rust/target/release/ae list --all --json
2026-08-24T14:25:44Z	child	rc=-1	/Users/ckriech/projects/clemens33/ae-rust/target/release/ae list	cwd=/Users/ckriech/projects/clemens33/ae-rust/docs/migration/evidence/phase4-run/scratch/1031/home
2026-08-24T14:25:44Z	child	rc=0	/Users/ckriech/projects/clemens33/ae-rust/target/release/ae list
2026-08-24T14:25:44Z	child	rc=-1	/Users/ckriech/projects/clemens33/ae-rust/target/release/ae list --json	cwd=/Users/ckriech/projects/clemens33/ae-rust/docs/migration/evidence/phase4-run/scratch/1032/home
2026-08-24T14:25:44Z	child	rc=0	/Users/ckriech/projects/clemens33/ae-rust/target/release/ae list --json
2026-08-24T14:25:44Z	child	rc=-1	/Users/ckriech/projects/clemens33/ae-rust/target/release/ae list --all	cwd=/Users/ckriech/projects/clemens33/ae-rust/docs/migration/evidence/phase4-run/scratch/1033/home
2026-08-24T14:25:44Z	child	rc=0	/Users/ckriech/projects/clemens33/ae-rust/target/release/ae list --all
2026-08-24T14:25:44Z	child	rc=-1	/Users/ckriech/projects/clemens33/ae-rust/target/release/ae list --all --json	cwd=/Users/ckriech/projects/clemens33/ae-rust/docs/migration/evidence/phase4-run/scratch/1034/home
2026-08-24T14:25:44Z	child	rc=0	/Users/ckriech/projects/clemens33/ae-rust/target/release/ae list --all --json
2026-08-24T14:25:44Z	child	rc=-1	/Users/ckriech/projects/clemens33/ae-rust/target/release/ae list	cwd=/Users/ckriech/projects/clemens33/ae-rust/docs/migration/evidence/phase4-run/scratch/1036/home
2026-08-24T14:25:44Z	child	rc=0	/Users/ckriech/projects/clemens33/ae-rust/target/release/ae list
2026-08-24T14:25:44Z	child	rc=-1	/Users/ckriech/projects/clemens33/ae-rust/target/release/ae list --json	cwd=/Users/ckriech/projects/clemens33/ae-rust/docs/migration/evidence/phase4-run/scratch/1037/home
2026-08-24T14:25:44Z	child	rc=0	/Users/ckriech/projects/clemens33/ae-rust/target/release/ae list --json
2026-08-24T14:25:44Z	child	rc=-1	/Users/ckriech/projects/clemens33/ae-rust/target/release/ae list --all	cwd=/Users/ckriech/projects/clemens33/ae-rust/docs/migration/evidence/phase4-run/scratch/1038/home
2026-08-24T14:25:44Z	child	rc=0	/Users/ckriech/projects/clemens33/ae-rust/target/release/ae list --all
2026-08-24T14:25:44Z	child	rc=-1	/Users/ckriech/projects/clemens33/ae-rust/target/release/ae list --all --json	cwd=/Users/ckriech/projects/clemens33/ae-rust/docs/migration/evidence/phase4-run/scratch/1039/home
2026-08-24T14:25:44Z	child	rc=0	/Users/ckriech/projects/clemens33/ae-rust/target/release/ae list --all --json
2026-08-24T14:25:44Z	child	rc=-1	/Users/ckriech/projects/clemens33/ae-rust/target/release/ae list	cwd=/Users/ckriech/projects/clemens33/ae-rust/docs/migration/evidence/phase4-run/scratch/1041/home
2026-08-24T14:25:44Z	child	rc=0	/Users/ckriech/projects/clemens33/ae-rust/target/release/ae list
2026-08-24T14:25:44Z	child	rc=-1	/Users/ckriech/projects/clemens33/ae-rust/target/release/ae list --json	cwd=/Users/ckriech/projects/clemens33/ae-rust/docs/migration/evidence/phase4-run/scratch/1042/home
2026-08-24T14:25:44Z	child	rc=0	/Users/ckriech/projects/clemens33/ae-rust/target/release/ae list --json
2026-08-24T14:25:44Z	child	rc=-1	/Users/ckriech/projects/clemens33/ae-rust/target/release/ae list --all	cwd=/Users/ckriech/projects/clemens33/ae-rust/docs/migration/evidence/phase4-run/scratch/1043/home
2026-08-24T14:25:44Z	child	rc=0	/Users/ckriech/projects/clemens33/ae-rust/target/release/ae list --all
2026-08-24T14:25:44Z	child	rc=-1	/Users/ckriech/projects/clemens33/ae-rust/target/release/ae list --all --json	cwd=/Users/ckriech/projects/clemens33/ae-rust/docs/migration/evidence/phase4-run/scratch/1044/home
2026-08-24T14:25:44Z	child	rc=0	/Users/ckriech/projects/clemens33/ae-rust/target/release/ae list --all --json
2026-08-24T14:25:44Z	child	rc=-1	/Users/ckriech/projects/clemens33/ae-rust/target/release/ae list	cwd=/Users/ckriech/projects/clemens33/ae-rust/docs/migration/evidence/phase4-run/scratch/1046/home
2026-08-24T14:25:44Z	child	rc=0	/Users/ckriech/projects/clemens33/ae-rust/target/release/ae list
2026-08-24T14:25:44Z	child	rc=-1	/Users/ckriech/projects/clemens33/ae-rust/target/release/ae list --json	cwd=/Users/ckriech/projects/clemens33/ae-rust/docs/migration/evidence/phase4-run/scratch/1047/home
2026-08-24T14:25:44Z	child	rc=0	/Users/ckriech/projects/clemens33/ae-rust/target/release/ae list --json
2026-08-24T14:25:44Z	child	rc=-1	/Users/ckriech/projects/clemens33/ae-rust/target/release/ae list --all	cwd=/Users/ckriech/projects/clemens33/ae-rust/docs/migration/evidence/phase4-run/scratch/1048/home
2026-08-24T14:25:44Z	child	rc=0	/Users/ckriech/projects/clemens33/ae-rust/target/release/ae list --all
2026-08-24T14:25:44Z	child	rc=-1	/Users/ckriech/projects/clemens33/ae-rust/target/release/ae list --all --json	cwd=/Users/ckriech/projects/clemens33/ae-rust/docs/migration/evidence/phase4-run/scratch/1049/home
2026-08-24T14:25:44Z	child	rc=0	/Users/ckriech/projects/clemens33/ae-rust/target/release/ae list --all --json
2026-08-24T14:25:44Z	child	rc=-1	/Users/ckriech/projects/clemens33/ae-rust/target/release/ae list	cwd=/Users/ckriech/projects/clemens33/ae-rust/docs/migration/evidence/phase4-run/scratch/1051/home
2026-08-24T14:25:44Z	child	rc=0	/Users/ckriech/projects/clemens33/ae-rust/target/release/ae list
2026-08-24T14:25:44Z	child	rc=-1	/Users/ckriech/projects/clemens33/ae-rust/target/release/ae list --json	cwd=/Users/ckriech/projects/clemens33/ae-rust/docs/migration/evidence/phase4-run/scratch/1052/home
2026-08-24T14:25:44Z	child	rc=0	/Users/ckriech/projects/clemens33/ae-rust/target/release/ae list --json
2026-08-24T14:25:44Z	child	rc=-1	/Users/ckriech/projects/clemens33/ae-rust/target/release/ae list --all	cwd=/Users/ckriech/projects/clemens33/ae-rust/docs/migration/evidence/phase4-run/scratch/1053/home
2026-08-24T14:25:44Z	child	rc=0	/Users/ckriech/projects/clemens33/ae-rust/target/release/ae list --all
2026-08-24T14:25:44Z	child	rc=-1	/Users/ckriech/projects/clemens33/ae-rust/target/release/ae list --all --json	cwd=/Users/ckriech/projects/clemens33/ae-rust/docs/migration/evidence/phase4-run/scratch/1054/home
2026-08-24T14:25:44Z	child	rc=0	/Users/ckriech/projects/clemens33/ae-rust/target/release/ae list --all --json
2026-08-24T14:25:44Z	child	rc=-1	/Users/ckriech/projects/clemens33/ae-rust/target/release/ae list --json	cwd=/Users/ckriech/projects/clemens33/ae-rust/docs/migration/evidence/phase4-run/scratch/1056/home
2026-08-24T14:25:44Z	child	rc=0	/Users/ckriech/projects/clemens33/ae-rust/target/release/ae list --json
2026-08-24T14:25:44Z	child	rc=-1	/Users/ckriech/projects/clemens33/ae-rust/target/release/ae list --json	cwd=/Users/ckriech/projects/clemens33/ae-rust/docs/migration/evidence/phase4-run/scratch/1057/home
2026-08-24T14:25:44Z	child	rc=0	/Users/ckriech/projects/clemens33/ae-rust/target/release/ae list --json
2026-08-24T14:25:44Z	child	rc=-1	/Users/ckriech/projects/clemens33/ae-rust/target/release/ae list --json	cwd=/Users/ckriech/projects/clemens33/ae-rust/docs/migration/evidence/phase4-run/scratch/1058/home
2026-08-24T14:25:44Z	child	rc=0	/Users/ckriech/projects/clemens33/ae-rust/target/release/ae list --json
2026-08-24T14:25:44Z	child	rc=-1	/Users/ckriech/projects/clemens33/ae-rust/target/release/ae list --json	cwd=/Users/ckriech/projects/clemens33/ae-rust/docs/migration/evidence/phase4-run/scratch/1059/home
2026-08-24T14:25:44Z	child	rc=0	/Users/ckriech/projects/clemens33/ae-rust/target/release/ae list --json
2026-08-24T14:25:44Z	child	rc=-1	/Users/ckriech/projects/clemens33/ae-rust/target/release/ae list --json	cwd=/Users/ckriech/projects/clemens33/ae-rust/docs/migration/evidence/phase4-run/scratch/1060/home
2026-08-24T14:25:44Z	child	rc=0	/Users/ckriech/projects/clemens33/ae-rust/target/release/ae list --json
2026-08-24T14:26:41Z	child	rc=-1	/Users/ckriech/projects/clemens33/ae-rust/target/release/ae list	cwd=/Users/ckriech/projects/clemens33/ae-rust/docs/migration/evidence/phase4-run/scratch/0001/home
2026-08-24T14:26:41Z	child	rc=0	/Users/ckriech/projects/clemens33/ae-rust/target/release/ae list
2026-08-24T14:26:41Z	child	rc=-1	/Users/ckriech/projects/clemens33/ae-rust/target/release/ae list --json	cwd=/Users/ckriech/projects/clemens33/ae-rust/docs/migration/evidence/phase4-run/scratch/0002/home
2026-08-24T14:26:41Z	child	rc=0	/Users/ckriech/projects/clemens33/ae-rust/target/release/ae list --json
2026-08-24T14:26:41Z	child	rc=-1	/Users/ckriech/projects/clemens33/ae-rust/target/release/ae list --all	cwd=/Users/ckriech/projects/clemens33/ae-rust/docs/migration/evidence/phase4-run/scratch/0003/home
2026-08-24T14:26:41Z	child	rc=0	/Users/ckriech/projects/clemens33/ae-rust/target/release/ae list --all
2026-08-24T14:26:41Z	child	rc=-1	/Users/ckriech/projects/clemens33/ae-rust/target/release/ae list --all --json	cwd=/Users/ckriech/projects/clemens33/ae-rust/docs/migration/evidence/phase4-run/scratch/0004/home
2026-08-24T14:26:41Z	child	rc=0	/Users/ckriech/projects/clemens33/ae-rust/target/release/ae list --all --json
2026-08-24T14:26:41Z	child	rc=-1	/Users/ckriech/projects/clemens33/ae-rust/target/release/ae ls	cwd=/Users/ckriech/projects/clemens33/ae-rust/docs/migration/evidence/phase4-run/scratch/0005/home
2026-08-24T14:26:41Z	child	rc=0	/Users/ckriech/projects/clemens33/ae-rust/target/release/ae ls
2026-08-24T14:26:41Z	child	rc=-1	/Users/ckriech/projects/clemens33/ae-rust/target/release/ae ls --all	cwd=/Users/ckriech/projects/clemens33/ae-rust/docs/migration/evidence/phase4-run/scratch/0006/home
2026-08-24T14:26:41Z	child	rc=0	/Users/ckriech/projects/clemens33/ae-rust/target/release/ae ls --all
2026-08-24T14:26:41Z	child	rc=-1	/Users/ckriech/projects/clemens33/ae-rust/target/release/ae list	cwd=/Users/ckriech/projects/clemens33/ae-rust/docs/migration/evidence/phase4-run/scratch/0009/home
2026-08-24T14:26:41Z	child	rc=0	/Users/ckriech/projects/clemens33/ae-rust/target/release/ae list
2026-08-24T14:26:41Z	child	rc=-1	/Users/ckriech/projects/clemens33/ae-rust/target/release/ae list --json	cwd=/Users/ckriech/projects/clemens33/ae-rust/docs/migration/evidence/phase4-run/scratch/0010/home
2026-08-24T14:26:41Z	child	rc=0	/Users/ckriech/projects/clemens33/ae-rust/target/release/ae list --json
2026-08-24T14:26:41Z	child	rc=-1	/Users/ckriech/projects/clemens33/ae-rust/target/release/ae list --all	cwd=/Users/ckriech/projects/clemens33/ae-rust/docs/migration/evidence/phase4-run/scratch/0011/home
2026-08-24T14:26:41Z	child	rc=0	/Users/ckriech/projects/clemens33/ae-rust/target/release/ae list --all
2026-08-24T14:26:41Z	child	rc=-1	/Users/ckriech/projects/clemens33/ae-rust/target/release/ae list --all --json	cwd=/Users/ckriech/projects/clemens33/ae-rust/docs/migration/evidence/phase4-run/scratch/0012/home
2026-08-24T14:26:41Z	child	rc=0	/Users/ckriech/projects/clemens33/ae-rust/target/release/ae list --all --json
2026-08-24T14:26:41Z	child	rc=-1	/Users/ckriech/projects/clemens33/ae-rust/target/release/ae ls	cwd=/Users/ckriech/projects/clemens33/ae-rust/docs/migration/evidence/phase4-run/scratch/0013/home
2026-08-24T14:26:41Z	child	rc=0	/Users/ckriech/projects/clemens33/ae-rust/target/release/ae ls
2026-08-24T14:26:41Z	child	rc=-1	/Users/ckriech/projects/clemens33/ae-rust/target/release/ae ls --all	cwd=/Users/ckriech/projects/clemens33/ae-rust/docs/migration/evidence/phase4-run/scratch/0014/home
2026-08-24T14:26:41Z	child	rc=0	/Users/ckriech/projects/clemens33/ae-rust/target/release/ae ls --all
2026-08-24T14:26:41Z	child	rc=-1	/Users/ckriech/projects/clemens33/ae-rust/target/release/ae list	cwd=/Users/ckriech/projects/clemens33/ae-rust/docs/migration/evidence/phase4-run/scratch/0017/home
2026-08-24T14:26:41Z	child	rc=0	/Users/ckriech/projects/clemens33/ae-rust/target/release/ae list
2026-08-24T14:26:42Z	child	rc=-1	/Users/ckriech/projects/clemens33/ae-rust/target/release/ae list --json	cwd=/Users/ckriech/projects/clemens33/ae-rust/docs/migration/evidence/phase4-run/scratch/0018/home
2026-08-24T14:26:42Z	child	rc=0	/Users/ckriech/projects/clemens33/ae-rust/target/release/ae list --json
2026-08-24T14:26:42Z	child	rc=-1	/Users/ckriech/projects/clemens33/ae-rust/target/release/ae list --all	cwd=/Users/ckriech/projects/clemens33/ae-rust/docs/migration/evidence/phase4-run/scratch/0019/home
2026-08-24T14:26:42Z	child	rc=0	/Users/ckriech/projects/clemens33/ae-rust/target/release/ae list --all
2026-08-24T14:26:42Z	child	rc=-1	/Users/ckriech/projects/clemens33/ae-rust/target/release/ae list --all --json	cwd=/Users/ckriech/projects/clemens33/ae-rust/docs/migration/evidence/phase4-run/scratch/0020/home
2026-08-24T14:26:42Z	child	rc=0	/Users/ckriech/projects/clemens33/ae-rust/target/release/ae list --all --json
2026-08-24T14:26:42Z	child	rc=-1	/Users/ckriech/projects/clemens33/ae-rust/target/release/ae ls	cwd=/Users/ckriech/projects/clemens33/ae-rust/docs/migration/evidence/phase4-run/scratch/0021/home
2026-08-24T14:26:42Z	child	rc=0	/Users/ckriech/projects/clemens33/ae-rust/target/release/ae ls
2026-08-24T14:26:42Z	child	rc=-1	/Users/ckriech/projects/clemens33/ae-rust/target/release/ae ls --all	cwd=/Users/ckriech/projects/clemens33/ae-rust/docs/migration/evidence/phase4-run/scratch/0022/home
2026-08-24T14:26:42Z	child	rc=0	/Users/ckriech/projects/clemens33/ae-rust/target/release/ae ls --all
2026-08-24T14:26:42Z	child	rc=-1	/Users/ckriech/projects/clemens33/ae-rust/target/release/ae list	cwd=/Users/ckriech/projects/clemens33/ae-rust/docs/migration/evidence/phase4-run/scratch/0025/home
2026-08-24T14:26:42Z	child	rc=0	/Users/ckriech/projects/clemens33/ae-rust/target/release/ae list
2026-08-24T14:26:42Z	child	rc=-1	/Users/ckriech/projects/clemens33/ae-rust/target/release/ae list --json	cwd=/Users/ckriech/projects/clemens33/ae-rust/docs/migration/evidence/phase4-run/scratch/0026/home
2026-08-24T14:26:42Z	child	rc=0	/Users/ckriech/projects/clemens33/ae-rust/target/release/ae list --json
2026-08-24T14:26:42Z	child	rc=-1	/Users/ckriech/projects/clemens33/ae-rust/target/release/ae list --all	cwd=/Users/ckriech/projects/clemens33/ae-rust/docs/migration/evidence/phase4-run/scratch/0027/home
2026-08-24T14:26:42Z	child	rc=0	/Users/ckriech/projects/clemens33/ae-rust/target/release/ae list --all
2026-08-24T14:26:42Z	child	rc=-1	/Users/ckriech/projects/clemens33/ae-rust/target/release/ae list --all --json	cwd=/Users/ckriech/projects/clemens33/ae-rust/docs/migration/evidence/phase4-run/scratch/0028/home
2026-08-24T14:26:42Z	child	rc=0	/Users/ckriech/projects/clemens33/ae-rust/target/release/ae list --all --json
2026-08-24T14:26:42Z	child	rc=-1	/Users/ckriech/projects/clemens33/ae-rust/target/release/ae ls	cwd=/Users/ckriech/projects/clemens33/ae-rust/docs/migration/evidence/phase4-run/scratch/0029/home
2026-08-24T14:26:42Z	child	rc=0	/Users/ckriech/projects/clemens33/ae-rust/target/release/ae ls
2026-08-24T14:26:42Z	child	rc=-1	/Users/ckriech/projects/clemens33/ae-rust/target/release/ae ls --all	cwd=/Users/ckriech/projects/clemens33/ae-rust/docs/migration/evidence/phase4-run/scratch/0030/home
2026-08-24T14:26:42Z	child	rc=0	/Users/ckriech/projects/clemens33/ae-rust/target/release/ae ls --all
2026-08-24T14:26:42Z	child	rc=-1	/Users/ckriech/projects/clemens33/ae-rust/target/release/ae list	cwd=/Users/ckriech/projects/clemens33/ae-rust/docs/migration/evidence/phase4-run/scratch/0033/home
2026-08-24T14:26:42Z	child	rc=0	/Users/ckriech/projects/clemens33/ae-rust/target/release/ae list
2026-08-24T14:26:42Z	child	rc=-1	/Users/ckriech/projects/clemens33/ae-rust/target/release/ae list --json	cwd=/Users/ckriech/projects/clemens33/ae-rust/docs/migration/evidence/phase4-run/scratch/0034/home
2026-08-24T14:26:42Z	child	rc=0	/Users/ckriech/projects/clemens33/ae-rust/target/release/ae list --json
2026-08-24T14:26:42Z	child	rc=-1	/Users/ckriech/projects/clemens33/ae-rust/target/release/ae list --all	cwd=/Users/ckriech/projects/clemens33/ae-rust/docs/migration/evidence/phase4-run/scratch/0035/home
2026-08-24T14:26:42Z	child	rc=0	/Users/ckriech/projects/clemens33/ae-rust/target/release/ae list --all
2026-08-24T14:26:42Z	child	rc=-1	/Users/ckriech/projects/clemens33/ae-rust/target/release/ae list --all --json	cwd=/Users/ckriech/projects/clemens33/ae-rust/docs/migration/evidence/phase4-run/scratch/0036/home
2026-08-24T14:26:42Z	child	rc=0	/Users/ckriech/projects/clemens33/ae-rust/target/release/ae list --all --json
2026-08-24T14:26:42Z	child	rc=-1	/Users/ckriech/projects/clemens33/ae-rust/target/release/ae ls	cwd=/Users/ckriech/projects/clemens33/ae-rust/docs/migration/evidence/phase4-run/scratch/0037/home
2026-08-24T14:26:42Z	child	rc=0	/Users/ckriech/projects/clemens33/ae-rust/target/release/ae ls
2026-08-24T14:26:42Z	child	rc=-1	/Users/ckriech/projects/clemens33/ae-rust/target/release/ae ls --all	cwd=/Users/ckriech/projects/clemens33/ae-rust/docs/migration/evidence/phase4-run/scratch/0038/home
2026-08-24T14:26:42Z	child	rc=0	/Users/ckriech/projects/clemens33/ae-rust/target/release/ae ls --all
2026-08-24T14:26:42Z	child	rc=-1	/Users/ckriech/projects/clemens33/ae-rust/target/release/ae list	cwd=/Users/ckriech/projects/clemens33/ae-rust/docs/migration/evidence/phase4-run/scratch/0041/home
2026-08-24T14:26:42Z	child	rc=0	/Users/ckriech/projects/clemens33/ae-rust/target/release/ae list
2026-08-24T14:26:42Z	child	rc=-1	/Users/ckriech/projects/clemens33/ae-rust/target/release/ae list --json	cwd=/Users/ckriech/projects/clemens33/ae-rust/docs/migration/evidence/phase4-run/scratch/0042/home
2026-08-24T14:26:42Z	child	rc=0	/Users/ckriech/projects/clemens33/ae-rust/target/release/ae list --json
2026-08-24T14:26:42Z	child	rc=-1	/Users/ckriech/projects/clemens33/ae-rust/target/release/ae list --all	cwd=/Users/ckriech/projects/clemens33/ae-rust/docs/migration/evidence/phase4-run/scratch/0043/home
2026-08-24T14:26:42Z	child	rc=0	/Users/ckriech/projects/clemens33/ae-rust/target/release/ae list --all
2026-08-24T14:26:42Z	child	rc=-1	/Users/ckriech/projects/clemens33/ae-rust/target/release/ae list --all --json	cwd=/Users/ckriech/projects/clemens33/ae-rust/docs/migration/evidence/phase4-run/scratch/0044/home
2026-08-24T14:26:42Z	child	rc=0	/Users/ckriech/projects/clemens33/ae-rust/target/release/ae list --all --json
2026-08-24T14:26:42Z	child	rc=-1	/Users/ckriech/projects/clemens33/ae-rust/target/release/ae ls	cwd=/Users/ckriech/projects/clemens33/ae-rust/docs/migration/evidence/phase4-run/scratch/0045/home
2026-08-24T14:26:42Z	child	rc=0	/Users/ckriech/projects/clemens33/ae-rust/target/release/ae ls
2026-08-24T14:26:42Z	child	rc=-1	/Users/ckriech/projects/clemens33/ae-rust/target/release/ae ls --all	cwd=/Users/ckriech/projects/clemens33/ae-rust/docs/migration/evidence/phase4-run/scratch/0046/home
2026-08-24T14:26:42Z	child	rc=0	/Users/ckriech/projects/clemens33/ae-rust/target/release/ae ls --all
2026-08-24T14:26:42Z	child	rc=-1	/Users/ckriech/projects/clemens33/ae-rust/target/release/ae list	cwd=/Users/ckriech/projects/clemens33/ae-rust/docs/migration/evidence/phase4-run/scratch/0049/home
2026-08-24T14:26:42Z	child	rc=0	/Users/ckriech/projects/clemens33/ae-rust/target/release/ae list
2026-08-24T14:26:42Z	child	rc=-1	/Users/ckriech/projects/clemens33/ae-rust/target/release/ae list --json	cwd=/Users/ckriech/projects/clemens33/ae-rust/docs/migration/evidence/phase4-run/scratch/0050/home
2026-08-24T14:26:42Z	child	rc=0	/Users/ckriech/projects/clemens33/ae-rust/target/release/ae list --json
2026-08-24T14:26:42Z	child	rc=-1	/Users/ckriech/projects/clemens33/ae-rust/target/release/ae list --all	cwd=/Users/ckriech/projects/clemens33/ae-rust/docs/migration/evidence/phase4-run/scratch/0051/home
2026-08-24T14:26:42Z	child	rc=0	/Users/ckriech/projects/clemens33/ae-rust/target/release/ae list --all
2026-08-24T14:26:42Z	child	rc=-1	/Users/ckriech/projects/clemens33/ae-rust/target/release/ae list --all --json	cwd=/Users/ckriech/projects/clemens33/ae-rust/docs/migration/evidence/phase4-run/scratch/0052/home
2026-08-24T14:26:42Z	child	rc=0	/Users/ckriech/projects/clemens33/ae-rust/target/release/ae list --all --json
2026-08-24T14:26:42Z	child	rc=-1	/Users/ckriech/projects/clemens33/ae-rust/target/release/ae ls	cwd=/Users/ckriech/projects/clemens33/ae-rust/docs/migration/evidence/phase4-run/scratch/0053/home
2026-08-24T14:26:42Z	child	rc=0	/Users/ckriech/projects/clemens33/ae-rust/target/release/ae ls
2026-08-24T14:26:42Z	child	rc=-1	/Users/ckriech/projects/clemens33/ae-rust/target/release/ae ls --all	cwd=/Users/ckriech/projects/clemens33/ae-rust/docs/migration/evidence/phase4-run/scratch/0054/home
2026-08-24T14:26:42Z	child	rc=0	/Users/ckriech/projects/clemens33/ae-rust/target/release/ae ls --all
2026-08-24T14:26:42Z	child	rc=-1	/Users/ckriech/projects/clemens33/ae-rust/target/release/ae list	cwd=/Users/ckriech/projects/clemens33/ae-rust/docs/migration/evidence/phase4-run/scratch/0057/home
2026-08-24T14:26:42Z	child	rc=0	/Users/ckriech/projects/clemens33/ae-rust/target/release/ae list
2026-08-24T14:26:42Z	child	rc=-1	/Users/ckriech/projects/clemens33/ae-rust/target/release/ae list --json	cwd=/Users/ckriech/projects/clemens33/ae-rust/docs/migration/evidence/phase4-run/scratch/0058/home
2026-08-24T14:26:42Z	child	rc=0	/Users/ckriech/projects/clemens33/ae-rust/target/release/ae list --json
2026-08-24T14:26:42Z	child	rc=-1	/Users/ckriech/projects/clemens33/ae-rust/target/release/ae list --all	cwd=/Users/ckriech/projects/clemens33/ae-rust/docs/migration/evidence/phase4-run/scratch/0059/home
2026-08-24T14:26:42Z	child	rc=0	/Users/ckriech/projects/clemens33/ae-rust/target/release/ae list --all
2026-08-24T14:26:42Z	child	rc=-1	/Users/ckriech/projects/clemens33/ae-rust/target/release/ae list --all --json	cwd=/Users/ckriech/projects/clemens33/ae-rust/docs/migration/evidence/phase4-run/scratch/0060/home
2026-08-24T14:26:42Z	child	rc=0	/Users/ckriech/projects/clemens33/ae-rust/target/release/ae list --all --json
2026-08-24T14:26:42Z	child	rc=-1	/Users/ckriech/projects/clemens33/ae-rust/target/release/ae ls	cwd=/Users/ckriech/projects/clemens33/ae-rust/docs/migration/evidence/phase4-run/scratch/0061/home
2026-08-24T14:26:42Z	child	rc=0	/Users/ckriech/projects/clemens33/ae-rust/target/release/ae ls
2026-08-24T14:26:42Z	child	rc=-1	/Users/ckriech/projects/clemens33/ae-rust/target/release/ae ls --all	cwd=/Users/ckriech/projects/clemens33/ae-rust/docs/migration/evidence/phase4-run/scratch/0062/home
2026-08-24T14:26:42Z	child	rc=0	/Users/ckriech/projects/clemens33/ae-rust/target/release/ae ls --all
2026-08-24T14:26:42Z	child	rc=-1	/Users/ckriech/projects/clemens33/ae-rust/target/release/ae list	cwd=/Users/ckriech/projects/clemens33/ae-rust/docs/migration/evidence/phase4-run/scratch/0065/home
2026-08-24T14:26:42Z	child	rc=0	/Users/ckriech/projects/clemens33/ae-rust/target/release/ae list
2026-08-24T14:26:42Z	child	rc=-1	/Users/ckriech/projects/clemens33/ae-rust/target/release/ae list --json	cwd=/Users/ckriech/projects/clemens33/ae-rust/docs/migration/evidence/phase4-run/scratch/0066/home
2026-08-24T14:26:42Z	child	rc=0	/Users/ckriech/projects/clemens33/ae-rust/target/release/ae list --json
2026-08-24T14:26:42Z	child	rc=-1	/Users/ckriech/projects/clemens33/ae-rust/target/release/ae list --all	cwd=/Users/ckriech/projects/clemens33/ae-rust/docs/migration/evidence/phase4-run/scratch/0067/home
2026-08-24T14:26:42Z	child	rc=0	/Users/ckriech/projects/clemens33/ae-rust/target/release/ae list --all
2026-08-24T14:26:42Z	child	rc=-1	/Users/ckriech/projects/clemens33/ae-rust/target/release/ae list --all --json	cwd=/Users/ckriech/projects/clemens33/ae-rust/docs/migration/evidence/phase4-run/scratch/0068/home
2026-08-24T14:26:42Z	child	rc=0	/Users/ckriech/projects/clemens33/ae-rust/target/release/ae list --all --json
2026-08-24T14:26:42Z	child	rc=-1	/Users/ckriech/projects/clemens33/ae-rust/target/release/ae ls	cwd=/Users/ckriech/projects/clemens33/ae-rust/docs/migration/evidence/phase4-run/scratch/0069/home
2026-08-24T14:26:42Z	child	rc=0	/Users/ckriech/projects/clemens33/ae-rust/target/release/ae ls
2026-08-24T14:26:42Z	child	rc=-1	/Users/ckriech/projects/clemens33/ae-rust/target/release/ae ls --all	cwd=/Users/ckriech/projects/clemens33/ae-rust/docs/migration/evidence/phase4-run/scratch/0070/home
2026-08-24T14:26:42Z	child	rc=0	/Users/ckriech/projects/clemens33/ae-rust/target/release/ae ls --all
2026-08-24T14:26:42Z	child	rc=-1	/Users/ckriech/projects/clemens33/ae-rust/target/release/ae list	cwd=/Users/ckriech/projects/clemens33/ae-rust/docs/migration/evidence/phase4-run/scratch/0073/home
2026-08-24T14:26:42Z	child	rc=0	/Users/ckriech/projects/clemens33/ae-rust/target/release/ae list
2026-08-24T14:26:42Z	child	rc=-1	/Users/ckriech/projects/clemens33/ae-rust/target/release/ae list --json	cwd=/Users/ckriech/projects/clemens33/ae-rust/docs/migration/evidence/phase4-run/scratch/0074/home
2026-08-24T14:26:42Z	child	rc=0	/Users/ckriech/projects/clemens33/ae-rust/target/release/ae list --json
2026-08-24T14:26:42Z	child	rc=-1	/Users/ckriech/projects/clemens33/ae-rust/target/release/ae list --all	cwd=/Users/ckriech/projects/clemens33/ae-rust/docs/migration/evidence/phase4-run/scratch/0075/home
2026-08-24T14:26:42Z	child	rc=0	/Users/ckriech/projects/clemens33/ae-rust/target/release/ae list --all
2026-08-24T14:26:42Z	child	rc=-1	/Users/ckriech/projects/clemens33/ae-rust/target/release/ae list --all --json	cwd=/Users/ckriech/projects/clemens33/ae-rust/docs/migration/evidence/phase4-run/scratch/0076/home
2026-08-24T14:26:42Z	child	rc=0	/Users/ckriech/projects/clemens33/ae-rust/target/release/ae list --all --json
2026-08-24T14:26:42Z	child	rc=-1	/Users/ckriech/projects/clemens33/ae-rust/target/release/ae ls	cwd=/Users/ckriech/projects/clemens33/ae-rust/docs/migration/evidence/phase4-run/scratch/0077/home
2026-08-24T14:26:42Z	child	rc=0	/Users/ckriech/projects/clemens33/ae-rust/target/release/ae ls
2026-08-24T14:26:42Z	child	rc=-1	/Users/ckriech/projects/clemens33/ae-rust/target/release/ae ls --all	cwd=/Users/ckriech/projects/clemens33/ae-rust/docs/migration/evidence/phase4-run/scratch/0078/home
2026-08-24T14:26:42Z	child	rc=0	/Users/ckriech/projects/clemens33/ae-rust/target/release/ae ls --all
2026-08-24T14:26:42Z	child	rc=-1	/Users/ckriech/projects/clemens33/ae-rust/target/release/ae list	cwd=/Users/ckriech/projects/clemens33/ae-rust/docs/migration/evidence/phase4-run/scratch/0081/home
2026-08-24T14:26:42Z	child	rc=0	/Users/ckriech/projects/clemens33/ae-rust/target/release/ae list
2026-08-24T14:26:42Z	child	rc=-1	/Users/ckriech/projects/clemens33/ae-rust/target/release/ae list --json	cwd=/Users/ckriech/projects/clemens33/ae-rust/docs/migration/evidence/phase4-run/scratch/0082/home
2026-08-24T14:26:42Z	child	rc=0	/Users/ckriech/projects/clemens33/ae-rust/target/release/ae list --json
2026-08-24T14:26:42Z	child	rc=-1	/Users/ckriech/projects/clemens33/ae-rust/target/release/ae list --all	cwd=/Users/ckriech/projects/clemens33/ae-rust/docs/migration/evidence/phase4-run/scratch/0083/home
2026-08-24T14:26:42Z	child	rc=0	/Users/ckriech/projects/clemens33/ae-rust/target/release/ae list --all
2026-08-24T14:26:42Z	child	rc=-1	/Users/ckriech/projects/clemens33/ae-rust/target/release/ae list --all --json	cwd=/Users/ckriech/projects/clemens33/ae-rust/docs/migration/evidence/phase4-run/scratch/0084/home
2026-08-24T14:26:42Z	child	rc=0	/Users/ckriech/projects/clemens33/ae-rust/target/release/ae list --all --json
2026-08-24T14:26:42Z	child	rc=-1	/Users/ckriech/projects/clemens33/ae-rust/target/release/ae ls	cwd=/Users/ckriech/projects/clemens33/ae-rust/docs/migration/evidence/phase4-run/scratch/0085/home
2026-08-24T14:26:42Z	child	rc=0	/Users/ckriech/projects/clemens33/ae-rust/target/release/ae ls
2026-08-24T14:26:42Z	child	rc=-1	/Users/ckriech/projects/clemens33/ae-rust/target/release/ae ls --all	cwd=/Users/ckriech/projects/clemens33/ae-rust/docs/migration/evidence/phase4-run/scratch/0086/home
2026-08-24T14:26:43Z	child	rc=0	/Users/ckriech/projects/clemens33/ae-rust/target/release/ae ls --all
2026-08-24T14:26:43Z	child	rc=-1	/Users/ckriech/projects/clemens33/ae-rust/target/release/ae list	cwd=/Users/ckriech/projects/clemens33/ae-rust/docs/migration/evidence/phase4-run/scratch/0089/home
2026-08-24T14:26:43Z	child	rc=0	/Users/ckriech/projects/clemens33/ae-rust/target/release/ae list
2026-08-24T14:26:43Z	child	rc=-1	/Users/ckriech/projects/clemens33/ae-rust/target/release/ae list --json	cwd=/Users/ckriech/projects/clemens33/ae-rust/docs/migration/evidence/phase4-run/scratch/0090/home
2026-08-24T14:26:43Z	child	rc=0	/Users/ckriech/projects/clemens33/ae-rust/target/release/ae list --json
2026-08-24T14:26:43Z	child	rc=-1	/Users/ckriech/projects/clemens33/ae-rust/target/release/ae list --all	cwd=/Users/ckriech/projects/clemens33/ae-rust/docs/migration/evidence/phase4-run/scratch/0091/home
2026-08-24T14:26:43Z	child	rc=0	/Users/ckriech/projects/clemens33/ae-rust/target/release/ae list --all
2026-08-24T14:26:43Z	child	rc=-1	/Users/ckriech/projects/clemens33/ae-rust/target/release/ae list --all --json	cwd=/Users/ckriech/projects/clemens33/ae-rust/docs/migration/evidence/phase4-run/scratch/0092/home
2026-08-24T14:26:43Z	child	rc=0	/Users/ckriech/projects/clemens33/ae-rust/target/release/ae list --all --json
2026-08-24T14:26:43Z	child	rc=-1	/Users/ckriech/projects/clemens33/ae-rust/target/release/ae ls	cwd=/Users/ckriech/projects/clemens33/ae-rust/docs/migration/evidence/phase4-run/scratch/0093/home
2026-08-24T14:26:43Z	child	rc=0	/Users/ckriech/projects/clemens33/ae-rust/target/release/ae ls
2026-08-24T14:26:43Z	child	rc=-1	/Users/ckriech/projects/clemens33/ae-rust/target/release/ae ls --all	cwd=/Users/ckriech/projects/clemens33/ae-rust/docs/migration/evidence/phase4-run/scratch/0094/home
2026-08-24T14:26:43Z	child	rc=0	/Users/ckriech/projects/clemens33/ae-rust/target/release/ae ls --all
2026-08-24T14:26:43Z	child	rc=-1	/Users/ckriech/projects/clemens33/ae-rust/target/release/ae list	cwd=/Users/ckriech/projects/clemens33/ae-rust/docs/migration/evidence/phase4-run/scratch/0097/home
2026-08-24T14:26:43Z	child	rc=0	/Users/ckriech/projects/clemens33/ae-rust/target/release/ae list
2026-08-24T14:26:43Z	child	rc=-1	/Users/ckriech/projects/clemens33/ae-rust/target/release/ae list --json	cwd=/Users/ckriech/projects/clemens33/ae-rust/docs/migration/evidence/phase4-run/scratch/0098/home
2026-08-24T14:26:43Z	child	rc=0	/Users/ckriech/projects/clemens33/ae-rust/target/release/ae list --json
2026-08-24T14:26:43Z	child	rc=-1	/Users/ckriech/projects/clemens33/ae-rust/target/release/ae list --all	cwd=/Users/ckriech/projects/clemens33/ae-rust/docs/migration/evidence/phase4-run/scratch/0099/home
2026-08-24T14:26:43Z	child	rc=0	/Users/ckriech/projects/clemens33/ae-rust/target/release/ae list --all
2026-08-24T14:26:43Z	child	rc=-1	/Users/ckriech/projects/clemens33/ae-rust/target/release/ae list --all --json	cwd=/Users/ckriech/projects/clemens33/ae-rust/docs/migration/evidence/phase4-run/scratch/0100/home
2026-08-24T14:26:43Z	child	rc=0	/Users/ckriech/projects/clemens33/ae-rust/target/release/ae list --all --json
2026-08-24T14:26:43Z	child	rc=-1	/Users/ckriech/projects/clemens33/ae-rust/target/release/ae ls	cwd=/Users/ckriech/projects/clemens33/ae-rust/docs/migration/evidence/phase4-run/scratch/0101/home
2026-08-24T14:26:43Z	child	rc=0	/Users/ckriech/projects/clemens33/ae-rust/target/release/ae ls
2026-08-24T14:26:43Z	child	rc=-1	/Users/ckriech/projects/clemens33/ae-rust/target/release/ae ls --all	cwd=/Users/ckriech/projects/clemens33/ae-rust/docs/migration/evidence/phase4-run/scratch/0102/home
2026-08-24T14:26:43Z	child	rc=0	/Users/ckriech/projects/clemens33/ae-rust/target/release/ae ls --all
2026-08-24T14:26:43Z	child	rc=-1	/Users/ckriech/projects/clemens33/ae-rust/target/release/ae list	cwd=/Users/ckriech/projects/clemens33/ae-rust/docs/migration/evidence/phase4-run/scratch/0105/home
2026-08-24T14:26:43Z	child	rc=0	/Users/ckriech/projects/clemens33/ae-rust/target/release/ae list
2026-08-24T14:26:43Z	child	rc=-1	/Users/ckriech/projects/clemens33/ae-rust/target/release/ae list --json	cwd=/Users/ckriech/projects/clemens33/ae-rust/docs/migration/evidence/phase4-run/scratch/0106/home
2026-08-24T14:26:43Z	child	rc=0	/Users/ckriech/projects/clemens33/ae-rust/target/release/ae list --json
2026-08-24T14:26:43Z	child	rc=-1	/Users/ckriech/projects/clemens33/ae-rust/target/release/ae list --all	cwd=/Users/ckriech/projects/clemens33/ae-rust/docs/migration/evidence/phase4-run/scratch/0107/home
2026-08-24T14:26:43Z	child	rc=0	/Users/ckriech/projects/clemens33/ae-rust/target/release/ae list --all
2026-08-24T14:26:43Z	child	rc=-1	/Users/ckriech/projects/clemens33/ae-rust/target/release/ae list --all --json	cwd=/Users/ckriech/projects/clemens33/ae-rust/docs/migration/evidence/phase4-run/scratch/0108/home
2026-08-24T14:26:43Z	child	rc=0	/Users/ckriech/projects/clemens33/ae-rust/target/release/ae list --all --json
2026-08-24T14:26:43Z	child	rc=-1	/Users/ckriech/projects/clemens33/ae-rust/target/release/ae ls	cwd=/Users/ckriech/projects/clemens33/ae-rust/docs/migration/evidence/phase4-run/scratch/0109/home
2026-08-24T14:26:43Z	child	rc=0	/Users/ckriech/projects/clemens33/ae-rust/target/release/ae ls
2026-08-24T14:26:43Z	child	rc=-1	/Users/ckriech/projects/clemens33/ae-rust/target/release/ae ls --all	cwd=/Users/ckriech/projects/clemens33/ae-rust/docs/migration/evidence/phase4-run/scratch/0110/home
2026-08-24T14:26:43Z	child	rc=0	/Users/ckriech/projects/clemens33/ae-rust/target/release/ae ls --all
2026-08-24T14:26:43Z	child	rc=-1	/Users/ckriech/projects/clemens33/ae-rust/target/release/ae list	cwd=/Users/ckriech/projects/clemens33/ae-rust/docs/migration/evidence/phase4-run/scratch/0113/home
2026-08-24T14:26:43Z	child	rc=0	/Users/ckriech/projects/clemens33/ae-rust/target/release/ae list
2026-08-24T14:26:43Z	child	rc=-1	/Users/ckriech/projects/clemens33/ae-rust/target/release/ae list --json	cwd=/Users/ckriech/projects/clemens33/ae-rust/docs/migration/evidence/phase4-run/scratch/0114/home
2026-08-24T14:26:43Z	child	rc=0	/Users/ckriech/projects/clemens33/ae-rust/target/release/ae list --json
2026-08-24T14:26:43Z	child	rc=-1	/Users/ckriech/projects/clemens33/ae-rust/target/release/ae list --all	cwd=/Users/ckriech/projects/clemens33/ae-rust/docs/migration/evidence/phase4-run/scratch/0115/home
2026-08-24T14:26:43Z	child	rc=0	/Users/ckriech/projects/clemens33/ae-rust/target/release/ae list --all
2026-08-24T14:26:43Z	child	rc=-1	/Users/ckriech/projects/clemens33/ae-rust/target/release/ae list --all --json	cwd=/Users/ckriech/projects/clemens33/ae-rust/docs/migration/evidence/phase4-run/scratch/0116/home
2026-08-24T14:26:43Z	child	rc=0	/Users/ckriech/projects/clemens33/ae-rust/target/release/ae list --all --json
2026-08-24T14:26:43Z	child	rc=-1	/Users/ckriech/projects/clemens33/ae-rust/target/release/ae ls	cwd=/Users/ckriech/projects/clemens33/ae-rust/docs/migration/evidence/phase4-run/scratch/0117/home
2026-08-24T14:26:43Z	child	rc=0	/Users/ckriech/projects/clemens33/ae-rust/target/release/ae ls
2026-08-24T14:26:43Z	child	rc=-1	/Users/ckriech/projects/clemens33/ae-rust/target/release/ae ls --all	cwd=/Users/ckriech/projects/clemens33/ae-rust/docs/migration/evidence/phase4-run/scratch/0118/home
2026-08-24T14:26:43Z	child	rc=0	/Users/ckriech/projects/clemens33/ae-rust/target/release/ae ls --all
2026-08-24T14:26:43Z	child	rc=-1	/Users/ckriech/projects/clemens33/ae-rust/target/release/ae list	cwd=/Users/ckriech/projects/clemens33/ae-rust/docs/migration/evidence/phase4-run/scratch/0121/home
2026-08-24T14:26:43Z	child	rc=0	/Users/ckriech/projects/clemens33/ae-rust/target/release/ae list
2026-08-24T14:26:43Z	child	rc=-1	/Users/ckriech/projects/clemens33/ae-rust/target/release/ae list --json	cwd=/Users/ckriech/projects/clemens33/ae-rust/docs/migration/evidence/phase4-run/scratch/0122/home
2026-08-24T14:26:43Z	child	rc=0	/Users/ckriech/projects/clemens33/ae-rust/target/release/ae list --json
2026-08-24T14:26:43Z	child	rc=-1	/Users/ckriech/projects/clemens33/ae-rust/target/release/ae list --all	cwd=/Users/ckriech/projects/clemens33/ae-rust/docs/migration/evidence/phase4-run/scratch/0123/home
2026-08-24T14:26:43Z	child	rc=0	/Users/ckriech/projects/clemens33/ae-rust/target/release/ae list --all
2026-08-24T14:26:43Z	child	rc=-1	/Users/ckriech/projects/clemens33/ae-rust/target/release/ae list --all --json	cwd=/Users/ckriech/projects/clemens33/ae-rust/docs/migration/evidence/phase4-run/scratch/0124/home
2026-08-24T14:26:43Z	child	rc=0	/Users/ckriech/projects/clemens33/ae-rust/target/release/ae list --all --json
2026-08-24T14:26:43Z	child	rc=-1	/Users/ckriech/projects/clemens33/ae-rust/target/release/ae ls	cwd=/Users/ckriech/projects/clemens33/ae-rust/docs/migration/evidence/phase4-run/scratch/0125/home
2026-08-24T14:26:43Z	child	rc=0	/Users/ckriech/projects/clemens33/ae-rust/target/release/ae ls
2026-08-24T14:26:43Z	child	rc=-1	/Users/ckriech/projects/clemens33/ae-rust/target/release/ae ls --all	cwd=/Users/ckriech/projects/clemens33/ae-rust/docs/migration/evidence/phase4-run/scratch/0126/home
2026-08-24T14:26:43Z	child	rc=0	/Users/ckriech/projects/clemens33/ae-rust/target/release/ae ls --all
2026-08-24T14:26:43Z	child	rc=-1	/Users/ckriech/projects/clemens33/ae-rust/target/release/ae list	cwd=/Users/ckriech/projects/clemens33/ae-rust/docs/migration/evidence/phase4-run/scratch/0129/home
2026-08-24T14:26:43Z	child	rc=0	/Users/ckriech/projects/clemens33/ae-rust/target/release/ae list
2026-08-24T14:26:43Z	child	rc=-1	/Users/ckriech/projects/clemens33/ae-rust/target/release/ae list --json	cwd=/Users/ckriech/projects/clemens33/ae-rust/docs/migration/evidence/phase4-run/scratch/0130/home
2026-08-24T14:26:43Z	child	rc=0	/Users/ckriech/projects/clemens33/ae-rust/target/release/ae list --json
2026-08-24T14:26:43Z	child	rc=-1	/Users/ckriech/projects/clemens33/ae-rust/target/release/ae list --all	cwd=/Users/ckriech/projects/clemens33/ae-rust/docs/migration/evidence/phase4-run/scratch/0131/home
2026-08-24T14:26:43Z	child	rc=0	/Users/ckriech/projects/clemens33/ae-rust/target/release/ae list --all
2026-08-24T14:26:43Z	child	rc=-1	/Users/ckriech/projects/clemens33/ae-rust/target/release/ae list --all --json	cwd=/Users/ckriech/projects/clemens33/ae-rust/docs/migration/evidence/phase4-run/scratch/0132/home
2026-08-24T14:26:43Z	child	rc=0	/Users/ckriech/projects/clemens33/ae-rust/target/release/ae list --all --json
2026-08-24T14:26:43Z	child	rc=-1	/Users/ckriech/projects/clemens33/ae-rust/target/release/ae ls	cwd=/Users/ckriech/projects/clemens33/ae-rust/docs/migration/evidence/phase4-run/scratch/0133/home
2026-08-24T14:26:43Z	child	rc=0	/Users/ckriech/projects/clemens33/ae-rust/target/release/ae ls
2026-08-24T14:26:43Z	child	rc=-1	/Users/ckriech/projects/clemens33/ae-rust/target/release/ae ls --all	cwd=/Users/ckriech/projects/clemens33/ae-rust/docs/migration/evidence/phase4-run/scratch/0134/home
2026-08-24T14:26:43Z	child	rc=0	/Users/ckriech/projects/clemens33/ae-rust/target/release/ae ls --all
2026-08-24T14:26:43Z	child	rc=-1	/Users/ckriech/projects/clemens33/ae-rust/target/release/ae list	cwd=/Users/ckriech/projects/clemens33/ae-rust/docs/migration/evidence/phase4-run/scratch/0137/home
2026-08-24T14:26:43Z	child	rc=0	/Users/ckriech/projects/clemens33/ae-rust/target/release/ae list
2026-08-24T14:26:43Z	child	rc=-1	/Users/ckriech/projects/clemens33/ae-rust/target/release/ae list --json	cwd=/Users/ckriech/projects/clemens33/ae-rust/docs/migration/evidence/phase4-run/scratch/0138/home
2026-08-24T14:26:43Z	child	rc=0	/Users/ckriech/projects/clemens33/ae-rust/target/release/ae list --json
2026-08-24T14:26:43Z	child	rc=-1	/Users/ckriech/projects/clemens33/ae-rust/target/release/ae list --all	cwd=/Users/ckriech/projects/clemens33/ae-rust/docs/migration/evidence/phase4-run/scratch/0139/home
2026-08-24T14:26:43Z	child	rc=0	/Users/ckriech/projects/clemens33/ae-rust/target/release/ae list --all
2026-08-24T14:26:43Z	child	rc=-1	/Users/ckriech/projects/clemens33/ae-rust/target/release/ae list --all --json	cwd=/Users/ckriech/projects/clemens33/ae-rust/docs/migration/evidence/phase4-run/scratch/0140/home
2026-08-24T14:26:43Z	child	rc=0	/Users/ckriech/projects/clemens33/ae-rust/target/release/ae list --all --json
2026-08-24T14:26:43Z	child	rc=-1	/Users/ckriech/projects/clemens33/ae-rust/target/release/ae ls	cwd=/Users/ckriech/projects/clemens33/ae-rust/docs/migration/evidence/phase4-run/scratch/0141/home
2026-08-24T14:26:43Z	child	rc=0	/Users/ckriech/projects/clemens33/ae-rust/target/release/ae ls
2026-08-24T14:26:43Z	child	rc=-1	/Users/ckriech/projects/clemens33/ae-rust/target/release/ae ls --all	cwd=/Users/ckriech/projects/clemens33/ae-rust/docs/migration/evidence/phase4-run/scratch/0142/home
2026-08-24T14:26:43Z	child	rc=0	/Users/ckriech/projects/clemens33/ae-rust/target/release/ae ls --all
2026-08-24T14:26:43Z	child	rc=-1	/Users/ckriech/projects/clemens33/ae-rust/target/release/ae list	cwd=/Users/ckriech/projects/clemens33/ae-rust/docs/migration/evidence/phase4-run/scratch/0145/home
2026-08-24T14:26:43Z	child	rc=0	/Users/ckriech/projects/clemens33/ae-rust/target/release/ae list
2026-08-24T14:26:43Z	child	rc=-1	/Users/ckriech/projects/clemens33/ae-rust/target/release/ae list --json	cwd=/Users/ckriech/projects/clemens33/ae-rust/docs/migration/evidence/phase4-run/scratch/0146/home
2026-08-24T14:26:43Z	child	rc=0	/Users/ckriech/projects/clemens33/ae-rust/target/release/ae list --json
2026-08-24T14:26:43Z	child	rc=-1	/Users/ckriech/projects/clemens33/ae-rust/target/release/ae list --all	cwd=/Users/ckriech/projects/clemens33/ae-rust/docs/migration/evidence/phase4-run/scratch/0147/home
2026-08-24T14:26:43Z	child	rc=0	/Users/ckriech/projects/clemens33/ae-rust/target/release/ae list --all
2026-08-24T14:26:43Z	child	rc=-1	/Users/ckriech/projects/clemens33/ae-rust/target/release/ae list --all --json	cwd=/Users/ckriech/projects/clemens33/ae-rust/docs/migration/evidence/phase4-run/scratch/0148/home
2026-08-24T14:26:43Z	child	rc=0	/Users/ckriech/projects/clemens33/ae-rust/target/release/ae list --all --json
2026-08-24T14:26:44Z	child	rc=-1	/Users/ckriech/projects/clemens33/ae-rust/target/release/ae ls	cwd=/Users/ckriech/projects/clemens33/ae-rust/docs/migration/evidence/phase4-run/scratch/0149/home
2026-08-24T14:26:44Z	child	rc=0	/Users/ckriech/projects/clemens33/ae-rust/target/release/ae ls
2026-08-24T14:26:44Z	child	rc=-1	/Users/ckriech/projects/clemens33/ae-rust/target/release/ae ls --all	cwd=/Users/ckriech/projects/clemens33/ae-rust/docs/migration/evidence/phase4-run/scratch/0150/home
2026-08-24T14:26:44Z	child	rc=0	/Users/ckriech/projects/clemens33/ae-rust/target/release/ae ls --all
2026-08-24T14:26:44Z	child	rc=-1	/Users/ckriech/projects/clemens33/ae-rust/target/release/ae list	cwd=/Users/ckriech/projects/clemens33/ae-rust/docs/migration/evidence/phase4-run/scratch/0153/home
2026-08-24T14:26:44Z	child	rc=0	/Users/ckriech/projects/clemens33/ae-rust/target/release/ae list
2026-08-24T14:26:44Z	child	rc=-1	/Users/ckriech/projects/clemens33/ae-rust/target/release/ae list --json	cwd=/Users/ckriech/projects/clemens33/ae-rust/docs/migration/evidence/phase4-run/scratch/0154/home
2026-08-24T14:26:44Z	child	rc=0	/Users/ckriech/projects/clemens33/ae-rust/target/release/ae list --json
2026-08-24T14:26:44Z	child	rc=-1	/Users/ckriech/projects/clemens33/ae-rust/target/release/ae list --all	cwd=/Users/ckriech/projects/clemens33/ae-rust/docs/migration/evidence/phase4-run/scratch/0155/home
2026-08-24T14:26:44Z	child	rc=0	/Users/ckriech/projects/clemens33/ae-rust/target/release/ae list --all
2026-08-24T14:26:44Z	child	rc=-1	/Users/ckriech/projects/clemens33/ae-rust/target/release/ae list --all --json	cwd=/Users/ckriech/projects/clemens33/ae-rust/docs/migration/evidence/phase4-run/scratch/0156/home
2026-08-24T14:26:44Z	child	rc=0	/Users/ckriech/projects/clemens33/ae-rust/target/release/ae list --all --json
2026-08-24T14:26:44Z	child	rc=-1	/Users/ckriech/projects/clemens33/ae-rust/target/release/ae ls	cwd=/Users/ckriech/projects/clemens33/ae-rust/docs/migration/evidence/phase4-run/scratch/0157/home
2026-08-24T14:26:44Z	child	rc=0	/Users/ckriech/projects/clemens33/ae-rust/target/release/ae ls
2026-08-24T14:26:44Z	child	rc=-1	/Users/ckriech/projects/clemens33/ae-rust/target/release/ae ls --all	cwd=/Users/ckriech/projects/clemens33/ae-rust/docs/migration/evidence/phase4-run/scratch/0158/home
2026-08-24T14:26:44Z	child	rc=0	/Users/ckriech/projects/clemens33/ae-rust/target/release/ae ls --all
2026-08-24T14:26:44Z	child	rc=-1	/Users/ckriech/projects/clemens33/ae-rust/target/release/ae list	cwd=/Users/ckriech/projects/clemens33/ae-rust/docs/migration/evidence/phase4-run/scratch/0161/home
2026-08-24T14:26:44Z	child	rc=0	/Users/ckriech/projects/clemens33/ae-rust/target/release/ae list
2026-08-24T14:26:44Z	child	rc=-1	/Users/ckriech/projects/clemens33/ae-rust/target/release/ae list --json	cwd=/Users/ckriech/projects/clemens33/ae-rust/docs/migration/evidence/phase4-run/scratch/0162/home
2026-08-24T14:26:44Z	child	rc=0	/Users/ckriech/projects/clemens33/ae-rust/target/release/ae list --json
2026-08-24T14:26:44Z	child	rc=-1	/Users/ckriech/projects/clemens33/ae-rust/target/release/ae list --all	cwd=/Users/ckriech/projects/clemens33/ae-rust/docs/migration/evidence/phase4-run/scratch/0163/home
2026-08-24T14:26:44Z	child	rc=0	/Users/ckriech/projects/clemens33/ae-rust/target/release/ae list --all
2026-08-24T14:26:44Z	child	rc=-1	/Users/ckriech/projects/clemens33/ae-rust/target/release/ae list --all --json	cwd=/Users/ckriech/projects/clemens33/ae-rust/docs/migration/evidence/phase4-run/scratch/0164/home
2026-08-24T14:26:44Z	child	rc=0	/Users/ckriech/projects/clemens33/ae-rust/target/release/ae list --all --json
2026-08-24T14:26:44Z	child	rc=-1	/Users/ckriech/projects/clemens33/ae-rust/target/release/ae ls	cwd=/Users/ckriech/projects/clemens33/ae-rust/docs/migration/evidence/phase4-run/scratch/0165/home
2026-08-24T14:26:44Z	child	rc=0	/Users/ckriech/projects/clemens33/ae-rust/target/release/ae ls
2026-08-24T14:26:44Z	child	rc=-1	/Users/ckriech/projects/clemens33/ae-rust/target/release/ae ls --all	cwd=/Users/ckriech/projects/clemens33/ae-rust/docs/migration/evidence/phase4-run/scratch/0166/home
2026-08-24T14:26:44Z	child	rc=0	/Users/ckriech/projects/clemens33/ae-rust/target/release/ae ls --all
2026-08-24T14:26:44Z	child	rc=-1	/Users/ckriech/projects/clemens33/ae-rust/target/release/ae list	cwd=/Users/ckriech/projects/clemens33/ae-rust/docs/migration/evidence/phase4-run/scratch/0169/home
2026-08-24T14:26:44Z	child	rc=0	/Users/ckriech/projects/clemens33/ae-rust/target/release/ae list
2026-08-24T14:26:44Z	child	rc=-1	/Users/ckriech/projects/clemens33/ae-rust/target/release/ae list --json	cwd=/Users/ckriech/projects/clemens33/ae-rust/docs/migration/evidence/phase4-run/scratch/0170/home
2026-08-24T14:26:44Z	child	rc=0	/Users/ckriech/projects/clemens33/ae-rust/target/release/ae list --json
2026-08-24T14:26:44Z	child	rc=-1	/Users/ckriech/projects/clemens33/ae-rust/target/release/ae list --all	cwd=/Users/ckriech/projects/clemens33/ae-rust/docs/migration/evidence/phase4-run/scratch/0171/home
2026-08-24T14:26:44Z	child	rc=0	/Users/ckriech/projects/clemens33/ae-rust/target/release/ae list --all
2026-08-24T14:26:44Z	child	rc=-1	/Users/ckriech/projects/clemens33/ae-rust/target/release/ae list --all --json	cwd=/Users/ckriech/projects/clemens33/ae-rust/docs/migration/evidence/phase4-run/scratch/0172/home
2026-08-24T14:26:44Z	child	rc=0	/Users/ckriech/projects/clemens33/ae-rust/target/release/ae list --all --json
2026-08-24T14:26:44Z	child	rc=-1	/Users/ckriech/projects/clemens33/ae-rust/target/release/ae ls	cwd=/Users/ckriech/projects/clemens33/ae-rust/docs/migration/evidence/phase4-run/scratch/0173/home
2026-08-24T14:26:44Z	child	rc=0	/Users/ckriech/projects/clemens33/ae-rust/target/release/ae ls
2026-08-24T14:26:44Z	child	rc=-1	/Users/ckriech/projects/clemens33/ae-rust/target/release/ae ls --all	cwd=/Users/ckriech/projects/clemens33/ae-rust/docs/migration/evidence/phase4-run/scratch/0174/home
2026-08-24T14:26:44Z	child	rc=0	/Users/ckriech/projects/clemens33/ae-rust/target/release/ae ls --all
2026-08-24T14:26:44Z	child	rc=-1	/Users/ckriech/projects/clemens33/ae-rust/target/release/ae list	cwd=/Users/ckriech/projects/clemens33/ae-rust/docs/migration/evidence/phase4-run/scratch/0177/home
2026-08-24T14:26:44Z	child	rc=0	/Users/ckriech/projects/clemens33/ae-rust/target/release/ae list
2026-08-24T14:26:44Z	child	rc=-1	/Users/ckriech/projects/clemens33/ae-rust/target/release/ae list --json	cwd=/Users/ckriech/projects/clemens33/ae-rust/docs/migration/evidence/phase4-run/scratch/0178/home
2026-08-24T14:26:44Z	child	rc=0	/Users/ckriech/projects/clemens33/ae-rust/target/release/ae list --json
2026-08-24T14:26:44Z	child	rc=-1	/Users/ckriech/projects/clemens33/ae-rust/target/release/ae list --all	cwd=/Users/ckriech/projects/clemens33/ae-rust/docs/migration/evidence/phase4-run/scratch/0179/home
2026-08-24T14:26:44Z	child	rc=0	/Users/ckriech/projects/clemens33/ae-rust/target/release/ae list --all
2026-08-24T14:26:44Z	child	rc=-1	/Users/ckriech/projects/clemens33/ae-rust/target/release/ae list --all --json	cwd=/Users/ckriech/projects/clemens33/ae-rust/docs/migration/evidence/phase4-run/scratch/0180/home
2026-08-24T14:26:44Z	child	rc=0	/Users/ckriech/projects/clemens33/ae-rust/target/release/ae list --all --json
2026-08-24T14:26:44Z	child	rc=-1	/Users/ckriech/projects/clemens33/ae-rust/target/release/ae ls	cwd=/Users/ckriech/projects/clemens33/ae-rust/docs/migration/evidence/phase4-run/scratch/0181/home
2026-08-24T14:26:44Z	child	rc=0	/Users/ckriech/projects/clemens33/ae-rust/target/release/ae ls
2026-08-24T14:26:44Z	child	rc=-1	/Users/ckriech/projects/clemens33/ae-rust/target/release/ae ls --all	cwd=/Users/ckriech/projects/clemens33/ae-rust/docs/migration/evidence/phase4-run/scratch/0182/home
2026-08-24T14:26:44Z	child	rc=0	/Users/ckriech/projects/clemens33/ae-rust/target/release/ae ls --all
2026-08-24T14:26:44Z	child	rc=-1	/Users/ckriech/projects/clemens33/ae-rust/target/release/ae list	cwd=/Users/ckriech/projects/clemens33/ae-rust/docs/migration/evidence/phase4-run/scratch/0185/home
2026-08-24T14:26:44Z	child	rc=0	/Users/ckriech/projects/clemens33/ae-rust/target/release/ae list
2026-08-24T14:26:44Z	child	rc=-1	/Users/ckriech/projects/clemens33/ae-rust/target/release/ae list --json	cwd=/Users/ckriech/projects/clemens33/ae-rust/docs/migration/evidence/phase4-run/scratch/0186/home
2026-08-24T14:26:44Z	child	rc=0	/Users/ckriech/projects/clemens33/ae-rust/target/release/ae list --json
2026-08-24T14:26:44Z	child	rc=-1	/Users/ckriech/projects/clemens33/ae-rust/target/release/ae list --all	cwd=/Users/ckriech/projects/clemens33/ae-rust/docs/migration/evidence/phase4-run/scratch/0187/home
2026-08-24T14:26:44Z	child	rc=0	/Users/ckriech/projects/clemens33/ae-rust/target/release/ae list --all
2026-08-24T14:26:44Z	child	rc=-1	/Users/ckriech/projects/clemens33/ae-rust/target/release/ae list --all --json	cwd=/Users/ckriech/projects/clemens33/ae-rust/docs/migration/evidence/phase4-run/scratch/0188/home
2026-08-24T14:26:44Z	child	rc=0	/Users/ckriech/projects/clemens33/ae-rust/target/release/ae list --all --json
2026-08-24T14:26:44Z	child	rc=-1	/Users/ckriech/projects/clemens33/ae-rust/target/release/ae ls	cwd=/Users/ckriech/projects/clemens33/ae-rust/docs/migration/evidence/phase4-run/scratch/0189/home
2026-08-24T14:26:44Z	child	rc=0	/Users/ckriech/projects/clemens33/ae-rust/target/release/ae ls
2026-08-24T14:26:44Z	child	rc=-1	/Users/ckriech/projects/clemens33/ae-rust/target/release/ae ls --all	cwd=/Users/ckriech/projects/clemens33/ae-rust/docs/migration/evidence/phase4-run/scratch/0190/home
2026-08-24T14:26:44Z	child	rc=0	/Users/ckriech/projects/clemens33/ae-rust/target/release/ae ls --all
2026-08-24T14:26:44Z	child	rc=-1	/Users/ckriech/projects/clemens33/ae-rust/target/release/ae list	cwd=/Users/ckriech/projects/clemens33/ae-rust/docs/migration/evidence/phase4-run/scratch/0193/home
2026-08-24T14:26:44Z	child	rc=0	/Users/ckriech/projects/clemens33/ae-rust/target/release/ae list
2026-08-24T14:26:44Z	child	rc=-1	/Users/ckriech/projects/clemens33/ae-rust/target/release/ae list --json	cwd=/Users/ckriech/projects/clemens33/ae-rust/docs/migration/evidence/phase4-run/scratch/0194/home
2026-08-24T14:26:44Z	child	rc=0	/Users/ckriech/projects/clemens33/ae-rust/target/release/ae list --json
2026-08-24T14:26:44Z	child	rc=-1	/Users/ckriech/projects/clemens33/ae-rust/target/release/ae list --all	cwd=/Users/ckriech/projects/clemens33/ae-rust/docs/migration/evidence/phase4-run/scratch/0195/home
2026-08-24T14:26:44Z	child	rc=0	/Users/ckriech/projects/clemens33/ae-rust/target/release/ae list --all
2026-08-24T14:26:44Z	child	rc=-1	/Users/ckriech/projects/clemens33/ae-rust/target/release/ae list --all --json	cwd=/Users/ckriech/projects/clemens33/ae-rust/docs/migration/evidence/phase4-run/scratch/0196/home
2026-08-24T14:26:44Z	child	rc=0	/Users/ckriech/projects/clemens33/ae-rust/target/release/ae list --all --json
2026-08-24T14:26:44Z	child	rc=-1	/Users/ckriech/projects/clemens33/ae-rust/target/release/ae ls	cwd=/Users/ckriech/projects/clemens33/ae-rust/docs/migration/evidence/phase4-run/scratch/0197/home
2026-08-24T14:26:44Z	child	rc=0	/Users/ckriech/projects/clemens33/ae-rust/target/release/ae ls
2026-08-24T14:26:44Z	child	rc=-1	/Users/ckriech/projects/clemens33/ae-rust/target/release/ae ls --all	cwd=/Users/ckriech/projects/clemens33/ae-rust/docs/migration/evidence/phase4-run/scratch/0198/home
2026-08-24T14:26:44Z	child	rc=0	/Users/ckriech/projects/clemens33/ae-rust/target/release/ae ls --all
2026-08-24T14:26:44Z	child	rc=-1	/Users/ckriech/projects/clemens33/ae-rust/target/release/ae list	cwd=/Users/ckriech/projects/clemens33/ae-rust/docs/migration/evidence/phase4-run/scratch/0201/home
2026-08-24T14:26:44Z	child	rc=0	/Users/ckriech/projects/clemens33/ae-rust/target/release/ae list
2026-08-24T14:26:44Z	child	rc=-1	/Users/ckriech/projects/clemens33/ae-rust/target/release/ae list --json	cwd=/Users/ckriech/projects/clemens33/ae-rust/docs/migration/evidence/phase4-run/scratch/0202/home
2026-08-24T14:26:44Z	child	rc=0	/Users/ckriech/projects/clemens33/ae-rust/target/release/ae list --json
2026-08-24T14:26:44Z	child	rc=-1	/Users/ckriech/projects/clemens33/ae-rust/target/release/ae list --all	cwd=/Users/ckriech/projects/clemens33/ae-rust/docs/migration/evidence/phase4-run/scratch/0203/home
2026-08-24T14:26:44Z	child	rc=0	/Users/ckriech/projects/clemens33/ae-rust/target/release/ae list --all
2026-08-24T14:26:44Z	child	rc=-1	/Users/ckriech/projects/clemens33/ae-rust/target/release/ae list --all --json	cwd=/Users/ckriech/projects/clemens33/ae-rust/docs/migration/evidence/phase4-run/scratch/0204/home
2026-08-24T14:26:44Z	child	rc=0	/Users/ckriech/projects/clemens33/ae-rust/target/release/ae list --all --json
2026-08-24T14:26:44Z	child	rc=-1	/Users/ckriech/projects/clemens33/ae-rust/target/release/ae ls	cwd=/Users/ckriech/projects/clemens33/ae-rust/docs/migration/evidence/phase4-run/scratch/0205/home
2026-08-24T14:26:44Z	child	rc=0	/Users/ckriech/projects/clemens33/ae-rust/target/release/ae ls
2026-08-24T14:26:44Z	child	rc=-1	/Users/ckriech/projects/clemens33/ae-rust/target/release/ae ls --all	cwd=/Users/ckriech/projects/clemens33/ae-rust/docs/migration/evidence/phase4-run/scratch/0206/home
2026-08-24T14:26:44Z	child	rc=0	/Users/ckriech/projects/clemens33/ae-rust/target/release/ae ls --all
2026-08-24T14:26:44Z	child	rc=-1	/Users/ckriech/projects/clemens33/ae-rust/target/release/ae list	cwd=/Users/ckriech/projects/clemens33/ae-rust/docs/migration/evidence/phase4-run/scratch/0209/home
2026-08-24T14:26:44Z	child	rc=0	/Users/ckriech/projects/clemens33/ae-rust/target/release/ae list
2026-08-24T14:26:44Z	child	rc=-1	/Users/ckriech/projects/clemens33/ae-rust/target/release/ae list --json	cwd=/Users/ckriech/projects/clemens33/ae-rust/docs/migration/evidence/phase4-run/scratch/0210/home
2026-08-24T14:26:44Z	child	rc=0	/Users/ckriech/projects/clemens33/ae-rust/target/release/ae list --json
2026-08-24T14:26:44Z	child	rc=-1	/Users/ckriech/projects/clemens33/ae-rust/target/release/ae list --all	cwd=/Users/ckriech/projects/clemens33/ae-rust/docs/migration/evidence/phase4-run/scratch/0211/home
2026-08-24T14:26:44Z	child	rc=0	/Users/ckriech/projects/clemens33/ae-rust/target/release/ae list --all
2026-08-24T14:26:44Z	child	rc=-1	/Users/ckriech/projects/clemens33/ae-rust/target/release/ae list --all --json	cwd=/Users/ckriech/projects/clemens33/ae-rust/docs/migration/evidence/phase4-run/scratch/0212/home
2026-08-24T14:26:44Z	child	rc=0	/Users/ckriech/projects/clemens33/ae-rust/target/release/ae list --all --json
2026-08-24T14:26:44Z	child	rc=-1	/Users/ckriech/projects/clemens33/ae-rust/target/release/ae ls	cwd=/Users/ckriech/projects/clemens33/ae-rust/docs/migration/evidence/phase4-run/scratch/0213/home
2026-08-24T14:26:44Z	child	rc=0	/Users/ckriech/projects/clemens33/ae-rust/target/release/ae ls
2026-08-24T14:26:45Z	child	rc=-1	/Users/ckriech/projects/clemens33/ae-rust/target/release/ae ls --all	cwd=/Users/ckriech/projects/clemens33/ae-rust/docs/migration/evidence/phase4-run/scratch/0214/home
2026-08-24T14:26:45Z	child	rc=0	/Users/ckriech/projects/clemens33/ae-rust/target/release/ae ls --all
2026-08-24T14:26:45Z	child	rc=-1	/Users/ckriech/projects/clemens33/ae-rust/target/release/ae list	cwd=/Users/ckriech/projects/clemens33/ae-rust/docs/migration/evidence/phase4-run/scratch/0217/home
2026-08-24T14:26:45Z	child	rc=0	/Users/ckriech/projects/clemens33/ae-rust/target/release/ae list
2026-08-24T14:26:45Z	child	rc=-1	/Users/ckriech/projects/clemens33/ae-rust/target/release/ae list --json	cwd=/Users/ckriech/projects/clemens33/ae-rust/docs/migration/evidence/phase4-run/scratch/0218/home
2026-08-24T14:26:45Z	child	rc=0	/Users/ckriech/projects/clemens33/ae-rust/target/release/ae list --json
2026-08-24T14:26:45Z	child	rc=-1	/Users/ckriech/projects/clemens33/ae-rust/target/release/ae list --all	cwd=/Users/ckriech/projects/clemens33/ae-rust/docs/migration/evidence/phase4-run/scratch/0219/home
2026-08-24T14:26:45Z	child	rc=0	/Users/ckriech/projects/clemens33/ae-rust/target/release/ae list --all
2026-08-24T14:26:45Z	child	rc=-1	/Users/ckriech/projects/clemens33/ae-rust/target/release/ae list --all --json	cwd=/Users/ckriech/projects/clemens33/ae-rust/docs/migration/evidence/phase4-run/scratch/0220/home
2026-08-24T14:26:45Z	child	rc=0	/Users/ckriech/projects/clemens33/ae-rust/target/release/ae list --all --json
2026-08-24T14:26:45Z	child	rc=-1	/Users/ckriech/projects/clemens33/ae-rust/target/release/ae ls	cwd=/Users/ckriech/projects/clemens33/ae-rust/docs/migration/evidence/phase4-run/scratch/0221/home
2026-08-24T14:26:45Z	child	rc=0	/Users/ckriech/projects/clemens33/ae-rust/target/release/ae ls
2026-08-24T14:26:45Z	child	rc=-1	/Users/ckriech/projects/clemens33/ae-rust/target/release/ae ls --all	cwd=/Users/ckriech/projects/clemens33/ae-rust/docs/migration/evidence/phase4-run/scratch/0222/home
2026-08-24T14:26:45Z	child	rc=0	/Users/ckriech/projects/clemens33/ae-rust/target/release/ae ls --all
2026-08-24T14:26:45Z	child	rc=-1	/Users/ckriech/projects/clemens33/ae-rust/target/release/ae list	cwd=/Users/ckriech/projects/clemens33/ae-rust/docs/migration/evidence/phase4-run/scratch/0225/home
2026-08-24T14:26:45Z	child	rc=0	/Users/ckriech/projects/clemens33/ae-rust/target/release/ae list
2026-08-24T14:26:45Z	child	rc=-1	/Users/ckriech/projects/clemens33/ae-rust/target/release/ae list --json	cwd=/Users/ckriech/projects/clemens33/ae-rust/docs/migration/evidence/phase4-run/scratch/0226/home
2026-08-24T14:26:45Z	child	rc=0	/Users/ckriech/projects/clemens33/ae-rust/target/release/ae list --json
2026-08-24T14:26:45Z	child	rc=-1	/Users/ckriech/projects/clemens33/ae-rust/target/release/ae list --all	cwd=/Users/ckriech/projects/clemens33/ae-rust/docs/migration/evidence/phase4-run/scratch/0227/home
2026-08-24T14:26:45Z	child	rc=0	/Users/ckriech/projects/clemens33/ae-rust/target/release/ae list --all
2026-08-24T14:26:45Z	child	rc=-1	/Users/ckriech/projects/clemens33/ae-rust/target/release/ae list --all --json	cwd=/Users/ckriech/projects/clemens33/ae-rust/docs/migration/evidence/phase4-run/scratch/0228/home
2026-08-24T14:26:45Z	child	rc=0	/Users/ckriech/projects/clemens33/ae-rust/target/release/ae list --all --json
2026-08-24T14:26:45Z	child	rc=-1	/Users/ckriech/projects/clemens33/ae-rust/target/release/ae ls	cwd=/Users/ckriech/projects/clemens33/ae-rust/docs/migration/evidence/phase4-run/scratch/0229/home
2026-08-24T14:26:45Z	child	rc=0	/Users/ckriech/projects/clemens33/ae-rust/target/release/ae ls
2026-08-24T14:26:45Z	child	rc=-1	/Users/ckriech/projects/clemens33/ae-rust/target/release/ae ls --all	cwd=/Users/ckriech/projects/clemens33/ae-rust/docs/migration/evidence/phase4-run/scratch/0230/home
2026-08-24T14:26:45Z	child	rc=0	/Users/ckriech/projects/clemens33/ae-rust/target/release/ae ls --all
2026-08-24T14:26:45Z	child	rc=-1	/Users/ckriech/projects/clemens33/ae-rust/target/release/ae list	cwd=/Users/ckriech/projects/clemens33/ae-rust/docs/migration/evidence/phase4-run/scratch/0233/home
2026-08-24T14:26:45Z	child	rc=0	/Users/ckriech/projects/clemens33/ae-rust/target/release/ae list
2026-08-24T14:26:45Z	child	rc=-1	/Users/ckriech/projects/clemens33/ae-rust/target/release/ae list --json	cwd=/Users/ckriech/projects/clemens33/ae-rust/docs/migration/evidence/phase4-run/scratch/0234/home
2026-08-24T14:26:45Z	child	rc=0	/Users/ckriech/projects/clemens33/ae-rust/target/release/ae list --json
2026-08-24T14:26:45Z	child	rc=-1	/Users/ckriech/projects/clemens33/ae-rust/target/release/ae list --all	cwd=/Users/ckriech/projects/clemens33/ae-rust/docs/migration/evidence/phase4-run/scratch/0235/home
2026-08-24T14:26:45Z	child	rc=0	/Users/ckriech/projects/clemens33/ae-rust/target/release/ae list --all
2026-08-24T14:26:45Z	child	rc=-1	/Users/ckriech/projects/clemens33/ae-rust/target/release/ae list --all --json	cwd=/Users/ckriech/projects/clemens33/ae-rust/docs/migration/evidence/phase4-run/scratch/0236/home
2026-08-24T14:26:45Z	child	rc=0	/Users/ckriech/projects/clemens33/ae-rust/target/release/ae list --all --json
2026-08-24T14:26:45Z	child	rc=-1	/Users/ckriech/projects/clemens33/ae-rust/target/release/ae ls	cwd=/Users/ckriech/projects/clemens33/ae-rust/docs/migration/evidence/phase4-run/scratch/0237/home
2026-08-24T14:26:45Z	child	rc=0	/Users/ckriech/projects/clemens33/ae-rust/target/release/ae ls
2026-08-24T14:26:45Z	child	rc=-1	/Users/ckriech/projects/clemens33/ae-rust/target/release/ae ls --all	cwd=/Users/ckriech/projects/clemens33/ae-rust/docs/migration/evidence/phase4-run/scratch/0238/home
2026-08-24T14:26:45Z	child	rc=0	/Users/ckriech/projects/clemens33/ae-rust/target/release/ae ls --all
2026-08-24T14:26:45Z	child	rc=-1	/Users/ckriech/projects/clemens33/ae-rust/target/release/ae list	cwd=/Users/ckriech/projects/clemens33/ae-rust/docs/migration/evidence/phase4-run/scratch/0241/home
2026-08-24T14:26:45Z	child	rc=0	/Users/ckriech/projects/clemens33/ae-rust/target/release/ae list
2026-08-24T14:26:45Z	child	rc=-1	/Users/ckriech/projects/clemens33/ae-rust/target/release/ae list --json	cwd=/Users/ckriech/projects/clemens33/ae-rust/docs/migration/evidence/phase4-run/scratch/0242/home
2026-08-24T14:26:45Z	child	rc=0	/Users/ckriech/projects/clemens33/ae-rust/target/release/ae list --json
2026-08-24T14:26:45Z	child	rc=-1	/Users/ckriech/projects/clemens33/ae-rust/target/release/ae list --all	cwd=/Users/ckriech/projects/clemens33/ae-rust/docs/migration/evidence/phase4-run/scratch/0243/home
2026-08-24T14:26:45Z	child	rc=0	/Users/ckriech/projects/clemens33/ae-rust/target/release/ae list --all
2026-08-24T14:26:45Z	child	rc=-1	/Users/ckriech/projects/clemens33/ae-rust/target/release/ae list --all --json	cwd=/Users/ckriech/projects/clemens33/ae-rust/docs/migration/evidence/phase4-run/scratch/0244/home
2026-08-24T14:26:45Z	child	rc=0	/Users/ckriech/projects/clemens33/ae-rust/target/release/ae list --all --json
2026-08-24T14:26:45Z	child	rc=-1	/Users/ckriech/projects/clemens33/ae-rust/target/release/ae ls	cwd=/Users/ckriech/projects/clemens33/ae-rust/docs/migration/evidence/phase4-run/scratch/0245/home
2026-08-24T14:26:45Z	child	rc=0	/Users/ckriech/projects/clemens33/ae-rust/target/release/ae ls
2026-08-24T14:26:45Z	child	rc=-1	/Users/ckriech/projects/clemens33/ae-rust/target/release/ae ls --all	cwd=/Users/ckriech/projects/clemens33/ae-rust/docs/migration/evidence/phase4-run/scratch/0246/home
2026-08-24T14:26:45Z	child	rc=0	/Users/ckriech/projects/clemens33/ae-rust/target/release/ae ls --all
2026-08-24T14:26:45Z	child	rc=-1	/Users/ckriech/projects/clemens33/ae-rust/target/release/ae list	cwd=/Users/ckriech/projects/clemens33/ae-rust/docs/migration/evidence/phase4-run/scratch/0249/home
2026-08-24T14:26:45Z	child	rc=0	/Users/ckriech/projects/clemens33/ae-rust/target/release/ae list
2026-08-24T14:26:45Z	child	rc=-1	/Users/ckriech/projects/clemens33/ae-rust/target/release/ae list --json	cwd=/Users/ckriech/projects/clemens33/ae-rust/docs/migration/evidence/phase4-run/scratch/0250/home
2026-08-24T14:26:45Z	child	rc=0	/Users/ckriech/projects/clemens33/ae-rust/target/release/ae list --json
2026-08-24T14:26:45Z	child	rc=-1	/Users/ckriech/projects/clemens33/ae-rust/target/release/ae list --all	cwd=/Users/ckriech/projects/clemens33/ae-rust/docs/migration/evidence/phase4-run/scratch/0251/home
2026-08-24T14:26:45Z	child	rc=0	/Users/ckriech/projects/clemens33/ae-rust/target/release/ae list --all
2026-08-24T14:26:45Z	child	rc=-1	/Users/ckriech/projects/clemens33/ae-rust/target/release/ae list --all --json	cwd=/Users/ckriech/projects/clemens33/ae-rust/docs/migration/evidence/phase4-run/scratch/0252/home
2026-08-24T14:26:45Z	child	rc=0	/Users/ckriech/projects/clemens33/ae-rust/target/release/ae list --all --json
2026-08-24T14:26:45Z	child	rc=-1	/Users/ckriech/projects/clemens33/ae-rust/target/release/ae ls	cwd=/Users/ckriech/projects/clemens33/ae-rust/docs/migration/evidence/phase4-run/scratch/0253/home
2026-08-24T14:26:45Z	child	rc=0	/Users/ckriech/projects/clemens33/ae-rust/target/release/ae ls
2026-08-24T14:26:45Z	child	rc=-1	/Users/ckriech/projects/clemens33/ae-rust/target/release/ae ls --all	cwd=/Users/ckriech/projects/clemens33/ae-rust/docs/migration/evidence/phase4-run/scratch/0254/home
2026-08-24T14:26:45Z	child	rc=0	/Users/ckriech/projects/clemens33/ae-rust/target/release/ae ls --all
2026-08-24T14:26:45Z	child	rc=-1	/Users/ckriech/projects/clemens33/ae-rust/target/release/ae list	cwd=/Users/ckriech/projects/clemens33/ae-rust/docs/migration/evidence/phase4-run/scratch/0257/home
2026-08-24T14:26:45Z	child	rc=0	/Users/ckriech/projects/clemens33/ae-rust/target/release/ae list
2026-08-24T14:26:45Z	child	rc=-1	/Users/ckriech/projects/clemens33/ae-rust/target/release/ae list --json	cwd=/Users/ckriech/projects/clemens33/ae-rust/docs/migration/evidence/phase4-run/scratch/0258/home
2026-08-24T14:26:45Z	child	rc=0	/Users/ckriech/projects/clemens33/ae-rust/target/release/ae list --json
2026-08-24T14:26:45Z	child	rc=-1	/Users/ckriech/projects/clemens33/ae-rust/target/release/ae list --all	cwd=/Users/ckriech/projects/clemens33/ae-rust/docs/migration/evidence/phase4-run/scratch/0259/home
2026-08-24T14:26:45Z	child	rc=0	/Users/ckriech/projects/clemens33/ae-rust/target/release/ae list --all
2026-08-24T14:26:45Z	child	rc=-1	/Users/ckriech/projects/clemens33/ae-rust/target/release/ae list --all --json	cwd=/Users/ckriech/projects/clemens33/ae-rust/docs/migration/evidence/phase4-run/scratch/0260/home
2026-08-24T14:26:45Z	child	rc=0	/Users/ckriech/projects/clemens33/ae-rust/target/release/ae list --all --json
2026-08-24T14:26:45Z	child	rc=-1	/Users/ckriech/projects/clemens33/ae-rust/target/release/ae ls	cwd=/Users/ckriech/projects/clemens33/ae-rust/docs/migration/evidence/phase4-run/scratch/0261/home
2026-08-24T14:26:45Z	child	rc=0	/Users/ckriech/projects/clemens33/ae-rust/target/release/ae ls
2026-08-24T14:26:45Z	child	rc=-1	/Users/ckriech/projects/clemens33/ae-rust/target/release/ae ls --all	cwd=/Users/ckriech/projects/clemens33/ae-rust/docs/migration/evidence/phase4-run/scratch/0262/home
2026-08-24T14:26:45Z	child	rc=0	/Users/ckriech/projects/clemens33/ae-rust/target/release/ae ls --all
2026-08-24T14:26:45Z	child	rc=-1	/Users/ckriech/projects/clemens33/ae-rust/target/release/ae list	cwd=/Users/ckriech/projects/clemens33/ae-rust/docs/migration/evidence/phase4-run/scratch/0265/home
2026-08-24T14:26:45Z	child	rc=0	/Users/ckriech/projects/clemens33/ae-rust/target/release/ae list
2026-08-24T14:26:45Z	child	rc=-1	/Users/ckriech/projects/clemens33/ae-rust/target/release/ae list --json	cwd=/Users/ckriech/projects/clemens33/ae-rust/docs/migration/evidence/phase4-run/scratch/0266/home
2026-08-24T14:26:45Z	child	rc=0	/Users/ckriech/projects/clemens33/ae-rust/target/release/ae list --json
2026-08-24T14:26:45Z	child	rc=-1	/Users/ckriech/projects/clemens33/ae-rust/target/release/ae list --all	cwd=/Users/ckriech/projects/clemens33/ae-rust/docs/migration/evidence/phase4-run/scratch/0267/home
2026-08-24T14:26:45Z	child	rc=0	/Users/ckriech/projects/clemens33/ae-rust/target/release/ae list --all
2026-08-24T14:26:45Z	child	rc=-1	/Users/ckriech/projects/clemens33/ae-rust/target/release/ae list --all --json	cwd=/Users/ckriech/projects/clemens33/ae-rust/docs/migration/evidence/phase4-run/scratch/0268/home
2026-08-24T14:26:45Z	child	rc=0	/Users/ckriech/projects/clemens33/ae-rust/target/release/ae list --all --json
2026-08-24T14:26:45Z	child	rc=-1	/Users/ckriech/projects/clemens33/ae-rust/target/release/ae ls	cwd=/Users/ckriech/projects/clemens33/ae-rust/docs/migration/evidence/phase4-run/scratch/0269/home
2026-08-24T14:26:45Z	child	rc=0	/Users/ckriech/projects/clemens33/ae-rust/target/release/ae ls
2026-08-24T14:26:45Z	child	rc=-1	/Users/ckriech/projects/clemens33/ae-rust/target/release/ae ls --all	cwd=/Users/ckriech/projects/clemens33/ae-rust/docs/migration/evidence/phase4-run/scratch/0270/home
2026-08-24T14:26:45Z	child	rc=0	/Users/ckriech/projects/clemens33/ae-rust/target/release/ae ls --all
2026-08-24T14:26:45Z	child	rc=-1	/Users/ckriech/projects/clemens33/ae-rust/target/release/ae list	cwd=/Users/ckriech/projects/clemens33/ae-rust/docs/migration/evidence/phase4-run/scratch/0273/home
2026-08-24T14:26:45Z	child	rc=0	/Users/ckriech/projects/clemens33/ae-rust/target/release/ae list
2026-08-24T14:26:45Z	child	rc=-1	/Users/ckriech/projects/clemens33/ae-rust/target/release/ae list --json	cwd=/Users/ckriech/projects/clemens33/ae-rust/docs/migration/evidence/phase4-run/scratch/0274/home
2026-08-24T14:26:45Z	child	rc=0	/Users/ckriech/projects/clemens33/ae-rust/target/release/ae list --json
2026-08-24T14:26:45Z	child	rc=-1	/Users/ckriech/projects/clemens33/ae-rust/target/release/ae list --all	cwd=/Users/ckriech/projects/clemens33/ae-rust/docs/migration/evidence/phase4-run/scratch/0275/home
2026-08-24T14:26:45Z	child	rc=0	/Users/ckriech/projects/clemens33/ae-rust/target/release/ae list --all
2026-08-24T14:26:45Z	child	rc=-1	/Users/ckriech/projects/clemens33/ae-rust/target/release/ae list --all --json	cwd=/Users/ckriech/projects/clemens33/ae-rust/docs/migration/evidence/phase4-run/scratch/0276/home
2026-08-24T14:26:46Z	child	rc=0	/Users/ckriech/projects/clemens33/ae-rust/target/release/ae list --all --json
2026-08-24T14:26:46Z	child	rc=-1	/Users/ckriech/projects/clemens33/ae-rust/target/release/ae ls	cwd=/Users/ckriech/projects/clemens33/ae-rust/docs/migration/evidence/phase4-run/scratch/0277/home
2026-08-24T14:26:46Z	child	rc=0	/Users/ckriech/projects/clemens33/ae-rust/target/release/ae ls
2026-08-24T14:26:46Z	child	rc=-1	/Users/ckriech/projects/clemens33/ae-rust/target/release/ae ls --all	cwd=/Users/ckriech/projects/clemens33/ae-rust/docs/migration/evidence/phase4-run/scratch/0278/home
2026-08-24T14:26:46Z	child	rc=0	/Users/ckriech/projects/clemens33/ae-rust/target/release/ae ls --all
2026-08-24T14:26:46Z	child	rc=-1	/Users/ckriech/projects/clemens33/ae-rust/target/release/ae list	cwd=/Users/ckriech/projects/clemens33/ae-rust/docs/migration/evidence/phase4-run/scratch/0281/home
2026-08-24T14:26:46Z	child	rc=0	/Users/ckriech/projects/clemens33/ae-rust/target/release/ae list
2026-08-24T14:26:46Z	child	rc=-1	/Users/ckriech/projects/clemens33/ae-rust/target/release/ae list --json	cwd=/Users/ckriech/projects/clemens33/ae-rust/docs/migration/evidence/phase4-run/scratch/0282/home
2026-08-24T14:26:46Z	child	rc=0	/Users/ckriech/projects/clemens33/ae-rust/target/release/ae list --json
2026-08-24T14:26:46Z	child	rc=-1	/Users/ckriech/projects/clemens33/ae-rust/target/release/ae list --all	cwd=/Users/ckriech/projects/clemens33/ae-rust/docs/migration/evidence/phase4-run/scratch/0283/home
2026-08-24T14:26:46Z	child	rc=0	/Users/ckriech/projects/clemens33/ae-rust/target/release/ae list --all
2026-08-24T14:26:46Z	child	rc=-1	/Users/ckriech/projects/clemens33/ae-rust/target/release/ae list --all --json	cwd=/Users/ckriech/projects/clemens33/ae-rust/docs/migration/evidence/phase4-run/scratch/0284/home
2026-08-24T14:26:46Z	child	rc=0	/Users/ckriech/projects/clemens33/ae-rust/target/release/ae list --all --json
2026-08-24T14:26:46Z	child	rc=-1	/Users/ckriech/projects/clemens33/ae-rust/target/release/ae ls	cwd=/Users/ckriech/projects/clemens33/ae-rust/docs/migration/evidence/phase4-run/scratch/0285/home
2026-08-24T14:26:46Z	child	rc=0	/Users/ckriech/projects/clemens33/ae-rust/target/release/ae ls
2026-08-24T14:26:46Z	child	rc=-1	/Users/ckriech/projects/clemens33/ae-rust/target/release/ae ls --all	cwd=/Users/ckriech/projects/clemens33/ae-rust/docs/migration/evidence/phase4-run/scratch/0286/home
2026-08-24T14:26:46Z	child	rc=0	/Users/ckriech/projects/clemens33/ae-rust/target/release/ae ls --all
2026-08-24T14:26:46Z	child	rc=-1	/Users/ckriech/projects/clemens33/ae-rust/target/release/ae list	cwd=/Users/ckriech/projects/clemens33/ae-rust/docs/migration/evidence/phase4-run/scratch/0289/home
2026-08-24T14:26:46Z	child	rc=0	/Users/ckriech/projects/clemens33/ae-rust/target/release/ae list
2026-08-24T14:26:46Z	child	rc=-1	/Users/ckriech/projects/clemens33/ae-rust/target/release/ae list --json	cwd=/Users/ckriech/projects/clemens33/ae-rust/docs/migration/evidence/phase4-run/scratch/0290/home
2026-08-24T14:26:46Z	child	rc=0	/Users/ckriech/projects/clemens33/ae-rust/target/release/ae list --json
2026-08-24T14:26:46Z	child	rc=-1	/Users/ckriech/projects/clemens33/ae-rust/target/release/ae list --all	cwd=/Users/ckriech/projects/clemens33/ae-rust/docs/migration/evidence/phase4-run/scratch/0291/home
2026-08-24T14:26:46Z	child	rc=0	/Users/ckriech/projects/clemens33/ae-rust/target/release/ae list --all
2026-08-24T14:26:46Z	child	rc=-1	/Users/ckriech/projects/clemens33/ae-rust/target/release/ae list --all --json	cwd=/Users/ckriech/projects/clemens33/ae-rust/docs/migration/evidence/phase4-run/scratch/0292/home
2026-08-24T14:26:46Z	child	rc=0	/Users/ckriech/projects/clemens33/ae-rust/target/release/ae list --all --json
2026-08-24T14:26:46Z	child	rc=-1	/Users/ckriech/projects/clemens33/ae-rust/target/release/ae ls	cwd=/Users/ckriech/projects/clemens33/ae-rust/docs/migration/evidence/phase4-run/scratch/0293/home
2026-08-24T14:26:46Z	child	rc=0	/Users/ckriech/projects/clemens33/ae-rust/target/release/ae ls
2026-08-24T14:26:46Z	child	rc=-1	/Users/ckriech/projects/clemens33/ae-rust/target/release/ae ls --all	cwd=/Users/ckriech/projects/clemens33/ae-rust/docs/migration/evidence/phase4-run/scratch/0294/home
2026-08-24T14:26:46Z	child	rc=0	/Users/ckriech/projects/clemens33/ae-rust/target/release/ae ls --all
2026-08-24T14:26:46Z	child	rc=-1	/Users/ckriech/projects/clemens33/ae-rust/target/release/ae list	cwd=/Users/ckriech/projects/clemens33/ae-rust/docs/migration/evidence/phase4-run/scratch/0297/home
2026-08-24T14:26:46Z	child	rc=0	/Users/ckriech/projects/clemens33/ae-rust/target/release/ae list
2026-08-24T14:26:46Z	child	rc=-1	/Users/ckriech/projects/clemens33/ae-rust/target/release/ae list --json	cwd=/Users/ckriech/projects/clemens33/ae-rust/docs/migration/evidence/phase4-run/scratch/0298/home
2026-08-24T14:26:46Z	child	rc=0	/Users/ckriech/projects/clemens33/ae-rust/target/release/ae list --json
2026-08-24T14:26:46Z	child	rc=-1	/Users/ckriech/projects/clemens33/ae-rust/target/release/ae list --all	cwd=/Users/ckriech/projects/clemens33/ae-rust/docs/migration/evidence/phase4-run/scratch/0299/home
2026-08-24T14:26:46Z	child	rc=0	/Users/ckriech/projects/clemens33/ae-rust/target/release/ae list --all
2026-08-24T14:26:46Z	child	rc=-1	/Users/ckriech/projects/clemens33/ae-rust/target/release/ae list --all --json	cwd=/Users/ckriech/projects/clemens33/ae-rust/docs/migration/evidence/phase4-run/scratch/0300/home
2026-08-24T14:26:46Z	child	rc=0	/Users/ckriech/projects/clemens33/ae-rust/target/release/ae list --all --json
2026-08-24T14:26:46Z	child	rc=-1	/Users/ckriech/projects/clemens33/ae-rust/target/release/ae ls	cwd=/Users/ckriech/projects/clemens33/ae-rust/docs/migration/evidence/phase4-run/scratch/0301/home
2026-08-24T14:26:46Z	child	rc=0	/Users/ckriech/projects/clemens33/ae-rust/target/release/ae ls
2026-08-24T14:26:46Z	child	rc=-1	/Users/ckriech/projects/clemens33/ae-rust/target/release/ae ls --all	cwd=/Users/ckriech/projects/clemens33/ae-rust/docs/migration/evidence/phase4-run/scratch/0302/home
2026-08-24T14:26:46Z	child	rc=0	/Users/ckriech/projects/clemens33/ae-rust/target/release/ae ls --all
2026-08-24T14:26:46Z	child	rc=-1	/Users/ckriech/projects/clemens33/ae-rust/target/release/ae list	cwd=/Users/ckriech/projects/clemens33/ae-rust/docs/migration/evidence/phase4-run/scratch/0319/home
2026-08-24T14:26:46Z	child	rc=0	/Users/ckriech/projects/clemens33/ae-rust/target/release/ae list
2026-08-24T14:26:46Z	child	rc=-1	/Users/ckriech/projects/clemens33/ae-rust/target/release/ae list --json	cwd=/Users/ckriech/projects/clemens33/ae-rust/docs/migration/evidence/phase4-run/scratch/0320/home
2026-08-24T14:26:46Z	child	rc=0	/Users/ckriech/projects/clemens33/ae-rust/target/release/ae list --json
2026-08-24T14:26:46Z	child	rc=-1	/Users/ckriech/projects/clemens33/ae-rust/target/release/ae ls	cwd=/Users/ckriech/projects/clemens33/ae-rust/docs/migration/evidence/phase4-run/scratch/0321/home
2026-08-24T14:26:46Z	child	rc=0	/Users/ckriech/projects/clemens33/ae-rust/target/release/ae ls
2026-08-24T14:26:46Z	child	rc=-1	/Users/ckriech/projects/clemens33/ae-rust/target/release/ae ls --json	cwd=/Users/ckriech/projects/clemens33/ae-rust/docs/migration/evidence/phase4-run/scratch/0322/home
2026-08-24T14:26:46Z	child	rc=0	/Users/ckriech/projects/clemens33/ae-rust/target/release/ae ls --json
2026-08-24T14:26:46Z	child	rc=-1	/Users/ckriech/projects/clemens33/ae-rust/target/release/ae list --running	cwd=/Users/ckriech/projects/clemens33/ae-rust/docs/migration/evidence/phase4-run/scratch/0323/home
2026-08-24T14:26:46Z	child	rc=0	/Users/ckriech/projects/clemens33/ae-rust/target/release/ae list --running
2026-08-24T14:26:46Z	child	rc=-1	/Users/ckriech/projects/clemens33/ae-rust/target/release/ae list --running --json	cwd=/Users/ckriech/projects/clemens33/ae-rust/docs/migration/evidence/phase4-run/scratch/0324/home
2026-08-24T14:26:46Z	child	rc=0	/Users/ckriech/projects/clemens33/ae-rust/target/release/ae list --running --json
2026-08-24T14:26:47Z	child	rc=-1	/Users/ckriech/projects/clemens33/ae-rust/target/release/ae ls --running	cwd=/Users/ckriech/projects/clemens33/ae-rust/docs/migration/evidence/phase4-run/scratch/0325/home
2026-08-24T14:26:47Z	child	rc=0	/Users/ckriech/projects/clemens33/ae-rust/target/release/ae ls --running
2026-08-24T14:26:47Z	child	rc=-1	/Users/ckriech/projects/clemens33/ae-rust/target/release/ae ls --running --json	cwd=/Users/ckriech/projects/clemens33/ae-rust/docs/migration/evidence/phase4-run/scratch/0326/home
2026-08-24T14:26:47Z	child	rc=0	/Users/ckriech/projects/clemens33/ae-rust/target/release/ae ls --running --json
2026-08-24T14:26:47Z	child	rc=-1	/Users/ckriech/projects/clemens33/ae-rust/target/release/ae list --all	cwd=/Users/ckriech/projects/clemens33/ae-rust/docs/migration/evidence/phase4-run/scratch/0327/home
2026-08-24T14:26:47Z	child	rc=0	/Users/ckriech/projects/clemens33/ae-rust/target/release/ae list --all
2026-08-24T14:26:47Z	child	rc=-1	/Users/ckriech/projects/clemens33/ae-rust/target/release/ae list --all --json	cwd=/Users/ckriech/projects/clemens33/ae-rust/docs/migration/evidence/phase4-run/scratch/0328/home
2026-08-24T14:26:47Z	child	rc=0	/Users/ckriech/projects/clemens33/ae-rust/target/release/ae list --all --json
2026-08-24T14:26:47Z	child	rc=-1	/Users/ckriech/projects/clemens33/ae-rust/target/release/ae ls --all	cwd=/Users/ckriech/projects/clemens33/ae-rust/docs/migration/evidence/phase4-run/scratch/0329/home
2026-08-24T14:26:47Z	child	rc=0	/Users/ckriech/projects/clemens33/ae-rust/target/release/ae ls --all
2026-08-24T14:26:47Z	child	rc=-1	/Users/ckriech/projects/clemens33/ae-rust/target/release/ae ls --all --json	cwd=/Users/ckriech/projects/clemens33/ae-rust/docs/migration/evidence/phase4-run/scratch/0330/home
2026-08-24T14:26:47Z	child	rc=0	/Users/ckriech/projects/clemens33/ae-rust/target/release/ae ls --all --json
2026-08-24T14:26:47Z	child	rc=-1	/Users/ckriech/projects/clemens33/ae-rust/target/release/ae list --stopped	cwd=/Users/ckriech/projects/clemens33/ae-rust/docs/migration/evidence/phase4-run/scratch/0331/home
2026-08-24T14:26:47Z	child	rc=0	/Users/ckriech/projects/clemens33/ae-rust/target/release/ae list --stopped
2026-08-24T14:26:47Z	child	rc=-1	/Users/ckriech/projects/clemens33/ae-rust/target/release/ae list --stopped --json	cwd=/Users/ckriech/projects/clemens33/ae-rust/docs/migration/evidence/phase4-run/scratch/0332/home
2026-08-24T14:26:47Z	child	rc=0	/Users/ckriech/projects/clemens33/ae-rust/target/release/ae list --stopped --json
2026-08-24T14:26:47Z	child	rc=-1	/Users/ckriech/projects/clemens33/ae-rust/target/release/ae ls --stopped	cwd=/Users/ckriech/projects/clemens33/ae-rust/docs/migration/evidence/phase4-run/scratch/0333/home
2026-08-24T14:26:47Z	child	rc=0	/Users/ckriech/projects/clemens33/ae-rust/target/release/ae ls --stopped
2026-08-24T14:26:47Z	child	rc=-1	/Users/ckriech/projects/clemens33/ae-rust/target/release/ae ls --stopped --json	cwd=/Users/ckriech/projects/clemens33/ae-rust/docs/migration/evidence/phase4-run/scratch/0334/home
2026-08-24T14:26:47Z	child	rc=0	/Users/ckriech/projects/clemens33/ae-rust/target/release/ae ls --stopped --json
2026-08-24T14:26:47Z	child	rc=-1	/Users/ckriech/projects/clemens33/ae-rust/target/release/ae list --needs-attn	cwd=/Users/ckriech/projects/clemens33/ae-rust/docs/migration/evidence/phase4-run/scratch/0335/home
2026-08-24T14:26:48Z	child	rc=0	/Users/ckriech/projects/clemens33/ae-rust/target/release/ae list --needs-attn
2026-08-24T14:26:48Z	child	rc=-1	/Users/ckriech/projects/clemens33/ae-rust/target/release/ae list --needs-attn --json	cwd=/Users/ckriech/projects/clemens33/ae-rust/docs/migration/evidence/phase4-run/scratch/0336/home
2026-08-24T14:26:48Z	child	rc=0	/Users/ckriech/projects/clemens33/ae-rust/target/release/ae list --needs-attn --json
2026-08-24T14:26:48Z	child	rc=-1	/Users/ckriech/projects/clemens33/ae-rust/target/release/ae ls --needs-attn	cwd=/Users/ckriech/projects/clemens33/ae-rust/docs/migration/evidence/phase4-run/scratch/0337/home
2026-08-24T14:26:48Z	child	rc=0	/Users/ckriech/projects/clemens33/ae-rust/target/release/ae ls --needs-attn
2026-08-24T14:26:48Z	child	rc=-1	/Users/ckriech/projects/clemens33/ae-rust/target/release/ae ls --needs-attn --json	cwd=/Users/ckriech/projects/clemens33/ae-rust/docs/migration/evidence/phase4-run/scratch/0338/home
2026-08-24T14:26:48Z	child	rc=0	/Users/ckriech/projects/clemens33/ae-rust/target/release/ae ls --needs-attn --json
2026-08-24T14:26:48Z	child	rc=-1	/Users/ckriech/projects/clemens33/ae-rust/target/release/ae list --needs-me	cwd=/Users/ckriech/projects/clemens33/ae-rust/docs/migration/evidence/phase4-run/scratch/0339/home
2026-08-24T14:26:48Z	child	rc=0	/Users/ckriech/projects/clemens33/ae-rust/target/release/ae list --needs-me
2026-08-24T14:26:48Z	child	rc=-1	/Users/ckriech/projects/clemens33/ae-rust/target/release/ae list --needs-me --json	cwd=/Users/ckriech/projects/clemens33/ae-rust/docs/migration/evidence/phase4-run/scratch/0340/home
2026-08-24T14:26:48Z	child	rc=0	/Users/ckriech/projects/clemens33/ae-rust/target/release/ae list --needs-me --json
2026-08-24T14:26:48Z	child	rc=-1	/Users/ckriech/projects/clemens33/ae-rust/target/release/ae ls --needs-me	cwd=/Users/ckriech/projects/clemens33/ae-rust/docs/migration/evidence/phase4-run/scratch/0341/home
2026-08-24T14:26:48Z	child	rc=0	/Users/ckriech/projects/clemens33/ae-rust/target/release/ae ls --needs-me
2026-08-24T14:26:48Z	child	rc=-1	/Users/ckriech/projects/clemens33/ae-rust/target/release/ae ls --needs-me --json	cwd=/Users/ckriech/projects/clemens33/ae-rust/docs/migration/evidence/phase4-run/scratch/0342/home
2026-08-24T14:26:48Z	child	rc=0	/Users/ckriech/projects/clemens33/ae-rust/target/release/ae ls --needs-me --json
2026-08-24T14:26:48Z	child	rc=-1	/Users/ckriech/projects/clemens33/ae-rust/target/release/ae list --needs	cwd=/Users/ckriech/projects/clemens33/ae-rust/docs/migration/evidence/phase4-run/scratch/0343/home
2026-08-24T14:26:48Z	child	rc=0	/Users/ckriech/projects/clemens33/ae-rust/target/release/ae list --needs
2026-08-24T14:26:48Z	child	rc=-1	/Users/ckriech/projects/clemens33/ae-rust/target/release/ae list --needs --json	cwd=/Users/ckriech/projects/clemens33/ae-rust/docs/migration/evidence/phase4-run/scratch/0344/home
2026-08-24T14:26:48Z	child	rc=0	/Users/ckriech/projects/clemens33/ae-rust/target/release/ae list --needs --json
2026-08-24T14:26:48Z	child	rc=-1	/Users/ckriech/projects/clemens33/ae-rust/target/release/ae ls --needs	cwd=/Users/ckriech/projects/clemens33/ae-rust/docs/migration/evidence/phase4-run/scratch/0345/home
2026-08-24T14:26:48Z	child	rc=0	/Users/ckriech/projects/clemens33/ae-rust/target/release/ae ls --needs
2026-08-24T14:26:49Z	child	rc=-1	/Users/ckriech/projects/clemens33/ae-rust/target/release/ae ls --needs --json	cwd=/Users/ckriech/projects/clemens33/ae-rust/docs/migration/evidence/phase4-run/scratch/0346/home
2026-08-24T14:26:49Z	child	rc=0	/Users/ckriech/projects/clemens33/ae-rust/target/release/ae ls --needs --json
2026-08-24T14:26:49Z	child	rc=-1	/Users/ckriech/projects/clemens33/ae-rust/target/release/ae list --attn	cwd=/Users/ckriech/projects/clemens33/ae-rust/docs/migration/evidence/phase4-run/scratch/0347/home
2026-08-24T14:26:49Z	child	rc=0	/Users/ckriech/projects/clemens33/ae-rust/target/release/ae list --attn
2026-08-24T14:26:49Z	child	rc=-1	/Users/ckriech/projects/clemens33/ae-rust/target/release/ae list --attn --json	cwd=/Users/ckriech/projects/clemens33/ae-rust/docs/migration/evidence/phase4-run/scratch/0348/home
2026-08-24T14:26:49Z	child	rc=0	/Users/ckriech/projects/clemens33/ae-rust/target/release/ae list --attn --json
2026-08-24T14:26:49Z	child	rc=-1	/Users/ckriech/projects/clemens33/ae-rust/target/release/ae ls --attn	cwd=/Users/ckriech/projects/clemens33/ae-rust/docs/migration/evidence/phase4-run/scratch/0349/home
2026-08-24T14:26:49Z	child	rc=0	/Users/ckriech/projects/clemens33/ae-rust/target/release/ae ls --attn
2026-08-24T14:26:49Z	child	rc=-1	/Users/ckriech/projects/clemens33/ae-rust/target/release/ae ls --attn --json	cwd=/Users/ckriech/projects/clemens33/ae-rust/docs/migration/evidence/phase4-run/scratch/0350/home
2026-08-24T14:26:49Z	child	rc=0	/Users/ckriech/projects/clemens33/ae-rust/target/release/ae ls --attn --json
2026-08-24T14:26:49Z	child	rc=-1	/Users/ckriech/projects/clemens33/ae-rust/target/release/ae list --active	cwd=/Users/ckriech/projects/clemens33/ae-rust/docs/migration/evidence/phase4-run/scratch/0351/home
2026-08-24T14:26:49Z	child	rc=0	/Users/ckriech/projects/clemens33/ae-rust/target/release/ae list --active
2026-08-24T14:26:49Z	child	rc=-1	/Users/ckriech/projects/clemens33/ae-rust/target/release/ae list --active --json	cwd=/Users/ckriech/projects/clemens33/ae-rust/docs/migration/evidence/phase4-run/scratch/0352/home
2026-08-24T14:26:49Z	child	rc=0	/Users/ckriech/projects/clemens33/ae-rust/target/release/ae list --active --json
2026-08-24T14:26:49Z	child	rc=-1	/Users/ckriech/projects/clemens33/ae-rust/target/release/ae ls --active	cwd=/Users/ckriech/projects/clemens33/ae-rust/docs/migration/evidence/phase4-run/scratch/0353/home
2026-08-24T14:26:49Z	child	rc=0	/Users/ckriech/projects/clemens33/ae-rust/target/release/ae ls --active
2026-08-24T14:26:49Z	child	rc=-1	/Users/ckriech/projects/clemens33/ae-rust/target/release/ae ls --active --json	cwd=/Users/ckriech/projects/clemens33/ae-rust/docs/migration/evidence/phase4-run/scratch/0354/home
2026-08-24T14:26:49Z	child	rc=0	/Users/ckriech/projects/clemens33/ae-rust/target/release/ae ls --active --json
2026-08-24T14:26:49Z	child	rc=-1	/Users/ckriech/projects/clemens33/ae-rust/target/release/ae list --busy	cwd=/Users/ckriech/projects/clemens33/ae-rust/docs/migration/evidence/phase4-run/scratch/0355/home
2026-08-24T14:26:49Z	child	rc=0	/Users/ckriech/projects/clemens33/ae-rust/target/release/ae list --busy
2026-08-24T14:26:49Z	child	rc=-1	/Users/ckriech/projects/clemens33/ae-rust/target/release/ae list --busy --json	cwd=/Users/ckriech/projects/clemens33/ae-rust/docs/migration/evidence/phase4-run/scratch/0356/home
2026-08-24T14:26:50Z	child	rc=0	/Users/ckriech/projects/clemens33/ae-rust/target/release/ae list --busy --json
2026-08-24T14:26:50Z	child	rc=-1	/Users/ckriech/projects/clemens33/ae-rust/target/release/ae ls --busy	cwd=/Users/ckriech/projects/clemens33/ae-rust/docs/migration/evidence/phase4-run/scratch/0357/home
2026-08-24T14:26:50Z	child	rc=0	/Users/ckriech/projects/clemens33/ae-rust/target/release/ae ls --busy
2026-08-24T14:26:50Z	child	rc=-1	/Users/ckriech/projects/clemens33/ae-rust/target/release/ae ls --busy --json	cwd=/Users/ckriech/projects/clemens33/ae-rust/docs/migration/evidence/phase4-run/scratch/0358/home
2026-08-24T14:26:50Z	child	rc=0	/Users/ckriech/projects/clemens33/ae-rust/target/release/ae ls --busy --json
2026-08-24T14:26:50Z	child	rc=-1	/Users/ckriech/projects/clemens33/ae-rust/target/release/ae list --needs-attn --all	cwd=/Users/ckriech/projects/clemens33/ae-rust/docs/migration/evidence/phase4-run/scratch/0359/home
2026-08-24T14:26:50Z	child	rc=0	/Users/ckriech/projects/clemens33/ae-rust/target/release/ae list --needs-attn --all
2026-08-24T14:26:50Z	child	rc=-1	/Users/ckriech/projects/clemens33/ae-rust/target/release/ae list --needs-attn --all --json	cwd=/Users/ckriech/projects/clemens33/ae-rust/docs/migration/evidence/phase4-run/scratch/0360/home
2026-08-24T14:26:50Z	child	rc=0	/Users/ckriech/projects/clemens33/ae-rust/target/release/ae list --needs-attn --all --json
2026-08-24T14:26:50Z	child	rc=-1	/Users/ckriech/projects/clemens33/ae-rust/target/release/ae list --all --needs-attn	cwd=/Users/ckriech/projects/clemens33/ae-rust/docs/migration/evidence/phase4-run/scratch/0361/home
2026-08-24T14:26:50Z	child	rc=0	/Users/ckriech/projects/clemens33/ae-rust/target/release/ae list --all --needs-attn
2026-08-24T14:26:50Z	child	rc=-1	/Users/ckriech/projects/clemens33/ae-rust/target/release/ae list --all --needs-attn --json	cwd=/Users/ckriech/projects/clemens33/ae-rust/docs/migration/evidence/phase4-run/scratch/0362/home
2026-08-24T14:26:50Z	child	rc=0	/Users/ckriech/projects/clemens33/ae-rust/target/release/ae list --all --needs-attn --json
2026-08-24T14:26:50Z	child	rc=-1	/Users/ckriech/projects/clemens33/ae-rust/target/release/ae list --active --all	cwd=/Users/ckriech/projects/clemens33/ae-rust/docs/migration/evidence/phase4-run/scratch/0363/home
2026-08-24T14:26:50Z	child	rc=0	/Users/ckriech/projects/clemens33/ae-rust/target/release/ae list --active --all
2026-08-24T14:26:50Z	child	rc=-1	/Users/ckriech/projects/clemens33/ae-rust/target/release/ae list --active --all --json	cwd=/Users/ckriech/projects/clemens33/ae-rust/docs/migration/evidence/phase4-run/scratch/0364/home
2026-08-24T14:26:50Z	child	rc=0	/Users/ckriech/projects/clemens33/ae-rust/target/release/ae list --active --all --json
2026-08-24T14:26:50Z	child	rc=-1	/Users/ckriech/projects/clemens33/ae-rust/target/release/ae list --all --active	cwd=/Users/ckriech/projects/clemens33/ae-rust/docs/migration/evidence/phase4-run/scratch/0365/home
2026-08-24T14:26:50Z	child	rc=0	/Users/ckriech/projects/clemens33/ae-rust/target/release/ae list --all --active
2026-08-24T14:26:51Z	child	rc=-1	/Users/ckriech/projects/clemens33/ae-rust/target/release/ae list --all --active --json	cwd=/Users/ckriech/projects/clemens33/ae-rust/docs/migration/evidence/phase4-run/scratch/0366/home
2026-08-24T14:26:51Z	child	rc=0	/Users/ckriech/projects/clemens33/ae-rust/target/release/ae list --all --active --json
2026-08-24T14:26:51Z	child	rc=-1	/Users/ckriech/projects/clemens33/ae-rust/target/release/ae list --needs-attn --stopped	cwd=/Users/ckriech/projects/clemens33/ae-rust/docs/migration/evidence/phase4-run/scratch/0367/home
2026-08-24T14:26:51Z	child	rc=0	/Users/ckriech/projects/clemens33/ae-rust/target/release/ae list --needs-attn --stopped
2026-08-24T14:26:51Z	child	rc=-1	/Users/ckriech/projects/clemens33/ae-rust/target/release/ae list --needs-attn --stopped --json	cwd=/Users/ckriech/projects/clemens33/ae-rust/docs/migration/evidence/phase4-run/scratch/0368/home
2026-08-24T14:26:51Z	child	rc=0	/Users/ckriech/projects/clemens33/ae-rust/target/release/ae list --needs-attn --stopped --json
2026-08-24T14:26:51Z	child	rc=-1	/Users/ckriech/projects/clemens33/ae-rust/target/release/ae list --active --stopped	cwd=/Users/ckriech/projects/clemens33/ae-rust/docs/migration/evidence/phase4-run/scratch/0369/home
2026-08-24T14:26:51Z	child	rc=0	/Users/ckriech/projects/clemens33/ae-rust/target/release/ae list --active --stopped
2026-08-24T14:26:51Z	child	rc=-1	/Users/ckriech/projects/clemens33/ae-rust/target/release/ae list --active --stopped --json	cwd=/Users/ckriech/projects/clemens33/ae-rust/docs/migration/evidence/phase4-run/scratch/0370/home
2026-08-24T14:26:51Z	child	rc=0	/Users/ckriech/projects/clemens33/ae-rust/target/release/ae list --active --stopped --json
2026-08-24T14:26:51Z	child	rc=-1	/Users/ckriech/projects/clemens33/ae-rust/target/release/ae list --no-such-flag	cwd=/Users/ckriech/projects/clemens33/ae-rust/docs/migration/evidence/phase4-run/scratch/0371/home
2026-08-24T14:26:51Z	child	rc=2	/Users/ckriech/projects/clemens33/ae-rust/target/release/ae list --no-such-flag
2026-08-24T14:26:51Z	child	rc=-1	/Users/ckriech/projects/clemens33/ae-rust/target/release/ae list --help	cwd=/Users/ckriech/projects/clemens33/ae-rust/docs/migration/evidence/phase4-run/scratch/0372/home
2026-08-24T14:26:51Z	child	rc=2	/Users/ckriech/projects/clemens33/ae-rust/target/release/ae list --help
2026-08-24T14:26:51Z	child	rc=-1	/Users/ckriech/projects/clemens33/ae-rust/target/release/ae list --active	cwd=/Users/ckriech/projects/clemens33/ae-rust/docs/migration/evidence/phase4-run/scratch/0373/home
2026-08-24T14:26:51Z	child	rc=0	/Users/ckriech/projects/clemens33/ae-rust/target/release/ae list --active
2026-08-24T14:26:51Z	child	rc=-1	/Users/ckriech/projects/clemens33/ae-rust/target/release/ae list --active --json	cwd=/Users/ckriech/projects/clemens33/ae-rust/docs/migration/evidence/phase4-run/scratch/0374/home
2026-08-24T14:26:51Z	child	rc=0	/Users/ckriech/projects/clemens33/ae-rust/target/release/ae list --active --json
2026-08-24T14:26:51Z	child	rc=-1	/Users/ckriech/projects/clemens33/ae-rust/target/release/ae list --busy	cwd=/Users/ckriech/projects/clemens33/ae-rust/docs/migration/evidence/phase4-run/scratch/0375/home
2026-08-24T14:26:51Z	child	rc=0	/Users/ckriech/projects/clemens33/ae-rust/target/release/ae list --busy
2026-08-24T14:26:51Z	child	rc=-1	/Users/ckriech/projects/clemens33/ae-rust/target/release/ae list --active --all	cwd=/Users/ckriech/projects/clemens33/ae-rust/docs/migration/evidence/phase4-run/scratch/0376/home
2026-08-24T14:26:51Z	child	rc=0	/Users/ckriech/projects/clemens33/ae-rust/target/release/ae list --active --all
2026-08-24T14:26:52Z	child	rc=-1	/Users/ckriech/projects/clemens33/ae-rust/target/release/ae list --all --active	cwd=/Users/ckriech/projects/clemens33/ae-rust/docs/migration/evidence/phase4-run/scratch/0377/home
2026-08-24T14:26:52Z	child	rc=0	/Users/ckriech/projects/clemens33/ae-rust/target/release/ae list --all --active
2026-08-24T14:26:52Z	child	rc=-1	/Users/ckriech/projects/clemens33/ae-rust/target/release/ae list --active --stopped	cwd=/Users/ckriech/projects/clemens33/ae-rust/docs/migration/evidence/phase4-run/scratch/0378/home
2026-08-24T14:26:52Z	child	rc=0	/Users/ckriech/projects/clemens33/ae-rust/target/release/ae list --active --stopped
2026-08-24T14:26:52Z	child	rc=-1	/Users/ckriech/projects/clemens33/ae-rust/target/release/ae list --stopped --active	cwd=/Users/ckriech/projects/clemens33/ae-rust/docs/migration/evidence/phase4-run/scratch/0379/home
2026-08-24T14:26:52Z	child	rc=0	/Users/ckriech/projects/clemens33/ae-rust/target/release/ae list --stopped --active
2026-08-24T14:26:52Z	child	rc=-1	/Users/ckriech/projects/clemens33/ae-rust/target/release/ae list --needs-attn --active	cwd=/Users/ckriech/projects/clemens33/ae-rust/docs/migration/evidence/phase4-run/scratch/0380/home
2026-08-24T14:26:52Z	child	rc=0	/Users/ckriech/projects/clemens33/ae-rust/target/release/ae list --needs-attn --active
2026-08-24T14:26:52Z	child	rc=-1	/Users/ckriech/projects/clemens33/ae-rust/target/release/ae list --active --needs-attn	cwd=/Users/ckriech/projects/clemens33/ae-rust/docs/migration/evidence/phase4-run/scratch/0381/home
2026-08-24T14:26:52Z	child	rc=0	/Users/ckriech/projects/clemens33/ae-rust/target/release/ae list --active --needs-attn
2026-08-24T14:26:52Z	child	rc=-1	/Users/ckriech/projects/clemens33/ae-rust/target/release/ae list --active	cwd=/Users/ckriech/projects/clemens33/ae-rust/docs/migration/evidence/phase4-run/scratch/0382/home
2026-08-24T14:26:52Z	child	rc=0	/Users/ckriech/projects/clemens33/ae-rust/target/release/ae list --active
2026-08-24T14:26:52Z	child	rc=-1	/Users/ckriech/projects/clemens33/ae-rust/target/release/ae list --active --json	cwd=/Users/ckriech/projects/clemens33/ae-rust/docs/migration/evidence/phase4-run/scratch/0383/home
2026-08-24T14:26:52Z	child	rc=0	/Users/ckriech/projects/clemens33/ae-rust/target/release/ae list --active --json
2026-08-24T14:26:52Z	child	rc=-1	/Users/ckriech/projects/clemens33/ae-rust/target/release/ae list --busy	cwd=/Users/ckriech/projects/clemens33/ae-rust/docs/migration/evidence/phase4-run/scratch/0384/home
2026-08-24T14:26:52Z	child	rc=0	/Users/ckriech/projects/clemens33/ae-rust/target/release/ae list --busy
2026-08-24T14:26:52Z	child	rc=-1	/Users/ckriech/projects/clemens33/ae-rust/target/release/ae list --active --all	cwd=/Users/ckriech/projects/clemens33/ae-rust/docs/migration/evidence/phase4-run/scratch/0385/home
2026-08-24T14:26:52Z	child	rc=0	/Users/ckriech/projects/clemens33/ae-rust/target/release/ae list --active --all
2026-08-24T14:26:52Z	child	rc=-1	/Users/ckriech/projects/clemens33/ae-rust/target/release/ae list --all --active	cwd=/Users/ckriech/projects/clemens33/ae-rust/docs/migration/evidence/phase4-run/scratch/0386/home
2026-08-24T14:26:52Z	child	rc=0	/Users/ckriech/projects/clemens33/ae-rust/target/release/ae list --all --active
2026-08-24T14:26:52Z	child	rc=-1	/Users/ckriech/projects/clemens33/ae-rust/target/release/ae list --active --stopped	cwd=/Users/ckriech/projects/clemens33/ae-rust/docs/migration/evidence/phase4-run/scratch/0387/home
2026-08-24T14:26:53Z	child	rc=0	/Users/ckriech/projects/clemens33/ae-rust/target/release/ae list --active --stopped
2026-08-24T14:26:53Z	child	rc=-1	/Users/ckriech/projects/clemens33/ae-rust/target/release/ae list --stopped --active	cwd=/Users/ckriech/projects/clemens33/ae-rust/docs/migration/evidence/phase4-run/scratch/0388/home
2026-08-24T14:26:53Z	child	rc=0	/Users/ckriech/projects/clemens33/ae-rust/target/release/ae list --stopped --active
2026-08-24T14:26:53Z	child	rc=-1	/Users/ckriech/projects/clemens33/ae-rust/target/release/ae list --needs-attn --active	cwd=/Users/ckriech/projects/clemens33/ae-rust/docs/migration/evidence/phase4-run/scratch/0389/home
2026-08-24T14:26:53Z	child	rc=0	/Users/ckriech/projects/clemens33/ae-rust/target/release/ae list --needs-attn --active
2026-08-24T14:26:53Z	child	rc=-1	/Users/ckriech/projects/clemens33/ae-rust/target/release/ae list --active --needs-attn	cwd=/Users/ckriech/projects/clemens33/ae-rust/docs/migration/evidence/phase4-run/scratch/0390/home
2026-08-24T14:26:53Z	child	rc=0	/Users/ckriech/projects/clemens33/ae-rust/target/release/ae list --active --needs-attn
2026-08-24T14:26:53Z	child	rc=-1	/Users/ckriech/projects/clemens33/ae-rust/target/release/ae list	cwd=/Users/ckriech/projects/clemens33/ae-rust/docs/migration/evidence/phase4-run/scratch/0391/home
2026-08-24T14:26:53Z	child	rc=0	/Users/ckriech/projects/clemens33/ae-rust/target/release/ae list
2026-08-24T14:26:53Z	child	rc=-1	/Users/ckriech/projects/clemens33/ae-rust/target/release/ae list --json	cwd=/Users/ckriech/projects/clemens33/ae-rust/docs/migration/evidence/phase4-run/scratch/0392/home
2026-08-24T14:26:53Z	child	rc=0	/Users/ckriech/projects/clemens33/ae-rust/target/release/ae list --json
2026-08-24T14:26:53Z	child	rc=-1	/Users/ckriech/projects/clemens33/ae-rust/target/release/ae ls	cwd=/Users/ckriech/projects/clemens33/ae-rust/docs/migration/evidence/phase4-run/scratch/0393/home
2026-08-24T14:26:53Z	child	rc=0	/Users/ckriech/projects/clemens33/ae-rust/target/release/ae ls
2026-08-24T14:26:53Z	child	rc=-1	/Users/ckriech/projects/clemens33/ae-rust/target/release/ae ls --json	cwd=/Users/ckriech/projects/clemens33/ae-rust/docs/migration/evidence/phase4-run/scratch/0394/home
2026-08-24T14:26:53Z	child	rc=0	/Users/ckriech/projects/clemens33/ae-rust/target/release/ae ls --json
2026-08-24T14:26:53Z	child	rc=-1	/Users/ckriech/projects/clemens33/ae-rust/target/release/ae list --running	cwd=/Users/ckriech/projects/clemens33/ae-rust/docs/migration/evidence/phase4-run/scratch/0395/home
2026-08-24T14:26:53Z	child	rc=0	/Users/ckriech/projects/clemens33/ae-rust/target/release/ae list --running
2026-08-24T14:26:53Z	child	rc=-1	/Users/ckriech/projects/clemens33/ae-rust/target/release/ae list --running --json	cwd=/Users/ckriech/projects/clemens33/ae-rust/docs/migration/evidence/phase4-run/scratch/0396/home
2026-08-24T14:26:53Z	child	rc=0	/Users/ckriech/projects/clemens33/ae-rust/target/release/ae list --running --json
2026-08-24T14:26:53Z	child	rc=-1	/Users/ckriech/projects/clemens33/ae-rust/target/release/ae ls --running	cwd=/Users/ckriech/projects/clemens33/ae-rust/docs/migration/evidence/phase4-run/scratch/0397/home
2026-08-24T14:26:54Z	child	rc=0	/Users/ckriech/projects/clemens33/ae-rust/target/release/ae ls --running
2026-08-24T14:26:54Z	child	rc=-1	/Users/ckriech/projects/clemens33/ae-rust/target/release/ae ls --running --json	cwd=/Users/ckriech/projects/clemens33/ae-rust/docs/migration/evidence/phase4-run/scratch/0398/home
2026-08-24T14:26:54Z	child	rc=0	/Users/ckriech/projects/clemens33/ae-rust/target/release/ae ls --running --json
2026-08-24T14:26:54Z	child	rc=-1	/Users/ckriech/projects/clemens33/ae-rust/target/release/ae list --all	cwd=/Users/ckriech/projects/clemens33/ae-rust/docs/migration/evidence/phase4-run/scratch/0399/home
2026-08-24T14:26:54Z	child	rc=0	/Users/ckriech/projects/clemens33/ae-rust/target/release/ae list --all
2026-08-24T14:26:54Z	child	rc=-1	/Users/ckriech/projects/clemens33/ae-rust/target/release/ae list --all --json	cwd=/Users/ckriech/projects/clemens33/ae-rust/docs/migration/evidence/phase4-run/scratch/0400/home
2026-08-24T14:26:54Z	child	rc=0	/Users/ckriech/projects/clemens33/ae-rust/target/release/ae list --all --json
2026-08-24T14:26:54Z	child	rc=-1	/Users/ckriech/projects/clemens33/ae-rust/target/release/ae ls --all	cwd=/Users/ckriech/projects/clemens33/ae-rust/docs/migration/evidence/phase4-run/scratch/0401/home
2026-08-24T14:26:54Z	child	rc=0	/Users/ckriech/projects/clemens33/ae-rust/target/release/ae ls --all
2026-08-24T14:26:54Z	child	rc=-1	/Users/ckriech/projects/clemens33/ae-rust/target/release/ae ls --all --json	cwd=/Users/ckriech/projects/clemens33/ae-rust/docs/migration/evidence/phase4-run/scratch/0402/home
2026-08-24T14:26:54Z	child	rc=0	/Users/ckriech/projects/clemens33/ae-rust/target/release/ae ls --all --json
2026-08-24T14:26:54Z	child	rc=-1	/Users/ckriech/projects/clemens33/ae-rust/target/release/ae list --stopped	cwd=/Users/ckriech/projects/clemens33/ae-rust/docs/migration/evidence/phase4-run/scratch/0403/home
2026-08-24T14:26:54Z	child	rc=0	/Users/ckriech/projects/clemens33/ae-rust/target/release/ae list --stopped
2026-08-24T14:26:54Z	child	rc=-1	/Users/ckriech/projects/clemens33/ae-rust/target/release/ae list --stopped --json	cwd=/Users/ckriech/projects/clemens33/ae-rust/docs/migration/evidence/phase4-run/scratch/0404/home
2026-08-24T14:26:54Z	child	rc=0	/Users/ckriech/projects/clemens33/ae-rust/target/release/ae list --stopped --json
2026-08-24T14:26:54Z	child	rc=-1	/Users/ckriech/projects/clemens33/ae-rust/target/release/ae ls --stopped	cwd=/Users/ckriech/projects/clemens33/ae-rust/docs/migration/evidence/phase4-run/scratch/0405/home
2026-08-24T14:26:54Z	child	rc=0	/Users/ckriech/projects/clemens33/ae-rust/target/release/ae ls --stopped
2026-08-24T14:26:54Z	child	rc=-1	/Users/ckriech/projects/clemens33/ae-rust/target/release/ae ls --stopped --json	cwd=/Users/ckriech/projects/clemens33/ae-rust/docs/migration/evidence/phase4-run/scratch/0406/home
2026-08-24T14:26:54Z	child	rc=0	/Users/ckriech/projects/clemens33/ae-rust/target/release/ae ls --stopped --json
2026-08-24T14:26:54Z	child	rc=-1	/Users/ckriech/projects/clemens33/ae-rust/target/release/ae list --needs-attn	cwd=/Users/ckriech/projects/clemens33/ae-rust/docs/migration/evidence/phase4-run/scratch/0407/home
2026-08-24T14:26:54Z	child	rc=0	/Users/ckriech/projects/clemens33/ae-rust/target/release/ae list --needs-attn
2026-08-24T14:26:54Z	child	rc=-1	/Users/ckriech/projects/clemens33/ae-rust/target/release/ae list --needs-attn --json	cwd=/Users/ckriech/projects/clemens33/ae-rust/docs/migration/evidence/phase4-run/scratch/0408/home
2026-08-24T14:26:55Z	child	rc=0	/Users/ckriech/projects/clemens33/ae-rust/target/release/ae list --needs-attn --json
2026-08-24T14:26:55Z	child	rc=-1	/Users/ckriech/projects/clemens33/ae-rust/target/release/ae ls --needs-attn	cwd=/Users/ckriech/projects/clemens33/ae-rust/docs/migration/evidence/phase4-run/scratch/0409/home
2026-08-24T14:26:55Z	child	rc=0	/Users/ckriech/projects/clemens33/ae-rust/target/release/ae ls --needs-attn
2026-08-24T14:26:55Z	child	rc=-1	/Users/ckriech/projects/clemens33/ae-rust/target/release/ae ls --needs-attn --json	cwd=/Users/ckriech/projects/clemens33/ae-rust/docs/migration/evidence/phase4-run/scratch/0410/home
2026-08-24T14:26:55Z	child	rc=0	/Users/ckriech/projects/clemens33/ae-rust/target/release/ae ls --needs-attn --json
2026-08-24T14:26:55Z	child	rc=-1	/Users/ckriech/projects/clemens33/ae-rust/target/release/ae list --needs-me	cwd=/Users/ckriech/projects/clemens33/ae-rust/docs/migration/evidence/phase4-run/scratch/0411/home
2026-08-24T14:26:55Z	child	rc=0	/Users/ckriech/projects/clemens33/ae-rust/target/release/ae list --needs-me
2026-08-24T14:26:55Z	child	rc=-1	/Users/ckriech/projects/clemens33/ae-rust/target/release/ae list --needs-me --json	cwd=/Users/ckriech/projects/clemens33/ae-rust/docs/migration/evidence/phase4-run/scratch/0412/home
2026-08-24T14:26:55Z	child	rc=0	/Users/ckriech/projects/clemens33/ae-rust/target/release/ae list --needs-me --json
2026-08-24T14:26:55Z	child	rc=-1	/Users/ckriech/projects/clemens33/ae-rust/target/release/ae ls --needs-me	cwd=/Users/ckriech/projects/clemens33/ae-rust/docs/migration/evidence/phase4-run/scratch/0413/home
2026-08-24T14:26:55Z	child	rc=0	/Users/ckriech/projects/clemens33/ae-rust/target/release/ae ls --needs-me
2026-08-24T14:26:55Z	child	rc=-1	/Users/ckriech/projects/clemens33/ae-rust/target/release/ae ls --needs-me --json	cwd=/Users/ckriech/projects/clemens33/ae-rust/docs/migration/evidence/phase4-run/scratch/0414/home
2026-08-24T14:26:55Z	child	rc=0	/Users/ckriech/projects/clemens33/ae-rust/target/release/ae ls --needs-me --json
2026-08-24T14:26:55Z	child	rc=-1	/Users/ckriech/projects/clemens33/ae-rust/target/release/ae list --needs	cwd=/Users/ckriech/projects/clemens33/ae-rust/docs/migration/evidence/phase4-run/scratch/0415/home
2026-08-24T14:26:55Z	child	rc=0	/Users/ckriech/projects/clemens33/ae-rust/target/release/ae list --needs
2026-08-24T14:26:55Z	child	rc=-1	/Users/ckriech/projects/clemens33/ae-rust/target/release/ae list --needs --json	cwd=/Users/ckriech/projects/clemens33/ae-rust/docs/migration/evidence/phase4-run/scratch/0416/home
2026-08-24T14:26:55Z	child	rc=0	/Users/ckriech/projects/clemens33/ae-rust/target/release/ae list --needs --json
2026-08-24T14:26:55Z	child	rc=-1	/Users/ckriech/projects/clemens33/ae-rust/target/release/ae ls --needs	cwd=/Users/ckriech/projects/clemens33/ae-rust/docs/migration/evidence/phase4-run/scratch/0417/home
2026-08-24T14:26:55Z	child	rc=0	/Users/ckriech/projects/clemens33/ae-rust/target/release/ae ls --needs
2026-08-24T14:26:55Z	child	rc=-1	/Users/ckriech/projects/clemens33/ae-rust/target/release/ae ls --needs --json	cwd=/Users/ckriech/projects/clemens33/ae-rust/docs/migration/evidence/phase4-run/scratch/0418/home
2026-08-24T14:26:56Z	child	rc=0	/Users/ckriech/projects/clemens33/ae-rust/target/release/ae ls --needs --json
2026-08-24T14:26:56Z	child	rc=-1	/Users/ckriech/projects/clemens33/ae-rust/target/release/ae list --attn	cwd=/Users/ckriech/projects/clemens33/ae-rust/docs/migration/evidence/phase4-run/scratch/0419/home
2026-08-24T14:26:56Z	child	rc=0	/Users/ckriech/projects/clemens33/ae-rust/target/release/ae list --attn
2026-08-24T14:26:56Z	child	rc=-1	/Users/ckriech/projects/clemens33/ae-rust/target/release/ae list --attn --json	cwd=/Users/ckriech/projects/clemens33/ae-rust/docs/migration/evidence/phase4-run/scratch/0420/home
2026-08-24T14:26:56Z	child	rc=0	/Users/ckriech/projects/clemens33/ae-rust/target/release/ae list --attn --json
2026-08-24T14:26:56Z	child	rc=-1	/Users/ckriech/projects/clemens33/ae-rust/target/release/ae ls --attn	cwd=/Users/ckriech/projects/clemens33/ae-rust/docs/migration/evidence/phase4-run/scratch/0421/home
2026-08-24T14:26:56Z	child	rc=0	/Users/ckriech/projects/clemens33/ae-rust/target/release/ae ls --attn
2026-08-24T14:26:56Z	child	rc=-1	/Users/ckriech/projects/clemens33/ae-rust/target/release/ae ls --attn --json	cwd=/Users/ckriech/projects/clemens33/ae-rust/docs/migration/evidence/phase4-run/scratch/0422/home
2026-08-24T14:26:56Z	child	rc=0	/Users/ckriech/projects/clemens33/ae-rust/target/release/ae ls --attn --json
2026-08-24T14:26:56Z	child	rc=-1	/Users/ckriech/projects/clemens33/ae-rust/target/release/ae list --active	cwd=/Users/ckriech/projects/clemens33/ae-rust/docs/migration/evidence/phase4-run/scratch/0423/home
2026-08-24T14:26:56Z	child	rc=0	/Users/ckriech/projects/clemens33/ae-rust/target/release/ae list --active
2026-08-24T14:26:56Z	child	rc=-1	/Users/ckriech/projects/clemens33/ae-rust/target/release/ae list --active --json	cwd=/Users/ckriech/projects/clemens33/ae-rust/docs/migration/evidence/phase4-run/scratch/0424/home
2026-08-24T14:26:56Z	child	rc=0	/Users/ckriech/projects/clemens33/ae-rust/target/release/ae list --active --json
2026-08-24T14:26:56Z	child	rc=-1	/Users/ckriech/projects/clemens33/ae-rust/target/release/ae ls --active	cwd=/Users/ckriech/projects/clemens33/ae-rust/docs/migration/evidence/phase4-run/scratch/0425/home
2026-08-24T14:26:56Z	child	rc=0	/Users/ckriech/projects/clemens33/ae-rust/target/release/ae ls --active
2026-08-24T14:26:56Z	child	rc=-1	/Users/ckriech/projects/clemens33/ae-rust/target/release/ae ls --active --json	cwd=/Users/ckriech/projects/clemens33/ae-rust/docs/migration/evidence/phase4-run/scratch/0426/home
2026-08-24T14:26:56Z	child	rc=0	/Users/ckriech/projects/clemens33/ae-rust/target/release/ae ls --active --json
2026-08-24T14:26:56Z	child	rc=-1	/Users/ckriech/projects/clemens33/ae-rust/target/release/ae list --busy	cwd=/Users/ckriech/projects/clemens33/ae-rust/docs/migration/evidence/phase4-run/scratch/0427/home
2026-08-24T14:26:56Z	child	rc=0	/Users/ckriech/projects/clemens33/ae-rust/target/release/ae list --busy
2026-08-24T14:26:56Z	child	rc=-1	/Users/ckriech/projects/clemens33/ae-rust/target/release/ae list --busy --json	cwd=/Users/ckriech/projects/clemens33/ae-rust/docs/migration/evidence/phase4-run/scratch/0428/home
2026-08-24T14:26:57Z	child	rc=0	/Users/ckriech/projects/clemens33/ae-rust/target/release/ae list --busy --json
2026-08-24T14:26:57Z	child	rc=-1	/Users/ckriech/projects/clemens33/ae-rust/target/release/ae ls --busy	cwd=/Users/ckriech/projects/clemens33/ae-rust/docs/migration/evidence/phase4-run/scratch/0429/home
2026-08-24T14:26:57Z	child	rc=0	/Users/ckriech/projects/clemens33/ae-rust/target/release/ae ls --busy
2026-08-24T14:26:57Z	child	rc=-1	/Users/ckriech/projects/clemens33/ae-rust/target/release/ae ls --busy --json	cwd=/Users/ckriech/projects/clemens33/ae-rust/docs/migration/evidence/phase4-run/scratch/0430/home
2026-08-24T14:26:57Z	child	rc=0	/Users/ckriech/projects/clemens33/ae-rust/target/release/ae ls --busy --json
2026-08-24T14:26:57Z	child	rc=-1	/Users/ckriech/projects/clemens33/ae-rust/target/release/ae list --needs-attn --all	cwd=/Users/ckriech/projects/clemens33/ae-rust/docs/migration/evidence/phase4-run/scratch/0431/home
2026-08-24T14:26:57Z	child	rc=0	/Users/ckriech/projects/clemens33/ae-rust/target/release/ae list --needs-attn --all
2026-08-24T14:26:57Z	child	rc=-1	/Users/ckriech/projects/clemens33/ae-rust/target/release/ae list --needs-attn --all --json	cwd=/Users/ckriech/projects/clemens33/ae-rust/docs/migration/evidence/phase4-run/scratch/0432/home
2026-08-24T14:26:57Z	child	rc=0	/Users/ckriech/projects/clemens33/ae-rust/target/release/ae list --needs-attn --all --json
2026-08-24T14:26:57Z	child	rc=-1	/Users/ckriech/projects/clemens33/ae-rust/target/release/ae list --all --needs-attn	cwd=/Users/ckriech/projects/clemens33/ae-rust/docs/migration/evidence/phase4-run/scratch/0433/home
2026-08-24T14:26:57Z	child	rc=0	/Users/ckriech/projects/clemens33/ae-rust/target/release/ae list --all --needs-attn
2026-08-24T14:26:57Z	child	rc=-1	/Users/ckriech/projects/clemens33/ae-rust/target/release/ae list --all --needs-attn --json	cwd=/Users/ckriech/projects/clemens33/ae-rust/docs/migration/evidence/phase4-run/scratch/0434/home
2026-08-24T14:26:57Z	child	rc=0	/Users/ckriech/projects/clemens33/ae-rust/target/release/ae list --all --needs-attn --json
2026-08-24T14:26:57Z	child	rc=-1	/Users/ckriech/projects/clemens33/ae-rust/target/release/ae list --active --all	cwd=/Users/ckriech/projects/clemens33/ae-rust/docs/migration/evidence/phase4-run/scratch/0435/home
2026-08-24T14:26:57Z	child	rc=0	/Users/ckriech/projects/clemens33/ae-rust/target/release/ae list --active --all
2026-08-24T14:26:57Z	child	rc=-1	/Users/ckriech/projects/clemens33/ae-rust/target/release/ae list --active --all --json	cwd=/Users/ckriech/projects/clemens33/ae-rust/docs/migration/evidence/phase4-run/scratch/0436/home
2026-08-24T14:26:57Z	child	rc=0	/Users/ckriech/projects/clemens33/ae-rust/target/release/ae list --active --all --json
2026-08-24T14:26:57Z	child	rc=-1	/Users/ckriech/projects/clemens33/ae-rust/target/release/ae list --all --active	cwd=/Users/ckriech/projects/clemens33/ae-rust/docs/migration/evidence/phase4-run/scratch/0437/home
2026-08-24T14:26:57Z	child	rc=0	/Users/ckriech/projects/clemens33/ae-rust/target/release/ae list --all --active
2026-08-24T14:26:57Z	child	rc=-1	/Users/ckriech/projects/clemens33/ae-rust/target/release/ae list --all --active --json	cwd=/Users/ckriech/projects/clemens33/ae-rust/docs/migration/evidence/phase4-run/scratch/0438/home
2026-08-24T14:26:58Z	child	rc=0	/Users/ckriech/projects/clemens33/ae-rust/target/release/ae list --all --active --json
2026-08-24T14:26:58Z	child	rc=-1	/Users/ckriech/projects/clemens33/ae-rust/target/release/ae list --needs-attn --stopped	cwd=/Users/ckriech/projects/clemens33/ae-rust/docs/migration/evidence/phase4-run/scratch/0439/home
2026-08-24T14:26:58Z	child	rc=0	/Users/ckriech/projects/clemens33/ae-rust/target/release/ae list --needs-attn --stopped
2026-08-24T14:26:58Z	child	rc=-1	/Users/ckriech/projects/clemens33/ae-rust/target/release/ae list --needs-attn --stopped --json	cwd=/Users/ckriech/projects/clemens33/ae-rust/docs/migration/evidence/phase4-run/scratch/0440/home
2026-08-24T14:26:58Z	child	rc=0	/Users/ckriech/projects/clemens33/ae-rust/target/release/ae list --needs-attn --stopped --json
2026-08-24T14:26:58Z	child	rc=-1	/Users/ckriech/projects/clemens33/ae-rust/target/release/ae list --active --stopped	cwd=/Users/ckriech/projects/clemens33/ae-rust/docs/migration/evidence/phase4-run/scratch/0441/home
2026-08-24T14:26:58Z	child	rc=0	/Users/ckriech/projects/clemens33/ae-rust/target/release/ae list --active --stopped
2026-08-24T14:26:58Z	child	rc=-1	/Users/ckriech/projects/clemens33/ae-rust/target/release/ae list --active --stopped --json	cwd=/Users/ckriech/projects/clemens33/ae-rust/docs/migration/evidence/phase4-run/scratch/0442/home
2026-08-24T14:26:58Z	child	rc=0	/Users/ckriech/projects/clemens33/ae-rust/target/release/ae list --active --stopped --json
2026-08-24T14:26:58Z	child	rc=-1	/Users/ckriech/projects/clemens33/ae-rust/target/release/ae list --no-such-flag	cwd=/Users/ckriech/projects/clemens33/ae-rust/docs/migration/evidence/phase4-run/scratch/0443/home
2026-08-24T14:26:58Z	child	rc=2	/Users/ckriech/projects/clemens33/ae-rust/target/release/ae list --no-such-flag
2026-08-24T14:26:58Z	child	rc=-1	/Users/ckriech/projects/clemens33/ae-rust/target/release/ae list --help	cwd=/Users/ckriech/projects/clemens33/ae-rust/docs/migration/evidence/phase4-run/scratch/0444/home
2026-08-24T14:26:58Z	child	rc=2	/Users/ckriech/projects/clemens33/ae-rust/target/release/ae list --help
2026-08-24T14:26:58Z	child	rc=-1	/Users/ckriech/projects/clemens33/ae-rust/target/release/ae list --active	cwd=/Users/ckriech/projects/clemens33/ae-rust/docs/migration/evidence/phase4-run/scratch/0445/home
2026-08-24T14:26:58Z	child	rc=0	/Users/ckriech/projects/clemens33/ae-rust/target/release/ae list --active
2026-08-24T14:26:58Z	child	rc=-1	/Users/ckriech/projects/clemens33/ae-rust/target/release/ae list --active --json	cwd=/Users/ckriech/projects/clemens33/ae-rust/docs/migration/evidence/phase4-run/scratch/0446/home
2026-08-24T14:26:58Z	child	rc=0	/Users/ckriech/projects/clemens33/ae-rust/target/release/ae list --active --json
2026-08-24T14:26:58Z	child	rc=-1	/Users/ckriech/projects/clemens33/ae-rust/target/release/ae list --busy	cwd=/Users/ckriech/projects/clemens33/ae-rust/docs/migration/evidence/phase4-run/scratch/0447/home
2026-08-24T14:26:58Z	child	rc=0	/Users/ckriech/projects/clemens33/ae-rust/target/release/ae list --busy
2026-08-24T14:26:58Z	child	rc=-1	/Users/ckriech/projects/clemens33/ae-rust/target/release/ae list --active --all	cwd=/Users/ckriech/projects/clemens33/ae-rust/docs/migration/evidence/phase4-run/scratch/0448/home
2026-08-24T14:26:58Z	child	rc=0	/Users/ckriech/projects/clemens33/ae-rust/target/release/ae list --active --all
2026-08-24T14:26:58Z	child	rc=-1	/Users/ckriech/projects/clemens33/ae-rust/target/release/ae list --all --active	cwd=/Users/ckriech/projects/clemens33/ae-rust/docs/migration/evidence/phase4-run/scratch/0449/home
2026-08-24T14:26:59Z	child	rc=0	/Users/ckriech/projects/clemens33/ae-rust/target/release/ae list --all --active
2026-08-24T14:26:59Z	child	rc=-1	/Users/ckriech/projects/clemens33/ae-rust/target/release/ae list --active --stopped	cwd=/Users/ckriech/projects/clemens33/ae-rust/docs/migration/evidence/phase4-run/scratch/0450/home
2026-08-24T14:26:59Z	child	rc=0	/Users/ckriech/projects/clemens33/ae-rust/target/release/ae list --active --stopped
2026-08-24T14:26:59Z	child	rc=-1	/Users/ckriech/projects/clemens33/ae-rust/target/release/ae list --stopped --active	cwd=/Users/ckriech/projects/clemens33/ae-rust/docs/migration/evidence/phase4-run/scratch/0451/home
2026-08-24T14:26:59Z	child	rc=0	/Users/ckriech/projects/clemens33/ae-rust/target/release/ae list --stopped --active
2026-08-24T14:26:59Z	child	rc=-1	/Users/ckriech/projects/clemens33/ae-rust/target/release/ae list --needs-attn --active	cwd=/Users/ckriech/projects/clemens33/ae-rust/docs/migration/evidence/phase4-run/scratch/0452/home
2026-08-24T14:26:59Z	child	rc=0	/Users/ckriech/projects/clemens33/ae-rust/target/release/ae list --needs-attn --active
2026-08-24T14:26:59Z	child	rc=-1	/Users/ckriech/projects/clemens33/ae-rust/target/release/ae list --active --needs-attn	cwd=/Users/ckriech/projects/clemens33/ae-rust/docs/migration/evidence/phase4-run/scratch/0453/home
2026-08-24T14:26:59Z	child	rc=0	/Users/ckriech/projects/clemens33/ae-rust/target/release/ae list --active --needs-attn
2026-08-24T14:26:59Z	child	rc=-1	/Users/ckriech/projects/clemens33/ae-rust/target/release/ae list --active	cwd=/Users/ckriech/projects/clemens33/ae-rust/docs/migration/evidence/phase4-run/scratch/0454/home
2026-08-24T14:26:59Z	child	rc=0	/Users/ckriech/projects/clemens33/ae-rust/target/release/ae list --active
2026-08-24T14:26:59Z	child	rc=-1	/Users/ckriech/projects/clemens33/ae-rust/target/release/ae list --active --json	cwd=/Users/ckriech/projects/clemens33/ae-rust/docs/migration/evidence/phase4-run/scratch/0455/home
2026-08-24T14:26:59Z	child	rc=0	/Users/ckriech/projects/clemens33/ae-rust/target/release/ae list --active --json
2026-08-24T14:26:59Z	child	rc=-1	/Users/ckriech/projects/clemens33/ae-rust/target/release/ae list --busy	cwd=/Users/ckriech/projects/clemens33/ae-rust/docs/migration/evidence/phase4-run/scratch/0456/home
2026-08-24T14:26:59Z	child	rc=0	/Users/ckriech/projects/clemens33/ae-rust/target/release/ae list --busy
2026-08-24T14:26:59Z	child	rc=-1	/Users/ckriech/projects/clemens33/ae-rust/target/release/ae list --active --all	cwd=/Users/ckriech/projects/clemens33/ae-rust/docs/migration/evidence/phase4-run/scratch/0457/home
2026-08-24T14:26:59Z	child	rc=0	/Users/ckriech/projects/clemens33/ae-rust/target/release/ae list --active --all
2026-08-24T14:26:59Z	child	rc=-1	/Users/ckriech/projects/clemens33/ae-rust/target/release/ae list --all --active	cwd=/Users/ckriech/projects/clemens33/ae-rust/docs/migration/evidence/phase4-run/scratch/0458/home
2026-08-24T14:26:59Z	child	rc=0	/Users/ckriech/projects/clemens33/ae-rust/target/release/ae list --all --active
2026-08-24T14:26:59Z	child	rc=-1	/Users/ckriech/projects/clemens33/ae-rust/target/release/ae list --active --stopped	cwd=/Users/ckriech/projects/clemens33/ae-rust/docs/migration/evidence/phase4-run/scratch/0459/home
2026-08-24T14:27:00Z	child	rc=0	/Users/ckriech/projects/clemens33/ae-rust/target/release/ae list --active --stopped
2026-08-24T14:27:00Z	child	rc=-1	/Users/ckriech/projects/clemens33/ae-rust/target/release/ae list --stopped --active	cwd=/Users/ckriech/projects/clemens33/ae-rust/docs/migration/evidence/phase4-run/scratch/0460/home
2026-08-24T14:27:00Z	child	rc=0	/Users/ckriech/projects/clemens33/ae-rust/target/release/ae list --stopped --active
2026-08-24T14:27:00Z	child	rc=-1	/Users/ckriech/projects/clemens33/ae-rust/target/release/ae list --needs-attn --active	cwd=/Users/ckriech/projects/clemens33/ae-rust/docs/migration/evidence/phase4-run/scratch/0461/home
2026-08-24T14:27:00Z	child	rc=0	/Users/ckriech/projects/clemens33/ae-rust/target/release/ae list --needs-attn --active
2026-08-24T14:27:00Z	child	rc=-1	/Users/ckriech/projects/clemens33/ae-rust/target/release/ae list --active --needs-attn	cwd=/Users/ckriech/projects/clemens33/ae-rust/docs/migration/evidence/phase4-run/scratch/0462/home
2026-08-24T14:27:00Z	child	rc=0	/Users/ckriech/projects/clemens33/ae-rust/target/release/ae list --active --needs-attn
2026-08-24T14:27:00Z	child	rc=-1	/Users/ckriech/projects/clemens33/ae-rust/target/release/ae list	cwd=/Users/ckriech/projects/clemens33/ae-rust/docs/migration/evidence/phase4-run/scratch/0463/home
2026-08-24T14:27:00Z	child	rc=0	/Users/ckriech/projects/clemens33/ae-rust/target/release/ae list
2026-08-24T14:27:00Z	child	rc=-1	/Users/ckriech/projects/clemens33/ae-rust/target/release/ae list --json	cwd=/Users/ckriech/projects/clemens33/ae-rust/docs/migration/evidence/phase4-run/scratch/0464/home
2026-08-24T14:27:00Z	child	rc=0	/Users/ckriech/projects/clemens33/ae-rust/target/release/ae list --json
2026-08-24T14:27:00Z	child	rc=-1	/Users/ckriech/projects/clemens33/ae-rust/target/release/ae list --all --json	cwd=/Users/ckriech/projects/clemens33/ae-rust/docs/migration/evidence/phase4-run/scratch/0465/home
2026-08-24T14:27:00Z	child	rc=0	/Users/ckriech/projects/clemens33/ae-rust/target/release/ae list --all --json
2026-08-24T14:27:00Z	child	rc=-1	/Users/ckriech/projects/clemens33/ae-rust/target/release/ae list --needs-attn	cwd=/Users/ckriech/projects/clemens33/ae-rust/docs/migration/evidence/phase4-run/scratch/0466/home
2026-08-24T14:27:00Z	child	rc=0	/Users/ckriech/projects/clemens33/ae-rust/target/release/ae list --needs-attn
2026-08-24T14:27:00Z	child	rc=-1	/Users/ckriech/projects/clemens33/ae-rust/target/release/ae list --needs-attn --json	cwd=/Users/ckriech/projects/clemens33/ae-rust/docs/migration/evidence/phase4-run/scratch/0467/home
2026-08-24T14:27:00Z	child	rc=0	/Users/ckriech/projects/clemens33/ae-rust/target/release/ae list --needs-attn --json
2026-08-24T14:27:00Z	child	rc=-1	/Users/ckriech/projects/clemens33/ae-rust/target/release/ae list --active	cwd=/Users/ckriech/projects/clemens33/ae-rust/docs/migration/evidence/phase4-run/scratch/0468/home
2026-08-24T14:27:00Z	child	rc=0	/Users/ckriech/projects/clemens33/ae-rust/target/release/ae list --active
2026-08-24T14:27:00Z	child	rc=-1	/Users/ckriech/projects/clemens33/ae-rust/target/release/ae list --active --json	cwd=/Users/ckriech/projects/clemens33/ae-rust/docs/migration/evidence/phase4-run/scratch/0469/home
2026-08-24T14:27:00Z	child	rc=0	/Users/ckriech/projects/clemens33/ae-rust/target/release/ae list --active --json
2026-08-24T14:27:00Z	child	rc=-1	/Users/ckriech/projects/clemens33/ae-rust/target/release/ae list	cwd=/Users/ckriech/projects/clemens33/ae-rust/docs/migration/evidence/phase4-run/scratch/0471/home
2026-08-24T14:27:00Z	child	rc=0	/Users/ckriech/projects/clemens33/ae-rust/target/release/ae list
2026-08-24T14:27:00Z	child	rc=-1	/Users/ckriech/projects/clemens33/ae-rust/target/release/ae list --json	cwd=/Users/ckriech/projects/clemens33/ae-rust/docs/migration/evidence/phase4-run/scratch/0472/home
2026-08-24T14:27:00Z	child	rc=0	/Users/ckriech/projects/clemens33/ae-rust/target/release/ae list --json
2026-08-24T14:27:00Z	child	rc=-1	/Users/ckriech/projects/clemens33/ae-rust/target/release/ae list --all --json	cwd=/Users/ckriech/projects/clemens33/ae-rust/docs/migration/evidence/phase4-run/scratch/0473/home
2026-08-24T14:27:00Z	child	rc=0	/Users/ckriech/projects/clemens33/ae-rust/target/release/ae list --all --json
2026-08-24T14:27:00Z	child	rc=-1	/Users/ckriech/projects/clemens33/ae-rust/target/release/ae list --needs-attn	cwd=/Users/ckriech/projects/clemens33/ae-rust/docs/migration/evidence/phase4-run/scratch/0474/home
2026-08-24T14:27:00Z	child	rc=0	/Users/ckriech/projects/clemens33/ae-rust/target/release/ae list --needs-attn
2026-08-24T14:27:00Z	child	rc=-1	/Users/ckriech/projects/clemens33/ae-rust/target/release/ae list --needs-attn --json	cwd=/Users/ckriech/projects/clemens33/ae-rust/docs/migration/evidence/phase4-run/scratch/0475/home
2026-08-24T14:27:00Z	child	rc=0	/Users/ckriech/projects/clemens33/ae-rust/target/release/ae list --needs-attn --json
2026-08-24T14:27:00Z	child	rc=-1	/Users/ckriech/projects/clemens33/ae-rust/target/release/ae list --active	cwd=/Users/ckriech/projects/clemens33/ae-rust/docs/migration/evidence/phase4-run/scratch/0476/home
2026-08-24T14:27:00Z	child	rc=0	/Users/ckriech/projects/clemens33/ae-rust/target/release/ae list --active
2026-08-24T14:27:00Z	child	rc=-1	/Users/ckriech/projects/clemens33/ae-rust/target/release/ae list --active --json	cwd=/Users/ckriech/projects/clemens33/ae-rust/docs/migration/evidence/phase4-run/scratch/0477/home
2026-08-24T14:27:00Z	child	rc=0	/Users/ckriech/projects/clemens33/ae-rust/target/release/ae list --active --json
2026-08-24T14:27:00Z	child	rc=-1	/Users/ckriech/projects/clemens33/ae-rust/target/release/ae list	cwd=/Users/ckriech/projects/clemens33/ae-rust/docs/migration/evidence/phase4-run/scratch/0479/home
2026-08-24T14:27:00Z	child	rc=0	/Users/ckriech/projects/clemens33/ae-rust/target/release/ae list
2026-08-24T14:27:00Z	child	rc=-1	/Users/ckriech/projects/clemens33/ae-rust/target/release/ae list --json	cwd=/Users/ckriech/projects/clemens33/ae-rust/docs/migration/evidence/phase4-run/scratch/0480/home
2026-08-24T14:27:00Z	child	rc=0	/Users/ckriech/projects/clemens33/ae-rust/target/release/ae list --json
2026-08-24T14:27:00Z	child	rc=-1	/Users/ckriech/projects/clemens33/ae-rust/target/release/ae list --all --json	cwd=/Users/ckriech/projects/clemens33/ae-rust/docs/migration/evidence/phase4-run/scratch/0481/home
2026-08-24T14:27:00Z	child	rc=0	/Users/ckriech/projects/clemens33/ae-rust/target/release/ae list --all --json
2026-08-24T14:27:00Z	child	rc=-1	/Users/ckriech/projects/clemens33/ae-rust/target/release/ae list --needs-attn	cwd=/Users/ckriech/projects/clemens33/ae-rust/docs/migration/evidence/phase4-run/scratch/0482/home
2026-08-24T14:27:00Z	child	rc=0	/Users/ckriech/projects/clemens33/ae-rust/target/release/ae list --needs-attn
2026-08-24T14:27:00Z	child	rc=-1	/Users/ckriech/projects/clemens33/ae-rust/target/release/ae list --needs-attn --json	cwd=/Users/ckriech/projects/clemens33/ae-rust/docs/migration/evidence/phase4-run/scratch/0483/home
2026-08-24T14:27:00Z	child	rc=0	/Users/ckriech/projects/clemens33/ae-rust/target/release/ae list --needs-attn --json
2026-08-24T14:27:00Z	child	rc=-1	/Users/ckriech/projects/clemens33/ae-rust/target/release/ae list --active	cwd=/Users/ckriech/projects/clemens33/ae-rust/docs/migration/evidence/phase4-run/scratch/0484/home
2026-08-24T14:27:00Z	child	rc=0	/Users/ckriech/projects/clemens33/ae-rust/target/release/ae list --active
2026-08-24T14:27:00Z	child	rc=-1	/Users/ckriech/projects/clemens33/ae-rust/target/release/ae list --active --json	cwd=/Users/ckriech/projects/clemens33/ae-rust/docs/migration/evidence/phase4-run/scratch/0485/home
2026-08-24T14:27:00Z	child	rc=0	/Users/ckriech/projects/clemens33/ae-rust/target/release/ae list --active --json
2026-08-24T14:27:00Z	child	rc=-1	/Users/ckriech/projects/clemens33/ae-rust/target/release/ae list	cwd=/Users/ckriech/projects/clemens33/ae-rust/docs/migration/evidence/phase4-run/scratch/0487/home
2026-08-24T14:27:00Z	child	rc=0	/Users/ckriech/projects/clemens33/ae-rust/target/release/ae list
2026-08-24T14:27:00Z	child	rc=-1	/Users/ckriech/projects/clemens33/ae-rust/target/release/ae list --json	cwd=/Users/ckriech/projects/clemens33/ae-rust/docs/migration/evidence/phase4-run/scratch/0488/home
2026-08-24T14:27:00Z	child	rc=0	/Users/ckriech/projects/clemens33/ae-rust/target/release/ae list --json
2026-08-24T14:27:00Z	child	rc=-1	/Users/ckriech/projects/clemens33/ae-rust/target/release/ae list --all --json	cwd=/Users/ckriech/projects/clemens33/ae-rust/docs/migration/evidence/phase4-run/scratch/0489/home
2026-08-24T14:27:00Z	child	rc=0	/Users/ckriech/projects/clemens33/ae-rust/target/release/ae list --all --json
2026-08-24T14:27:00Z	child	rc=-1	/Users/ckriech/projects/clemens33/ae-rust/target/release/ae list --needs-attn	cwd=/Users/ckriech/projects/clemens33/ae-rust/docs/migration/evidence/phase4-run/scratch/0490/home
2026-08-24T14:27:00Z	child	rc=0	/Users/ckriech/projects/clemens33/ae-rust/target/release/ae list --needs-attn
2026-08-24T14:27:00Z	child	rc=-1	/Users/ckriech/projects/clemens33/ae-rust/target/release/ae list --needs-attn --json	cwd=/Users/ckriech/projects/clemens33/ae-rust/docs/migration/evidence/phase4-run/scratch/0491/home
2026-08-24T14:27:00Z	child	rc=0	/Users/ckriech/projects/clemens33/ae-rust/target/release/ae list --needs-attn --json
2026-08-24T14:27:00Z	child	rc=-1	/Users/ckriech/projects/clemens33/ae-rust/target/release/ae list --active	cwd=/Users/ckriech/projects/clemens33/ae-rust/docs/migration/evidence/phase4-run/scratch/0492/home
2026-08-24T14:27:00Z	child	rc=0	/Users/ckriech/projects/clemens33/ae-rust/target/release/ae list --active
2026-08-24T14:27:00Z	child	rc=-1	/Users/ckriech/projects/clemens33/ae-rust/target/release/ae list --active --json	cwd=/Users/ckriech/projects/clemens33/ae-rust/docs/migration/evidence/phase4-run/scratch/0493/home
2026-08-24T14:27:00Z	child	rc=0	/Users/ckriech/projects/clemens33/ae-rust/target/release/ae list --active --json
2026-08-24T14:27:00Z	child	rc=-1	/Users/ckriech/projects/clemens33/ae-rust/target/release/ae list	cwd=/Users/ckriech/projects/clemens33/ae-rust/docs/migration/evidence/phase4-run/scratch/0495/home
2026-08-24T14:27:00Z	child	rc=0	/Users/ckriech/projects/clemens33/ae-rust/target/release/ae list
2026-08-24T14:27:00Z	child	rc=-1	/Users/ckriech/projects/clemens33/ae-rust/target/release/ae list --json	cwd=/Users/ckriech/projects/clemens33/ae-rust/docs/migration/evidence/phase4-run/scratch/0496/home
2026-08-24T14:27:00Z	child	rc=0	/Users/ckriech/projects/clemens33/ae-rust/target/release/ae list --json
2026-08-24T14:27:00Z	child	rc=-1	/Users/ckriech/projects/clemens33/ae-rust/target/release/ae list --all --json	cwd=/Users/ckriech/projects/clemens33/ae-rust/docs/migration/evidence/phase4-run/scratch/0497/home
2026-08-24T14:27:00Z	child	rc=0	/Users/ckriech/projects/clemens33/ae-rust/target/release/ae list --all --json
2026-08-24T14:27:00Z	child	rc=-1	/Users/ckriech/projects/clemens33/ae-rust/target/release/ae list --needs-attn	cwd=/Users/ckriech/projects/clemens33/ae-rust/docs/migration/evidence/phase4-run/scratch/0498/home
2026-08-24T14:27:00Z	child	rc=0	/Users/ckriech/projects/clemens33/ae-rust/target/release/ae list --needs-attn
2026-08-24T14:27:00Z	child	rc=-1	/Users/ckriech/projects/clemens33/ae-rust/target/release/ae list --needs-attn --json	cwd=/Users/ckriech/projects/clemens33/ae-rust/docs/migration/evidence/phase4-run/scratch/0499/home
2026-08-24T14:27:00Z	child	rc=0	/Users/ckriech/projects/clemens33/ae-rust/target/release/ae list --needs-attn --json
2026-08-24T14:27:00Z	child	rc=-1	/Users/ckriech/projects/clemens33/ae-rust/target/release/ae list --active	cwd=/Users/ckriech/projects/clemens33/ae-rust/docs/migration/evidence/phase4-run/scratch/0500/home
2026-08-24T14:27:00Z	child	rc=0	/Users/ckriech/projects/clemens33/ae-rust/target/release/ae list --active
2026-08-24T14:27:00Z	child	rc=-1	/Users/ckriech/projects/clemens33/ae-rust/target/release/ae list --active --json	cwd=/Users/ckriech/projects/clemens33/ae-rust/docs/migration/evidence/phase4-run/scratch/0501/home
2026-08-24T14:27:00Z	child	rc=0	/Users/ckriech/projects/clemens33/ae-rust/target/release/ae list --active --json
2026-08-24T14:27:00Z	child	rc=-1	/Users/ckriech/projects/clemens33/ae-rust/target/release/ae list	cwd=/Users/ckriech/projects/clemens33/ae-rust/docs/migration/evidence/phase4-run/scratch/0503/home
2026-08-24T14:27:01Z	child	rc=0	/Users/ckriech/projects/clemens33/ae-rust/target/release/ae list
2026-08-24T14:27:01Z	child	rc=-1	/Users/ckriech/projects/clemens33/ae-rust/target/release/ae list --json	cwd=/Users/ckriech/projects/clemens33/ae-rust/docs/migration/evidence/phase4-run/scratch/0504/home
2026-08-24T14:27:01Z	child	rc=0	/Users/ckriech/projects/clemens33/ae-rust/target/release/ae list --json
2026-08-24T14:27:01Z	child	rc=-1	/Users/ckriech/projects/clemens33/ae-rust/target/release/ae list --all --json	cwd=/Users/ckriech/projects/clemens33/ae-rust/docs/migration/evidence/phase4-run/scratch/0505/home
2026-08-24T14:27:01Z	child	rc=0	/Users/ckriech/projects/clemens33/ae-rust/target/release/ae list --all --json
2026-08-24T14:27:01Z	child	rc=-1	/Users/ckriech/projects/clemens33/ae-rust/target/release/ae list --needs-attn	cwd=/Users/ckriech/projects/clemens33/ae-rust/docs/migration/evidence/phase4-run/scratch/0506/home
2026-08-24T14:27:01Z	child	rc=0	/Users/ckriech/projects/clemens33/ae-rust/target/release/ae list --needs-attn
2026-08-24T14:27:01Z	child	rc=-1	/Users/ckriech/projects/clemens33/ae-rust/target/release/ae list --needs-attn --json	cwd=/Users/ckriech/projects/clemens33/ae-rust/docs/migration/evidence/phase4-run/scratch/0507/home
2026-08-24T14:27:01Z	child	rc=0	/Users/ckriech/projects/clemens33/ae-rust/target/release/ae list --needs-attn --json
2026-08-24T14:27:01Z	child	rc=-1	/Users/ckriech/projects/clemens33/ae-rust/target/release/ae list --active	cwd=/Users/ckriech/projects/clemens33/ae-rust/docs/migration/evidence/phase4-run/scratch/0508/home
2026-08-24T14:27:01Z	child	rc=0	/Users/ckriech/projects/clemens33/ae-rust/target/release/ae list --active
2026-08-24T14:27:01Z	child	rc=-1	/Users/ckriech/projects/clemens33/ae-rust/target/release/ae list --active --json	cwd=/Users/ckriech/projects/clemens33/ae-rust/docs/migration/evidence/phase4-run/scratch/0509/home
2026-08-24T14:27:01Z	child	rc=0	/Users/ckriech/projects/clemens33/ae-rust/target/release/ae list --active --json
2026-08-24T14:27:01Z	child	rc=-1	/Users/ckriech/projects/clemens33/ae-rust/target/release/ae list	cwd=/Users/ckriech/projects/clemens33/ae-rust/docs/migration/evidence/phase4-run/scratch/0511/home
2026-08-24T14:27:01Z	child	rc=0	/Users/ckriech/projects/clemens33/ae-rust/target/release/ae list
2026-08-24T14:27:01Z	child	rc=-1	/Users/ckriech/projects/clemens33/ae-rust/target/release/ae list --json	cwd=/Users/ckriech/projects/clemens33/ae-rust/docs/migration/evidence/phase4-run/scratch/0512/home
2026-08-24T14:27:01Z	child	rc=0	/Users/ckriech/projects/clemens33/ae-rust/target/release/ae list --json
2026-08-24T14:27:01Z	child	rc=-1	/Users/ckriech/projects/clemens33/ae-rust/target/release/ae list --all --json	cwd=/Users/ckriech/projects/clemens33/ae-rust/docs/migration/evidence/phase4-run/scratch/0513/home
2026-08-24T14:27:01Z	child	rc=0	/Users/ckriech/projects/clemens33/ae-rust/target/release/ae list --all --json
2026-08-24T14:27:01Z	child	rc=-1	/Users/ckriech/projects/clemens33/ae-rust/target/release/ae list --needs-attn	cwd=/Users/ckriech/projects/clemens33/ae-rust/docs/migration/evidence/phase4-run/scratch/0514/home
2026-08-24T14:27:01Z	child	rc=0	/Users/ckriech/projects/clemens33/ae-rust/target/release/ae list --needs-attn
2026-08-24T14:27:01Z	child	rc=-1	/Users/ckriech/projects/clemens33/ae-rust/target/release/ae list --needs-attn --json	cwd=/Users/ckriech/projects/clemens33/ae-rust/docs/migration/evidence/phase4-run/scratch/0515/home
2026-08-24T14:27:01Z	child	rc=0	/Users/ckriech/projects/clemens33/ae-rust/target/release/ae list --needs-attn --json
2026-08-24T14:27:01Z	child	rc=-1	/Users/ckriech/projects/clemens33/ae-rust/target/release/ae list --active	cwd=/Users/ckriech/projects/clemens33/ae-rust/docs/migration/evidence/phase4-run/scratch/0516/home
2026-08-24T14:27:01Z	child	rc=0	/Users/ckriech/projects/clemens33/ae-rust/target/release/ae list --active
2026-08-24T14:27:01Z	child	rc=-1	/Users/ckriech/projects/clemens33/ae-rust/target/release/ae list --active --json	cwd=/Users/ckriech/projects/clemens33/ae-rust/docs/migration/evidence/phase4-run/scratch/0517/home
2026-08-24T14:27:01Z	child	rc=0	/Users/ckriech/projects/clemens33/ae-rust/target/release/ae list --active --json
2026-08-24T14:27:01Z	child	rc=-1	/Users/ckriech/projects/clemens33/ae-rust/target/release/ae list	cwd=/Users/ckriech/projects/clemens33/ae-rust/docs/migration/evidence/phase4-run/scratch/0519/home
2026-08-24T14:27:01Z	child	rc=0	/Users/ckriech/projects/clemens33/ae-rust/target/release/ae list
2026-08-24T14:27:01Z	child	rc=-1	/Users/ckriech/projects/clemens33/ae-rust/target/release/ae list --json	cwd=/Users/ckriech/projects/clemens33/ae-rust/docs/migration/evidence/phase4-run/scratch/0520/home
2026-08-24T14:27:01Z	child	rc=0	/Users/ckriech/projects/clemens33/ae-rust/target/release/ae list --json
2026-08-24T14:27:01Z	child	rc=-1	/Users/ckriech/projects/clemens33/ae-rust/target/release/ae list --all --json	cwd=/Users/ckriech/projects/clemens33/ae-rust/docs/migration/evidence/phase4-run/scratch/0521/home
2026-08-24T14:27:01Z	child	rc=0	/Users/ckriech/projects/clemens33/ae-rust/target/release/ae list --all --json
2026-08-24T14:27:01Z	child	rc=-1	/Users/ckriech/projects/clemens33/ae-rust/target/release/ae list --needs-attn	cwd=/Users/ckriech/projects/clemens33/ae-rust/docs/migration/evidence/phase4-run/scratch/0522/home
2026-08-24T14:27:01Z	child	rc=0	/Users/ckriech/projects/clemens33/ae-rust/target/release/ae list --needs-attn
2026-08-24T14:27:01Z	child	rc=-1	/Users/ckriech/projects/clemens33/ae-rust/target/release/ae list --needs-attn --json	cwd=/Users/ckriech/projects/clemens33/ae-rust/docs/migration/evidence/phase4-run/scratch/0523/home
2026-08-24T14:27:01Z	child	rc=0	/Users/ckriech/projects/clemens33/ae-rust/target/release/ae list --needs-attn --json
2026-08-24T14:27:01Z	child	rc=-1	/Users/ckriech/projects/clemens33/ae-rust/target/release/ae list --active	cwd=/Users/ckriech/projects/clemens33/ae-rust/docs/migration/evidence/phase4-run/scratch/0524/home
2026-08-24T14:27:01Z	child	rc=0	/Users/ckriech/projects/clemens33/ae-rust/target/release/ae list --active
2026-08-24T14:27:01Z	child	rc=-1	/Users/ckriech/projects/clemens33/ae-rust/target/release/ae list --active --json	cwd=/Users/ckriech/projects/clemens33/ae-rust/docs/migration/evidence/phase4-run/scratch/0525/home
2026-08-24T14:27:01Z	child	rc=0	/Users/ckriech/projects/clemens33/ae-rust/target/release/ae list --active --json
2026-08-24T14:27:01Z	child	rc=-1	/Users/ckriech/projects/clemens33/ae-rust/target/release/ae list	cwd=/Users/ckriech/projects/clemens33/ae-rust/docs/migration/evidence/phase4-run/scratch/0527/home
2026-08-24T14:27:01Z	child	rc=0	/Users/ckriech/projects/clemens33/ae-rust/target/release/ae list
2026-08-24T14:27:01Z	child	rc=-1	/Users/ckriech/projects/clemens33/ae-rust/target/release/ae list --json	cwd=/Users/ckriech/projects/clemens33/ae-rust/docs/migration/evidence/phase4-run/scratch/0528/home
2026-08-24T14:27:01Z	child	rc=0	/Users/ckriech/projects/clemens33/ae-rust/target/release/ae list --json
2026-08-24T14:27:01Z	child	rc=-1	/Users/ckriech/projects/clemens33/ae-rust/target/release/ae list --all --json	cwd=/Users/ckriech/projects/clemens33/ae-rust/docs/migration/evidence/phase4-run/scratch/0529/home
2026-08-24T14:27:01Z	child	rc=0	/Users/ckriech/projects/clemens33/ae-rust/target/release/ae list --all --json
2026-08-24T14:27:01Z	child	rc=-1	/Users/ckriech/projects/clemens33/ae-rust/target/release/ae list --needs-attn	cwd=/Users/ckriech/projects/clemens33/ae-rust/docs/migration/evidence/phase4-run/scratch/0530/home
2026-08-24T14:27:01Z	child	rc=0	/Users/ckriech/projects/clemens33/ae-rust/target/release/ae list --needs-attn
2026-08-24T14:27:01Z	child	rc=-1	/Users/ckriech/projects/clemens33/ae-rust/target/release/ae list --needs-attn --json	cwd=/Users/ckriech/projects/clemens33/ae-rust/docs/migration/evidence/phase4-run/scratch/0531/home
2026-08-24T14:27:01Z	child	rc=0	/Users/ckriech/projects/clemens33/ae-rust/target/release/ae list --needs-attn --json
2026-08-24T14:27:01Z	child	rc=-1	/Users/ckriech/projects/clemens33/ae-rust/target/release/ae list --active	cwd=/Users/ckriech/projects/clemens33/ae-rust/docs/migration/evidence/phase4-run/scratch/0532/home
2026-08-24T14:27:01Z	child	rc=0	/Users/ckriech/projects/clemens33/ae-rust/target/release/ae list --active
2026-08-24T14:27:01Z	child	rc=-1	/Users/ckriech/projects/clemens33/ae-rust/target/release/ae list --active --json	cwd=/Users/ckriech/projects/clemens33/ae-rust/docs/migration/evidence/phase4-run/scratch/0533/home
2026-08-24T14:27:01Z	child	rc=0	/Users/ckriech/projects/clemens33/ae-rust/target/release/ae list --active --json
2026-08-24T14:27:01Z	child	rc=-1	/Users/ckriech/projects/clemens33/ae-rust/target/release/ae list	cwd=/Users/ckriech/projects/clemens33/ae-rust/docs/migration/evidence/phase4-run/scratch/0535/home
2026-08-24T14:27:01Z	child	rc=0	/Users/ckriech/projects/clemens33/ae-rust/target/release/ae list
2026-08-24T14:27:01Z	child	rc=-1	/Users/ckriech/projects/clemens33/ae-rust/target/release/ae list --json	cwd=/Users/ckriech/projects/clemens33/ae-rust/docs/migration/evidence/phase4-run/scratch/0536/home
2026-08-24T14:27:01Z	child	rc=0	/Users/ckriech/projects/clemens33/ae-rust/target/release/ae list --json
2026-08-24T14:27:01Z	child	rc=-1	/Users/ckriech/projects/clemens33/ae-rust/target/release/ae list --all --json	cwd=/Users/ckriech/projects/clemens33/ae-rust/docs/migration/evidence/phase4-run/scratch/0537/home
2026-08-24T14:27:01Z	child	rc=0	/Users/ckriech/projects/clemens33/ae-rust/target/release/ae list --all --json
2026-08-24T14:27:01Z	child	rc=-1	/Users/ckriech/projects/clemens33/ae-rust/target/release/ae list --needs-attn	cwd=/Users/ckriech/projects/clemens33/ae-rust/docs/migration/evidence/phase4-run/scratch/0538/home
2026-08-24T14:27:01Z	child	rc=0	/Users/ckriech/projects/clemens33/ae-rust/target/release/ae list --needs-attn
2026-08-24T14:27:01Z	child	rc=-1	/Users/ckriech/projects/clemens33/ae-rust/target/release/ae list --needs-attn --json	cwd=/Users/ckriech/projects/clemens33/ae-rust/docs/migration/evidence/phase4-run/scratch/0539/home
2026-08-24T14:27:01Z	child	rc=0	/Users/ckriech/projects/clemens33/ae-rust/target/release/ae list --needs-attn --json
2026-08-24T14:27:01Z	child	rc=-1	/Users/ckriech/projects/clemens33/ae-rust/target/release/ae list --active	cwd=/Users/ckriech/projects/clemens33/ae-rust/docs/migration/evidence/phase4-run/scratch/0540/home
2026-08-24T14:27:01Z	child	rc=0	/Users/ckriech/projects/clemens33/ae-rust/target/release/ae list --active
2026-08-24T14:27:01Z	child	rc=-1	/Users/ckriech/projects/clemens33/ae-rust/target/release/ae list --active --json	cwd=/Users/ckriech/projects/clemens33/ae-rust/docs/migration/evidence/phase4-run/scratch/0541/home
2026-08-24T14:27:01Z	child	rc=0	/Users/ckriech/projects/clemens33/ae-rust/target/release/ae list --active --json
2026-08-24T14:27:01Z	child	rc=-1	/Users/ckriech/projects/clemens33/ae-rust/target/release/ae list	cwd=/Users/ckriech/projects/clemens33/ae-rust/docs/migration/evidence/phase4-run/scratch/0543/home
2026-08-24T14:27:01Z	child	rc=0	/Users/ckriech/projects/clemens33/ae-rust/target/release/ae list
2026-08-24T14:27:01Z	child	rc=-1	/Users/ckriech/projects/clemens33/ae-rust/target/release/ae list --json	cwd=/Users/ckriech/projects/clemens33/ae-rust/docs/migration/evidence/phase4-run/scratch/0544/home
2026-08-24T14:27:01Z	child	rc=0	/Users/ckriech/projects/clemens33/ae-rust/target/release/ae list --json
2026-08-24T14:27:01Z	child	rc=-1	/Users/ckriech/projects/clemens33/ae-rust/target/release/ae list --all --json	cwd=/Users/ckriech/projects/clemens33/ae-rust/docs/migration/evidence/phase4-run/scratch/0545/home
2026-08-24T14:27:01Z	child	rc=0	/Users/ckriech/projects/clemens33/ae-rust/target/release/ae list --all --json
2026-08-24T14:27:01Z	child	rc=-1	/Users/ckriech/projects/clemens33/ae-rust/target/release/ae list --needs-attn	cwd=/Users/ckriech/projects/clemens33/ae-rust/docs/migration/evidence/phase4-run/scratch/0546/home
2026-08-24T14:27:01Z	child	rc=0	/Users/ckriech/projects/clemens33/ae-rust/target/release/ae list --needs-attn
2026-08-24T14:27:01Z	child	rc=-1	/Users/ckriech/projects/clemens33/ae-rust/target/release/ae list --needs-attn --json	cwd=/Users/ckriech/projects/clemens33/ae-rust/docs/migration/evidence/phase4-run/scratch/0547/home
2026-08-24T14:27:01Z	child	rc=0	/Users/ckriech/projects/clemens33/ae-rust/target/release/ae list --needs-attn --json
2026-08-24T14:27:01Z	child	rc=-1	/Users/ckriech/projects/clemens33/ae-rust/target/release/ae list --active	cwd=/Users/ckriech/projects/clemens33/ae-rust/docs/migration/evidence/phase4-run/scratch/0548/home
2026-08-24T14:27:01Z	child	rc=0	/Users/ckriech/projects/clemens33/ae-rust/target/release/ae list --active
2026-08-24T14:27:01Z	child	rc=-1	/Users/ckriech/projects/clemens33/ae-rust/target/release/ae list --active --json	cwd=/Users/ckriech/projects/clemens33/ae-rust/docs/migration/evidence/phase4-run/scratch/0549/home
2026-08-24T14:27:01Z	child	rc=0	/Users/ckriech/projects/clemens33/ae-rust/target/release/ae list --active --json
2026-08-24T14:27:01Z	child	rc=-1	/Users/ckriech/projects/clemens33/ae-rust/target/release/ae list	cwd=/Users/ckriech/projects/clemens33/ae-rust/docs/migration/evidence/phase4-run/scratch/0551/home
2026-08-24T14:27:01Z	child	rc=0	/Users/ckriech/projects/clemens33/ae-rust/target/release/ae list
2026-08-24T14:27:01Z	child	rc=-1	/Users/ckriech/projects/clemens33/ae-rust/target/release/ae list --json	cwd=/Users/ckriech/projects/clemens33/ae-rust/docs/migration/evidence/phase4-run/scratch/0552/home
2026-08-24T14:27:01Z	child	rc=0	/Users/ckriech/projects/clemens33/ae-rust/target/release/ae list --json
2026-08-24T14:27:01Z	child	rc=-1	/Users/ckriech/projects/clemens33/ae-rust/target/release/ae list --all --json	cwd=/Users/ckriech/projects/clemens33/ae-rust/docs/migration/evidence/phase4-run/scratch/0553/home
2026-08-24T14:27:01Z	child	rc=0	/Users/ckriech/projects/clemens33/ae-rust/target/release/ae list --all --json
2026-08-24T14:27:01Z	child	rc=-1	/Users/ckriech/projects/clemens33/ae-rust/target/release/ae list --needs-attn	cwd=/Users/ckriech/projects/clemens33/ae-rust/docs/migration/evidence/phase4-run/scratch/0554/home
2026-08-24T14:27:01Z	child	rc=0	/Users/ckriech/projects/clemens33/ae-rust/target/release/ae list --needs-attn
2026-08-24T14:27:01Z	child	rc=-1	/Users/ckriech/projects/clemens33/ae-rust/target/release/ae list --needs-attn --json	cwd=/Users/ckriech/projects/clemens33/ae-rust/docs/migration/evidence/phase4-run/scratch/0555/home
2026-08-24T14:27:01Z	child	rc=0	/Users/ckriech/projects/clemens33/ae-rust/target/release/ae list --needs-attn --json
2026-08-24T14:27:01Z	child	rc=-1	/Users/ckriech/projects/clemens33/ae-rust/target/release/ae list --active	cwd=/Users/ckriech/projects/clemens33/ae-rust/docs/migration/evidence/phase4-run/scratch/0556/home
2026-08-24T14:27:01Z	child	rc=0	/Users/ckriech/projects/clemens33/ae-rust/target/release/ae list --active
2026-08-24T14:27:01Z	child	rc=-1	/Users/ckriech/projects/clemens33/ae-rust/target/release/ae list --active --json	cwd=/Users/ckriech/projects/clemens33/ae-rust/docs/migration/evidence/phase4-run/scratch/0557/home
2026-08-24T14:27:01Z	child	rc=0	/Users/ckriech/projects/clemens33/ae-rust/target/release/ae list --active --json
2026-08-24T14:27:01Z	child	rc=-1	/Users/ckriech/projects/clemens33/ae-rust/target/release/ae list	cwd=/Users/ckriech/projects/clemens33/ae-rust/docs/migration/evidence/phase4-run/scratch/0559/home
2026-08-24T14:27:01Z	child	rc=0	/Users/ckriech/projects/clemens33/ae-rust/target/release/ae list
2026-08-24T14:27:01Z	child	rc=-1	/Users/ckriech/projects/clemens33/ae-rust/target/release/ae list --json	cwd=/Users/ckriech/projects/clemens33/ae-rust/docs/migration/evidence/phase4-run/scratch/0560/home
2026-08-24T14:27:01Z	child	rc=0	/Users/ckriech/projects/clemens33/ae-rust/target/release/ae list --json
2026-08-24T14:27:01Z	child	rc=-1	/Users/ckriech/projects/clemens33/ae-rust/target/release/ae list --all --json	cwd=/Users/ckriech/projects/clemens33/ae-rust/docs/migration/evidence/phase4-run/scratch/0561/home
2026-08-24T14:27:01Z	child	rc=0	/Users/ckriech/projects/clemens33/ae-rust/target/release/ae list --all --json
2026-08-24T14:27:01Z	child	rc=-1	/Users/ckriech/projects/clemens33/ae-rust/target/release/ae list --needs-attn	cwd=/Users/ckriech/projects/clemens33/ae-rust/docs/migration/evidence/phase4-run/scratch/0562/home
2026-08-24T14:27:01Z	child	rc=0	/Users/ckriech/projects/clemens33/ae-rust/target/release/ae list --needs-attn
2026-08-24T14:27:01Z	child	rc=-1	/Users/ckriech/projects/clemens33/ae-rust/target/release/ae list --needs-attn --json	cwd=/Users/ckriech/projects/clemens33/ae-rust/docs/migration/evidence/phase4-run/scratch/0563/home
2026-08-24T14:27:01Z	child	rc=0	/Users/ckriech/projects/clemens33/ae-rust/target/release/ae list --needs-attn --json
2026-08-24T14:27:01Z	child	rc=-1	/Users/ckriech/projects/clemens33/ae-rust/target/release/ae list --active	cwd=/Users/ckriech/projects/clemens33/ae-rust/docs/migration/evidence/phase4-run/scratch/0564/home
2026-08-24T14:27:01Z	child	rc=0	/Users/ckriech/projects/clemens33/ae-rust/target/release/ae list --active
2026-08-24T14:27:02Z	child	rc=-1	/Users/ckriech/projects/clemens33/ae-rust/target/release/ae list --active --json	cwd=/Users/ckriech/projects/clemens33/ae-rust/docs/migration/evidence/phase4-run/scratch/0565/home
2026-08-24T14:27:02Z	child	rc=0	/Users/ckriech/projects/clemens33/ae-rust/target/release/ae list --active --json
2026-08-24T14:27:02Z	child	rc=-1	/Users/ckriech/projects/clemens33/ae-rust/target/release/ae list	cwd=/Users/ckriech/projects/clemens33/ae-rust/docs/migration/evidence/phase4-run/scratch/0567/home
2026-08-24T14:27:02Z	child	rc=0	/Users/ckriech/projects/clemens33/ae-rust/target/release/ae list
2026-08-24T14:27:02Z	child	rc=-1	/Users/ckriech/projects/clemens33/ae-rust/target/release/ae list --json	cwd=/Users/ckriech/projects/clemens33/ae-rust/docs/migration/evidence/phase4-run/scratch/0568/home
2026-08-24T14:27:02Z	child	rc=0	/Users/ckriech/projects/clemens33/ae-rust/target/release/ae list --json
2026-08-24T14:27:02Z	child	rc=-1	/Users/ckriech/projects/clemens33/ae-rust/target/release/ae list --all --json	cwd=/Users/ckriech/projects/clemens33/ae-rust/docs/migration/evidence/phase4-run/scratch/0569/home
2026-08-24T14:27:02Z	child	rc=0	/Users/ckriech/projects/clemens33/ae-rust/target/release/ae list --all --json
2026-08-24T14:27:02Z	child	rc=-1	/Users/ckriech/projects/clemens33/ae-rust/target/release/ae list --needs-attn	cwd=/Users/ckriech/projects/clemens33/ae-rust/docs/migration/evidence/phase4-run/scratch/0570/home
2026-08-24T14:27:02Z	child	rc=0	/Users/ckriech/projects/clemens33/ae-rust/target/release/ae list --needs-attn
2026-08-24T14:27:02Z	child	rc=-1	/Users/ckriech/projects/clemens33/ae-rust/target/release/ae list --needs-attn --json	cwd=/Users/ckriech/projects/clemens33/ae-rust/docs/migration/evidence/phase4-run/scratch/0571/home
2026-08-24T14:27:02Z	child	rc=0	/Users/ckriech/projects/clemens33/ae-rust/target/release/ae list --needs-attn --json
2026-08-24T14:27:02Z	child	rc=-1	/Users/ckriech/projects/clemens33/ae-rust/target/release/ae list --active	cwd=/Users/ckriech/projects/clemens33/ae-rust/docs/migration/evidence/phase4-run/scratch/0572/home
2026-08-24T14:27:02Z	child	rc=0	/Users/ckriech/projects/clemens33/ae-rust/target/release/ae list --active
2026-08-24T14:27:02Z	child	rc=-1	/Users/ckriech/projects/clemens33/ae-rust/target/release/ae list --active --json	cwd=/Users/ckriech/projects/clemens33/ae-rust/docs/migration/evidence/phase4-run/scratch/0573/home
2026-08-24T14:27:02Z	child	rc=0	/Users/ckriech/projects/clemens33/ae-rust/target/release/ae list --active --json
2026-08-24T14:27:02Z	child	rc=-1	/Users/ckriech/projects/clemens33/ae-rust/target/release/ae list	cwd=/Users/ckriech/projects/clemens33/ae-rust/docs/migration/evidence/phase4-run/scratch/0575/home
2026-08-24T14:27:02Z	child	rc=0	/Users/ckriech/projects/clemens33/ae-rust/target/release/ae list
2026-08-24T14:27:02Z	child	rc=-1	/Users/ckriech/projects/clemens33/ae-rust/target/release/ae list --json	cwd=/Users/ckriech/projects/clemens33/ae-rust/docs/migration/evidence/phase4-run/scratch/0576/home
2026-08-24T14:27:02Z	child	rc=0	/Users/ckriech/projects/clemens33/ae-rust/target/release/ae list --json
2026-08-24T14:27:02Z	child	rc=-1	/Users/ckriech/projects/clemens33/ae-rust/target/release/ae list --all --json	cwd=/Users/ckriech/projects/clemens33/ae-rust/docs/migration/evidence/phase4-run/scratch/0577/home
2026-08-24T14:27:02Z	child	rc=0	/Users/ckriech/projects/clemens33/ae-rust/target/release/ae list --all --json
2026-08-24T14:27:02Z	child	rc=-1	/Users/ckriech/projects/clemens33/ae-rust/target/release/ae list --needs-attn	cwd=/Users/ckriech/projects/clemens33/ae-rust/docs/migration/evidence/phase4-run/scratch/0578/home
2026-08-24T14:27:02Z	child	rc=0	/Users/ckriech/projects/clemens33/ae-rust/target/release/ae list --needs-attn
2026-08-24T14:27:02Z	child	rc=-1	/Users/ckriech/projects/clemens33/ae-rust/target/release/ae list --needs-attn --json	cwd=/Users/ckriech/projects/clemens33/ae-rust/docs/migration/evidence/phase4-run/scratch/0579/home
2026-08-24T14:27:02Z	child	rc=0	/Users/ckriech/projects/clemens33/ae-rust/target/release/ae list --needs-attn --json
2026-08-24T14:27:02Z	child	rc=-1	/Users/ckriech/projects/clemens33/ae-rust/target/release/ae list --active	cwd=/Users/ckriech/projects/clemens33/ae-rust/docs/migration/evidence/phase4-run/scratch/0580/home
2026-08-24T14:27:02Z	child	rc=0	/Users/ckriech/projects/clemens33/ae-rust/target/release/ae list --active
2026-08-24T14:27:02Z	child	rc=-1	/Users/ckriech/projects/clemens33/ae-rust/target/release/ae list --active --json	cwd=/Users/ckriech/projects/clemens33/ae-rust/docs/migration/evidence/phase4-run/scratch/0581/home
2026-08-24T14:27:02Z	child	rc=0	/Users/ckriech/projects/clemens33/ae-rust/target/release/ae list --active --json
2026-08-24T14:27:02Z	child	rc=-1	/Users/ckriech/projects/clemens33/ae-rust/target/release/ae list	cwd=/Users/ckriech/projects/clemens33/ae-rust/docs/migration/evidence/phase4-run/scratch/0583/home
2026-08-24T14:27:02Z	child	rc=0	/Users/ckriech/projects/clemens33/ae-rust/target/release/ae list
2026-08-24T14:27:02Z	child	rc=-1	/Users/ckriech/projects/clemens33/ae-rust/target/release/ae list --json	cwd=/Users/ckriech/projects/clemens33/ae-rust/docs/migration/evidence/phase4-run/scratch/0584/home
2026-08-24T14:27:02Z	child	rc=0	/Users/ckriech/projects/clemens33/ae-rust/target/release/ae list --json
2026-08-24T14:27:02Z	child	rc=-1	/Users/ckriech/projects/clemens33/ae-rust/target/release/ae list --all --json	cwd=/Users/ckriech/projects/clemens33/ae-rust/docs/migration/evidence/phase4-run/scratch/0585/home
2026-08-24T14:27:02Z	child	rc=0	/Users/ckriech/projects/clemens33/ae-rust/target/release/ae list --all --json
2026-08-24T14:27:02Z	child	rc=-1	/Users/ckriech/projects/clemens33/ae-rust/target/release/ae list --needs-attn	cwd=/Users/ckriech/projects/clemens33/ae-rust/docs/migration/evidence/phase4-run/scratch/0586/home
2026-08-24T14:27:02Z	child	rc=0	/Users/ckriech/projects/clemens33/ae-rust/target/release/ae list --needs-attn
2026-08-24T14:27:02Z	child	rc=-1	/Users/ckriech/projects/clemens33/ae-rust/target/release/ae list --needs-attn --json	cwd=/Users/ckriech/projects/clemens33/ae-rust/docs/migration/evidence/phase4-run/scratch/0587/home
2026-08-24T14:27:02Z	child	rc=0	/Users/ckriech/projects/clemens33/ae-rust/target/release/ae list --needs-attn --json
2026-08-24T14:27:02Z	child	rc=-1	/Users/ckriech/projects/clemens33/ae-rust/target/release/ae list --active	cwd=/Users/ckriech/projects/clemens33/ae-rust/docs/migration/evidence/phase4-run/scratch/0588/home
2026-08-24T14:27:02Z	child	rc=0	/Users/ckriech/projects/clemens33/ae-rust/target/release/ae list --active
2026-08-24T14:27:02Z	child	rc=-1	/Users/ckriech/projects/clemens33/ae-rust/target/release/ae list --active --json	cwd=/Users/ckriech/projects/clemens33/ae-rust/docs/migration/evidence/phase4-run/scratch/0589/home
2026-08-24T14:27:02Z	child	rc=0	/Users/ckriech/projects/clemens33/ae-rust/target/release/ae list --active --json
2026-08-24T14:27:02Z	child	rc=-1	/Users/ckriech/projects/clemens33/ae-rust/target/release/ae list	cwd=/Users/ckriech/projects/clemens33/ae-rust/docs/migration/evidence/phase4-run/scratch/0591/home
2026-08-24T14:27:02Z	child	rc=0	/Users/ckriech/projects/clemens33/ae-rust/target/release/ae list
2026-08-24T14:27:02Z	child	rc=-1	/Users/ckriech/projects/clemens33/ae-rust/target/release/ae list --json	cwd=/Users/ckriech/projects/clemens33/ae-rust/docs/migration/evidence/phase4-run/scratch/0592/home
2026-08-24T14:27:02Z	child	rc=0	/Users/ckriech/projects/clemens33/ae-rust/target/release/ae list --json
2026-08-24T14:27:02Z	child	rc=-1	/Users/ckriech/projects/clemens33/ae-rust/target/release/ae list --all --json	cwd=/Users/ckriech/projects/clemens33/ae-rust/docs/migration/evidence/phase4-run/scratch/0593/home
2026-08-24T14:27:02Z	child	rc=0	/Users/ckriech/projects/clemens33/ae-rust/target/release/ae list --all --json
2026-08-24T14:27:02Z	child	rc=-1	/Users/ckriech/projects/clemens33/ae-rust/target/release/ae list --needs-attn	cwd=/Users/ckriech/projects/clemens33/ae-rust/docs/migration/evidence/phase4-run/scratch/0594/home
2026-08-24T14:27:02Z	child	rc=0	/Users/ckriech/projects/clemens33/ae-rust/target/release/ae list --needs-attn
2026-08-24T14:27:02Z	child	rc=-1	/Users/ckriech/projects/clemens33/ae-rust/target/release/ae list --needs-attn --json	cwd=/Users/ckriech/projects/clemens33/ae-rust/docs/migration/evidence/phase4-run/scratch/0595/home
2026-08-24T14:27:02Z	child	rc=0	/Users/ckriech/projects/clemens33/ae-rust/target/release/ae list --needs-attn --json
2026-08-24T14:27:02Z	child	rc=-1	/Users/ckriech/projects/clemens33/ae-rust/target/release/ae list --active	cwd=/Users/ckriech/projects/clemens33/ae-rust/docs/migration/evidence/phase4-run/scratch/0596/home
2026-08-24T14:27:02Z	child	rc=0	/Users/ckriech/projects/clemens33/ae-rust/target/release/ae list --active
2026-08-24T14:27:02Z	child	rc=-1	/Users/ckriech/projects/clemens33/ae-rust/target/release/ae list --active --json	cwd=/Users/ckriech/projects/clemens33/ae-rust/docs/migration/evidence/phase4-run/scratch/0597/home
2026-08-24T14:27:02Z	child	rc=0	/Users/ckriech/projects/clemens33/ae-rust/target/release/ae list --active --json
2026-08-24T14:27:02Z	child	rc=-1	/Users/ckriech/projects/clemens33/ae-rust/target/release/ae list	cwd=/Users/ckriech/projects/clemens33/ae-rust/docs/migration/evidence/phase4-run/scratch/0599/home
2026-08-24T14:27:02Z	child	rc=0	/Users/ckriech/projects/clemens33/ae-rust/target/release/ae list
2026-08-24T14:27:02Z	child	rc=-1	/Users/ckriech/projects/clemens33/ae-rust/target/release/ae list --json	cwd=/Users/ckriech/projects/clemens33/ae-rust/docs/migration/evidence/phase4-run/scratch/0600/home
2026-08-24T14:27:02Z	child	rc=0	/Users/ckriech/projects/clemens33/ae-rust/target/release/ae list --json
2026-08-24T14:27:02Z	child	rc=-1	/Users/ckriech/projects/clemens33/ae-rust/target/release/ae list --all --json	cwd=/Users/ckriech/projects/clemens33/ae-rust/docs/migration/evidence/phase4-run/scratch/0601/home
2026-08-24T14:27:02Z	child	rc=0	/Users/ckriech/projects/clemens33/ae-rust/target/release/ae list --all --json
2026-08-24T14:27:02Z	child	rc=-1	/Users/ckriech/projects/clemens33/ae-rust/target/release/ae list --needs-attn	cwd=/Users/ckriech/projects/clemens33/ae-rust/docs/migration/evidence/phase4-run/scratch/0602/home
2026-08-24T14:27:02Z	child	rc=0	/Users/ckriech/projects/clemens33/ae-rust/target/release/ae list --needs-attn
2026-08-24T14:27:02Z	child	rc=-1	/Users/ckriech/projects/clemens33/ae-rust/target/release/ae list --needs-attn --json	cwd=/Users/ckriech/projects/clemens33/ae-rust/docs/migration/evidence/phase4-run/scratch/0603/home
2026-08-24T14:27:02Z	child	rc=0	/Users/ckriech/projects/clemens33/ae-rust/target/release/ae list --needs-attn --json
2026-08-24T14:27:02Z	child	rc=-1	/Users/ckriech/projects/clemens33/ae-rust/target/release/ae list --active	cwd=/Users/ckriech/projects/clemens33/ae-rust/docs/migration/evidence/phase4-run/scratch/0604/home
2026-08-24T14:27:02Z	child	rc=0	/Users/ckriech/projects/clemens33/ae-rust/target/release/ae list --active
2026-08-24T14:27:02Z	child	rc=-1	/Users/ckriech/projects/clemens33/ae-rust/target/release/ae list --active --json	cwd=/Users/ckriech/projects/clemens33/ae-rust/docs/migration/evidence/phase4-run/scratch/0605/home
2026-08-24T14:27:02Z	child	rc=0	/Users/ckriech/projects/clemens33/ae-rust/target/release/ae list --active --json
2026-08-24T14:27:02Z	child	rc=-1	/Users/ckriech/projects/clemens33/ae-rust/target/release/ae list	cwd=/Users/ckriech/projects/clemens33/ae-rust/docs/migration/evidence/phase4-run/scratch/0607/home
2026-08-24T14:27:02Z	child	rc=0	/Users/ckriech/projects/clemens33/ae-rust/target/release/ae list
2026-08-24T14:27:02Z	child	rc=-1	/Users/ckriech/projects/clemens33/ae-rust/target/release/ae list --json	cwd=/Users/ckriech/projects/clemens33/ae-rust/docs/migration/evidence/phase4-run/scratch/0608/home
2026-08-24T14:27:02Z	child	rc=0	/Users/ckriech/projects/clemens33/ae-rust/target/release/ae list --json
2026-08-24T14:27:02Z	child	rc=-1	/Users/ckriech/projects/clemens33/ae-rust/target/release/ae list --all --json	cwd=/Users/ckriech/projects/clemens33/ae-rust/docs/migration/evidence/phase4-run/scratch/0609/home
2026-08-24T14:27:02Z	child	rc=0	/Users/ckriech/projects/clemens33/ae-rust/target/release/ae list --all --json
2026-08-24T14:27:02Z	child	rc=-1	/Users/ckriech/projects/clemens33/ae-rust/target/release/ae list --needs-attn	cwd=/Users/ckriech/projects/clemens33/ae-rust/docs/migration/evidence/phase4-run/scratch/0610/home
2026-08-24T14:27:02Z	child	rc=0	/Users/ckriech/projects/clemens33/ae-rust/target/release/ae list --needs-attn
2026-08-24T14:27:02Z	child	rc=-1	/Users/ckriech/projects/clemens33/ae-rust/target/release/ae list --needs-attn --json	cwd=/Users/ckriech/projects/clemens33/ae-rust/docs/migration/evidence/phase4-run/scratch/0611/home
2026-08-24T14:27:02Z	child	rc=0	/Users/ckriech/projects/clemens33/ae-rust/target/release/ae list --needs-attn --json
2026-08-24T14:27:02Z	child	rc=-1	/Users/ckriech/projects/clemens33/ae-rust/target/release/ae list --active	cwd=/Users/ckriech/projects/clemens33/ae-rust/docs/migration/evidence/phase4-run/scratch/0612/home
2026-08-24T14:27:02Z	child	rc=0	/Users/ckriech/projects/clemens33/ae-rust/target/release/ae list --active
2026-08-24T14:27:02Z	child	rc=-1	/Users/ckriech/projects/clemens33/ae-rust/target/release/ae list --active --json	cwd=/Users/ckriech/projects/clemens33/ae-rust/docs/migration/evidence/phase4-run/scratch/0613/home
2026-08-24T14:27:02Z	child	rc=0	/Users/ckriech/projects/clemens33/ae-rust/target/release/ae list --active --json
2026-08-24T14:27:02Z	child	rc=-1	/Users/ckriech/projects/clemens33/ae-rust/target/release/ae list	cwd=/Users/ckriech/projects/clemens33/ae-rust/docs/migration/evidence/phase4-run/scratch/0615/home
2026-08-24T14:27:02Z	child	rc=0	/Users/ckriech/projects/clemens33/ae-rust/target/release/ae list
2026-08-24T14:27:02Z	child	rc=-1	/Users/ckriech/projects/clemens33/ae-rust/target/release/ae list --json	cwd=/Users/ckriech/projects/clemens33/ae-rust/docs/migration/evidence/phase4-run/scratch/0616/home
2026-08-24T14:27:02Z	child	rc=0	/Users/ckriech/projects/clemens33/ae-rust/target/release/ae list --json
2026-08-24T14:27:02Z	child	rc=-1	/Users/ckriech/projects/clemens33/ae-rust/target/release/ae list --all --json	cwd=/Users/ckriech/projects/clemens33/ae-rust/docs/migration/evidence/phase4-run/scratch/0617/home
2026-08-24T14:27:02Z	child	rc=0	/Users/ckriech/projects/clemens33/ae-rust/target/release/ae list --all --json
2026-08-24T14:27:02Z	child	rc=-1	/Users/ckriech/projects/clemens33/ae-rust/target/release/ae list --needs-attn	cwd=/Users/ckriech/projects/clemens33/ae-rust/docs/migration/evidence/phase4-run/scratch/0618/home
2026-08-24T14:27:02Z	child	rc=0	/Users/ckriech/projects/clemens33/ae-rust/target/release/ae list --needs-attn
2026-08-24T14:27:02Z	child	rc=-1	/Users/ckriech/projects/clemens33/ae-rust/target/release/ae list --needs-attn --json	cwd=/Users/ckriech/projects/clemens33/ae-rust/docs/migration/evidence/phase4-run/scratch/0619/home
2026-08-24T14:27:02Z	child	rc=0	/Users/ckriech/projects/clemens33/ae-rust/target/release/ae list --needs-attn --json
2026-08-24T14:27:02Z	child	rc=-1	/Users/ckriech/projects/clemens33/ae-rust/target/release/ae list --active	cwd=/Users/ckriech/projects/clemens33/ae-rust/docs/migration/evidence/phase4-run/scratch/0620/home
2026-08-24T14:27:02Z	child	rc=0	/Users/ckriech/projects/clemens33/ae-rust/target/release/ae list --active
2026-08-24T14:27:03Z	child	rc=-1	/Users/ckriech/projects/clemens33/ae-rust/target/release/ae list --active --json	cwd=/Users/ckriech/projects/clemens33/ae-rust/docs/migration/evidence/phase4-run/scratch/0621/home
2026-08-24T14:27:03Z	child	rc=0	/Users/ckriech/projects/clemens33/ae-rust/target/release/ae list --active --json
2026-08-24T14:27:03Z	child	rc=-1	/Users/ckriech/projects/clemens33/ae-rust/target/release/ae list	cwd=/Users/ckriech/projects/clemens33/ae-rust/docs/migration/evidence/phase4-run/scratch/0623/home
2026-08-24T14:27:03Z	child	rc=0	/Users/ckriech/projects/clemens33/ae-rust/target/release/ae list
2026-08-24T14:27:03Z	child	rc=-1	/Users/ckriech/projects/clemens33/ae-rust/target/release/ae list --json	cwd=/Users/ckriech/projects/clemens33/ae-rust/docs/migration/evidence/phase4-run/scratch/0624/home
2026-08-24T14:27:03Z	child	rc=0	/Users/ckriech/projects/clemens33/ae-rust/target/release/ae list --json
2026-08-24T14:27:03Z	child	rc=-1	/Users/ckriech/projects/clemens33/ae-rust/target/release/ae list --all --json	cwd=/Users/ckriech/projects/clemens33/ae-rust/docs/migration/evidence/phase4-run/scratch/0625/home
2026-08-24T14:27:03Z	child	rc=0	/Users/ckriech/projects/clemens33/ae-rust/target/release/ae list --all --json
2026-08-24T14:27:03Z	child	rc=-1	/Users/ckriech/projects/clemens33/ae-rust/target/release/ae list --needs-attn	cwd=/Users/ckriech/projects/clemens33/ae-rust/docs/migration/evidence/phase4-run/scratch/0626/home
2026-08-24T14:27:03Z	child	rc=0	/Users/ckriech/projects/clemens33/ae-rust/target/release/ae list --needs-attn
2026-08-24T14:27:03Z	child	rc=-1	/Users/ckriech/projects/clemens33/ae-rust/target/release/ae list --needs-attn --json	cwd=/Users/ckriech/projects/clemens33/ae-rust/docs/migration/evidence/phase4-run/scratch/0627/home
2026-08-24T14:27:03Z	child	rc=0	/Users/ckriech/projects/clemens33/ae-rust/target/release/ae list --needs-attn --json
2026-08-24T14:27:03Z	child	rc=-1	/Users/ckriech/projects/clemens33/ae-rust/target/release/ae list --active	cwd=/Users/ckriech/projects/clemens33/ae-rust/docs/migration/evidence/phase4-run/scratch/0628/home
2026-08-24T14:27:03Z	child	rc=0	/Users/ckriech/projects/clemens33/ae-rust/target/release/ae list --active
2026-08-24T14:27:03Z	child	rc=-1	/Users/ckriech/projects/clemens33/ae-rust/target/release/ae list --active --json	cwd=/Users/ckriech/projects/clemens33/ae-rust/docs/migration/evidence/phase4-run/scratch/0629/home
2026-08-24T14:27:03Z	child	rc=0	/Users/ckriech/projects/clemens33/ae-rust/target/release/ae list --active --json
2026-08-24T14:27:03Z	child	rc=-1	/Users/ckriech/projects/clemens33/ae-rust/target/release/ae list	cwd=/Users/ckriech/projects/clemens33/ae-rust/docs/migration/evidence/phase4-run/scratch/0631/home
2026-08-24T14:27:03Z	child	rc=0	/Users/ckriech/projects/clemens33/ae-rust/target/release/ae list
2026-08-24T14:27:03Z	child	rc=-1	/Users/ckriech/projects/clemens33/ae-rust/target/release/ae list --json	cwd=/Users/ckriech/projects/clemens33/ae-rust/docs/migration/evidence/phase4-run/scratch/0632/home
2026-08-24T14:27:03Z	child	rc=0	/Users/ckriech/projects/clemens33/ae-rust/target/release/ae list --json
2026-08-24T14:27:03Z	child	rc=-1	/Users/ckriech/projects/clemens33/ae-rust/target/release/ae list --all --json	cwd=/Users/ckriech/projects/clemens33/ae-rust/docs/migration/evidence/phase4-run/scratch/0633/home
2026-08-24T14:27:03Z	child	rc=0	/Users/ckriech/projects/clemens33/ae-rust/target/release/ae list --all --json
2026-08-24T14:27:03Z	child	rc=-1	/Users/ckriech/projects/clemens33/ae-rust/target/release/ae list --needs-attn	cwd=/Users/ckriech/projects/clemens33/ae-rust/docs/migration/evidence/phase4-run/scratch/0634/home
2026-08-24T14:27:03Z	child	rc=0	/Users/ckriech/projects/clemens33/ae-rust/target/release/ae list --needs-attn
2026-08-24T14:27:03Z	child	rc=-1	/Users/ckriech/projects/clemens33/ae-rust/target/release/ae list --needs-attn --json	cwd=/Users/ckriech/projects/clemens33/ae-rust/docs/migration/evidence/phase4-run/scratch/0635/home
2026-08-24T14:27:03Z	child	rc=0	/Users/ckriech/projects/clemens33/ae-rust/target/release/ae list --needs-attn --json
2026-08-24T14:27:03Z	child	rc=-1	/Users/ckriech/projects/clemens33/ae-rust/target/release/ae list --active	cwd=/Users/ckriech/projects/clemens33/ae-rust/docs/migration/evidence/phase4-run/scratch/0636/home
2026-08-24T14:27:03Z	child	rc=0	/Users/ckriech/projects/clemens33/ae-rust/target/release/ae list --active
2026-08-24T14:27:03Z	child	rc=-1	/Users/ckriech/projects/clemens33/ae-rust/target/release/ae list --active --json	cwd=/Users/ckriech/projects/clemens33/ae-rust/docs/migration/evidence/phase4-run/scratch/0637/home
2026-08-24T14:27:03Z	child	rc=0	/Users/ckriech/projects/clemens33/ae-rust/target/release/ae list --active --json
2026-08-24T14:27:03Z	child	rc=-1	/Users/ckriech/projects/clemens33/ae-rust/target/release/ae list	cwd=/Users/ckriech/projects/clemens33/ae-rust/docs/migration/evidence/phase4-run/scratch/0639/home
2026-08-24T14:27:03Z	child	rc=0	/Users/ckriech/projects/clemens33/ae-rust/target/release/ae list
2026-08-24T14:27:03Z	child	rc=-1	/Users/ckriech/projects/clemens33/ae-rust/target/release/ae list --json	cwd=/Users/ckriech/projects/clemens33/ae-rust/docs/migration/evidence/phase4-run/scratch/0640/home
2026-08-24T14:27:03Z	child	rc=0	/Users/ckriech/projects/clemens33/ae-rust/target/release/ae list --json
2026-08-24T14:27:03Z	child	rc=-1	/Users/ckriech/projects/clemens33/ae-rust/target/release/ae list --all --json	cwd=/Users/ckriech/projects/clemens33/ae-rust/docs/migration/evidence/phase4-run/scratch/0641/home
2026-08-24T14:27:03Z	child	rc=0	/Users/ckriech/projects/clemens33/ae-rust/target/release/ae list --all --json
2026-08-24T14:27:03Z	child	rc=-1	/Users/ckriech/projects/clemens33/ae-rust/target/release/ae list --needs-attn	cwd=/Users/ckriech/projects/clemens33/ae-rust/docs/migration/evidence/phase4-run/scratch/0642/home
2026-08-24T14:27:03Z	child	rc=0	/Users/ckriech/projects/clemens33/ae-rust/target/release/ae list --needs-attn
2026-08-24T14:27:03Z	child	rc=-1	/Users/ckriech/projects/clemens33/ae-rust/target/release/ae list --needs-attn --json	cwd=/Users/ckriech/projects/clemens33/ae-rust/docs/migration/evidence/phase4-run/scratch/0643/home
2026-08-24T14:27:03Z	child	rc=0	/Users/ckriech/projects/clemens33/ae-rust/target/release/ae list --needs-attn --json
2026-08-24T14:27:03Z	child	rc=-1	/Users/ckriech/projects/clemens33/ae-rust/target/release/ae list --active	cwd=/Users/ckriech/projects/clemens33/ae-rust/docs/migration/evidence/phase4-run/scratch/0644/home
2026-08-24T14:27:03Z	child	rc=0	/Users/ckriech/projects/clemens33/ae-rust/target/release/ae list --active
2026-08-24T14:27:03Z	child	rc=-1	/Users/ckriech/projects/clemens33/ae-rust/target/release/ae list --active --json	cwd=/Users/ckriech/projects/clemens33/ae-rust/docs/migration/evidence/phase4-run/scratch/0645/home
2026-08-24T14:27:03Z	child	rc=0	/Users/ckriech/projects/clemens33/ae-rust/target/release/ae list --active --json
2026-08-24T14:27:03Z	child	rc=-1	/Users/ckriech/projects/clemens33/ae-rust/target/release/ae list	cwd=/Users/ckriech/projects/clemens33/ae-rust/docs/migration/evidence/phase4-run/scratch/0647/home
2026-08-24T14:27:03Z	child	rc=0	/Users/ckriech/projects/clemens33/ae-rust/target/release/ae list
2026-08-24T14:27:03Z	child	rc=-1	/Users/ckriech/projects/clemens33/ae-rust/target/release/ae list --json	cwd=/Users/ckriech/projects/clemens33/ae-rust/docs/migration/evidence/phase4-run/scratch/0648/home
2026-08-24T14:27:03Z	child	rc=0	/Users/ckriech/projects/clemens33/ae-rust/target/release/ae list --json
2026-08-24T14:27:03Z	child	rc=-1	/Users/ckriech/projects/clemens33/ae-rust/target/release/ae list --all --json	cwd=/Users/ckriech/projects/clemens33/ae-rust/docs/migration/evidence/phase4-run/scratch/0649/home
2026-08-24T14:27:03Z	child	rc=0	/Users/ckriech/projects/clemens33/ae-rust/target/release/ae list --all --json
2026-08-24T14:27:03Z	child	rc=-1	/Users/ckriech/projects/clemens33/ae-rust/target/release/ae list --needs-attn	cwd=/Users/ckriech/projects/clemens33/ae-rust/docs/migration/evidence/phase4-run/scratch/0650/home
2026-08-24T14:27:03Z	child	rc=0	/Users/ckriech/projects/clemens33/ae-rust/target/release/ae list --needs-attn
2026-08-24T14:27:03Z	child	rc=-1	/Users/ckriech/projects/clemens33/ae-rust/target/release/ae list --needs-attn --json	cwd=/Users/ckriech/projects/clemens33/ae-rust/docs/migration/evidence/phase4-run/scratch/0651/home
2026-08-24T14:27:03Z	child	rc=0	/Users/ckriech/projects/clemens33/ae-rust/target/release/ae list --needs-attn --json
2026-08-24T14:27:03Z	child	rc=-1	/Users/ckriech/projects/clemens33/ae-rust/target/release/ae list --active	cwd=/Users/ckriech/projects/clemens33/ae-rust/docs/migration/evidence/phase4-run/scratch/0652/home
2026-08-24T14:27:03Z	child	rc=0	/Users/ckriech/projects/clemens33/ae-rust/target/release/ae list --active
2026-08-24T14:27:03Z	child	rc=-1	/Users/ckriech/projects/clemens33/ae-rust/target/release/ae list --active --json	cwd=/Users/ckriech/projects/clemens33/ae-rust/docs/migration/evidence/phase4-run/scratch/0653/home
2026-08-24T14:27:03Z	child	rc=0	/Users/ckriech/projects/clemens33/ae-rust/target/release/ae list --active --json
2026-08-24T14:27:03Z	child	rc=-1	/Users/ckriech/projects/clemens33/ae-rust/target/release/ae list	cwd=/Users/ckriech/projects/clemens33/ae-rust/docs/migration/evidence/phase4-run/scratch/0655/home
2026-08-24T14:27:03Z	child	rc=0	/Users/ckriech/projects/clemens33/ae-rust/target/release/ae list
2026-08-24T14:27:03Z	child	rc=-1	/Users/ckriech/projects/clemens33/ae-rust/target/release/ae list --json	cwd=/Users/ckriech/projects/clemens33/ae-rust/docs/migration/evidence/phase4-run/scratch/0656/home
2026-08-24T14:27:03Z	child	rc=0	/Users/ckriech/projects/clemens33/ae-rust/target/release/ae list --json
2026-08-24T14:27:03Z	child	rc=-1	/Users/ckriech/projects/clemens33/ae-rust/target/release/ae list --all --json	cwd=/Users/ckriech/projects/clemens33/ae-rust/docs/migration/evidence/phase4-run/scratch/0657/home
2026-08-24T14:27:03Z	child	rc=0	/Users/ckriech/projects/clemens33/ae-rust/target/release/ae list --all --json
2026-08-24T14:27:03Z	child	rc=-1	/Users/ckriech/projects/clemens33/ae-rust/target/release/ae list --needs-attn	cwd=/Users/ckriech/projects/clemens33/ae-rust/docs/migration/evidence/phase4-run/scratch/0658/home
2026-08-24T14:27:03Z	child	rc=0	/Users/ckriech/projects/clemens33/ae-rust/target/release/ae list --needs-attn
2026-08-24T14:27:03Z	child	rc=-1	/Users/ckriech/projects/clemens33/ae-rust/target/release/ae list --needs-attn --json	cwd=/Users/ckriech/projects/clemens33/ae-rust/docs/migration/evidence/phase4-run/scratch/0659/home
2026-08-24T14:27:03Z	child	rc=0	/Users/ckriech/projects/clemens33/ae-rust/target/release/ae list --needs-attn --json
2026-08-24T14:27:03Z	child	rc=-1	/Users/ckriech/projects/clemens33/ae-rust/target/release/ae list --active	cwd=/Users/ckriech/projects/clemens33/ae-rust/docs/migration/evidence/phase4-run/scratch/0660/home
2026-08-24T14:27:03Z	child	rc=0	/Users/ckriech/projects/clemens33/ae-rust/target/release/ae list --active
2026-08-24T14:27:03Z	child	rc=-1	/Users/ckriech/projects/clemens33/ae-rust/target/release/ae list --active --json	cwd=/Users/ckriech/projects/clemens33/ae-rust/docs/migration/evidence/phase4-run/scratch/0661/home
2026-08-24T14:27:03Z	child	rc=0	/Users/ckriech/projects/clemens33/ae-rust/target/release/ae list --active --json
2026-08-24T14:27:03Z	child	rc=-1	/Users/ckriech/projects/clemens33/ae-rust/target/release/ae list	cwd=/Users/ckriech/projects/clemens33/ae-rust/docs/migration/evidence/phase4-run/scratch/0663/home
2026-08-24T14:27:03Z	child	rc=0	/Users/ckriech/projects/clemens33/ae-rust/target/release/ae list
2026-08-24T14:27:03Z	child	rc=-1	/Users/ckriech/projects/clemens33/ae-rust/target/release/ae list --json	cwd=/Users/ckriech/projects/clemens33/ae-rust/docs/migration/evidence/phase4-run/scratch/0664/home
2026-08-24T14:27:03Z	child	rc=0	/Users/ckriech/projects/clemens33/ae-rust/target/release/ae list --json
2026-08-24T14:27:03Z	child	rc=-1	/Users/ckriech/projects/clemens33/ae-rust/target/release/ae list --all --json	cwd=/Users/ckriech/projects/clemens33/ae-rust/docs/migration/evidence/phase4-run/scratch/0665/home
2026-08-24T14:27:03Z	child	rc=0	/Users/ckriech/projects/clemens33/ae-rust/target/release/ae list --all --json
2026-08-24T14:27:03Z	child	rc=-1	/Users/ckriech/projects/clemens33/ae-rust/target/release/ae list --needs-attn	cwd=/Users/ckriech/projects/clemens33/ae-rust/docs/migration/evidence/phase4-run/scratch/0666/home
2026-08-24T14:27:03Z	child	rc=0	/Users/ckriech/projects/clemens33/ae-rust/target/release/ae list --needs-attn
2026-08-24T14:27:03Z	child	rc=-1	/Users/ckriech/projects/clemens33/ae-rust/target/release/ae list --needs-attn --json	cwd=/Users/ckriech/projects/clemens33/ae-rust/docs/migration/evidence/phase4-run/scratch/0667/home
2026-08-24T14:27:03Z	child	rc=0	/Users/ckriech/projects/clemens33/ae-rust/target/release/ae list --needs-attn --json
2026-08-24T14:27:03Z	child	rc=-1	/Users/ckriech/projects/clemens33/ae-rust/target/release/ae list --active	cwd=/Users/ckriech/projects/clemens33/ae-rust/docs/migration/evidence/phase4-run/scratch/0668/home
2026-08-24T14:27:03Z	child	rc=0	/Users/ckriech/projects/clemens33/ae-rust/target/release/ae list --active
2026-08-24T14:27:03Z	child	rc=-1	/Users/ckriech/projects/clemens33/ae-rust/target/release/ae list --active --json	cwd=/Users/ckriech/projects/clemens33/ae-rust/docs/migration/evidence/phase4-run/scratch/0669/home
2026-08-24T14:27:03Z	child	rc=0	/Users/ckriech/projects/clemens33/ae-rust/target/release/ae list --active --json
2026-08-24T14:27:03Z	child	rc=-1	/Users/ckriech/projects/clemens33/ae-rust/target/release/ae list	cwd=/Users/ckriech/projects/clemens33/ae-rust/docs/migration/evidence/phase4-run/scratch/0671/home
2026-08-24T14:27:03Z	child	rc=0	/Users/ckriech/projects/clemens33/ae-rust/target/release/ae list
2026-08-24T14:27:03Z	child	rc=-1	/Users/ckriech/projects/clemens33/ae-rust/target/release/ae list --json	cwd=/Users/ckriech/projects/clemens33/ae-rust/docs/migration/evidence/phase4-run/scratch/0672/home
2026-08-24T14:27:03Z	child	rc=0	/Users/ckriech/projects/clemens33/ae-rust/target/release/ae list --json
2026-08-24T14:27:03Z	child	rc=-1	/Users/ckriech/projects/clemens33/ae-rust/target/release/ae list --all --json	cwd=/Users/ckriech/projects/clemens33/ae-rust/docs/migration/evidence/phase4-run/scratch/0673/home
2026-08-24T14:27:03Z	child	rc=0	/Users/ckriech/projects/clemens33/ae-rust/target/release/ae list --all --json
2026-08-24T14:27:03Z	child	rc=-1	/Users/ckriech/projects/clemens33/ae-rust/target/release/ae list --needs-attn	cwd=/Users/ckriech/projects/clemens33/ae-rust/docs/migration/evidence/phase4-run/scratch/0674/home
2026-08-24T14:27:03Z	child	rc=0	/Users/ckriech/projects/clemens33/ae-rust/target/release/ae list --needs-attn
2026-08-24T14:27:03Z	child	rc=-1	/Users/ckriech/projects/clemens33/ae-rust/target/release/ae list --needs-attn --json	cwd=/Users/ckriech/projects/clemens33/ae-rust/docs/migration/evidence/phase4-run/scratch/0675/home
2026-08-24T14:27:03Z	child	rc=0	/Users/ckriech/projects/clemens33/ae-rust/target/release/ae list --needs-attn --json
2026-08-24T14:27:04Z	child	rc=-1	/Users/ckriech/projects/clemens33/ae-rust/target/release/ae list --active	cwd=/Users/ckriech/projects/clemens33/ae-rust/docs/migration/evidence/phase4-run/scratch/0676/home
2026-08-24T14:27:04Z	child	rc=0	/Users/ckriech/projects/clemens33/ae-rust/target/release/ae list --active
2026-08-24T14:27:04Z	child	rc=-1	/Users/ckriech/projects/clemens33/ae-rust/target/release/ae list --active --json	cwd=/Users/ckriech/projects/clemens33/ae-rust/docs/migration/evidence/phase4-run/scratch/0677/home
2026-08-24T14:27:04Z	child	rc=0	/Users/ckriech/projects/clemens33/ae-rust/target/release/ae list --active --json
2026-08-24T14:27:04Z	child	rc=-1	/Users/ckriech/projects/clemens33/ae-rust/target/release/ae list	cwd=/Users/ckriech/projects/clemens33/ae-rust/docs/migration/evidence/phase4-run/scratch/0679/home
2026-08-24T14:27:04Z	child	rc=0	/Users/ckriech/projects/clemens33/ae-rust/target/release/ae list
2026-08-24T14:27:04Z	child	rc=-1	/Users/ckriech/projects/clemens33/ae-rust/target/release/ae list --json	cwd=/Users/ckriech/projects/clemens33/ae-rust/docs/migration/evidence/phase4-run/scratch/0680/home
2026-08-24T14:27:04Z	child	rc=0	/Users/ckriech/projects/clemens33/ae-rust/target/release/ae list --json
2026-08-24T14:27:04Z	child	rc=-1	/Users/ckriech/projects/clemens33/ae-rust/target/release/ae list --all --json	cwd=/Users/ckriech/projects/clemens33/ae-rust/docs/migration/evidence/phase4-run/scratch/0681/home
2026-08-24T14:27:04Z	child	rc=0	/Users/ckriech/projects/clemens33/ae-rust/target/release/ae list --all --json
2026-08-24T14:27:04Z	child	rc=-1	/Users/ckriech/projects/clemens33/ae-rust/target/release/ae list --needs-attn	cwd=/Users/ckriech/projects/clemens33/ae-rust/docs/migration/evidence/phase4-run/scratch/0682/home
2026-08-24T14:27:04Z	child	rc=0	/Users/ckriech/projects/clemens33/ae-rust/target/release/ae list --needs-attn
2026-08-24T14:27:04Z	child	rc=-1	/Users/ckriech/projects/clemens33/ae-rust/target/release/ae list --needs-attn --json	cwd=/Users/ckriech/projects/clemens33/ae-rust/docs/migration/evidence/phase4-run/scratch/0683/home
2026-08-24T14:27:04Z	child	rc=0	/Users/ckriech/projects/clemens33/ae-rust/target/release/ae list --needs-attn --json
2026-08-24T14:27:04Z	child	rc=-1	/Users/ckriech/projects/clemens33/ae-rust/target/release/ae list --active	cwd=/Users/ckriech/projects/clemens33/ae-rust/docs/migration/evidence/phase4-run/scratch/0684/home
2026-08-24T14:27:04Z	child	rc=0	/Users/ckriech/projects/clemens33/ae-rust/target/release/ae list --active
2026-08-24T14:27:04Z	child	rc=-1	/Users/ckriech/projects/clemens33/ae-rust/target/release/ae list --active --json	cwd=/Users/ckriech/projects/clemens33/ae-rust/docs/migration/evidence/phase4-run/scratch/0685/home
2026-08-24T14:27:04Z	child	rc=0	/Users/ckriech/projects/clemens33/ae-rust/target/release/ae list --active --json
2026-08-24T14:27:04Z	child	rc=-1	/Users/ckriech/projects/clemens33/ae-rust/target/release/ae list	cwd=/Users/ckriech/projects/clemens33/ae-rust/docs/migration/evidence/phase4-run/scratch/0687/home
2026-08-24T14:27:04Z	child	rc=0	/Users/ckriech/projects/clemens33/ae-rust/target/release/ae list
2026-08-24T14:27:04Z	child	rc=-1	/Users/ckriech/projects/clemens33/ae-rust/target/release/ae list --json	cwd=/Users/ckriech/projects/clemens33/ae-rust/docs/migration/evidence/phase4-run/scratch/0688/home
2026-08-24T14:27:04Z	child	rc=0	/Users/ckriech/projects/clemens33/ae-rust/target/release/ae list --json
2026-08-24T14:27:04Z	child	rc=-1	/Users/ckriech/projects/clemens33/ae-rust/target/release/ae list --all --json	cwd=/Users/ckriech/projects/clemens33/ae-rust/docs/migration/evidence/phase4-run/scratch/0689/home
2026-08-24T14:27:04Z	child	rc=0	/Users/ckriech/projects/clemens33/ae-rust/target/release/ae list --all --json
2026-08-24T14:27:04Z	child	rc=-1	/Users/ckriech/projects/clemens33/ae-rust/target/release/ae list --needs-attn	cwd=/Users/ckriech/projects/clemens33/ae-rust/docs/migration/evidence/phase4-run/scratch/0690/home
2026-08-24T14:27:04Z	child	rc=0	/Users/ckriech/projects/clemens33/ae-rust/target/release/ae list --needs-attn
2026-08-24T14:27:04Z	child	rc=-1	/Users/ckriech/projects/clemens33/ae-rust/target/release/ae list --needs-attn --json	cwd=/Users/ckriech/projects/clemens33/ae-rust/docs/migration/evidence/phase4-run/scratch/0691/home
2026-08-24T14:27:04Z	child	rc=0	/Users/ckriech/projects/clemens33/ae-rust/target/release/ae list --needs-attn --json
2026-08-24T14:27:04Z	child	rc=-1	/Users/ckriech/projects/clemens33/ae-rust/target/release/ae list --active	cwd=/Users/ckriech/projects/clemens33/ae-rust/docs/migration/evidence/phase4-run/scratch/0692/home
2026-08-24T14:27:04Z	child	rc=0	/Users/ckriech/projects/clemens33/ae-rust/target/release/ae list --active
2026-08-24T14:27:04Z	child	rc=-1	/Users/ckriech/projects/clemens33/ae-rust/target/release/ae list --active --json	cwd=/Users/ckriech/projects/clemens33/ae-rust/docs/migration/evidence/phase4-run/scratch/0693/home
2026-08-24T14:27:04Z	child	rc=0	/Users/ckriech/projects/clemens33/ae-rust/target/release/ae list --active --json
2026-08-24T14:27:04Z	child	rc=-1	/Users/ckriech/projects/clemens33/ae-rust/target/release/ae list	cwd=/Users/ckriech/projects/clemens33/ae-rust/docs/migration/evidence/phase4-run/scratch/0695/home
2026-08-24T14:27:04Z	child	rc=0	/Users/ckriech/projects/clemens33/ae-rust/target/release/ae list
2026-08-24T14:27:04Z	child	rc=-1	/Users/ckriech/projects/clemens33/ae-rust/target/release/ae list --json	cwd=/Users/ckriech/projects/clemens33/ae-rust/docs/migration/evidence/phase4-run/scratch/0696/home
2026-08-24T14:27:04Z	child	rc=0	/Users/ckriech/projects/clemens33/ae-rust/target/release/ae list --json
2026-08-24T14:27:04Z	child	rc=-1	/Users/ckriech/projects/clemens33/ae-rust/target/release/ae list --all --json	cwd=/Users/ckriech/projects/clemens33/ae-rust/docs/migration/evidence/phase4-run/scratch/0697/home
2026-08-24T14:27:04Z	child	rc=0	/Users/ckriech/projects/clemens33/ae-rust/target/release/ae list --all --json
2026-08-24T14:27:04Z	child	rc=-1	/Users/ckriech/projects/clemens33/ae-rust/target/release/ae list --needs-attn	cwd=/Users/ckriech/projects/clemens33/ae-rust/docs/migration/evidence/phase4-run/scratch/0698/home
2026-08-24T14:27:04Z	child	rc=0	/Users/ckriech/projects/clemens33/ae-rust/target/release/ae list --needs-attn
2026-08-24T14:27:04Z	child	rc=-1	/Users/ckriech/projects/clemens33/ae-rust/target/release/ae list --needs-attn --json	cwd=/Users/ckriech/projects/clemens33/ae-rust/docs/migration/evidence/phase4-run/scratch/0699/home
2026-08-24T14:27:04Z	child	rc=0	/Users/ckriech/projects/clemens33/ae-rust/target/release/ae list --needs-attn --json
2026-08-24T14:27:04Z	child	rc=-1	/Users/ckriech/projects/clemens33/ae-rust/target/release/ae list --active	cwd=/Users/ckriech/projects/clemens33/ae-rust/docs/migration/evidence/phase4-run/scratch/0700/home
2026-08-24T14:27:04Z	child	rc=0	/Users/ckriech/projects/clemens33/ae-rust/target/release/ae list --active
2026-08-24T14:27:04Z	child	rc=-1	/Users/ckriech/projects/clemens33/ae-rust/target/release/ae list --active --json	cwd=/Users/ckriech/projects/clemens33/ae-rust/docs/migration/evidence/phase4-run/scratch/0701/home
2026-08-24T14:27:04Z	child	rc=0	/Users/ckriech/projects/clemens33/ae-rust/target/release/ae list --active --json
2026-08-24T14:27:04Z	child	rc=-1	/Users/ckriech/projects/clemens33/ae-rust/target/release/ae list	cwd=/Users/ckriech/projects/clemens33/ae-rust/docs/migration/evidence/phase4-run/scratch/0703/home
2026-08-24T14:27:04Z	child	rc=0	/Users/ckriech/projects/clemens33/ae-rust/target/release/ae list
2026-08-24T14:27:04Z	child	rc=-1	/Users/ckriech/projects/clemens33/ae-rust/target/release/ae list --json	cwd=/Users/ckriech/projects/clemens33/ae-rust/docs/migration/evidence/phase4-run/scratch/0704/home
2026-08-24T14:27:04Z	child	rc=0	/Users/ckriech/projects/clemens33/ae-rust/target/release/ae list --json
2026-08-24T14:27:04Z	child	rc=-1	/Users/ckriech/projects/clemens33/ae-rust/target/release/ae list --all --json	cwd=/Users/ckriech/projects/clemens33/ae-rust/docs/migration/evidence/phase4-run/scratch/0705/home
2026-08-24T14:27:04Z	child	rc=0	/Users/ckriech/projects/clemens33/ae-rust/target/release/ae list --all --json
2026-08-24T14:27:04Z	child	rc=-1	/Users/ckriech/projects/clemens33/ae-rust/target/release/ae list --needs-attn	cwd=/Users/ckriech/projects/clemens33/ae-rust/docs/migration/evidence/phase4-run/scratch/0706/home
2026-08-24T14:27:04Z	child	rc=0	/Users/ckriech/projects/clemens33/ae-rust/target/release/ae list --needs-attn
2026-08-24T14:27:04Z	child	rc=-1	/Users/ckriech/projects/clemens33/ae-rust/target/release/ae list --needs-attn --json	cwd=/Users/ckriech/projects/clemens33/ae-rust/docs/migration/evidence/phase4-run/scratch/0707/home
2026-08-24T14:27:04Z	child	rc=0	/Users/ckriech/projects/clemens33/ae-rust/target/release/ae list --needs-attn --json
2026-08-24T14:27:04Z	child	rc=-1	/Users/ckriech/projects/clemens33/ae-rust/target/release/ae list --active	cwd=/Users/ckriech/projects/clemens33/ae-rust/docs/migration/evidence/phase4-run/scratch/0708/home
2026-08-24T14:27:04Z	child	rc=0	/Users/ckriech/projects/clemens33/ae-rust/target/release/ae list --active
2026-08-24T14:27:04Z	child	rc=-1	/Users/ckriech/projects/clemens33/ae-rust/target/release/ae list --active --json	cwd=/Users/ckriech/projects/clemens33/ae-rust/docs/migration/evidence/phase4-run/scratch/0709/home
2026-08-24T14:27:04Z	child	rc=0	/Users/ckriech/projects/clemens33/ae-rust/target/release/ae list --active --json
2026-08-24T14:27:04Z	child	rc=-1	/Users/ckriech/projects/clemens33/ae-rust/target/release/ae list	cwd=/Users/ckriech/projects/clemens33/ae-rust/docs/migration/evidence/phase4-run/scratch/0711/home
2026-08-24T14:27:04Z	child	rc=0	/Users/ckriech/projects/clemens33/ae-rust/target/release/ae list
2026-08-24T14:27:04Z	child	rc=-1	/Users/ckriech/projects/clemens33/ae-rust/target/release/ae list --json	cwd=/Users/ckriech/projects/clemens33/ae-rust/docs/migration/evidence/phase4-run/scratch/0712/home
2026-08-24T14:27:04Z	child	rc=0	/Users/ckriech/projects/clemens33/ae-rust/target/release/ae list --json
2026-08-24T14:27:04Z	child	rc=-1	/Users/ckriech/projects/clemens33/ae-rust/target/release/ae list --all --json	cwd=/Users/ckriech/projects/clemens33/ae-rust/docs/migration/evidence/phase4-run/scratch/0713/home
2026-08-24T14:27:04Z	child	rc=0	/Users/ckriech/projects/clemens33/ae-rust/target/release/ae list --all --json
2026-08-24T14:27:04Z	child	rc=-1	/Users/ckriech/projects/clemens33/ae-rust/target/release/ae list --needs-attn	cwd=/Users/ckriech/projects/clemens33/ae-rust/docs/migration/evidence/phase4-run/scratch/0714/home
2026-08-24T14:27:04Z	child	rc=0	/Users/ckriech/projects/clemens33/ae-rust/target/release/ae list --needs-attn
2026-08-24T14:27:04Z	child	rc=-1	/Users/ckriech/projects/clemens33/ae-rust/target/release/ae list --needs-attn --json	cwd=/Users/ckriech/projects/clemens33/ae-rust/docs/migration/evidence/phase4-run/scratch/0715/home
2026-08-24T14:27:04Z	child	rc=0	/Users/ckriech/projects/clemens33/ae-rust/target/release/ae list --needs-attn --json
2026-08-24T14:27:04Z	child	rc=-1	/Users/ckriech/projects/clemens33/ae-rust/target/release/ae list --active	cwd=/Users/ckriech/projects/clemens33/ae-rust/docs/migration/evidence/phase4-run/scratch/0716/home
2026-08-24T14:27:04Z	child	rc=0	/Users/ckriech/projects/clemens33/ae-rust/target/release/ae list --active
2026-08-24T14:27:04Z	child	rc=-1	/Users/ckriech/projects/clemens33/ae-rust/target/release/ae list --active --json	cwd=/Users/ckriech/projects/clemens33/ae-rust/docs/migration/evidence/phase4-run/scratch/0717/home
2026-08-24T14:27:04Z	child	rc=0	/Users/ckriech/projects/clemens33/ae-rust/target/release/ae list --active --json
2026-08-24T14:27:04Z	child	rc=-1	/Users/ckriech/projects/clemens33/ae-rust/target/release/ae list --needs-attn --json	cwd=/Users/ckriech/projects/clemens33/ae-rust/docs/migration/evidence/phase4-run/scratch/0723/home
2026-08-24T14:27:04Z	child	rc=0	/Users/ckriech/projects/clemens33/ae-rust/target/release/ae list --needs-attn --json
2026-08-24T14:27:04Z	child	rc=-1	/Users/ckriech/projects/clemens33/ae-rust/target/release/ae list --needs-attn --json	cwd=/Users/ckriech/projects/clemens33/ae-rust/docs/migration/evidence/phase4-run/scratch/0724/home
2026-08-24T14:27:04Z	child	rc=0	/Users/ckriech/projects/clemens33/ae-rust/target/release/ae list --needs-attn --json
2026-08-24T14:27:04Z	child	rc=-1	/Users/ckriech/projects/clemens33/ae-rust/target/release/ae list --json	cwd=/Users/ckriech/projects/clemens33/ae-rust/docs/migration/evidence/phase4-run/scratch/0728/home
2026-08-24T14:27:04Z	child	rc=0	/Users/ckriech/projects/clemens33/ae-rust/target/release/ae list --json
2026-08-24T14:27:04Z	child	rc=-1	/Users/ckriech/projects/clemens33/ae-rust/target/release/ae list --json	cwd=/Users/ckriech/projects/clemens33/ae-rust/docs/migration/evidence/phase4-run/scratch/0732/home
2026-08-24T14:27:04Z	child	rc=0	/Users/ckriech/projects/clemens33/ae-rust/target/release/ae list --json
2026-08-24T14:27:04Z	child	rc=-1	/Users/ckriech/projects/clemens33/ae-rust/target/release/ae list --json	cwd=/Users/ckriech/projects/clemens33/ae-rust/docs/migration/evidence/phase4-run/scratch/0736/home
2026-08-24T14:27:04Z	child	rc=0	/Users/ckriech/projects/clemens33/ae-rust/target/release/ae list --json
2026-08-24T14:27:05Z	child	rc=-1	/Users/ckriech/projects/clemens33/ae-rust/target/release/ae list --json	cwd=/Users/ckriech/projects/clemens33/ae-rust/docs/migration/evidence/phase4-run/scratch/0740/home
2026-08-24T14:27:05Z	child	rc=0	/Users/ckriech/projects/clemens33/ae-rust/target/release/ae list --json
2026-08-24T14:27:05Z	child	rc=-1	/Users/ckriech/projects/clemens33/ae-rust/target/release/ae list --json	cwd=/Users/ckriech/projects/clemens33/ae-rust/docs/migration/evidence/phase4-run/scratch/0744/home
2026-08-24T14:27:05Z	child	rc=0	/Users/ckriech/projects/clemens33/ae-rust/target/release/ae list --json
2026-08-24T14:27:05Z	child	rc=-1	/Users/ckriech/projects/clemens33/ae-rust/target/release/ae list --json	cwd=/Users/ckriech/projects/clemens33/ae-rust/docs/migration/evidence/phase4-run/scratch/0748/home
2026-08-24T14:27:05Z	child	rc=0	/Users/ckriech/projects/clemens33/ae-rust/target/release/ae list --json
2026-08-24T14:27:05Z	child	rc=-1	/Users/ckriech/projects/clemens33/ae-rust/target/release/ae list --json	cwd=/Users/ckriech/projects/clemens33/ae-rust/docs/migration/evidence/phase4-run/scratch/0752/home
2026-08-24T14:27:05Z	child	rc=0	/Users/ckriech/projects/clemens33/ae-rust/target/release/ae list --json
2026-08-24T14:27:05Z	child	rc=-1	/Users/ckriech/projects/clemens33/ae-rust/target/release/ae list --json	cwd=/Users/ckriech/projects/clemens33/ae-rust/docs/migration/evidence/phase4-run/scratch/0756/home
2026-08-24T14:27:05Z	child	rc=0	/Users/ckriech/projects/clemens33/ae-rust/target/release/ae list --json
2026-08-24T14:27:05Z	child	rc=-1	/Users/ckriech/projects/clemens33/ae-rust/target/release/ae list --json	cwd=/Users/ckriech/projects/clemens33/ae-rust/docs/migration/evidence/phase4-run/scratch/0760/home
2026-08-24T14:27:05Z	child	rc=0	/Users/ckriech/projects/clemens33/ae-rust/target/release/ae list --json
2026-08-24T14:27:05Z	child	rc=-1	/Users/ckriech/projects/clemens33/ae-rust/target/release/ae list --json	cwd=/Users/ckriech/projects/clemens33/ae-rust/docs/migration/evidence/phase4-run/scratch/0764/home
2026-08-24T14:27:05Z	child	rc=0	/Users/ckriech/projects/clemens33/ae-rust/target/release/ae list --json
2026-08-24T14:27:05Z	child	rc=-1	/Users/ckriech/projects/clemens33/ae-rust/target/release/ae list --json	cwd=/Users/ckriech/projects/clemens33/ae-rust/docs/migration/evidence/phase4-run/scratch/0768/home
2026-08-24T14:27:05Z	child	rc=0	/Users/ckriech/projects/clemens33/ae-rust/target/release/ae list --json
2026-08-24T14:27:05Z	child	rc=-1	/Users/ckriech/projects/clemens33/ae-rust/target/release/ae list --json	cwd=/Users/ckriech/projects/clemens33/ae-rust/docs/migration/evidence/phase4-run/scratch/0772/home
2026-08-24T14:27:05Z	child	rc=0	/Users/ckriech/projects/clemens33/ae-rust/target/release/ae list --json
2026-08-24T14:27:05Z	child	rc=-1	/Users/ckriech/projects/clemens33/ae-rust/target/release/ae list --json	cwd=/Users/ckriech/projects/clemens33/ae-rust/docs/migration/evidence/phase4-run/scratch/0773/home
2026-08-24T14:27:05Z	child	rc=0	/Users/ckriech/projects/clemens33/ae-rust/target/release/ae list --json
2026-08-24T14:27:05Z	child	rc=-1	/Users/ckriech/projects/clemens33/ae-rust/target/release/ae list --needs-attn	cwd=/Users/ckriech/projects/clemens33/ae-rust/docs/migration/evidence/phase4-run/scratch/0774/home
2026-08-24T14:27:05Z	child	rc=0	/Users/ckriech/projects/clemens33/ae-rust/target/release/ae list --needs-attn
2026-08-24T14:27:05Z	child	rc=-1	/Users/ckriech/projects/clemens33/ae-rust/target/release/ae list --json	cwd=/Users/ckriech/projects/clemens33/ae-rust/docs/migration/evidence/phase4-run/scratch/0775/home
2026-08-24T14:27:05Z	child	rc=0	/Users/ckriech/projects/clemens33/ae-rust/target/release/ae list --json
2026-08-24T14:27:05Z	child	rc=-1	/Users/ckriech/projects/clemens33/ae-rust/target/release/ae list --needs-attn	cwd=/Users/ckriech/projects/clemens33/ae-rust/docs/migration/evidence/phase4-run/scratch/0776/home
2026-08-24T14:27:05Z	child	rc=0	/Users/ckriech/projects/clemens33/ae-rust/target/release/ae list --needs-attn
2026-08-24T14:27:05Z	child	rc=-1	/Users/ckriech/projects/clemens33/ae-rust/target/release/ae list --json	cwd=/Users/ckriech/projects/clemens33/ae-rust/docs/migration/evidence/phase4-run/scratch/0777/home
2026-08-24T14:27:05Z	child	rc=0	/Users/ckriech/projects/clemens33/ae-rust/target/release/ae list --json
2026-08-24T14:27:05Z	child	rc=-1	/Users/ckriech/projects/clemens33/ae-rust/target/release/ae list --needs-attn	cwd=/Users/ckriech/projects/clemens33/ae-rust/docs/migration/evidence/phase4-run/scratch/0778/home
2026-08-24T14:27:05Z	child	rc=0	/Users/ckriech/projects/clemens33/ae-rust/target/release/ae list --needs-attn
2026-08-24T14:27:05Z	child	rc=-1	/Users/ckriech/projects/clemens33/ae-rust/target/release/ae list --json	cwd=/Users/ckriech/projects/clemens33/ae-rust/docs/migration/evidence/phase4-run/scratch/0779/home
2026-08-24T14:27:05Z	child	rc=0	/Users/ckriech/projects/clemens33/ae-rust/target/release/ae list --json
2026-08-24T14:27:05Z	child	rc=-1	/Users/ckriech/projects/clemens33/ae-rust/target/release/ae list --needs-attn	cwd=/Users/ckriech/projects/clemens33/ae-rust/docs/migration/evidence/phase4-run/scratch/0780/home
2026-08-24T14:27:05Z	child	rc=0	/Users/ckriech/projects/clemens33/ae-rust/target/release/ae list --needs-attn
2026-08-24T14:27:05Z	child	rc=-1	/Users/ckriech/projects/clemens33/ae-rust/target/release/ae list --json	cwd=/Users/ckriech/projects/clemens33/ae-rust/docs/migration/evidence/phase4-run/scratch/0781/home
2026-08-24T14:27:05Z	child	rc=0	/Users/ckriech/projects/clemens33/ae-rust/target/release/ae list --json
2026-08-24T14:27:05Z	child	rc=-1	/Users/ckriech/projects/clemens33/ae-rust/target/release/ae list --needs-attn	cwd=/Users/ckriech/projects/clemens33/ae-rust/docs/migration/evidence/phase4-run/scratch/0782/home
2026-08-24T14:27:05Z	child	rc=0	/Users/ckriech/projects/clemens33/ae-rust/target/release/ae list --needs-attn
2026-08-24T14:27:05Z	child	rc=-1	/Users/ckriech/projects/clemens33/ae-rust/target/release/ae list --json	cwd=/Users/ckriech/projects/clemens33/ae-rust/docs/migration/evidence/phase4-run/scratch/0783/home
2026-08-24T14:27:05Z	child	rc=0	/Users/ckriech/projects/clemens33/ae-rust/target/release/ae list --json
2026-08-24T14:27:05Z	child	rc=-1	/Users/ckriech/projects/clemens33/ae-rust/target/release/ae list --json	cwd=/Users/ckriech/projects/clemens33/ae-rust/docs/migration/evidence/phase4-run/scratch/0784/home
2026-08-24T14:27:05Z	child	rc=0	/Users/ckriech/projects/clemens33/ae-rust/target/release/ae list --json
2026-08-24T14:27:05Z	child	rc=-1	/Users/ckriech/projects/clemens33/ae-rust/target/release/ae list --json	cwd=/Users/ckriech/projects/clemens33/ae-rust/docs/migration/evidence/phase4-run/scratch/0785/home
2026-08-24T14:27:05Z	child	rc=0	/Users/ckriech/projects/clemens33/ae-rust/target/release/ae list --json
2026-08-24T14:27:05Z	child	rc=-1	/Users/ckriech/projects/clemens33/ae-rust/target/release/ae list	cwd=/Users/ckriech/projects/clemens33/ae-rust/docs/migration/evidence/phase4-run/scratch/0786/home
2026-08-24T14:27:05Z	child	rc=0	/Users/ckriech/projects/clemens33/ae-rust/target/release/ae list
2026-08-24T14:27:05Z	child	rc=-1	/Users/ckriech/projects/clemens33/ae-rust/target/release/ae list --json	cwd=/Users/ckriech/projects/clemens33/ae-rust/docs/migration/evidence/phase4-run/scratch/0787/home
2026-08-24T14:27:05Z	child	rc=0	/Users/ckriech/projects/clemens33/ae-rust/target/release/ae list --json
2026-08-24T14:27:05Z	child	rc=-1	/Users/ckriech/projects/clemens33/ae-rust/target/release/ae list --all	cwd=/Users/ckriech/projects/clemens33/ae-rust/docs/migration/evidence/phase4-run/scratch/0788/home
2026-08-24T14:27:05Z	child	rc=0	/Users/ckriech/projects/clemens33/ae-rust/target/release/ae list --all
2026-08-24T14:27:05Z	child	rc=-1	/Users/ckriech/projects/clemens33/ae-rust/target/release/ae list --all --json	cwd=/Users/ckriech/projects/clemens33/ae-rust/docs/migration/evidence/phase4-run/scratch/0789/home
2026-08-24T14:27:05Z	child	rc=0	/Users/ckriech/projects/clemens33/ae-rust/target/release/ae list --all --json
2026-08-24T14:27:05Z	child	rc=-1	/Users/ckriech/projects/clemens33/ae-rust/target/release/ae list	cwd=/Users/ckriech/projects/clemens33/ae-rust/docs/migration/evidence/phase4-run/scratch/0791/home
2026-08-24T14:27:05Z	child	rc=0	/Users/ckriech/projects/clemens33/ae-rust/target/release/ae list
2026-08-24T14:27:05Z	child	rc=-1	/Users/ckriech/projects/clemens33/ae-rust/target/release/ae list --json	cwd=/Users/ckriech/projects/clemens33/ae-rust/docs/migration/evidence/phase4-run/scratch/0792/home
2026-08-24T14:27:05Z	child	rc=0	/Users/ckriech/projects/clemens33/ae-rust/target/release/ae list --json
2026-08-24T14:27:05Z	child	rc=-1	/Users/ckriech/projects/clemens33/ae-rust/target/release/ae list --all	cwd=/Users/ckriech/projects/clemens33/ae-rust/docs/migration/evidence/phase4-run/scratch/0793/home
2026-08-24T14:27:05Z	child	rc=0	/Users/ckriech/projects/clemens33/ae-rust/target/release/ae list --all
2026-08-24T14:27:05Z	child	rc=-1	/Users/ckriech/projects/clemens33/ae-rust/target/release/ae list --all --json	cwd=/Users/ckriech/projects/clemens33/ae-rust/docs/migration/evidence/phase4-run/scratch/0794/home
2026-08-24T14:27:05Z	child	rc=0	/Users/ckriech/projects/clemens33/ae-rust/target/release/ae list --all --json
2026-08-24T14:27:05Z	child	rc=-1	/Users/ckriech/projects/clemens33/ae-rust/target/release/ae list	cwd=/Users/ckriech/projects/clemens33/ae-rust/docs/migration/evidence/phase4-run/scratch/0796/home
2026-08-24T14:27:05Z	child	rc=0	/Users/ckriech/projects/clemens33/ae-rust/target/release/ae list
2026-08-24T14:27:05Z	child	rc=-1	/Users/ckriech/projects/clemens33/ae-rust/target/release/ae list --json	cwd=/Users/ckriech/projects/clemens33/ae-rust/docs/migration/evidence/phase4-run/scratch/0797/home
2026-08-24T14:27:05Z	child	rc=0	/Users/ckriech/projects/clemens33/ae-rust/target/release/ae list --json
2026-08-24T14:27:05Z	child	rc=-1	/Users/ckriech/projects/clemens33/ae-rust/target/release/ae list --all	cwd=/Users/ckriech/projects/clemens33/ae-rust/docs/migration/evidence/phase4-run/scratch/0798/home
2026-08-24T14:27:05Z	child	rc=0	/Users/ckriech/projects/clemens33/ae-rust/target/release/ae list --all
2026-08-24T14:27:05Z	child	rc=-1	/Users/ckriech/projects/clemens33/ae-rust/target/release/ae list --all --json	cwd=/Users/ckriech/projects/clemens33/ae-rust/docs/migration/evidence/phase4-run/scratch/0799/home
2026-08-24T14:27:05Z	child	rc=0	/Users/ckriech/projects/clemens33/ae-rust/target/release/ae list --all --json
2026-08-24T14:27:05Z	child	rc=-1	/Users/ckriech/projects/clemens33/ae-rust/target/release/ae list	cwd=/Users/ckriech/projects/clemens33/ae-rust/docs/migration/evidence/phase4-run/scratch/0801/home
2026-08-24T14:27:05Z	child	rc=0	/Users/ckriech/projects/clemens33/ae-rust/target/release/ae list
2026-08-24T14:27:05Z	child	rc=-1	/Users/ckriech/projects/clemens33/ae-rust/target/release/ae list --json	cwd=/Users/ckriech/projects/clemens33/ae-rust/docs/migration/evidence/phase4-run/scratch/0802/home
2026-08-24T14:27:05Z	child	rc=0	/Users/ckriech/projects/clemens33/ae-rust/target/release/ae list --json
2026-08-24T14:27:05Z	child	rc=-1	/Users/ckriech/projects/clemens33/ae-rust/target/release/ae list --all	cwd=/Users/ckriech/projects/clemens33/ae-rust/docs/migration/evidence/phase4-run/scratch/0803/home
2026-08-24T14:27:05Z	child	rc=0	/Users/ckriech/projects/clemens33/ae-rust/target/release/ae list --all
2026-08-24T14:27:05Z	child	rc=-1	/Users/ckriech/projects/clemens33/ae-rust/target/release/ae list --all --json	cwd=/Users/ckriech/projects/clemens33/ae-rust/docs/migration/evidence/phase4-run/scratch/0804/home
2026-08-24T14:27:05Z	child	rc=0	/Users/ckriech/projects/clemens33/ae-rust/target/release/ae list --all --json
2026-08-24T14:27:05Z	child	rc=-1	/Users/ckriech/projects/clemens33/ae-rust/target/release/ae list	cwd=/Users/ckriech/projects/clemens33/ae-rust/docs/migration/evidence/phase4-run/scratch/0806/home
2026-08-24T14:27:05Z	child	rc=0	/Users/ckriech/projects/clemens33/ae-rust/target/release/ae list
2026-08-24T14:27:05Z	child	rc=-1	/Users/ckriech/projects/clemens33/ae-rust/target/release/ae list --json	cwd=/Users/ckriech/projects/clemens33/ae-rust/docs/migration/evidence/phase4-run/scratch/0807/home
2026-08-24T14:27:05Z	child	rc=0	/Users/ckriech/projects/clemens33/ae-rust/target/release/ae list --json
2026-08-24T14:27:05Z	child	rc=-1	/Users/ckriech/projects/clemens33/ae-rust/target/release/ae list --all	cwd=/Users/ckriech/projects/clemens33/ae-rust/docs/migration/evidence/phase4-run/scratch/0808/home
2026-08-24T14:27:05Z	child	rc=0	/Users/ckriech/projects/clemens33/ae-rust/target/release/ae list --all
2026-08-24T14:27:05Z	child	rc=-1	/Users/ckriech/projects/clemens33/ae-rust/target/release/ae list --all --json	cwd=/Users/ckriech/projects/clemens33/ae-rust/docs/migration/evidence/phase4-run/scratch/0809/home
2026-08-24T14:27:05Z	child	rc=0	/Users/ckriech/projects/clemens33/ae-rust/target/release/ae list --all --json
2026-08-24T14:27:05Z	child	rc=-1	/Users/ckriech/projects/clemens33/ae-rust/target/release/ae list	cwd=/Users/ckriech/projects/clemens33/ae-rust/docs/migration/evidence/phase4-run/scratch/0811/home
2026-08-24T14:27:05Z	child	rc=0	/Users/ckriech/projects/clemens33/ae-rust/target/release/ae list
2026-08-24T14:27:05Z	child	rc=-1	/Users/ckriech/projects/clemens33/ae-rust/target/release/ae list --json	cwd=/Users/ckriech/projects/clemens33/ae-rust/docs/migration/evidence/phase4-run/scratch/0812/home
2026-08-24T14:27:05Z	child	rc=0	/Users/ckriech/projects/clemens33/ae-rust/target/release/ae list --json
2026-08-24T14:27:05Z	child	rc=-1	/Users/ckriech/projects/clemens33/ae-rust/target/release/ae list --all	cwd=/Users/ckriech/projects/clemens33/ae-rust/docs/migration/evidence/phase4-run/scratch/0813/home
2026-08-24T14:27:05Z	child	rc=0	/Users/ckriech/projects/clemens33/ae-rust/target/release/ae list --all
2026-08-24T14:27:05Z	child	rc=-1	/Users/ckriech/projects/clemens33/ae-rust/target/release/ae list --all --json	cwd=/Users/ckriech/projects/clemens33/ae-rust/docs/migration/evidence/phase4-run/scratch/0814/home
2026-08-24T14:27:05Z	child	rc=0	/Users/ckriech/projects/clemens33/ae-rust/target/release/ae list --all --json
2026-08-24T14:27:05Z	child	rc=-1	/Users/ckriech/projects/clemens33/ae-rust/target/release/ae list	cwd=/Users/ckriech/projects/clemens33/ae-rust/docs/migration/evidence/phase4-run/scratch/0816/home
2026-08-24T14:27:05Z	child	rc=0	/Users/ckriech/projects/clemens33/ae-rust/target/release/ae list
2026-08-24T14:27:05Z	child	rc=-1	/Users/ckriech/projects/clemens33/ae-rust/target/release/ae list --json	cwd=/Users/ckriech/projects/clemens33/ae-rust/docs/migration/evidence/phase4-run/scratch/0817/home
2026-08-24T14:27:06Z	child	rc=0	/Users/ckriech/projects/clemens33/ae-rust/target/release/ae list --json
2026-08-24T14:27:06Z	child	rc=-1	/Users/ckriech/projects/clemens33/ae-rust/target/release/ae list --all	cwd=/Users/ckriech/projects/clemens33/ae-rust/docs/migration/evidence/phase4-run/scratch/0818/home
2026-08-24T14:27:06Z	child	rc=0	/Users/ckriech/projects/clemens33/ae-rust/target/release/ae list --all
2026-08-24T14:27:06Z	child	rc=-1	/Users/ckriech/projects/clemens33/ae-rust/target/release/ae list --all --json	cwd=/Users/ckriech/projects/clemens33/ae-rust/docs/migration/evidence/phase4-run/scratch/0819/home
2026-08-24T14:27:06Z	child	rc=0	/Users/ckriech/projects/clemens33/ae-rust/target/release/ae list --all --json
2026-08-24T14:27:06Z	child	rc=-1	/Users/ckriech/projects/clemens33/ae-rust/target/release/ae list	cwd=/Users/ckriech/projects/clemens33/ae-rust/docs/migration/evidence/phase4-run/scratch/0821/home
2026-08-24T14:27:06Z	child	rc=0	/Users/ckriech/projects/clemens33/ae-rust/target/release/ae list
2026-08-24T14:27:06Z	child	rc=-1	/Users/ckriech/projects/clemens33/ae-rust/target/release/ae list --json	cwd=/Users/ckriech/projects/clemens33/ae-rust/docs/migration/evidence/phase4-run/scratch/0822/home
2026-08-24T14:27:06Z	child	rc=0	/Users/ckriech/projects/clemens33/ae-rust/target/release/ae list --json
2026-08-24T14:27:06Z	child	rc=-1	/Users/ckriech/projects/clemens33/ae-rust/target/release/ae list --all	cwd=/Users/ckriech/projects/clemens33/ae-rust/docs/migration/evidence/phase4-run/scratch/0823/home
2026-08-24T14:27:06Z	child	rc=0	/Users/ckriech/projects/clemens33/ae-rust/target/release/ae list --all
2026-08-24T14:27:06Z	child	rc=-1	/Users/ckriech/projects/clemens33/ae-rust/target/release/ae list --all --json	cwd=/Users/ckriech/projects/clemens33/ae-rust/docs/migration/evidence/phase4-run/scratch/0824/home
2026-08-24T14:27:06Z	child	rc=0	/Users/ckriech/projects/clemens33/ae-rust/target/release/ae list --all --json
2026-08-24T14:27:06Z	child	rc=-1	/Users/ckriech/projects/clemens33/ae-rust/target/release/ae list	cwd=/Users/ckriech/projects/clemens33/ae-rust/docs/migration/evidence/phase4-run/scratch/0826/home
2026-08-24T14:27:06Z	child	rc=0	/Users/ckriech/projects/clemens33/ae-rust/target/release/ae list
2026-08-24T14:27:06Z	child	rc=-1	/Users/ckriech/projects/clemens33/ae-rust/target/release/ae list --json	cwd=/Users/ckriech/projects/clemens33/ae-rust/docs/migration/evidence/phase4-run/scratch/0827/home
2026-08-24T14:27:06Z	child	rc=0	/Users/ckriech/projects/clemens33/ae-rust/target/release/ae list --json
2026-08-24T14:27:06Z	child	rc=-1	/Users/ckriech/projects/clemens33/ae-rust/target/release/ae list --all	cwd=/Users/ckriech/projects/clemens33/ae-rust/docs/migration/evidence/phase4-run/scratch/0828/home
2026-08-24T14:27:06Z	child	rc=0	/Users/ckriech/projects/clemens33/ae-rust/target/release/ae list --all
2026-08-24T14:27:06Z	child	rc=-1	/Users/ckriech/projects/clemens33/ae-rust/target/release/ae list --all --json	cwd=/Users/ckriech/projects/clemens33/ae-rust/docs/migration/evidence/phase4-run/scratch/0829/home
2026-08-24T14:27:06Z	child	rc=0	/Users/ckriech/projects/clemens33/ae-rust/target/release/ae list --all --json
2026-08-24T14:27:06Z	child	rc=-1	/Users/ckriech/projects/clemens33/ae-rust/target/release/ae list	cwd=/Users/ckriech/projects/clemens33/ae-rust/docs/migration/evidence/phase4-run/scratch/0831/home
2026-08-24T14:27:06Z	child	rc=0	/Users/ckriech/projects/clemens33/ae-rust/target/release/ae list
2026-08-24T14:27:06Z	child	rc=-1	/Users/ckriech/projects/clemens33/ae-rust/target/release/ae list --json	cwd=/Users/ckriech/projects/clemens33/ae-rust/docs/migration/evidence/phase4-run/scratch/0832/home
2026-08-24T14:27:06Z	child	rc=0	/Users/ckriech/projects/clemens33/ae-rust/target/release/ae list --json
2026-08-24T14:27:06Z	child	rc=-1	/Users/ckriech/projects/clemens33/ae-rust/target/release/ae list --all	cwd=/Users/ckriech/projects/clemens33/ae-rust/docs/migration/evidence/phase4-run/scratch/0833/home
2026-08-24T14:27:06Z	child	rc=0	/Users/ckriech/projects/clemens33/ae-rust/target/release/ae list --all
2026-08-24T14:27:06Z	child	rc=-1	/Users/ckriech/projects/clemens33/ae-rust/target/release/ae list --all --json	cwd=/Users/ckriech/projects/clemens33/ae-rust/docs/migration/evidence/phase4-run/scratch/0834/home
2026-08-24T14:27:06Z	child	rc=0	/Users/ckriech/projects/clemens33/ae-rust/target/release/ae list --all --json
2026-08-24T14:27:06Z	child	rc=-1	/Users/ckriech/projects/clemens33/ae-rust/target/release/ae list	cwd=/Users/ckriech/projects/clemens33/ae-rust/docs/migration/evidence/phase4-run/scratch/0836/home
2026-08-24T14:27:06Z	child	rc=0	/Users/ckriech/projects/clemens33/ae-rust/target/release/ae list
2026-08-24T14:27:06Z	child	rc=-1	/Users/ckriech/projects/clemens33/ae-rust/target/release/ae list --json	cwd=/Users/ckriech/projects/clemens33/ae-rust/docs/migration/evidence/phase4-run/scratch/0837/home
2026-08-24T14:27:06Z	child	rc=0	/Users/ckriech/projects/clemens33/ae-rust/target/release/ae list --json
2026-08-24T14:27:06Z	child	rc=-1	/Users/ckriech/projects/clemens33/ae-rust/target/release/ae list --all	cwd=/Users/ckriech/projects/clemens33/ae-rust/docs/migration/evidence/phase4-run/scratch/0838/home
2026-08-24T14:27:06Z	child	rc=0	/Users/ckriech/projects/clemens33/ae-rust/target/release/ae list --all
2026-08-24T14:27:06Z	child	rc=-1	/Users/ckriech/projects/clemens33/ae-rust/target/release/ae list --all --json	cwd=/Users/ckriech/projects/clemens33/ae-rust/docs/migration/evidence/phase4-run/scratch/0839/home
2026-08-24T14:27:06Z	child	rc=0	/Users/ckriech/projects/clemens33/ae-rust/target/release/ae list --all --json
2026-08-24T14:27:06Z	child	rc=-1	/Users/ckriech/projects/clemens33/ae-rust/target/release/ae list	cwd=/Users/ckriech/projects/clemens33/ae-rust/docs/migration/evidence/phase4-run/scratch/0841/home
2026-08-24T14:27:06Z	child	rc=0	/Users/ckriech/projects/clemens33/ae-rust/target/release/ae list
2026-08-24T14:27:06Z	child	rc=-1	/Users/ckriech/projects/clemens33/ae-rust/target/release/ae list --json	cwd=/Users/ckriech/projects/clemens33/ae-rust/docs/migration/evidence/phase4-run/scratch/0842/home
2026-08-24T14:27:06Z	child	rc=0	/Users/ckriech/projects/clemens33/ae-rust/target/release/ae list --json
2026-08-24T14:27:06Z	child	rc=-1	/Users/ckriech/projects/clemens33/ae-rust/target/release/ae list --all	cwd=/Users/ckriech/projects/clemens33/ae-rust/docs/migration/evidence/phase4-run/scratch/0843/home
2026-08-24T14:27:06Z	child	rc=0	/Users/ckriech/projects/clemens33/ae-rust/target/release/ae list --all
2026-08-24T14:27:06Z	child	rc=-1	/Users/ckriech/projects/clemens33/ae-rust/target/release/ae list --all --json	cwd=/Users/ckriech/projects/clemens33/ae-rust/docs/migration/evidence/phase4-run/scratch/0844/home
2026-08-24T14:27:06Z	child	rc=0	/Users/ckriech/projects/clemens33/ae-rust/target/release/ae list --all --json
2026-08-24T14:27:06Z	child	rc=-1	/Users/ckriech/projects/clemens33/ae-rust/target/release/ae list	cwd=/Users/ckriech/projects/clemens33/ae-rust/docs/migration/evidence/phase4-run/scratch/0846/home
2026-08-24T14:27:06Z	child	rc=0	/Users/ckriech/projects/clemens33/ae-rust/target/release/ae list
2026-08-24T14:27:06Z	child	rc=-1	/Users/ckriech/projects/clemens33/ae-rust/target/release/ae list --json	cwd=/Users/ckriech/projects/clemens33/ae-rust/docs/migration/evidence/phase4-run/scratch/0847/home
2026-08-24T14:27:06Z	child	rc=0	/Users/ckriech/projects/clemens33/ae-rust/target/release/ae list --json
2026-08-24T14:27:06Z	child	rc=-1	/Users/ckriech/projects/clemens33/ae-rust/target/release/ae list --all	cwd=/Users/ckriech/projects/clemens33/ae-rust/docs/migration/evidence/phase4-run/scratch/0848/home
2026-08-24T14:27:06Z	child	rc=0	/Users/ckriech/projects/clemens33/ae-rust/target/release/ae list --all
2026-08-24T14:27:06Z	child	rc=-1	/Users/ckriech/projects/clemens33/ae-rust/target/release/ae list --all --json	cwd=/Users/ckriech/projects/clemens33/ae-rust/docs/migration/evidence/phase4-run/scratch/0849/home
2026-08-24T14:27:06Z	child	rc=0	/Users/ckriech/projects/clemens33/ae-rust/target/release/ae list --all --json
2026-08-24T14:27:06Z	child	rc=-1	/Users/ckriech/projects/clemens33/ae-rust/target/release/ae list	cwd=/Users/ckriech/projects/clemens33/ae-rust/docs/migration/evidence/phase4-run/scratch/0851/home
2026-08-24T14:27:06Z	child	rc=0	/Users/ckriech/projects/clemens33/ae-rust/target/release/ae list
2026-08-24T14:27:06Z	child	rc=-1	/Users/ckriech/projects/clemens33/ae-rust/target/release/ae list --json	cwd=/Users/ckriech/projects/clemens33/ae-rust/docs/migration/evidence/phase4-run/scratch/0852/home
2026-08-24T14:27:06Z	child	rc=0	/Users/ckriech/projects/clemens33/ae-rust/target/release/ae list --json
2026-08-24T14:27:06Z	child	rc=-1	/Users/ckriech/projects/clemens33/ae-rust/target/release/ae list --all	cwd=/Users/ckriech/projects/clemens33/ae-rust/docs/migration/evidence/phase4-run/scratch/0853/home
2026-08-24T14:27:06Z	child	rc=0	/Users/ckriech/projects/clemens33/ae-rust/target/release/ae list --all
2026-08-24T14:27:06Z	child	rc=-1	/Users/ckriech/projects/clemens33/ae-rust/target/release/ae list --all --json	cwd=/Users/ckriech/projects/clemens33/ae-rust/docs/migration/evidence/phase4-run/scratch/0854/home
2026-08-24T14:27:06Z	child	rc=0	/Users/ckriech/projects/clemens33/ae-rust/target/release/ae list --all --json
2026-08-24T14:27:06Z	child	rc=-1	/Users/ckriech/projects/clemens33/ae-rust/target/release/ae list	cwd=/Users/ckriech/projects/clemens33/ae-rust/docs/migration/evidence/phase4-run/scratch/0856/home
2026-08-24T14:27:06Z	child	rc=0	/Users/ckriech/projects/clemens33/ae-rust/target/release/ae list
2026-08-24T14:27:06Z	child	rc=-1	/Users/ckriech/projects/clemens33/ae-rust/target/release/ae list --json	cwd=/Users/ckriech/projects/clemens33/ae-rust/docs/migration/evidence/phase4-run/scratch/0857/home
2026-08-24T14:27:06Z	child	rc=0	/Users/ckriech/projects/clemens33/ae-rust/target/release/ae list --json
2026-08-24T14:27:06Z	child	rc=-1	/Users/ckriech/projects/clemens33/ae-rust/target/release/ae list --all	cwd=/Users/ckriech/projects/clemens33/ae-rust/docs/migration/evidence/phase4-run/scratch/0858/home
2026-08-24T14:27:06Z	child	rc=0	/Users/ckriech/projects/clemens33/ae-rust/target/release/ae list --all
2026-08-24T14:27:06Z	child	rc=-1	/Users/ckriech/projects/clemens33/ae-rust/target/release/ae list --all --json	cwd=/Users/ckriech/projects/clemens33/ae-rust/docs/migration/evidence/phase4-run/scratch/0859/home
2026-08-24T14:27:06Z	child	rc=0	/Users/ckriech/projects/clemens33/ae-rust/target/release/ae list --all --json
2026-08-24T14:27:06Z	child	rc=-1	/Users/ckriech/projects/clemens33/ae-rust/target/release/ae list	cwd=/Users/ckriech/projects/clemens33/ae-rust/docs/migration/evidence/phase4-run/scratch/0861/home
2026-08-24T14:27:06Z	child	rc=0	/Users/ckriech/projects/clemens33/ae-rust/target/release/ae list
2026-08-24T14:27:06Z	child	rc=-1	/Users/ckriech/projects/clemens33/ae-rust/target/release/ae list --json	cwd=/Users/ckriech/projects/clemens33/ae-rust/docs/migration/evidence/phase4-run/scratch/0862/home
2026-08-24T14:27:06Z	child	rc=0	/Users/ckriech/projects/clemens33/ae-rust/target/release/ae list --json
2026-08-24T14:27:06Z	child	rc=-1	/Users/ckriech/projects/clemens33/ae-rust/target/release/ae list --all	cwd=/Users/ckriech/projects/clemens33/ae-rust/docs/migration/evidence/phase4-run/scratch/0863/home
2026-08-24T14:27:06Z	child	rc=0	/Users/ckriech/projects/clemens33/ae-rust/target/release/ae list --all
2026-08-24T14:27:06Z	child	rc=-1	/Users/ckriech/projects/clemens33/ae-rust/target/release/ae list --all --json	cwd=/Users/ckriech/projects/clemens33/ae-rust/docs/migration/evidence/phase4-run/scratch/0864/home
2026-08-24T14:27:06Z	child	rc=0	/Users/ckriech/projects/clemens33/ae-rust/target/release/ae list --all --json
2026-08-24T14:27:06Z	child	rc=-1	/Users/ckriech/projects/clemens33/ae-rust/target/release/ae list	cwd=/Users/ckriech/projects/clemens33/ae-rust/docs/migration/evidence/phase4-run/scratch/0866/home
2026-08-24T14:27:06Z	child	rc=0	/Users/ckriech/projects/clemens33/ae-rust/target/release/ae list
2026-08-24T14:27:06Z	child	rc=-1	/Users/ckriech/projects/clemens33/ae-rust/target/release/ae list --json	cwd=/Users/ckriech/projects/clemens33/ae-rust/docs/migration/evidence/phase4-run/scratch/0867/home
2026-08-24T14:27:06Z	child	rc=0	/Users/ckriech/projects/clemens33/ae-rust/target/release/ae list --json
2026-08-24T14:27:06Z	child	rc=-1	/Users/ckriech/projects/clemens33/ae-rust/target/release/ae list --all	cwd=/Users/ckriech/projects/clemens33/ae-rust/docs/migration/evidence/phase4-run/scratch/0868/home
2026-08-24T14:27:06Z	child	rc=0	/Users/ckriech/projects/clemens33/ae-rust/target/release/ae list --all
2026-08-24T14:27:06Z	child	rc=-1	/Users/ckriech/projects/clemens33/ae-rust/target/release/ae list --all --json	cwd=/Users/ckriech/projects/clemens33/ae-rust/docs/migration/evidence/phase4-run/scratch/0869/home
2026-08-24T14:27:06Z	child	rc=0	/Users/ckriech/projects/clemens33/ae-rust/target/release/ae list --all --json
2026-08-24T14:27:06Z	child	rc=-1	/Users/ckriech/projects/clemens33/ae-rust/target/release/ae list	cwd=/Users/ckriech/projects/clemens33/ae-rust/docs/migration/evidence/phase4-run/scratch/0871/home
2026-08-24T14:27:06Z	child	rc=0	/Users/ckriech/projects/clemens33/ae-rust/target/release/ae list
2026-08-24T14:27:06Z	child	rc=-1	/Users/ckriech/projects/clemens33/ae-rust/target/release/ae list --json	cwd=/Users/ckriech/projects/clemens33/ae-rust/docs/migration/evidence/phase4-run/scratch/0872/home
2026-08-24T14:27:06Z	child	rc=0	/Users/ckriech/projects/clemens33/ae-rust/target/release/ae list --json
2026-08-24T14:27:06Z	child	rc=-1	/Users/ckriech/projects/clemens33/ae-rust/target/release/ae list --all	cwd=/Users/ckriech/projects/clemens33/ae-rust/docs/migration/evidence/phase4-run/scratch/0873/home
2026-08-24T14:27:06Z	child	rc=0	/Users/ckriech/projects/clemens33/ae-rust/target/release/ae list --all
2026-08-24T14:27:06Z	child	rc=-1	/Users/ckriech/projects/clemens33/ae-rust/target/release/ae list --all --json	cwd=/Users/ckriech/projects/clemens33/ae-rust/docs/migration/evidence/phase4-run/scratch/0874/home
2026-08-24T14:27:06Z	child	rc=0	/Users/ckriech/projects/clemens33/ae-rust/target/release/ae list --all --json
2026-08-24T14:27:06Z	child	rc=-1	/Users/ckriech/projects/clemens33/ae-rust/target/release/ae list	cwd=/Users/ckriech/projects/clemens33/ae-rust/docs/migration/evidence/phase4-run/scratch/0876/home
2026-08-24T14:27:06Z	child	rc=0	/Users/ckriech/projects/clemens33/ae-rust/target/release/ae list
2026-08-24T14:27:06Z	child	rc=-1	/Users/ckriech/projects/clemens33/ae-rust/target/release/ae list --json	cwd=/Users/ckriech/projects/clemens33/ae-rust/docs/migration/evidence/phase4-run/scratch/0877/home
2026-08-24T14:27:06Z	child	rc=0	/Users/ckriech/projects/clemens33/ae-rust/target/release/ae list --json
2026-08-24T14:27:06Z	child	rc=-1	/Users/ckriech/projects/clemens33/ae-rust/target/release/ae list --all	cwd=/Users/ckriech/projects/clemens33/ae-rust/docs/migration/evidence/phase4-run/scratch/0878/home
2026-08-24T14:27:06Z	child	rc=0	/Users/ckriech/projects/clemens33/ae-rust/target/release/ae list --all
2026-08-24T14:27:06Z	child	rc=-1	/Users/ckriech/projects/clemens33/ae-rust/target/release/ae list --all --json	cwd=/Users/ckriech/projects/clemens33/ae-rust/docs/migration/evidence/phase4-run/scratch/0879/home
2026-08-24T14:27:06Z	child	rc=0	/Users/ckriech/projects/clemens33/ae-rust/target/release/ae list --all --json
2026-08-24T14:27:06Z	child	rc=-1	/Users/ckriech/projects/clemens33/ae-rust/target/release/ae list	cwd=/Users/ckriech/projects/clemens33/ae-rust/docs/migration/evidence/phase4-run/scratch/0881/home
2026-08-24T14:27:06Z	child	rc=0	/Users/ckriech/projects/clemens33/ae-rust/target/release/ae list
2026-08-24T14:27:06Z	child	rc=-1	/Users/ckriech/projects/clemens33/ae-rust/target/release/ae list --json	cwd=/Users/ckriech/projects/clemens33/ae-rust/docs/migration/evidence/phase4-run/scratch/0882/home
2026-08-24T14:27:06Z	child	rc=0	/Users/ckriech/projects/clemens33/ae-rust/target/release/ae list --json
2026-08-24T14:27:06Z	child	rc=-1	/Users/ckriech/projects/clemens33/ae-rust/target/release/ae list --all	cwd=/Users/ckriech/projects/clemens33/ae-rust/docs/migration/evidence/phase4-run/scratch/0883/home
2026-08-24T14:27:06Z	child	rc=0	/Users/ckriech/projects/clemens33/ae-rust/target/release/ae list --all
2026-08-24T14:27:06Z	child	rc=-1	/Users/ckriech/projects/clemens33/ae-rust/target/release/ae list --all --json	cwd=/Users/ckriech/projects/clemens33/ae-rust/docs/migration/evidence/phase4-run/scratch/0884/home
2026-08-24T14:27:07Z	child	rc=0	/Users/ckriech/projects/clemens33/ae-rust/target/release/ae list --all --json
2026-08-24T14:27:07Z	child	rc=-1	/Users/ckriech/projects/clemens33/ae-rust/target/release/ae list	cwd=/Users/ckriech/projects/clemens33/ae-rust/docs/migration/evidence/phase4-run/scratch/0886/home
2026-08-24T14:27:07Z	child	rc=0	/Users/ckriech/projects/clemens33/ae-rust/target/release/ae list
2026-08-24T14:27:07Z	child	rc=-1	/Users/ckriech/projects/clemens33/ae-rust/target/release/ae list --json	cwd=/Users/ckriech/projects/clemens33/ae-rust/docs/migration/evidence/phase4-run/scratch/0887/home
2026-08-24T14:27:07Z	child	rc=0	/Users/ckriech/projects/clemens33/ae-rust/target/release/ae list --json
2026-08-24T14:27:07Z	child	rc=-1	/Users/ckriech/projects/clemens33/ae-rust/target/release/ae list --all	cwd=/Users/ckriech/projects/clemens33/ae-rust/docs/migration/evidence/phase4-run/scratch/0888/home
2026-08-24T14:27:07Z	child	rc=0	/Users/ckriech/projects/clemens33/ae-rust/target/release/ae list --all
2026-08-24T14:27:07Z	child	rc=-1	/Users/ckriech/projects/clemens33/ae-rust/target/release/ae list --all --json	cwd=/Users/ckriech/projects/clemens33/ae-rust/docs/migration/evidence/phase4-run/scratch/0889/home
2026-08-24T14:27:07Z	child	rc=0	/Users/ckriech/projects/clemens33/ae-rust/target/release/ae list --all --json
2026-08-24T14:27:07Z	child	rc=-1	/Users/ckriech/projects/clemens33/ae-rust/target/release/ae list	cwd=/Users/ckriech/projects/clemens33/ae-rust/docs/migration/evidence/phase4-run/scratch/0891/home
2026-08-24T14:27:07Z	child	rc=0	/Users/ckriech/projects/clemens33/ae-rust/target/release/ae list
2026-08-24T14:27:07Z	child	rc=-1	/Users/ckriech/projects/clemens33/ae-rust/target/release/ae list --json	cwd=/Users/ckriech/projects/clemens33/ae-rust/docs/migration/evidence/phase4-run/scratch/0892/home
2026-08-24T14:27:07Z	child	rc=0	/Users/ckriech/projects/clemens33/ae-rust/target/release/ae list --json
2026-08-24T14:27:07Z	child	rc=-1	/Users/ckriech/projects/clemens33/ae-rust/target/release/ae list --all	cwd=/Users/ckriech/projects/clemens33/ae-rust/docs/migration/evidence/phase4-run/scratch/0893/home
2026-08-24T14:27:07Z	child	rc=0	/Users/ckriech/projects/clemens33/ae-rust/target/release/ae list --all
2026-08-24T14:27:07Z	child	rc=-1	/Users/ckriech/projects/clemens33/ae-rust/target/release/ae list --all --json	cwd=/Users/ckriech/projects/clemens33/ae-rust/docs/migration/evidence/phase4-run/scratch/0894/home
2026-08-24T14:27:07Z	child	rc=0	/Users/ckriech/projects/clemens33/ae-rust/target/release/ae list --all --json
2026-08-24T14:27:07Z	child	rc=-1	/Users/ckriech/projects/clemens33/ae-rust/target/release/ae list	cwd=/Users/ckriech/projects/clemens33/ae-rust/docs/migration/evidence/phase4-run/scratch/0896/home
2026-08-24T14:27:07Z	child	rc=0	/Users/ckriech/projects/clemens33/ae-rust/target/release/ae list
2026-08-24T14:27:07Z	child	rc=-1	/Users/ckriech/projects/clemens33/ae-rust/target/release/ae list --json	cwd=/Users/ckriech/projects/clemens33/ae-rust/docs/migration/evidence/phase4-run/scratch/0897/home
2026-08-24T14:27:07Z	child	rc=0	/Users/ckriech/projects/clemens33/ae-rust/target/release/ae list --json
2026-08-24T14:27:07Z	child	rc=-1	/Users/ckriech/projects/clemens33/ae-rust/target/release/ae list --all	cwd=/Users/ckriech/projects/clemens33/ae-rust/docs/migration/evidence/phase4-run/scratch/0898/home
2026-08-24T14:27:07Z	child	rc=0	/Users/ckriech/projects/clemens33/ae-rust/target/release/ae list --all
2026-08-24T14:27:07Z	child	rc=-1	/Users/ckriech/projects/clemens33/ae-rust/target/release/ae list --all --json	cwd=/Users/ckriech/projects/clemens33/ae-rust/docs/migration/evidence/phase4-run/scratch/0899/home
2026-08-24T14:27:07Z	child	rc=0	/Users/ckriech/projects/clemens33/ae-rust/target/release/ae list --all --json
2026-08-24T14:27:07Z	child	rc=-1	/Users/ckriech/projects/clemens33/ae-rust/target/release/ae list	cwd=/Users/ckriech/projects/clemens33/ae-rust/docs/migration/evidence/phase4-run/scratch/0901/home
2026-08-24T14:27:07Z	child	rc=0	/Users/ckriech/projects/clemens33/ae-rust/target/release/ae list
2026-08-24T14:27:07Z	child	rc=-1	/Users/ckriech/projects/clemens33/ae-rust/target/release/ae list --json	cwd=/Users/ckriech/projects/clemens33/ae-rust/docs/migration/evidence/phase4-run/scratch/0902/home
2026-08-24T14:27:07Z	child	rc=0	/Users/ckriech/projects/clemens33/ae-rust/target/release/ae list --json
2026-08-24T14:27:07Z	child	rc=-1	/Users/ckriech/projects/clemens33/ae-rust/target/release/ae list --all	cwd=/Users/ckriech/projects/clemens33/ae-rust/docs/migration/evidence/phase4-run/scratch/0903/home
2026-08-24T14:27:07Z	child	rc=0	/Users/ckriech/projects/clemens33/ae-rust/target/release/ae list --all
2026-08-24T14:27:07Z	child	rc=-1	/Users/ckriech/projects/clemens33/ae-rust/target/release/ae list --all --json	cwd=/Users/ckriech/projects/clemens33/ae-rust/docs/migration/evidence/phase4-run/scratch/0904/home
2026-08-24T14:27:07Z	child	rc=0	/Users/ckriech/projects/clemens33/ae-rust/target/release/ae list --all --json
2026-08-24T14:27:07Z	child	rc=-1	/Users/ckriech/projects/clemens33/ae-rust/target/release/ae list	cwd=/Users/ckriech/projects/clemens33/ae-rust/docs/migration/evidence/phase4-run/scratch/0906/home
2026-08-24T14:27:07Z	child	rc=0	/Users/ckriech/projects/clemens33/ae-rust/target/release/ae list
2026-08-24T14:27:07Z	child	rc=-1	/Users/ckriech/projects/clemens33/ae-rust/target/release/ae list --json	cwd=/Users/ckriech/projects/clemens33/ae-rust/docs/migration/evidence/phase4-run/scratch/0907/home
2026-08-24T14:27:07Z	child	rc=0	/Users/ckriech/projects/clemens33/ae-rust/target/release/ae list --json
2026-08-24T14:27:07Z	child	rc=-1	/Users/ckriech/projects/clemens33/ae-rust/target/release/ae list --all	cwd=/Users/ckriech/projects/clemens33/ae-rust/docs/migration/evidence/phase4-run/scratch/0908/home
2026-08-24T14:27:07Z	child	rc=0	/Users/ckriech/projects/clemens33/ae-rust/target/release/ae list --all
2026-08-24T14:27:07Z	child	rc=-1	/Users/ckriech/projects/clemens33/ae-rust/target/release/ae list --all --json	cwd=/Users/ckriech/projects/clemens33/ae-rust/docs/migration/evidence/phase4-run/scratch/0909/home
2026-08-24T14:27:07Z	child	rc=0	/Users/ckriech/projects/clemens33/ae-rust/target/release/ae list --all --json
2026-08-24T14:27:07Z	child	rc=-1	/Users/ckriech/projects/clemens33/ae-rust/target/release/ae list	cwd=/Users/ckriech/projects/clemens33/ae-rust/docs/migration/evidence/phase4-run/scratch/0911/home
2026-08-24T14:27:07Z	child	rc=0	/Users/ckriech/projects/clemens33/ae-rust/target/release/ae list
2026-08-24T14:27:07Z	child	rc=-1	/Users/ckriech/projects/clemens33/ae-rust/target/release/ae list --json	cwd=/Users/ckriech/projects/clemens33/ae-rust/docs/migration/evidence/phase4-run/scratch/0912/home
2026-08-24T14:27:07Z	child	rc=0	/Users/ckriech/projects/clemens33/ae-rust/target/release/ae list --json
2026-08-24T14:27:07Z	child	rc=-1	/Users/ckriech/projects/clemens33/ae-rust/target/release/ae list --all	cwd=/Users/ckriech/projects/clemens33/ae-rust/docs/migration/evidence/phase4-run/scratch/0913/home
2026-08-24T14:27:07Z	child	rc=0	/Users/ckriech/projects/clemens33/ae-rust/target/release/ae list --all
2026-08-24T14:27:07Z	child	rc=-1	/Users/ckriech/projects/clemens33/ae-rust/target/release/ae list --all --json	cwd=/Users/ckriech/projects/clemens33/ae-rust/docs/migration/evidence/phase4-run/scratch/0914/home
2026-08-24T14:27:07Z	child	rc=0	/Users/ckriech/projects/clemens33/ae-rust/target/release/ae list --all --json
2026-08-24T14:27:07Z	child	rc=-1	/Users/ckriech/projects/clemens33/ae-rust/target/release/ae list	cwd=/Users/ckriech/projects/clemens33/ae-rust/docs/migration/evidence/phase4-run/scratch/0916/home
2026-08-24T14:27:07Z	child	rc=0	/Users/ckriech/projects/clemens33/ae-rust/target/release/ae list
2026-08-24T14:27:07Z	child	rc=-1	/Users/ckriech/projects/clemens33/ae-rust/target/release/ae list --json	cwd=/Users/ckriech/projects/clemens33/ae-rust/docs/migration/evidence/phase4-run/scratch/0917/home
2026-08-24T14:27:07Z	child	rc=0	/Users/ckriech/projects/clemens33/ae-rust/target/release/ae list --json
2026-08-24T14:27:07Z	child	rc=-1	/Users/ckriech/projects/clemens33/ae-rust/target/release/ae list --all	cwd=/Users/ckriech/projects/clemens33/ae-rust/docs/migration/evidence/phase4-run/scratch/0918/home
2026-08-24T14:27:07Z	child	rc=0	/Users/ckriech/projects/clemens33/ae-rust/target/release/ae list --all
2026-08-24T14:27:07Z	child	rc=-1	/Users/ckriech/projects/clemens33/ae-rust/target/release/ae list --all --json	cwd=/Users/ckriech/projects/clemens33/ae-rust/docs/migration/evidence/phase4-run/scratch/0919/home
2026-08-24T14:27:07Z	child	rc=0	/Users/ckriech/projects/clemens33/ae-rust/target/release/ae list --all --json
2026-08-24T14:27:07Z	child	rc=-1	/Users/ckriech/projects/clemens33/ae-rust/target/release/ae list	cwd=/Users/ckriech/projects/clemens33/ae-rust/docs/migration/evidence/phase4-run/scratch/0921/home
2026-08-24T14:27:07Z	child	rc=0	/Users/ckriech/projects/clemens33/ae-rust/target/release/ae list
2026-08-24T14:27:07Z	child	rc=-1	/Users/ckriech/projects/clemens33/ae-rust/target/release/ae list --json	cwd=/Users/ckriech/projects/clemens33/ae-rust/docs/migration/evidence/phase4-run/scratch/0922/home
2026-08-24T14:27:07Z	child	rc=0	/Users/ckriech/projects/clemens33/ae-rust/target/release/ae list --json
2026-08-24T14:27:07Z	child	rc=-1	/Users/ckriech/projects/clemens33/ae-rust/target/release/ae list --all	cwd=/Users/ckriech/projects/clemens33/ae-rust/docs/migration/evidence/phase4-run/scratch/0923/home
2026-08-24T14:27:07Z	child	rc=0	/Users/ckriech/projects/clemens33/ae-rust/target/release/ae list --all
2026-08-24T14:27:07Z	child	rc=-1	/Users/ckriech/projects/clemens33/ae-rust/target/release/ae list --all --json	cwd=/Users/ckriech/projects/clemens33/ae-rust/docs/migration/evidence/phase4-run/scratch/0924/home
2026-08-24T14:27:07Z	child	rc=0	/Users/ckriech/projects/clemens33/ae-rust/target/release/ae list --all --json
2026-08-24T14:27:07Z	child	rc=-1	/Users/ckriech/projects/clemens33/ae-rust/target/release/ae list	cwd=/Users/ckriech/projects/clemens33/ae-rust/docs/migration/evidence/phase4-run/scratch/0926/home
2026-08-24T14:27:07Z	child	rc=0	/Users/ckriech/projects/clemens33/ae-rust/target/release/ae list
2026-08-24T14:27:07Z	child	rc=-1	/Users/ckriech/projects/clemens33/ae-rust/target/release/ae list --json	cwd=/Users/ckriech/projects/clemens33/ae-rust/docs/migration/evidence/phase4-run/scratch/0927/home
2026-08-24T14:27:07Z	child	rc=0	/Users/ckriech/projects/clemens33/ae-rust/target/release/ae list --json
2026-08-24T14:27:07Z	child	rc=-1	/Users/ckriech/projects/clemens33/ae-rust/target/release/ae list --all	cwd=/Users/ckriech/projects/clemens33/ae-rust/docs/migration/evidence/phase4-run/scratch/0928/home
2026-08-24T14:27:07Z	child	rc=0	/Users/ckriech/projects/clemens33/ae-rust/target/release/ae list --all
2026-08-24T14:27:07Z	child	rc=-1	/Users/ckriech/projects/clemens33/ae-rust/target/release/ae list --all --json	cwd=/Users/ckriech/projects/clemens33/ae-rust/docs/migration/evidence/phase4-run/scratch/0929/home
2026-08-24T14:27:07Z	child	rc=0	/Users/ckriech/projects/clemens33/ae-rust/target/release/ae list --all --json
2026-08-24T14:27:07Z	child	rc=-1	/Users/ckriech/projects/clemens33/ae-rust/target/release/ae list	cwd=/Users/ckriech/projects/clemens33/ae-rust/docs/migration/evidence/phase4-run/scratch/0931/home
2026-08-24T14:27:07Z	child	rc=0	/Users/ckriech/projects/clemens33/ae-rust/target/release/ae list
2026-08-24T14:27:07Z	child	rc=-1	/Users/ckriech/projects/clemens33/ae-rust/target/release/ae list --json	cwd=/Users/ckriech/projects/clemens33/ae-rust/docs/migration/evidence/phase4-run/scratch/0932/home
2026-08-24T14:27:07Z	child	rc=0	/Users/ckriech/projects/clemens33/ae-rust/target/release/ae list --json
2026-08-24T14:27:07Z	child	rc=-1	/Users/ckriech/projects/clemens33/ae-rust/target/release/ae list --all	cwd=/Users/ckriech/projects/clemens33/ae-rust/docs/migration/evidence/phase4-run/scratch/0933/home
2026-08-24T14:27:07Z	child	rc=0	/Users/ckriech/projects/clemens33/ae-rust/target/release/ae list --all
2026-08-24T14:27:07Z	child	rc=-1	/Users/ckriech/projects/clemens33/ae-rust/target/release/ae list --all --json	cwd=/Users/ckriech/projects/clemens33/ae-rust/docs/migration/evidence/phase4-run/scratch/0934/home
2026-08-24T14:27:07Z	child	rc=0	/Users/ckriech/projects/clemens33/ae-rust/target/release/ae list --all --json
2026-08-24T14:27:07Z	child	rc=-1	/Users/ckriech/projects/clemens33/ae-rust/target/release/ae list	cwd=/Users/ckriech/projects/clemens33/ae-rust/docs/migration/evidence/phase4-run/scratch/0936/home
2026-08-24T14:27:07Z	child	rc=0	/Users/ckriech/projects/clemens33/ae-rust/target/release/ae list
2026-08-24T14:27:07Z	child	rc=-1	/Users/ckriech/projects/clemens33/ae-rust/target/release/ae list --json	cwd=/Users/ckriech/projects/clemens33/ae-rust/docs/migration/evidence/phase4-run/scratch/0937/home
2026-08-24T14:27:07Z	child	rc=0	/Users/ckriech/projects/clemens33/ae-rust/target/release/ae list --json
2026-08-24T14:27:07Z	child	rc=-1	/Users/ckriech/projects/clemens33/ae-rust/target/release/ae list --all	cwd=/Users/ckriech/projects/clemens33/ae-rust/docs/migration/evidence/phase4-run/scratch/0938/home
2026-08-24T14:27:07Z	child	rc=0	/Users/ckriech/projects/clemens33/ae-rust/target/release/ae list --all
2026-08-24T14:27:07Z	child	rc=-1	/Users/ckriech/projects/clemens33/ae-rust/target/release/ae list --all --json	cwd=/Users/ckriech/projects/clemens33/ae-rust/docs/migration/evidence/phase4-run/scratch/0939/home
2026-08-24T14:27:07Z	child	rc=0	/Users/ckriech/projects/clemens33/ae-rust/target/release/ae list --all --json
2026-08-24T14:27:07Z	child	rc=-1	/Users/ckriech/projects/clemens33/ae-rust/target/release/ae list	cwd=/Users/ckriech/projects/clemens33/ae-rust/docs/migration/evidence/phase4-run/scratch/0941/home
2026-08-24T14:27:07Z	child	rc=0	/Users/ckriech/projects/clemens33/ae-rust/target/release/ae list
2026-08-24T14:27:08Z	child	rc=-1	/Users/ckriech/projects/clemens33/ae-rust/target/release/ae list --json	cwd=/Users/ckriech/projects/clemens33/ae-rust/docs/migration/evidence/phase4-run/scratch/0942/home
2026-08-24T14:27:08Z	child	rc=0	/Users/ckriech/projects/clemens33/ae-rust/target/release/ae list --json
2026-08-24T14:27:08Z	child	rc=-1	/Users/ckriech/projects/clemens33/ae-rust/target/release/ae list --all	cwd=/Users/ckriech/projects/clemens33/ae-rust/docs/migration/evidence/phase4-run/scratch/0943/home
2026-08-24T14:27:08Z	child	rc=0	/Users/ckriech/projects/clemens33/ae-rust/target/release/ae list --all
2026-08-24T14:27:08Z	child	rc=-1	/Users/ckriech/projects/clemens33/ae-rust/target/release/ae list --all --json	cwd=/Users/ckriech/projects/clemens33/ae-rust/docs/migration/evidence/phase4-run/scratch/0944/home
2026-08-24T14:27:08Z	child	rc=0	/Users/ckriech/projects/clemens33/ae-rust/target/release/ae list --all --json
2026-08-24T14:27:08Z	child	rc=-1	/Users/ckriech/projects/clemens33/ae-rust/target/release/ae list	cwd=/Users/ckriech/projects/clemens33/ae-rust/docs/migration/evidence/phase4-run/scratch/0946/home
2026-08-24T14:27:08Z	child	rc=0	/Users/ckriech/projects/clemens33/ae-rust/target/release/ae list
2026-08-24T14:27:08Z	child	rc=-1	/Users/ckriech/projects/clemens33/ae-rust/target/release/ae list --json	cwd=/Users/ckriech/projects/clemens33/ae-rust/docs/migration/evidence/phase4-run/scratch/0947/home
2026-08-24T14:27:08Z	child	rc=0	/Users/ckriech/projects/clemens33/ae-rust/target/release/ae list --json
2026-08-24T14:27:08Z	child	rc=-1	/Users/ckriech/projects/clemens33/ae-rust/target/release/ae list --all	cwd=/Users/ckriech/projects/clemens33/ae-rust/docs/migration/evidence/phase4-run/scratch/0948/home
2026-08-24T14:27:08Z	child	rc=0	/Users/ckriech/projects/clemens33/ae-rust/target/release/ae list --all
2026-08-24T14:27:08Z	child	rc=-1	/Users/ckriech/projects/clemens33/ae-rust/target/release/ae list --all --json	cwd=/Users/ckriech/projects/clemens33/ae-rust/docs/migration/evidence/phase4-run/scratch/0949/home
2026-08-24T14:27:08Z	child	rc=0	/Users/ckriech/projects/clemens33/ae-rust/target/release/ae list --all --json
2026-08-24T14:27:08Z	child	rc=-1	/Users/ckriech/projects/clemens33/ae-rust/target/release/ae list	cwd=/Users/ckriech/projects/clemens33/ae-rust/docs/migration/evidence/phase4-run/scratch/0951/home
2026-08-24T14:27:08Z	child	rc=0	/Users/ckriech/projects/clemens33/ae-rust/target/release/ae list
2026-08-24T14:27:08Z	child	rc=-1	/Users/ckriech/projects/clemens33/ae-rust/target/release/ae list --json	cwd=/Users/ckriech/projects/clemens33/ae-rust/docs/migration/evidence/phase4-run/scratch/0952/home
2026-08-24T14:27:08Z	child	rc=0	/Users/ckriech/projects/clemens33/ae-rust/target/release/ae list --json
2026-08-24T14:27:08Z	child	rc=-1	/Users/ckriech/projects/clemens33/ae-rust/target/release/ae list --all	cwd=/Users/ckriech/projects/clemens33/ae-rust/docs/migration/evidence/phase4-run/scratch/0953/home
2026-08-24T14:27:08Z	child	rc=0	/Users/ckriech/projects/clemens33/ae-rust/target/release/ae list --all
2026-08-24T14:27:08Z	child	rc=-1	/Users/ckriech/projects/clemens33/ae-rust/target/release/ae list --all --json	cwd=/Users/ckriech/projects/clemens33/ae-rust/docs/migration/evidence/phase4-run/scratch/0954/home
2026-08-24T14:27:08Z	child	rc=0	/Users/ckriech/projects/clemens33/ae-rust/target/release/ae list --all --json
2026-08-24T14:27:08Z	child	rc=-1	/Users/ckriech/projects/clemens33/ae-rust/target/release/ae list	cwd=/Users/ckriech/projects/clemens33/ae-rust/docs/migration/evidence/phase4-run/scratch/0956/home
2026-08-24T14:27:08Z	child	rc=0	/Users/ckriech/projects/clemens33/ae-rust/target/release/ae list
2026-08-24T14:27:08Z	child	rc=-1	/Users/ckriech/projects/clemens33/ae-rust/target/release/ae list --json	cwd=/Users/ckriech/projects/clemens33/ae-rust/docs/migration/evidence/phase4-run/scratch/0957/home
2026-08-24T14:27:08Z	child	rc=0	/Users/ckriech/projects/clemens33/ae-rust/target/release/ae list --json
2026-08-24T14:27:08Z	child	rc=-1	/Users/ckriech/projects/clemens33/ae-rust/target/release/ae list --all	cwd=/Users/ckriech/projects/clemens33/ae-rust/docs/migration/evidence/phase4-run/scratch/0958/home
2026-08-24T14:27:08Z	child	rc=0	/Users/ckriech/projects/clemens33/ae-rust/target/release/ae list --all
2026-08-24T14:27:08Z	child	rc=-1	/Users/ckriech/projects/clemens33/ae-rust/target/release/ae list --all --json	cwd=/Users/ckriech/projects/clemens33/ae-rust/docs/migration/evidence/phase4-run/scratch/0959/home
2026-08-24T14:27:08Z	child	rc=0	/Users/ckriech/projects/clemens33/ae-rust/target/release/ae list --all --json
2026-08-24T14:27:08Z	child	rc=-1	/Users/ckriech/projects/clemens33/ae-rust/target/release/ae list	cwd=/Users/ckriech/projects/clemens33/ae-rust/docs/migration/evidence/phase4-run/scratch/0961/home
2026-08-24T14:27:08Z	child	rc=0	/Users/ckriech/projects/clemens33/ae-rust/target/release/ae list
2026-08-24T14:27:08Z	child	rc=-1	/Users/ckriech/projects/clemens33/ae-rust/target/release/ae list --json	cwd=/Users/ckriech/projects/clemens33/ae-rust/docs/migration/evidence/phase4-run/scratch/0962/home
2026-08-24T14:27:08Z	child	rc=0	/Users/ckriech/projects/clemens33/ae-rust/target/release/ae list --json
2026-08-24T14:27:08Z	child	rc=-1	/Users/ckriech/projects/clemens33/ae-rust/target/release/ae list --all	cwd=/Users/ckriech/projects/clemens33/ae-rust/docs/migration/evidence/phase4-run/scratch/0963/home
2026-08-24T14:27:08Z	child	rc=0	/Users/ckriech/projects/clemens33/ae-rust/target/release/ae list --all
2026-08-24T14:27:08Z	child	rc=-1	/Users/ckriech/projects/clemens33/ae-rust/target/release/ae list --all --json	cwd=/Users/ckriech/projects/clemens33/ae-rust/docs/migration/evidence/phase4-run/scratch/0964/home
2026-08-24T14:27:08Z	child	rc=0	/Users/ckriech/projects/clemens33/ae-rust/target/release/ae list --all --json
2026-08-24T14:27:08Z	child	rc=-1	/Users/ckriech/projects/clemens33/ae-rust/target/release/ae list	cwd=/Users/ckriech/projects/clemens33/ae-rust/docs/migration/evidence/phase4-run/scratch/0966/home
2026-08-24T14:27:08Z	child	rc=0	/Users/ckriech/projects/clemens33/ae-rust/target/release/ae list
2026-08-24T14:27:08Z	child	rc=-1	/Users/ckriech/projects/clemens33/ae-rust/target/release/ae list --json	cwd=/Users/ckriech/projects/clemens33/ae-rust/docs/migration/evidence/phase4-run/scratch/0967/home
2026-08-24T14:27:08Z	child	rc=0	/Users/ckriech/projects/clemens33/ae-rust/target/release/ae list --json
2026-08-24T14:27:08Z	child	rc=-1	/Users/ckriech/projects/clemens33/ae-rust/target/release/ae list --all	cwd=/Users/ckriech/projects/clemens33/ae-rust/docs/migration/evidence/phase4-run/scratch/0968/home
2026-08-24T14:27:08Z	child	rc=0	/Users/ckriech/projects/clemens33/ae-rust/target/release/ae list --all
2026-08-24T14:27:08Z	child	rc=-1	/Users/ckriech/projects/clemens33/ae-rust/target/release/ae list --all --json	cwd=/Users/ckriech/projects/clemens33/ae-rust/docs/migration/evidence/phase4-run/scratch/0969/home
2026-08-24T14:27:08Z	child	rc=0	/Users/ckriech/projects/clemens33/ae-rust/target/release/ae list --all --json
2026-08-24T14:27:08Z	child	rc=-1	/Users/ckriech/projects/clemens33/ae-rust/target/release/ae list	cwd=/Users/ckriech/projects/clemens33/ae-rust/docs/migration/evidence/phase4-run/scratch/0971/home
2026-08-24T14:27:08Z	child	rc=0	/Users/ckriech/projects/clemens33/ae-rust/target/release/ae list
2026-08-24T14:27:08Z	child	rc=-1	/Users/ckriech/projects/clemens33/ae-rust/target/release/ae list --json	cwd=/Users/ckriech/projects/clemens33/ae-rust/docs/migration/evidence/phase4-run/scratch/0972/home
2026-08-24T14:27:08Z	child	rc=0	/Users/ckriech/projects/clemens33/ae-rust/target/release/ae list --json
2026-08-24T14:27:08Z	child	rc=-1	/Users/ckriech/projects/clemens33/ae-rust/target/release/ae list --all	cwd=/Users/ckriech/projects/clemens33/ae-rust/docs/migration/evidence/phase4-run/scratch/0973/home
2026-08-24T14:27:08Z	child	rc=0	/Users/ckriech/projects/clemens33/ae-rust/target/release/ae list --all
2026-08-24T14:27:08Z	child	rc=-1	/Users/ckriech/projects/clemens33/ae-rust/target/release/ae list --all --json	cwd=/Users/ckriech/projects/clemens33/ae-rust/docs/migration/evidence/phase4-run/scratch/0974/home
2026-08-24T14:27:08Z	child	rc=0	/Users/ckriech/projects/clemens33/ae-rust/target/release/ae list --all --json
2026-08-24T14:27:08Z	child	rc=-1	/Users/ckriech/projects/clemens33/ae-rust/target/release/ae list	cwd=/Users/ckriech/projects/clemens33/ae-rust/docs/migration/evidence/phase4-run/scratch/0976/home
2026-08-24T14:27:08Z	child	rc=0	/Users/ckriech/projects/clemens33/ae-rust/target/release/ae list
2026-08-24T14:27:08Z	child	rc=-1	/Users/ckriech/projects/clemens33/ae-rust/target/release/ae list --json	cwd=/Users/ckriech/projects/clemens33/ae-rust/docs/migration/evidence/phase4-run/scratch/0977/home
2026-08-24T14:27:08Z	child	rc=0	/Users/ckriech/projects/clemens33/ae-rust/target/release/ae list --json
2026-08-24T14:27:08Z	child	rc=-1	/Users/ckriech/projects/clemens33/ae-rust/target/release/ae list --all	cwd=/Users/ckriech/projects/clemens33/ae-rust/docs/migration/evidence/phase4-run/scratch/0978/home
2026-08-24T14:27:08Z	child	rc=0	/Users/ckriech/projects/clemens33/ae-rust/target/release/ae list --all
2026-08-24T14:27:08Z	child	rc=-1	/Users/ckriech/projects/clemens33/ae-rust/target/release/ae list --all --json	cwd=/Users/ckriech/projects/clemens33/ae-rust/docs/migration/evidence/phase4-run/scratch/0979/home
2026-08-24T14:27:08Z	child	rc=0	/Users/ckriech/projects/clemens33/ae-rust/target/release/ae list --all --json
2026-08-24T14:27:08Z	child	rc=-1	/Users/ckriech/projects/clemens33/ae-rust/target/release/ae list	cwd=/Users/ckriech/projects/clemens33/ae-rust/docs/migration/evidence/phase4-run/scratch/0981/home
2026-08-24T14:27:08Z	child	rc=0	/Users/ckriech/projects/clemens33/ae-rust/target/release/ae list
2026-08-24T14:27:08Z	child	rc=-1	/Users/ckriech/projects/clemens33/ae-rust/target/release/ae list --json	cwd=/Users/ckriech/projects/clemens33/ae-rust/docs/migration/evidence/phase4-run/scratch/0982/home
2026-08-24T14:27:08Z	child	rc=0	/Users/ckriech/projects/clemens33/ae-rust/target/release/ae list --json
2026-08-24T14:27:08Z	child	rc=-1	/Users/ckriech/projects/clemens33/ae-rust/target/release/ae list --all	cwd=/Users/ckriech/projects/clemens33/ae-rust/docs/migration/evidence/phase4-run/scratch/0983/home
2026-08-24T14:27:08Z	child	rc=0	/Users/ckriech/projects/clemens33/ae-rust/target/release/ae list --all
2026-08-24T14:27:08Z	child	rc=-1	/Users/ckriech/projects/clemens33/ae-rust/target/release/ae list --all --json	cwd=/Users/ckriech/projects/clemens33/ae-rust/docs/migration/evidence/phase4-run/scratch/0984/home
2026-08-24T14:27:08Z	child	rc=0	/Users/ckriech/projects/clemens33/ae-rust/target/release/ae list --all --json
2026-08-24T14:27:08Z	child	rc=-1	/Users/ckriech/projects/clemens33/ae-rust/target/release/ae list	cwd=/Users/ckriech/projects/clemens33/ae-rust/docs/migration/evidence/phase4-run/scratch/0986/home
2026-08-24T14:27:08Z	child	rc=0	/Users/ckriech/projects/clemens33/ae-rust/target/release/ae list
2026-08-24T14:27:08Z	child	rc=-1	/Users/ckriech/projects/clemens33/ae-rust/target/release/ae list --json	cwd=/Users/ckriech/projects/clemens33/ae-rust/docs/migration/evidence/phase4-run/scratch/0987/home
2026-08-24T14:27:08Z	child	rc=0	/Users/ckriech/projects/clemens33/ae-rust/target/release/ae list --json
2026-08-24T14:27:08Z	child	rc=-1	/Users/ckriech/projects/clemens33/ae-rust/target/release/ae list --all	cwd=/Users/ckriech/projects/clemens33/ae-rust/docs/migration/evidence/phase4-run/scratch/0988/home
2026-08-24T14:27:08Z	child	rc=0	/Users/ckriech/projects/clemens33/ae-rust/target/release/ae list --all
2026-08-24T14:27:08Z	child	rc=-1	/Users/ckriech/projects/clemens33/ae-rust/target/release/ae list --all --json	cwd=/Users/ckriech/projects/clemens33/ae-rust/docs/migration/evidence/phase4-run/scratch/0989/home
2026-08-24T14:27:08Z	child	rc=0	/Users/ckriech/projects/clemens33/ae-rust/target/release/ae list --all --json
2026-08-24T14:27:08Z	child	rc=-1	/Users/ckriech/projects/clemens33/ae-rust/target/release/ae list	cwd=/Users/ckriech/projects/clemens33/ae-rust/docs/migration/evidence/phase4-run/scratch/0991/home
2026-08-24T14:27:08Z	child	rc=0	/Users/ckriech/projects/clemens33/ae-rust/target/release/ae list
2026-08-24T14:27:08Z	child	rc=-1	/Users/ckriech/projects/clemens33/ae-rust/target/release/ae list --json	cwd=/Users/ckriech/projects/clemens33/ae-rust/docs/migration/evidence/phase4-run/scratch/0992/home
2026-08-24T14:27:08Z	child	rc=0	/Users/ckriech/projects/clemens33/ae-rust/target/release/ae list --json
2026-08-24T14:27:08Z	child	rc=-1	/Users/ckriech/projects/clemens33/ae-rust/target/release/ae list --all	cwd=/Users/ckriech/projects/clemens33/ae-rust/docs/migration/evidence/phase4-run/scratch/0993/home
2026-08-24T14:27:08Z	child	rc=0	/Users/ckriech/projects/clemens33/ae-rust/target/release/ae list --all
2026-08-24T14:27:08Z	child	rc=-1	/Users/ckriech/projects/clemens33/ae-rust/target/release/ae list --all --json	cwd=/Users/ckriech/projects/clemens33/ae-rust/docs/migration/evidence/phase4-run/scratch/0994/home
2026-08-24T14:27:08Z	child	rc=0	/Users/ckriech/projects/clemens33/ae-rust/target/release/ae list --all --json
2026-08-24T14:27:08Z	child	rc=-1	/Users/ckriech/projects/clemens33/ae-rust/target/release/ae list	cwd=/Users/ckriech/projects/clemens33/ae-rust/docs/migration/evidence/phase4-run/scratch/0996/home
2026-08-24T14:27:08Z	child	rc=0	/Users/ckriech/projects/clemens33/ae-rust/target/release/ae list
2026-08-24T14:27:08Z	child	rc=-1	/Users/ckriech/projects/clemens33/ae-rust/target/release/ae list --json	cwd=/Users/ckriech/projects/clemens33/ae-rust/docs/migration/evidence/phase4-run/scratch/0997/home
2026-08-24T14:27:08Z	child	rc=0	/Users/ckriech/projects/clemens33/ae-rust/target/release/ae list --json
2026-08-24T14:27:08Z	child	rc=-1	/Users/ckriech/projects/clemens33/ae-rust/target/release/ae list --all	cwd=/Users/ckriech/projects/clemens33/ae-rust/docs/migration/evidence/phase4-run/scratch/0998/home
2026-08-24T14:27:08Z	child	rc=0	/Users/ckriech/projects/clemens33/ae-rust/target/release/ae list --all
2026-08-24T14:27:08Z	child	rc=-1	/Users/ckriech/projects/clemens33/ae-rust/target/release/ae list --all --json	cwd=/Users/ckriech/projects/clemens33/ae-rust/docs/migration/evidence/phase4-run/scratch/0999/home
2026-08-24T14:27:08Z	child	rc=0	/Users/ckriech/projects/clemens33/ae-rust/target/release/ae list --all --json
2026-08-24T14:27:08Z	child	rc=-1	/Users/ckriech/projects/clemens33/ae-rust/target/release/ae list	cwd=/Users/ckriech/projects/clemens33/ae-rust/docs/migration/evidence/phase4-run/scratch/1001/home
2026-08-24T14:27:08Z	child	rc=0	/Users/ckriech/projects/clemens33/ae-rust/target/release/ae list
2026-08-24T14:27:08Z	child	rc=-1	/Users/ckriech/projects/clemens33/ae-rust/target/release/ae list --json	cwd=/Users/ckriech/projects/clemens33/ae-rust/docs/migration/evidence/phase4-run/scratch/1002/home
2026-08-24T14:27:09Z	child	rc=0	/Users/ckriech/projects/clemens33/ae-rust/target/release/ae list --json
2026-08-24T14:27:09Z	child	rc=-1	/Users/ckriech/projects/clemens33/ae-rust/target/release/ae list --all	cwd=/Users/ckriech/projects/clemens33/ae-rust/docs/migration/evidence/phase4-run/scratch/1003/home
2026-08-24T14:27:09Z	child	rc=0	/Users/ckriech/projects/clemens33/ae-rust/target/release/ae list --all
2026-08-24T14:27:09Z	child	rc=-1	/Users/ckriech/projects/clemens33/ae-rust/target/release/ae list --all --json	cwd=/Users/ckriech/projects/clemens33/ae-rust/docs/migration/evidence/phase4-run/scratch/1004/home
2026-08-24T14:27:09Z	child	rc=0	/Users/ckriech/projects/clemens33/ae-rust/target/release/ae list --all --json
2026-08-24T14:27:09Z	child	rc=-1	/Users/ckriech/projects/clemens33/ae-rust/target/release/ae list	cwd=/Users/ckriech/projects/clemens33/ae-rust/docs/migration/evidence/phase4-run/scratch/1006/home
2026-08-24T14:27:09Z	child	rc=0	/Users/ckriech/projects/clemens33/ae-rust/target/release/ae list
2026-08-24T14:27:09Z	child	rc=-1	/Users/ckriech/projects/clemens33/ae-rust/target/release/ae list --json	cwd=/Users/ckriech/projects/clemens33/ae-rust/docs/migration/evidence/phase4-run/scratch/1007/home
2026-08-24T14:27:09Z	child	rc=0	/Users/ckriech/projects/clemens33/ae-rust/target/release/ae list --json
2026-08-24T14:27:09Z	child	rc=-1	/Users/ckriech/projects/clemens33/ae-rust/target/release/ae list --all	cwd=/Users/ckriech/projects/clemens33/ae-rust/docs/migration/evidence/phase4-run/scratch/1008/home
2026-08-24T14:27:09Z	child	rc=0	/Users/ckriech/projects/clemens33/ae-rust/target/release/ae list --all
2026-08-24T14:27:09Z	child	rc=-1	/Users/ckriech/projects/clemens33/ae-rust/target/release/ae list --all --json	cwd=/Users/ckriech/projects/clemens33/ae-rust/docs/migration/evidence/phase4-run/scratch/1009/home
2026-08-24T14:27:09Z	child	rc=0	/Users/ckriech/projects/clemens33/ae-rust/target/release/ae list --all --json
2026-08-24T14:27:09Z	child	rc=-1	/Users/ckriech/projects/clemens33/ae-rust/target/release/ae list	cwd=/Users/ckriech/projects/clemens33/ae-rust/docs/migration/evidence/phase4-run/scratch/1011/home
2026-08-24T14:27:09Z	child	rc=0	/Users/ckriech/projects/clemens33/ae-rust/target/release/ae list
2026-08-24T14:27:09Z	child	rc=-1	/Users/ckriech/projects/clemens33/ae-rust/target/release/ae list --json	cwd=/Users/ckriech/projects/clemens33/ae-rust/docs/migration/evidence/phase4-run/scratch/1012/home
2026-08-24T14:27:09Z	child	rc=0	/Users/ckriech/projects/clemens33/ae-rust/target/release/ae list --json
2026-08-24T14:27:09Z	child	rc=-1	/Users/ckriech/projects/clemens33/ae-rust/target/release/ae list --all	cwd=/Users/ckriech/projects/clemens33/ae-rust/docs/migration/evidence/phase4-run/scratch/1013/home
2026-08-24T14:27:09Z	child	rc=0	/Users/ckriech/projects/clemens33/ae-rust/target/release/ae list --all
2026-08-24T14:27:09Z	child	rc=-1	/Users/ckriech/projects/clemens33/ae-rust/target/release/ae list --all --json	cwd=/Users/ckriech/projects/clemens33/ae-rust/docs/migration/evidence/phase4-run/scratch/1014/home
2026-08-24T14:27:09Z	child	rc=0	/Users/ckriech/projects/clemens33/ae-rust/target/release/ae list --all --json
2026-08-24T14:27:09Z	child	rc=-1	/Users/ckriech/projects/clemens33/ae-rust/target/release/ae list	cwd=/Users/ckriech/projects/clemens33/ae-rust/docs/migration/evidence/phase4-run/scratch/1016/home
2026-08-24T14:27:09Z	child	rc=0	/Users/ckriech/projects/clemens33/ae-rust/target/release/ae list
2026-08-24T14:27:09Z	child	rc=-1	/Users/ckriech/projects/clemens33/ae-rust/target/release/ae list --json	cwd=/Users/ckriech/projects/clemens33/ae-rust/docs/migration/evidence/phase4-run/scratch/1017/home
2026-08-24T14:27:09Z	child	rc=0	/Users/ckriech/projects/clemens33/ae-rust/target/release/ae list --json
2026-08-24T14:27:09Z	child	rc=-1	/Users/ckriech/projects/clemens33/ae-rust/target/release/ae list --all	cwd=/Users/ckriech/projects/clemens33/ae-rust/docs/migration/evidence/phase4-run/scratch/1018/home
2026-08-24T14:27:09Z	child	rc=0	/Users/ckriech/projects/clemens33/ae-rust/target/release/ae list --all
2026-08-24T14:27:09Z	child	rc=-1	/Users/ckriech/projects/clemens33/ae-rust/target/release/ae list --all --json	cwd=/Users/ckriech/projects/clemens33/ae-rust/docs/migration/evidence/phase4-run/scratch/1019/home
2026-08-24T14:27:09Z	child	rc=0	/Users/ckriech/projects/clemens33/ae-rust/target/release/ae list --all --json
2026-08-24T14:27:09Z	child	rc=-1	/Users/ckriech/projects/clemens33/ae-rust/target/release/ae list	cwd=/Users/ckriech/projects/clemens33/ae-rust/docs/migration/evidence/phase4-run/scratch/1021/home
2026-08-24T14:27:09Z	child	rc=0	/Users/ckriech/projects/clemens33/ae-rust/target/release/ae list
2026-08-24T14:27:09Z	child	rc=-1	/Users/ckriech/projects/clemens33/ae-rust/target/release/ae list --json	cwd=/Users/ckriech/projects/clemens33/ae-rust/docs/migration/evidence/phase4-run/scratch/1022/home
2026-08-24T14:27:09Z	child	rc=0	/Users/ckriech/projects/clemens33/ae-rust/target/release/ae list --json
2026-08-24T14:27:09Z	child	rc=-1	/Users/ckriech/projects/clemens33/ae-rust/target/release/ae list --all	cwd=/Users/ckriech/projects/clemens33/ae-rust/docs/migration/evidence/phase4-run/scratch/1023/home
2026-08-24T14:27:09Z	child	rc=0	/Users/ckriech/projects/clemens33/ae-rust/target/release/ae list --all
2026-08-24T14:27:09Z	child	rc=-1	/Users/ckriech/projects/clemens33/ae-rust/target/release/ae list --all --json	cwd=/Users/ckriech/projects/clemens33/ae-rust/docs/migration/evidence/phase4-run/scratch/1024/home
2026-08-24T14:27:09Z	child	rc=0	/Users/ckriech/projects/clemens33/ae-rust/target/release/ae list --all --json
2026-08-24T14:27:09Z	child	rc=-1	/Users/ckriech/projects/clemens33/ae-rust/target/release/ae list	cwd=/Users/ckriech/projects/clemens33/ae-rust/docs/migration/evidence/phase4-run/scratch/1026/home
2026-08-24T14:27:09Z	child	rc=0	/Users/ckriech/projects/clemens33/ae-rust/target/release/ae list
2026-08-24T14:27:09Z	child	rc=-1	/Users/ckriech/projects/clemens33/ae-rust/target/release/ae list --json	cwd=/Users/ckriech/projects/clemens33/ae-rust/docs/migration/evidence/phase4-run/scratch/1027/home
2026-08-24T14:27:09Z	child	rc=0	/Users/ckriech/projects/clemens33/ae-rust/target/release/ae list --json
2026-08-24T14:27:09Z	child	rc=-1	/Users/ckriech/projects/clemens33/ae-rust/target/release/ae list --all	cwd=/Users/ckriech/projects/clemens33/ae-rust/docs/migration/evidence/phase4-run/scratch/1028/home
2026-08-24T14:27:09Z	child	rc=0	/Users/ckriech/projects/clemens33/ae-rust/target/release/ae list --all
2026-08-24T14:27:09Z	child	rc=-1	/Users/ckriech/projects/clemens33/ae-rust/target/release/ae list --all --json	cwd=/Users/ckriech/projects/clemens33/ae-rust/docs/migration/evidence/phase4-run/scratch/1029/home
2026-08-24T14:27:09Z	child	rc=0	/Users/ckriech/projects/clemens33/ae-rust/target/release/ae list --all --json
2026-08-24T14:27:09Z	child	rc=-1	/Users/ckriech/projects/clemens33/ae-rust/target/release/ae list	cwd=/Users/ckriech/projects/clemens33/ae-rust/docs/migration/evidence/phase4-run/scratch/1031/home
2026-08-24T14:27:09Z	child	rc=0	/Users/ckriech/projects/clemens33/ae-rust/target/release/ae list
2026-08-24T14:27:09Z	child	rc=-1	/Users/ckriech/projects/clemens33/ae-rust/target/release/ae list --json	cwd=/Users/ckriech/projects/clemens33/ae-rust/docs/migration/evidence/phase4-run/scratch/1032/home
2026-08-24T14:27:09Z	child	rc=0	/Users/ckriech/projects/clemens33/ae-rust/target/release/ae list --json
2026-08-24T14:27:09Z	child	rc=-1	/Users/ckriech/projects/clemens33/ae-rust/target/release/ae list --all	cwd=/Users/ckriech/projects/clemens33/ae-rust/docs/migration/evidence/phase4-run/scratch/1033/home
2026-08-24T14:27:09Z	child	rc=0	/Users/ckriech/projects/clemens33/ae-rust/target/release/ae list --all
2026-08-24T14:27:09Z	child	rc=-1	/Users/ckriech/projects/clemens33/ae-rust/target/release/ae list --all --json	cwd=/Users/ckriech/projects/clemens33/ae-rust/docs/migration/evidence/phase4-run/scratch/1034/home
2026-08-24T14:27:09Z	child	rc=0	/Users/ckriech/projects/clemens33/ae-rust/target/release/ae list --all --json
2026-08-24T14:27:09Z	child	rc=-1	/Users/ckriech/projects/clemens33/ae-rust/target/release/ae list	cwd=/Users/ckriech/projects/clemens33/ae-rust/docs/migration/evidence/phase4-run/scratch/1036/home
2026-08-24T14:27:09Z	child	rc=0	/Users/ckriech/projects/clemens33/ae-rust/target/release/ae list
2026-08-24T14:27:09Z	child	rc=-1	/Users/ckriech/projects/clemens33/ae-rust/target/release/ae list --json	cwd=/Users/ckriech/projects/clemens33/ae-rust/docs/migration/evidence/phase4-run/scratch/1037/home
2026-08-24T14:27:09Z	child	rc=0	/Users/ckriech/projects/clemens33/ae-rust/target/release/ae list --json
2026-08-24T14:27:09Z	child	rc=-1	/Users/ckriech/projects/clemens33/ae-rust/target/release/ae list --all	cwd=/Users/ckriech/projects/clemens33/ae-rust/docs/migration/evidence/phase4-run/scratch/1038/home
2026-08-24T14:27:09Z	child	rc=0	/Users/ckriech/projects/clemens33/ae-rust/target/release/ae list --all
2026-08-24T14:27:09Z	child	rc=-1	/Users/ckriech/projects/clemens33/ae-rust/target/release/ae list --all --json	cwd=/Users/ckriech/projects/clemens33/ae-rust/docs/migration/evidence/phase4-run/scratch/1039/home
2026-08-24T14:27:09Z	child	rc=0	/Users/ckriech/projects/clemens33/ae-rust/target/release/ae list --all --json
2026-08-24T14:27:09Z	child	rc=-1	/Users/ckriech/projects/clemens33/ae-rust/target/release/ae list	cwd=/Users/ckriech/projects/clemens33/ae-rust/docs/migration/evidence/phase4-run/scratch/1041/home
2026-08-24T14:27:09Z	child	rc=0	/Users/ckriech/projects/clemens33/ae-rust/target/release/ae list
2026-08-24T14:27:09Z	child	rc=-1	/Users/ckriech/projects/clemens33/ae-rust/target/release/ae list --json	cwd=/Users/ckriech/projects/clemens33/ae-rust/docs/migration/evidence/phase4-run/scratch/1042/home
2026-08-24T14:27:09Z	child	rc=0	/Users/ckriech/projects/clemens33/ae-rust/target/release/ae list --json
2026-08-24T14:27:09Z	child	rc=-1	/Users/ckriech/projects/clemens33/ae-rust/target/release/ae list --all	cwd=/Users/ckriech/projects/clemens33/ae-rust/docs/migration/evidence/phase4-run/scratch/1043/home
2026-08-24T14:27:09Z	child	rc=0	/Users/ckriech/projects/clemens33/ae-rust/target/release/ae list --all
2026-08-24T14:27:09Z	child	rc=-1	/Users/ckriech/projects/clemens33/ae-rust/target/release/ae list --all --json	cwd=/Users/ckriech/projects/clemens33/ae-rust/docs/migration/evidence/phase4-run/scratch/1044/home
2026-08-24T14:27:09Z	child	rc=0	/Users/ckriech/projects/clemens33/ae-rust/target/release/ae list --all --json
2026-08-24T14:27:09Z	child	rc=-1	/Users/ckriech/projects/clemens33/ae-rust/target/release/ae list	cwd=/Users/ckriech/projects/clemens33/ae-rust/docs/migration/evidence/phase4-run/scratch/1046/home
2026-08-24T14:27:09Z	child	rc=0	/Users/ckriech/projects/clemens33/ae-rust/target/release/ae list
2026-08-24T14:27:09Z	child	rc=-1	/Users/ckriech/projects/clemens33/ae-rust/target/release/ae list --json	cwd=/Users/ckriech/projects/clemens33/ae-rust/docs/migration/evidence/phase4-run/scratch/1047/home
2026-08-24T14:27:09Z	child	rc=0	/Users/ckriech/projects/clemens33/ae-rust/target/release/ae list --json
2026-08-24T14:27:09Z	child	rc=-1	/Users/ckriech/projects/clemens33/ae-rust/target/release/ae list --all	cwd=/Users/ckriech/projects/clemens33/ae-rust/docs/migration/evidence/phase4-run/scratch/1048/home
2026-08-24T14:27:09Z	child	rc=0	/Users/ckriech/projects/clemens33/ae-rust/target/release/ae list --all
2026-08-24T14:27:09Z	child	rc=-1	/Users/ckriech/projects/clemens33/ae-rust/target/release/ae list --all --json	cwd=/Users/ckriech/projects/clemens33/ae-rust/docs/migration/evidence/phase4-run/scratch/1049/home
2026-08-24T14:27:09Z	child	rc=0	/Users/ckriech/projects/clemens33/ae-rust/target/release/ae list --all --json
2026-08-24T14:27:09Z	child	rc=-1	/Users/ckriech/projects/clemens33/ae-rust/target/release/ae list	cwd=/Users/ckriech/projects/clemens33/ae-rust/docs/migration/evidence/phase4-run/scratch/1051/home
2026-08-24T14:27:09Z	child	rc=0	/Users/ckriech/projects/clemens33/ae-rust/target/release/ae list
2026-08-24T14:27:09Z	child	rc=-1	/Users/ckriech/projects/clemens33/ae-rust/target/release/ae list --json	cwd=/Users/ckriech/projects/clemens33/ae-rust/docs/migration/evidence/phase4-run/scratch/1052/home
2026-08-24T14:27:09Z	child	rc=0	/Users/ckriech/projects/clemens33/ae-rust/target/release/ae list --json
2026-08-24T14:27:09Z	child	rc=-1	/Users/ckriech/projects/clemens33/ae-rust/target/release/ae list --all	cwd=/Users/ckriech/projects/clemens33/ae-rust/docs/migration/evidence/phase4-run/scratch/1053/home
2026-08-24T14:27:09Z	child	rc=0	/Users/ckriech/projects/clemens33/ae-rust/target/release/ae list --all
2026-08-24T14:27:09Z	child	rc=-1	/Users/ckriech/projects/clemens33/ae-rust/target/release/ae list --all --json	cwd=/Users/ckriech/projects/clemens33/ae-rust/docs/migration/evidence/phase4-run/scratch/1054/home
2026-08-24T14:27:09Z	child	rc=0	/Users/ckriech/projects/clemens33/ae-rust/target/release/ae list --all --json
2026-08-24T14:27:09Z	child	rc=-1	/Users/ckriech/projects/clemens33/ae-rust/target/release/ae list --json	cwd=/Users/ckriech/projects/clemens33/ae-rust/docs/migration/evidence/phase4-run/scratch/1056/home
2026-08-24T14:27:09Z	child	rc=0	/Users/ckriech/projects/clemens33/ae-rust/target/release/ae list --json
2026-08-24T14:27:09Z	child	rc=-1	/Users/ckriech/projects/clemens33/ae-rust/target/release/ae list --json	cwd=/Users/ckriech/projects/clemens33/ae-rust/docs/migration/evidence/phase4-run/scratch/1057/home
2026-08-24T14:27:09Z	child	rc=0	/Users/ckriech/projects/clemens33/ae-rust/target/release/ae list --json
2026-08-24T14:27:09Z	child	rc=-1	/Users/ckriech/projects/clemens33/ae-rust/target/release/ae list --json	cwd=/Users/ckriech/projects/clemens33/ae-rust/docs/migration/evidence/phase4-run/scratch/1058/home
2026-08-24T14:27:09Z	child	rc=0	/Users/ckriech/projects/clemens33/ae-rust/target/release/ae list --json
2026-08-24T14:27:09Z	child	rc=-1	/Users/ckriech/projects/clemens33/ae-rust/target/release/ae list --json	cwd=/Users/ckriech/projects/clemens33/ae-rust/docs/migration/evidence/phase4-run/scratch/1059/home
2026-08-24T14:27:09Z	child	rc=0	/Users/ckriech/projects/clemens33/ae-rust/target/release/ae list --json
2026-08-24T14:27:09Z	child	rc=-1	/Users/ckriech/projects/clemens33/ae-rust/target/release/ae list --json	cwd=/Users/ckriech/projects/clemens33/ae-rust/docs/migration/evidence/phase4-run/scratch/1060/home
2026-08-24T14:27:09Z	child	rc=0	/Users/ckriech/projects/clemens33/ae-rust/target/release/ae list --json
2026-08-24T14:28:08Z	child	rc=0	python3 docs/migration/evidence/corpus/verify-corpus.py
2026-08-24T14:28:08Z	child	rc=0	python3 docs/migration/evidence/corpus/verify-invocations.py
2026-08-24T14:28:08Z	child	rc=0	python3 docs/migration/evidence/corpus/verify-obligations.py
2026-08-24T14:28:09Z	child	rc=0	python3 docs/migration/evidence/verify-contract-obligation-reconciliation.py
2026-08-24T14:28:09Z	child	rc=0	python3 docs/migration/evidence/verify-open-choice-reconciliation.py
