# generated_tuple	contract_blob=2c832b31a890d4e08a45ed6dcb98a0562d023e5b obligations_sha256=d67f2a9819df24a21255c2dca92b349e98a78274630cb5b0488342f8fda12dd4 added_roster_gap_sha256=bc16e65516ab61aba5bc28a5f49310a778d87e63100e8e53530947fb5c169341 sc509c_unproved_sha256=e6cef753e9dc88dbb46cc5b6d1468d007f7c986953576a63d23140f98767d489
idx	case	consumer	verdict	detail	b_sessions	s_sessions	b_cover	s_cover
1	arms/A1/c01-healthy-ro/consumers.tsv	list	fixture-abort	HUMAN-CLOCK-BRACKET-MISSING /Users/ckriech/projects/clemens33/ae-rust/docs/migration/evidence/phase4-run/captures/0001-list/human-clock-bracket.tsv: [Errno 2] No such file or directory: '/Users/ckriech/projects/clemens33/ae-rust/docs/migration/evidence/phase4-run/captures/0001-list/human-clock-bracket.tsv'				
3	arms/A1/c01-healthy-ro/consumers.tsv	list-all	fixture-abort	HUMAN-CLOCK-BRACKET-MISSING /Users/ckriech/projects/clemens33/ae-rust/docs/migration/evidence/phase4-run/captures/0003-list-all/human-clock-bracket.tsv: [Errno 2] No such file or directory: '/Users/ckriech/projects/clemens33/ae-rust/docs/migration/evidence/phase4-run/captures/0003-list-all/human-clock-bracket.tsv'				
5	arms/A1/c01-healthy-ro/consumers.tsv	ls-alias	fixture-abort	HUMAN-CLOCK-BRACKET-MISSING /Users/ckriech/projects/clemens33/ae-rust/docs/migration/evidence/phase4-run/captures/0005-ls-alias/human-clock-bracket.tsv: [Errno 2] No such file or directory: '/Users/ckriech/projects/clemens33/ae-rust/docs/migration/evidence/phase4-run/captures/0005-ls-alias/human-clock-bracket.tsv'				
6	arms/A1/c01-healthy-ro/consumers.tsv	ls-alias-all	fixture-abort	HUMAN-CLOCK-BRACKET-MISSING /Users/ckriech/projects/clemens33/ae-rust/docs/migration/evidence/phase4-run/captures/0006-ls-alias-all/human-clock-bracket.tsv: [Errno 2] No such file or directory: '/Users/ckriech/projects/clemens33/ae-rust/docs/migration/evidence/phase4-run/captures/0006-ls-alias-all/human-clock-bracket.tsv'				
9	arms/A1/c01-healthy-rw/consumers.tsv	list	fixture-abort	HUMAN-CLOCK-BRACKET-MISSING /Users/ckriech/projects/clemens33/ae-rust/docs/migration/evidence/phase4-run/captures/0009-list/human-clock-bracket.tsv: [Errno 2] No such file or directory: '/Users/ckriech/projects/clemens33/ae-rust/docs/migration/evidence/phase4-run/captures/0009-list/human-clock-bracket.tsv'				
11	arms/A1/c01-healthy-rw/consumers.tsv	list-all	fixture-abort	HUMAN-CLOCK-BRACKET-MISSING /Users/ckriech/projects/clemens33/ae-rust/docs/migration/evidence/phase4-run/captures/0011-list-all/human-clock-bracket.tsv: [Errno 2] No such file or directory: '/Users/ckriech/projects/clemens33/ae-rust/docs/migration/evidence/phase4-run/captures/0011-list-all/human-clock-bracket.tsv'				
13	arms/A1/c01-healthy-rw/consumers.tsv	ls-alias	fixture-abort	HUMAN-CLOCK-BRACKET-MISSING /Users/ckriech/projects/clemens33/ae-rust/docs/migration/evidence/phase4-run/captures/0013-ls-alias/human-clock-bracket.tsv: [Errno 2] No such file or directory: '/Users/ckriech/projects/clemens33/ae-rust/docs/migration/evidence/phase4-run/captures/0013-ls-alias/human-clock-bracket.tsv'				
14	arms/A1/c01-healthy-rw/consumers.tsv	ls-alias-all	fixture-abort	HUMAN-CLOCK-BRACKET-MISSING /Users/ckriech/projects/clemens33/ae-rust/docs/migration/evidence/phase4-run/captures/0014-ls-alias-all/human-clock-bracket.tsv: [Errno 2] No such file or directory: '/Users/ckriech/projects/clemens33/ae-rust/docs/migration/evidence/phase4-run/captures/0014-ls-alias-all/human-clock-bracket.tsv'				
17	arms/A1/c02-meta-mode-000-ro/consumers.tsv	list	fixture-abort	HUMAN-CLOCK-BRACKET-MISSING /Users/ckriech/projects/clemens33/ae-rust/docs/migration/evidence/phase4-run/captures/0017-list/human-clock-bracket.tsv: [Errno 2] No such file or directory: '/Users/ckriech/projects/clemens33/ae-rust/docs/migration/evidence/phase4-run/captures/0017-list/human-clock-bracket.tsv'				
19	arms/A1/c02-meta-mode-000-ro/consumers.tsv	list-all	fixture-abort	HUMAN-CLOCK-BRACKET-MISSING /Users/ckriech/projects/clemens33/ae-rust/docs/migration/evidence/phase4-run/captures/0019-list-all/human-clock-bracket.tsv: [Errno 2] No such file or directory: '/Users/ckriech/projects/clemens33/ae-rust/docs/migration/evidence/phase4-run/captures/0019-list-all/human-clock-bracket.tsv'				
21	arms/A1/c02-meta-mode-000-ro/consumers.tsv	ls-alias	fixture-abort	HUMAN-CLOCK-BRACKET-MISSING /Users/ckriech/projects/clemens33/ae-rust/docs/migration/evidence/phase4-run/captures/0021-ls-alias/human-clock-bracket.tsv: [Errno 2] No such file or directory: '/Users/ckriech/projects/clemens33/ae-rust/docs/migration/evidence/phase4-run/captures/0021-ls-alias/human-clock-bracket.tsv'				
22	arms/A1/c02-meta-mode-000-ro/consumers.tsv	ls-alias-all	fixture-abort	HUMAN-CLOCK-BRACKET-MISSING /Users/ckriech/projects/clemens33/ae-rust/docs/migration/evidence/phase4-run/captures/0022-ls-alias-all/human-clock-bracket.tsv: [Errno 2] No such file or directory: '/Users/ckriech/projects/clemens33/ae-rust/docs/migration/evidence/phase4-run/captures/0022-ls-alias-all/human-clock-bracket.tsv'				
25	arms/A1/c02-meta-mode-000-rw/consumers.tsv	list	fixture-abort	HUMAN-CLOCK-BRACKET-MISSING /Users/ckriech/projects/clemens33/ae-rust/docs/migration/evidence/phase4-run/captures/0025-list/human-clock-bracket.tsv: [Errno 2] No such file or directory: '/Users/ckriech/projects/clemens33/ae-rust/docs/migration/evidence/phase4-run/captures/0025-list/human-clock-bracket.tsv'				
27	arms/A1/c02-meta-mode-000-rw/consumers.tsv	list-all	fixture-abort	HUMAN-CLOCK-BRACKET-MISSING /Users/ckriech/projects/clemens33/ae-rust/docs/migration/evidence/phase4-run/captures/0027-list-all/human-clock-bracket.tsv: [Errno 2] No such file or directory: '/Users/ckriech/projects/clemens33/ae-rust/docs/migration/evidence/phase4-run/captures/0027-list-all/human-clock-bracket.tsv'				
29	arms/A1/c02-meta-mode-000-rw/consumers.tsv	ls-alias	fixture-abort	HUMAN-CLOCK-BRACKET-MISSING /Users/ckriech/projects/clemens33/ae-rust/docs/migration/evidence/phase4-run/captures/0029-ls-alias/human-clock-bracket.tsv: [Errno 2] No such file or directory: '/Users/ckriech/projects/clemens33/ae-rust/docs/migration/evidence/phase4-run/captures/0029-ls-alias/human-clock-bracket.tsv'				
30	arms/A1/c02-meta-mode-000-rw/consumers.tsv	ls-alias-all	fixture-abort	HUMAN-CLOCK-BRACKET-MISSING /Users/ckriech/projects/clemens33/ae-rust/docs/migration/evidence/phase4-run/captures/0030-ls-alias-all/human-clock-bracket.tsv: [Errno 2] No such file or directory: '/Users/ckriech/projects/clemens33/ae-rust/docs/migration/evidence/phase4-run/captures/0030-ls-alias-all/human-clock-bracket.tsv'				
33	arms/A1/c03-malformed-line-ro/consumers.tsv	list	fixture-abort	HUMAN-CLOCK-BRACKET-MISSING /Users/ckriech/projects/clemens33/ae-rust/docs/migration/evidence/phase4-run/captures/0033-list/human-clock-bracket.tsv: [Errno 2] No such file or directory: '/Users/ckriech/projects/clemens33/ae-rust/docs/migration/evidence/phase4-run/captures/0033-list/human-clock-bracket.tsv'				
35	arms/A1/c03-malformed-line-ro/consumers.tsv	list-all	fixture-abort	HUMAN-CLOCK-BRACKET-MISSING /Users/ckriech/projects/clemens33/ae-rust/docs/migration/evidence/phase4-run/captures/0035-list-all/human-clock-bracket.tsv: [Errno 2] No such file or directory: '/Users/ckriech/projects/clemens33/ae-rust/docs/migration/evidence/phase4-run/captures/0035-list-all/human-clock-bracket.tsv'				
37	arms/A1/c03-malformed-line-ro/consumers.tsv	ls-alias	fixture-abort	HUMAN-CLOCK-BRACKET-MISSING /Users/ckriech/projects/clemens33/ae-rust/docs/migration/evidence/phase4-run/captures/0037-ls-alias/human-clock-bracket.tsv: [Errno 2] No such file or directory: '/Users/ckriech/projects/clemens33/ae-rust/docs/migration/evidence/phase4-run/captures/0037-ls-alias/human-clock-bracket.tsv'				
38	arms/A1/c03-malformed-line-ro/consumers.tsv	ls-alias-all	fixture-abort	HUMAN-CLOCK-BRACKET-MISSING /Users/ckriech/projects/clemens33/ae-rust/docs/migration/evidence/phase4-run/captures/0038-ls-alias-all/human-clock-bracket.tsv: [Errno 2] No such file or directory: '/Users/ckriech/projects/clemens33/ae-rust/docs/migration/evidence/phase4-run/captures/0038-ls-alias-all/human-clock-bracket.tsv'				
41	arms/A1/c03-malformed-line-rw/consumers.tsv	list	fixture-abort	HUMAN-CLOCK-BRACKET-MISSING /Users/ckriech/projects/clemens33/ae-rust/docs/migration/evidence/phase4-run/captures/0041-list/human-clock-bracket.tsv: [Errno 2] No such file or directory: '/Users/ckriech/projects/clemens33/ae-rust/docs/migration/evidence/phase4-run/captures/0041-list/human-clock-bracket.tsv'				
43	arms/A1/c03-malformed-line-rw/consumers.tsv	list-all	fixture-abort	HUMAN-CLOCK-BRACKET-MISSING /Users/ckriech/projects/clemens33/ae-rust/docs/migration/evidence/phase4-run/captures/0043-list-all/human-clock-bracket.tsv: [Errno 2] No such file or directory: '/Users/ckriech/projects/clemens33/ae-rust/docs/migration/evidence/phase4-run/captures/0043-list-all/human-clock-bracket.tsv'				
45	arms/A1/c03-malformed-line-rw/consumers.tsv	ls-alias	fixture-abort	HUMAN-CLOCK-BRACKET-MISSING /Users/ckriech/projects/clemens33/ae-rust/docs/migration/evidence/phase4-run/captures/0045-ls-alias/human-clock-bracket.tsv: [Errno 2] No such file or directory: '/Users/ckriech/projects/clemens33/ae-rust/docs/migration/evidence/phase4-run/captures/0045-ls-alias/human-clock-bracket.tsv'				
46	arms/A1/c03-malformed-line-rw/consumers.tsv	ls-alias-all	fixture-abort	HUMAN-CLOCK-BRACKET-MISSING /Users/ckriech/projects/clemens33/ae-rust/docs/migration/evidence/phase4-run/captures/0046-ls-alias-all/human-clock-bracket.tsv: [Errno 2] No such file or directory: '/Users/ckriech/projects/clemens33/ae-rust/docs/migration/evidence/phase4-run/captures/0046-ls-alias-all/human-clock-bracket.tsv'				
49	arms/A1/c04-empty-vs-omitted-ro/consumers.tsv	list	fixture-abort	HUMAN-CLOCK-BRACKET-MISSING /Users/ckriech/projects/clemens33/ae-rust/docs/migration/evidence/phase4-run/captures/0049-list/human-clock-bracket.tsv: [Errno 2] No such file or directory: '/Users/ckriech/projects/clemens33/ae-rust/docs/migration/evidence/phase4-run/captures/0049-list/human-clock-bracket.tsv'				
51	arms/A1/c04-empty-vs-omitted-ro/consumers.tsv	list-all	fixture-abort	HUMAN-CLOCK-BRACKET-MISSING /Users/ckriech/projects/clemens33/ae-rust/docs/migration/evidence/phase4-run/captures/0051-list-all/human-clock-bracket.tsv: [Errno 2] No such file or directory: '/Users/ckriech/projects/clemens33/ae-rust/docs/migration/evidence/phase4-run/captures/0051-list-all/human-clock-bracket.tsv'				
53	arms/A1/c04-empty-vs-omitted-ro/consumers.tsv	ls-alias	fixture-abort	HUMAN-CLOCK-BRACKET-MISSING /Users/ckriech/projects/clemens33/ae-rust/docs/migration/evidence/phase4-run/captures/0053-ls-alias/human-clock-bracket.tsv: [Errno 2] No such file or directory: '/Users/ckriech/projects/clemens33/ae-rust/docs/migration/evidence/phase4-run/captures/0053-ls-alias/human-clock-bracket.tsv'				
54	arms/A1/c04-empty-vs-omitted-ro/consumers.tsv	ls-alias-all	fixture-abort	HUMAN-CLOCK-BRACKET-MISSING /Users/ckriech/projects/clemens33/ae-rust/docs/migration/evidence/phase4-run/captures/0054-ls-alias-all/human-clock-bracket.tsv: [Errno 2] No such file or directory: '/Users/ckriech/projects/clemens33/ae-rust/docs/migration/evidence/phase4-run/captures/0054-ls-alias-all/human-clock-bracket.tsv'				
57	arms/A1/c04-empty-vs-omitted-rw/consumers.tsv	list	fixture-abort	HUMAN-CLOCK-BRACKET-MISSING /Users/ckriech/projects/clemens33/ae-rust/docs/migration/evidence/phase4-run/captures/0057-list/human-clock-bracket.tsv: [Errno 2] No such file or directory: '/Users/ckriech/projects/clemens33/ae-rust/docs/migration/evidence/phase4-run/captures/0057-list/human-clock-bracket.tsv'				
59	arms/A1/c04-empty-vs-omitted-rw/consumers.tsv	list-all	fixture-abort	HUMAN-CLOCK-BRACKET-MISSING /Users/ckriech/projects/clemens33/ae-rust/docs/migration/evidence/phase4-run/captures/0059-list-all/human-clock-bracket.tsv: [Errno 2] No such file or directory: '/Users/ckriech/projects/clemens33/ae-rust/docs/migration/evidence/phase4-run/captures/0059-list-all/human-clock-bracket.tsv'				
61	arms/A1/c04-empty-vs-omitted-rw/consumers.tsv	ls-alias	fixture-abort	HUMAN-CLOCK-BRACKET-MISSING /Users/ckriech/projects/clemens33/ae-rust/docs/migration/evidence/phase4-run/captures/0061-ls-alias/human-clock-bracket.tsv: [Errno 2] No such file or directory: '/Users/ckriech/projects/clemens33/ae-rust/docs/migration/evidence/phase4-run/captures/0061-ls-alias/human-clock-bracket.tsv'				
62	arms/A1/c04-empty-vs-omitted-rw/consumers.tsv	ls-alias-all	fixture-abort	HUMAN-CLOCK-BRACKET-MISSING /Users/ckriech/projects/clemens33/ae-rust/docs/migration/evidence/phase4-run/captures/0062-ls-alias-all/human-clock-bracket.tsv: [Errno 2] No such file or directory: '/Users/ckriech/projects/clemens33/ae-rust/docs/migration/evidence/phase4-run/captures/0062-ls-alias-all/human-clock-bracket.tsv'				
65	arms/A1/c05-recover-ref-ro/consumers.tsv	list	fixture-abort	HUMAN-CLOCK-BRACKET-MISSING /Users/ckriech/projects/clemens33/ae-rust/docs/migration/evidence/phase4-run/captures/0065-list/human-clock-bracket.tsv: [Errno 2] No such file or directory: '/Users/ckriech/projects/clemens33/ae-rust/docs/migration/evidence/phase4-run/captures/0065-list/human-clock-bracket.tsv'				
67	arms/A1/c05-recover-ref-ro/consumers.tsv	list-all	fixture-abort	HUMAN-CLOCK-BRACKET-MISSING /Users/ckriech/projects/clemens33/ae-rust/docs/migration/evidence/phase4-run/captures/0067-list-all/human-clock-bracket.tsv: [Errno 2] No such file or directory: '/Users/ckriech/projects/clemens33/ae-rust/docs/migration/evidence/phase4-run/captures/0067-list-all/human-clock-bracket.tsv'				
69	arms/A1/c05-recover-ref-ro/consumers.tsv	ls-alias	fixture-abort	HUMAN-CLOCK-BRACKET-MISSING /Users/ckriech/projects/clemens33/ae-rust/docs/migration/evidence/phase4-run/captures/0069-ls-alias/human-clock-bracket.tsv: [Errno 2] No such file or directory: '/Users/ckriech/projects/clemens33/ae-rust/docs/migration/evidence/phase4-run/captures/0069-ls-alias/human-clock-bracket.tsv'				
70	arms/A1/c05-recover-ref-ro/consumers.tsv	ls-alias-all	fixture-abort	HUMAN-CLOCK-BRACKET-MISSING /Users/ckriech/projects/clemens33/ae-rust/docs/migration/evidence/phase4-run/captures/0070-ls-alias-all/human-clock-bracket.tsv: [Errno 2] No such file or directory: '/Users/ckriech/projects/clemens33/ae-rust/docs/migration/evidence/phase4-run/captures/0070-ls-alias-all/human-clock-bracket.tsv'				
73	arms/A1/c05-recover-ref-rw/consumers.tsv	list	fixture-abort	HUMAN-CLOCK-BRACKET-MISSING /Users/ckriech/projects/clemens33/ae-rust/docs/migration/evidence/phase4-run/captures/0073-list/human-clock-bracket.tsv: [Errno 2] No such file or directory: '/Users/ckriech/projects/clemens33/ae-rust/docs/migration/evidence/phase4-run/captures/0073-list/human-clock-bracket.tsv'				
75	arms/A1/c05-recover-ref-rw/consumers.tsv	list-all	fixture-abort	HUMAN-CLOCK-BRACKET-MISSING /Users/ckriech/projects/clemens33/ae-rust/docs/migration/evidence/phase4-run/captures/0075-list-all/human-clock-bracket.tsv: [Errno 2] No such file or directory: '/Users/ckriech/projects/clemens33/ae-rust/docs/migration/evidence/phase4-run/captures/0075-list-all/human-clock-bracket.tsv'				
77	arms/A1/c05-recover-ref-rw/consumers.tsv	ls-alias	fixture-abort	HUMAN-CLOCK-BRACKET-MISSING /Users/ckriech/projects/clemens33/ae-rust/docs/migration/evidence/phase4-run/captures/0077-ls-alias/human-clock-bracket.tsv: [Errno 2] No such file or directory: '/Users/ckriech/projects/clemens33/ae-rust/docs/migration/evidence/phase4-run/captures/0077-ls-alias/human-clock-bracket.tsv'				
78	arms/A1/c05-recover-ref-rw/consumers.tsv	ls-alias-all	fixture-abort	HUMAN-CLOCK-BRACKET-MISSING /Users/ckriech/projects/clemens33/ae-rust/docs/migration/evidence/phase4-run/captures/0078-ls-alias-all/human-clock-bracket.tsv: [Errno 2] No such file or directory: '/Users/ckriech/projects/clemens33/ae-rust/docs/migration/evidence/phase4-run/captures/0078-ls-alias-all/human-clock-bracket.tsv'				
81	arms/A1/c06-escapes-ro/consumers.tsv	list	fixture-abort	HUMAN-CLOCK-BRACKET-MISSING /Users/ckriech/projects/clemens33/ae-rust/docs/migration/evidence/phase4-run/captures/0081-list/human-clock-bracket.tsv: [Errno 2] No such file or directory: '/Users/ckriech/projects/clemens33/ae-rust/docs/migration/evidence/phase4-run/captures/0081-list/human-clock-bracket.tsv'				
83	arms/A1/c06-escapes-ro/consumers.tsv	list-all	fixture-abort	HUMAN-CLOCK-BRACKET-MISSING /Users/ckriech/projects/clemens33/ae-rust/docs/migration/evidence/phase4-run/captures/0083-list-all/human-clock-bracket.tsv: [Errno 2] No such file or directory: '/Users/ckriech/projects/clemens33/ae-rust/docs/migration/evidence/phase4-run/captures/0083-list-all/human-clock-bracket.tsv'				
85	arms/A1/c06-escapes-ro/consumers.tsv	ls-alias	fixture-abort	HUMAN-CLOCK-BRACKET-MISSING /Users/ckriech/projects/clemens33/ae-rust/docs/migration/evidence/phase4-run/captures/0085-ls-alias/human-clock-bracket.tsv: [Errno 2] No such file or directory: '/Users/ckriech/projects/clemens33/ae-rust/docs/migration/evidence/phase4-run/captures/0085-ls-alias/human-clock-bracket.tsv'				
86	arms/A1/c06-escapes-ro/consumers.tsv	ls-alias-all	fixture-abort	HUMAN-CLOCK-BRACKET-MISSING /Users/ckriech/projects/clemens33/ae-rust/docs/migration/evidence/phase4-run/captures/0086-ls-alias-all/human-clock-bracket.tsv: [Errno 2] No such file or directory: '/Users/ckriech/projects/clemens33/ae-rust/docs/migration/evidence/phase4-run/captures/0086-ls-alias-all/human-clock-bracket.tsv'				
89	arms/A1/c06-escapes-rw/consumers.tsv	list	fixture-abort	HUMAN-CLOCK-BRACKET-MISSING /Users/ckriech/projects/clemens33/ae-rust/docs/migration/evidence/phase4-run/captures/0089-list/human-clock-bracket.tsv: [Errno 2] No such file or directory: '/Users/ckriech/projects/clemens33/ae-rust/docs/migration/evidence/phase4-run/captures/0089-list/human-clock-bracket.tsv'				
91	arms/A1/c06-escapes-rw/consumers.tsv	list-all	fixture-abort	HUMAN-CLOCK-BRACKET-MISSING /Users/ckriech/projects/clemens33/ae-rust/docs/migration/evidence/phase4-run/captures/0091-list-all/human-clock-bracket.tsv: [Errno 2] No such file or directory: '/Users/ckriech/projects/clemens33/ae-rust/docs/migration/evidence/phase4-run/captures/0091-list-all/human-clock-bracket.tsv'				
93	arms/A1/c06-escapes-rw/consumers.tsv	ls-alias	fixture-abort	HUMAN-CLOCK-BRACKET-MISSING /Users/ckriech/projects/clemens33/ae-rust/docs/migration/evidence/phase4-run/captures/0093-ls-alias/human-clock-bracket.tsv: [Errno 2] No such file or directory: '/Users/ckriech/projects/clemens33/ae-rust/docs/migration/evidence/phase4-run/captures/0093-ls-alias/human-clock-bracket.tsv'				
94	arms/A1/c06-escapes-rw/consumers.tsv	ls-alias-all	fixture-abort	HUMAN-CLOCK-BRACKET-MISSING /Users/ckriech/projects/clemens33/ae-rust/docs/migration/evidence/phase4-run/captures/0094-ls-alias-all/human-clock-bracket.tsv: [Errno 2] No such file or directory: '/Users/ckriech/projects/clemens33/ae-rust/docs/migration/evidence/phase4-run/captures/0094-ls-alias-all/human-clock-bracket.tsv'				
97	arms/A1/c07-dupkey-known-ro/consumers.tsv	list	fixture-abort	HUMAN-CLOCK-BRACKET-MISSING /Users/ckriech/projects/clemens33/ae-rust/docs/migration/evidence/phase4-run/captures/0097-list/human-clock-bracket.tsv: [Errno 2] No such file or directory: '/Users/ckriech/projects/clemens33/ae-rust/docs/migration/evidence/phase4-run/captures/0097-list/human-clock-bracket.tsv'				
99	arms/A1/c07-dupkey-known-ro/consumers.tsv	list-all	fixture-abort	HUMAN-CLOCK-BRACKET-MISSING /Users/ckriech/projects/clemens33/ae-rust/docs/migration/evidence/phase4-run/captures/0099-list-all/human-clock-bracket.tsv: [Errno 2] No such file or directory: '/Users/ckriech/projects/clemens33/ae-rust/docs/migration/evidence/phase4-run/captures/0099-list-all/human-clock-bracket.tsv'				
101	arms/A1/c07-dupkey-known-ro/consumers.tsv	ls-alias	fixture-abort	HUMAN-CLOCK-BRACKET-MISSING /Users/ckriech/projects/clemens33/ae-rust/docs/migration/evidence/phase4-run/captures/0101-ls-alias/human-clock-bracket.tsv: [Errno 2] No such file or directory: '/Users/ckriech/projects/clemens33/ae-rust/docs/migration/evidence/phase4-run/captures/0101-ls-alias/human-clock-bracket.tsv'				
102	arms/A1/c07-dupkey-known-ro/consumers.tsv	ls-alias-all	fixture-abort	HUMAN-CLOCK-BRACKET-MISSING /Users/ckriech/projects/clemens33/ae-rust/docs/migration/evidence/phase4-run/captures/0102-ls-alias-all/human-clock-bracket.tsv: [Errno 2] No such file or directory: '/Users/ckriech/projects/clemens33/ae-rust/docs/migration/evidence/phase4-run/captures/0102-ls-alias-all/human-clock-bracket.tsv'				
105	arms/A1/c07-dupkey-known-rw/consumers.tsv	list	fixture-abort	HUMAN-CLOCK-BRACKET-MISSING /Users/ckriech/projects/clemens33/ae-rust/docs/migration/evidence/phase4-run/captures/0105-list/human-clock-bracket.tsv: [Errno 2] No such file or directory: '/Users/ckriech/projects/clemens33/ae-rust/docs/migration/evidence/phase4-run/captures/0105-list/human-clock-bracket.tsv'				
107	arms/A1/c07-dupkey-known-rw/consumers.tsv	list-all	fixture-abort	HUMAN-CLOCK-BRACKET-MISSING /Users/ckriech/projects/clemens33/ae-rust/docs/migration/evidence/phase4-run/captures/0107-list-all/human-clock-bracket.tsv: [Errno 2] No such file or directory: '/Users/ckriech/projects/clemens33/ae-rust/docs/migration/evidence/phase4-run/captures/0107-list-all/human-clock-bracket.tsv'				
109	arms/A1/c07-dupkey-known-rw/consumers.tsv	ls-alias	fixture-abort	HUMAN-CLOCK-BRACKET-MISSING /Users/ckriech/projects/clemens33/ae-rust/docs/migration/evidence/phase4-run/captures/0109-ls-alias/human-clock-bracket.tsv: [Errno 2] No such file or directory: '/Users/ckriech/projects/clemens33/ae-rust/docs/migration/evidence/phase4-run/captures/0109-ls-alias/human-clock-bracket.tsv'				
110	arms/A1/c07-dupkey-known-rw/consumers.tsv	ls-alias-all	fixture-abort	HUMAN-CLOCK-BRACKET-MISSING /Users/ckriech/projects/clemens33/ae-rust/docs/migration/evidence/phase4-run/captures/0110-ls-alias-all/human-clock-bracket.tsv: [Errno 2] No such file or directory: '/Users/ckriech/projects/clemens33/ae-rust/docs/migration/evidence/phase4-run/captures/0110-ls-alias-all/human-clock-bracket.tsv'				
113	arms/A1/c08-dupkey-known-rev-ro/consumers.tsv	list	fixture-abort	HUMAN-CLOCK-BRACKET-MISSING /Users/ckriech/projects/clemens33/ae-rust/docs/migration/evidence/phase4-run/captures/0113-list/human-clock-bracket.tsv: [Errno 2] No such file or directory: '/Users/ckriech/projects/clemens33/ae-rust/docs/migration/evidence/phase4-run/captures/0113-list/human-clock-bracket.tsv'				
115	arms/A1/c08-dupkey-known-rev-ro/consumers.tsv	list-all	fixture-abort	HUMAN-CLOCK-BRACKET-MISSING /Users/ckriech/projects/clemens33/ae-rust/docs/migration/evidence/phase4-run/captures/0115-list-all/human-clock-bracket.tsv: [Errno 2] No such file or directory: '/Users/ckriech/projects/clemens33/ae-rust/docs/migration/evidence/phase4-run/captures/0115-list-all/human-clock-bracket.tsv'				
117	arms/A1/c08-dupkey-known-rev-ro/consumers.tsv	ls-alias	fixture-abort	HUMAN-CLOCK-BRACKET-MISSING /Users/ckriech/projects/clemens33/ae-rust/docs/migration/evidence/phase4-run/captures/0117-ls-alias/human-clock-bracket.tsv: [Errno 2] No such file or directory: '/Users/ckriech/projects/clemens33/ae-rust/docs/migration/evidence/phase4-run/captures/0117-ls-alias/human-clock-bracket.tsv'				
118	arms/A1/c08-dupkey-known-rev-ro/consumers.tsv	ls-alias-all	fixture-abort	HUMAN-CLOCK-BRACKET-MISSING /Users/ckriech/projects/clemens33/ae-rust/docs/migration/evidence/phase4-run/captures/0118-ls-alias-all/human-clock-bracket.tsv: [Errno 2] No such file or directory: '/Users/ckriech/projects/clemens33/ae-rust/docs/migration/evidence/phase4-run/captures/0118-ls-alias-all/human-clock-bracket.tsv'				
121	arms/A1/c08-dupkey-known-rev-rw/consumers.tsv	list	fixture-abort	HUMAN-CLOCK-BRACKET-MISSING /Users/ckriech/projects/clemens33/ae-rust/docs/migration/evidence/phase4-run/captures/0121-list/human-clock-bracket.tsv: [Errno 2] No such file or directory: '/Users/ckriech/projects/clemens33/ae-rust/docs/migration/evidence/phase4-run/captures/0121-list/human-clock-bracket.tsv'				
123	arms/A1/c08-dupkey-known-rev-rw/consumers.tsv	list-all	fixture-abort	HUMAN-CLOCK-BRACKET-MISSING /Users/ckriech/projects/clemens33/ae-rust/docs/migration/evidence/phase4-run/captures/0123-list-all/human-clock-bracket.tsv: [Errno 2] No such file or directory: '/Users/ckriech/projects/clemens33/ae-rust/docs/migration/evidence/phase4-run/captures/0123-list-all/human-clock-bracket.tsv'				
125	arms/A1/c08-dupkey-known-rev-rw/consumers.tsv	ls-alias	fixture-abort	HUMAN-CLOCK-BRACKET-MISSING /Users/ckriech/projects/clemens33/ae-rust/docs/migration/evidence/phase4-run/captures/0125-ls-alias/human-clock-bracket.tsv: [Errno 2] No such file or directory: '/Users/ckriech/projects/clemens33/ae-rust/docs/migration/evidence/phase4-run/captures/0125-ls-alias/human-clock-bracket.tsv'				
126	arms/A1/c08-dupkey-known-rev-rw/consumers.tsv	ls-alias-all	fixture-abort	HUMAN-CLOCK-BRACKET-MISSING /Users/ckriech/projects/clemens33/ae-rust/docs/migration/evidence/phase4-run/captures/0126-ls-alias-all/human-clock-bracket.tsv: [Errno 2] No such file or directory: '/Users/ckriech/projects/clemens33/ae-rust/docs/migration/evidence/phase4-run/captures/0126-ls-alias-all/human-clock-bracket.tsv'				
129	arms/A1/c09-dupkey-unknown-ro/consumers.tsv	list	fixture-abort	HUMAN-CLOCK-BRACKET-MISSING /Users/ckriech/projects/clemens33/ae-rust/docs/migration/evidence/phase4-run/captures/0129-list/human-clock-bracket.tsv: [Errno 2] No such file or directory: '/Users/ckriech/projects/clemens33/ae-rust/docs/migration/evidence/phase4-run/captures/0129-list/human-clock-bracket.tsv'				
131	arms/A1/c09-dupkey-unknown-ro/consumers.tsv	list-all	fixture-abort	HUMAN-CLOCK-BRACKET-MISSING /Users/ckriech/projects/clemens33/ae-rust/docs/migration/evidence/phase4-run/captures/0131-list-all/human-clock-bracket.tsv: [Errno 2] No such file or directory: '/Users/ckriech/projects/clemens33/ae-rust/docs/migration/evidence/phase4-run/captures/0131-list-all/human-clock-bracket.tsv'				
133	arms/A1/c09-dupkey-unknown-ro/consumers.tsv	ls-alias	fixture-abort	HUMAN-CLOCK-BRACKET-MISSING /Users/ckriech/projects/clemens33/ae-rust/docs/migration/evidence/phase4-run/captures/0133-ls-alias/human-clock-bracket.tsv: [Errno 2] No such file or directory: '/Users/ckriech/projects/clemens33/ae-rust/docs/migration/evidence/phase4-run/captures/0133-ls-alias/human-clock-bracket.tsv'				
134	arms/A1/c09-dupkey-unknown-ro/consumers.tsv	ls-alias-all	fixture-abort	HUMAN-CLOCK-BRACKET-MISSING /Users/ckriech/projects/clemens33/ae-rust/docs/migration/evidence/phase4-run/captures/0134-ls-alias-all/human-clock-bracket.tsv: [Errno 2] No such file or directory: '/Users/ckriech/projects/clemens33/ae-rust/docs/migration/evidence/phase4-run/captures/0134-ls-alias-all/human-clock-bracket.tsv'				
137	arms/A1/c09-dupkey-unknown-rw/consumers.tsv	list	fixture-abort	HUMAN-CLOCK-BRACKET-MISSING /Users/ckriech/projects/clemens33/ae-rust/docs/migration/evidence/phase4-run/captures/0137-list/human-clock-bracket.tsv: [Errno 2] No such file or directory: '/Users/ckriech/projects/clemens33/ae-rust/docs/migration/evidence/phase4-run/captures/0137-list/human-clock-bracket.tsv'				
139	arms/A1/c09-dupkey-unknown-rw/consumers.tsv	list-all	fixture-abort	HUMAN-CLOCK-BRACKET-MISSING /Users/ckriech/projects/clemens33/ae-rust/docs/migration/evidence/phase4-run/captures/0139-list-all/human-clock-bracket.tsv: [Errno 2] No such file or directory: '/Users/ckriech/projects/clemens33/ae-rust/docs/migration/evidence/phase4-run/captures/0139-list-all/human-clock-bracket.tsv'				
141	arms/A1/c09-dupkey-unknown-rw/consumers.tsv	ls-alias	fixture-abort	HUMAN-CLOCK-BRACKET-MISSING /Users/ckriech/projects/clemens33/ae-rust/docs/migration/evidence/phase4-run/captures/0141-ls-alias/human-clock-bracket.tsv: [Errno 2] No such file or directory: '/Users/ckriech/projects/clemens33/ae-rust/docs/migration/evidence/phase4-run/captures/0141-ls-alias/human-clock-bracket.tsv'				
142	arms/A1/c09-dupkey-unknown-rw/consumers.tsv	ls-alias-all	fixture-abort	HUMAN-CLOCK-BRACKET-MISSING /Users/ckriech/projects/clemens33/ae-rust/docs/migration/evidence/phase4-run/captures/0142-ls-alias-all/human-clock-bracket.tsv: [Errno 2] No such file or directory: '/Users/ckriech/projects/clemens33/ae-rust/docs/migration/evidence/phase4-run/captures/0142-ls-alias-all/human-clock-bracket.tsv'				
145	arms/A1/c10-dupkey-unknown-rev-ro/consumers.tsv	list	fixture-abort	HUMAN-CLOCK-BRACKET-MISSING /Users/ckriech/projects/clemens33/ae-rust/docs/migration/evidence/phase4-run/captures/0145-list/human-clock-bracket.tsv: [Errno 2] No such file or directory: '/Users/ckriech/projects/clemens33/ae-rust/docs/migration/evidence/phase4-run/captures/0145-list/human-clock-bracket.tsv'				
147	arms/A1/c10-dupkey-unknown-rev-ro/consumers.tsv	list-all	fixture-abort	HUMAN-CLOCK-BRACKET-MISSING /Users/ckriech/projects/clemens33/ae-rust/docs/migration/evidence/phase4-run/captures/0147-list-all/human-clock-bracket.tsv: [Errno 2] No such file or directory: '/Users/ckriech/projects/clemens33/ae-rust/docs/migration/evidence/phase4-run/captures/0147-list-all/human-clock-bracket.tsv'				
149	arms/A1/c10-dupkey-unknown-rev-ro/consumers.tsv	ls-alias	fixture-abort	HUMAN-CLOCK-BRACKET-MISSING /Users/ckriech/projects/clemens33/ae-rust/docs/migration/evidence/phase4-run/captures/0149-ls-alias/human-clock-bracket.tsv: [Errno 2] No such file or directory: '/Users/ckriech/projects/clemens33/ae-rust/docs/migration/evidence/phase4-run/captures/0149-ls-alias/human-clock-bracket.tsv'				
150	arms/A1/c10-dupkey-unknown-rev-ro/consumers.tsv	ls-alias-all	fixture-abort	HUMAN-CLOCK-BRACKET-MISSING /Users/ckriech/projects/clemens33/ae-rust/docs/migration/evidence/phase4-run/captures/0150-ls-alias-all/human-clock-bracket.tsv: [Errno 2] No such file or directory: '/Users/ckriech/projects/clemens33/ae-rust/docs/migration/evidence/phase4-run/captures/0150-ls-alias-all/human-clock-bracket.tsv'				
153	arms/A1/c10-dupkey-unknown-rev-rw/consumers.tsv	list	fixture-abort	HUMAN-CLOCK-BRACKET-MISSING /Users/ckriech/projects/clemens33/ae-rust/docs/migration/evidence/phase4-run/captures/0153-list/human-clock-bracket.tsv: [Errno 2] No such file or directory: '/Users/ckriech/projects/clemens33/ae-rust/docs/migration/evidence/phase4-run/captures/0153-list/human-clock-bracket.tsv'				
155	arms/A1/c10-dupkey-unknown-rev-rw/consumers.tsv	list-all	fixture-abort	HUMAN-CLOCK-BRACKET-MISSING /Users/ckriech/projects/clemens33/ae-rust/docs/migration/evidence/phase4-run/captures/0155-list-all/human-clock-bracket.tsv: [Errno 2] No such file or directory: '/Users/ckriech/projects/clemens33/ae-rust/docs/migration/evidence/phase4-run/captures/0155-list-all/human-clock-bracket.tsv'				
157	arms/A1/c10-dupkey-unknown-rev-rw/consumers.tsv	ls-alias	fixture-abort	HUMAN-CLOCK-BRACKET-MISSING /Users/ckriech/projects/clemens33/ae-rust/docs/migration/evidence/phase4-run/captures/0157-ls-alias/human-clock-bracket.tsv: [Errno 2] No such file or directory: '/Users/ckriech/projects/clemens33/ae-rust/docs/migration/evidence/phase4-run/captures/0157-ls-alias/human-clock-bracket.tsv'				
158	arms/A1/c10-dupkey-unknown-rev-rw/consumers.tsv	ls-alias-all	fixture-abort	HUMAN-CLOCK-BRACKET-MISSING /Users/ckriech/projects/clemens33/ae-rust/docs/migration/evidence/phase4-run/captures/0158-ls-alias-all/human-clock-bracket.tsv: [Errno 2] No such file or directory: '/Users/ckriech/projects/clemens33/ae-rust/docs/migration/evidence/phase4-run/captures/0158-ls-alias-all/human-clock-bracket.tsv'				
161	arms/A1/c11-routing-known-ro/consumers.tsv	list	fixture-abort	HUMAN-CLOCK-BRACKET-MISSING /Users/ckriech/projects/clemens33/ae-rust/docs/migration/evidence/phase4-run/captures/0161-list/human-clock-bracket.tsv: [Errno 2] No such file or directory: '/Users/ckriech/projects/clemens33/ae-rust/docs/migration/evidence/phase4-run/captures/0161-list/human-clock-bracket.tsv'				
163	arms/A1/c11-routing-known-ro/consumers.tsv	list-all	fixture-abort	HUMAN-CLOCK-BRACKET-MISSING /Users/ckriech/projects/clemens33/ae-rust/docs/migration/evidence/phase4-run/captures/0163-list-all/human-clock-bracket.tsv: [Errno 2] No such file or directory: '/Users/ckriech/projects/clemens33/ae-rust/docs/migration/evidence/phase4-run/captures/0163-list-all/human-clock-bracket.tsv'				
165	arms/A1/c11-routing-known-ro/consumers.tsv	ls-alias	fixture-abort	HUMAN-CLOCK-BRACKET-MISSING /Users/ckriech/projects/clemens33/ae-rust/docs/migration/evidence/phase4-run/captures/0165-ls-alias/human-clock-bracket.tsv: [Errno 2] No such file or directory: '/Users/ckriech/projects/clemens33/ae-rust/docs/migration/evidence/phase4-run/captures/0165-ls-alias/human-clock-bracket.tsv'				
166	arms/A1/c11-routing-known-ro/consumers.tsv	ls-alias-all	fixture-abort	HUMAN-CLOCK-BRACKET-MISSING /Users/ckriech/projects/clemens33/ae-rust/docs/migration/evidence/phase4-run/captures/0166-ls-alias-all/human-clock-bracket.tsv: [Errno 2] No such file or directory: '/Users/ckriech/projects/clemens33/ae-rust/docs/migration/evidence/phase4-run/captures/0166-ls-alias-all/human-clock-bracket.tsv'				
169	arms/A1/c11-routing-known-rw/consumers.tsv	list	fixture-abort	HUMAN-CLOCK-BRACKET-MISSING /Users/ckriech/projects/clemens33/ae-rust/docs/migration/evidence/phase4-run/captures/0169-list/human-clock-bracket.tsv: [Errno 2] No such file or directory: '/Users/ckriech/projects/clemens33/ae-rust/docs/migration/evidence/phase4-run/captures/0169-list/human-clock-bracket.tsv'				
171	arms/A1/c11-routing-known-rw/consumers.tsv	list-all	fixture-abort	HUMAN-CLOCK-BRACKET-MISSING /Users/ckriech/projects/clemens33/ae-rust/docs/migration/evidence/phase4-run/captures/0171-list-all/human-clock-bracket.tsv: [Errno 2] No such file or directory: '/Users/ckriech/projects/clemens33/ae-rust/docs/migration/evidence/phase4-run/captures/0171-list-all/human-clock-bracket.tsv'				
173	arms/A1/c11-routing-known-rw/consumers.tsv	ls-alias	fixture-abort	HUMAN-CLOCK-BRACKET-MISSING /Users/ckriech/projects/clemens33/ae-rust/docs/migration/evidence/phase4-run/captures/0173-ls-alias/human-clock-bracket.tsv: [Errno 2] No such file or directory: '/Users/ckriech/projects/clemens33/ae-rust/docs/migration/evidence/phase4-run/captures/0173-ls-alias/human-clock-bracket.tsv'				
174	arms/A1/c11-routing-known-rw/consumers.tsv	ls-alias-all	fixture-abort	HUMAN-CLOCK-BRACKET-MISSING /Users/ckriech/projects/clemens33/ae-rust/docs/migration/evidence/phase4-run/captures/0174-ls-alias-all/human-clock-bracket.tsv: [Errno 2] No such file or directory: '/Users/ckriech/projects/clemens33/ae-rust/docs/migration/evidence/phase4-run/captures/0174-ls-alias-all/human-clock-bracket.tsv'				
177	arms/A1/c12-routing-omitted-ro/consumers.tsv	list	fixture-abort	HUMAN-CLOCK-BRACKET-MISSING /Users/ckriech/projects/clemens33/ae-rust/docs/migration/evidence/phase4-run/captures/0177-list/human-clock-bracket.tsv: [Errno 2] No such file or directory: '/Users/ckriech/projects/clemens33/ae-rust/docs/migration/evidence/phase4-run/captures/0177-list/human-clock-bracket.tsv'				
179	arms/A1/c12-routing-omitted-ro/consumers.tsv	list-all	fixture-abort	HUMAN-CLOCK-BRACKET-MISSING /Users/ckriech/projects/clemens33/ae-rust/docs/migration/evidence/phase4-run/captures/0179-list-all/human-clock-bracket.tsv: [Errno 2] No such file or directory: '/Users/ckriech/projects/clemens33/ae-rust/docs/migration/evidence/phase4-run/captures/0179-list-all/human-clock-bracket.tsv'				
181	arms/A1/c12-routing-omitted-ro/consumers.tsv	ls-alias	fixture-abort	HUMAN-CLOCK-BRACKET-MISSING /Users/ckriech/projects/clemens33/ae-rust/docs/migration/evidence/phase4-run/captures/0181-ls-alias/human-clock-bracket.tsv: [Errno 2] No such file or directory: '/Users/ckriech/projects/clemens33/ae-rust/docs/migration/evidence/phase4-run/captures/0181-ls-alias/human-clock-bracket.tsv'				
182	arms/A1/c12-routing-omitted-ro/consumers.tsv	ls-alias-all	fixture-abort	HUMAN-CLOCK-BRACKET-MISSING /Users/ckriech/projects/clemens33/ae-rust/docs/migration/evidence/phase4-run/captures/0182-ls-alias-all/human-clock-bracket.tsv: [Errno 2] No such file or directory: '/Users/ckriech/projects/clemens33/ae-rust/docs/migration/evidence/phase4-run/captures/0182-ls-alias-all/human-clock-bracket.tsv'				
185	arms/A1/c12-routing-omitted-rw/consumers.tsv	list	fixture-abort	HUMAN-CLOCK-BRACKET-MISSING /Users/ckriech/projects/clemens33/ae-rust/docs/migration/evidence/phase4-run/captures/0185-list/human-clock-bracket.tsv: [Errno 2] No such file or directory: '/Users/ckriech/projects/clemens33/ae-rust/docs/migration/evidence/phase4-run/captures/0185-list/human-clock-bracket.tsv'				
187	arms/A1/c12-routing-omitted-rw/consumers.tsv	list-all	fixture-abort	HUMAN-CLOCK-BRACKET-MISSING /Users/ckriech/projects/clemens33/ae-rust/docs/migration/evidence/phase4-run/captures/0187-list-all/human-clock-bracket.tsv: [Errno 2] No such file or directory: '/Users/ckriech/projects/clemens33/ae-rust/docs/migration/evidence/phase4-run/captures/0187-list-all/human-clock-bracket.tsv'				
189	arms/A1/c12-routing-omitted-rw/consumers.tsv	ls-alias	fixture-abort	HUMAN-CLOCK-BRACKET-MISSING /Users/ckriech/projects/clemens33/ae-rust/docs/migration/evidence/phase4-run/captures/0189-ls-alias/human-clock-bracket.tsv: [Errno 2] No such file or directory: '/Users/ckriech/projects/clemens33/ae-rust/docs/migration/evidence/phase4-run/captures/0189-ls-alias/human-clock-bracket.tsv'				
190	arms/A1/c12-routing-omitted-rw/consumers.tsv	ls-alias-all	fixture-abort	HUMAN-CLOCK-BRACKET-MISSING /Users/ckriech/projects/clemens33/ae-rust/docs/migration/evidence/phase4-run/captures/0190-ls-alias-all/human-clock-bracket.tsv: [Errno 2] No such file or directory: '/Users/ckriech/projects/clemens33/ae-rust/docs/migration/evidence/phase4-run/captures/0190-ls-alias-all/human-clock-bracket.tsv'				
193	arms/A1/c13-same-display-routing-ro/consumers.tsv	list	fixture-abort	HUMAN-CLOCK-BRACKET-MISSING /Users/ckriech/projects/clemens33/ae-rust/docs/migration/evidence/phase4-run/captures/0193-list/human-clock-bracket.tsv: [Errno 2] No such file or directory: '/Users/ckriech/projects/clemens33/ae-rust/docs/migration/evidence/phase4-run/captures/0193-list/human-clock-bracket.tsv'				
195	arms/A1/c13-same-display-routing-ro/consumers.tsv	list-all	fixture-abort	HUMAN-CLOCK-BRACKET-MISSING /Users/ckriech/projects/clemens33/ae-rust/docs/migration/evidence/phase4-run/captures/0195-list-all/human-clock-bracket.tsv: [Errno 2] No such file or directory: '/Users/ckriech/projects/clemens33/ae-rust/docs/migration/evidence/phase4-run/captures/0195-list-all/human-clock-bracket.tsv'				
197	arms/A1/c13-same-display-routing-ro/consumers.tsv	ls-alias	fixture-abort	HUMAN-CLOCK-BRACKET-MISSING /Users/ckriech/projects/clemens33/ae-rust/docs/migration/evidence/phase4-run/captures/0197-ls-alias/human-clock-bracket.tsv: [Errno 2] No such file or directory: '/Users/ckriech/projects/clemens33/ae-rust/docs/migration/evidence/phase4-run/captures/0197-ls-alias/human-clock-bracket.tsv'				
198	arms/A1/c13-same-display-routing-ro/consumers.tsv	ls-alias-all	fixture-abort	HUMAN-CLOCK-BRACKET-MISSING /Users/ckriech/projects/clemens33/ae-rust/docs/migration/evidence/phase4-run/captures/0198-ls-alias-all/human-clock-bracket.tsv: [Errno 2] No such file or directory: '/Users/ckriech/projects/clemens33/ae-rust/docs/migration/evidence/phase4-run/captures/0198-ls-alias-all/human-clock-bracket.tsv'				
201	arms/A1/c13-same-display-routing-rw/consumers.tsv	list	fixture-abort	HUMAN-CLOCK-BRACKET-MISSING /Users/ckriech/projects/clemens33/ae-rust/docs/migration/evidence/phase4-run/captures/0201-list/human-clock-bracket.tsv: [Errno 2] No such file or directory: '/Users/ckriech/projects/clemens33/ae-rust/docs/migration/evidence/phase4-run/captures/0201-list/human-clock-bracket.tsv'				
203	arms/A1/c13-same-display-routing-rw/consumers.tsv	list-all	fixture-abort	HUMAN-CLOCK-BRACKET-MISSING /Users/ckriech/projects/clemens33/ae-rust/docs/migration/evidence/phase4-run/captures/0203-list-all/human-clock-bracket.tsv: [Errno 2] No such file or directory: '/Users/ckriech/projects/clemens33/ae-rust/docs/migration/evidence/phase4-run/captures/0203-list-all/human-clock-bracket.tsv'				
205	arms/A1/c13-same-display-routing-rw/consumers.tsv	ls-alias	fixture-abort	HUMAN-CLOCK-BRACKET-MISSING /Users/ckriech/projects/clemens33/ae-rust/docs/migration/evidence/phase4-run/captures/0205-ls-alias/human-clock-bracket.tsv: [Errno 2] No such file or directory: '/Users/ckriech/projects/clemens33/ae-rust/docs/migration/evidence/phase4-run/captures/0205-ls-alias/human-clock-bracket.tsv'				
206	arms/A1/c13-same-display-routing-rw/consumers.tsv	ls-alias-all	fixture-abort	HUMAN-CLOCK-BRACKET-MISSING /Users/ckriech/projects/clemens33/ae-rust/docs/migration/evidence/phase4-run/captures/0206-ls-alias-all/human-clock-bracket.tsv: [Errno 2] No such file or directory: '/Users/ckriech/projects/clemens33/ae-rust/docs/migration/evidence/phase4-run/captures/0206-ls-alias-all/human-clock-bracket.tsv'				
209	arms/A1/c14-display-only-legacy-ro/consumers.tsv	list	fixture-abort	HUMAN-CLOCK-BRACKET-MISSING /Users/ckriech/projects/clemens33/ae-rust/docs/migration/evidence/phase4-run/captures/0209-list/human-clock-bracket.tsv: [Errno 2] No such file or directory: '/Users/ckriech/projects/clemens33/ae-rust/docs/migration/evidence/phase4-run/captures/0209-list/human-clock-bracket.tsv'				
211	arms/A1/c14-display-only-legacy-ro/consumers.tsv	list-all	fixture-abort	HUMAN-CLOCK-BRACKET-MISSING /Users/ckriech/projects/clemens33/ae-rust/docs/migration/evidence/phase4-run/captures/0211-list-all/human-clock-bracket.tsv: [Errno 2] No such file or directory: '/Users/ckriech/projects/clemens33/ae-rust/docs/migration/evidence/phase4-run/captures/0211-list-all/human-clock-bracket.tsv'				
213	arms/A1/c14-display-only-legacy-ro/consumers.tsv	ls-alias	fixture-abort	HUMAN-CLOCK-BRACKET-MISSING /Users/ckriech/projects/clemens33/ae-rust/docs/migration/evidence/phase4-run/captures/0213-ls-alias/human-clock-bracket.tsv: [Errno 2] No such file or directory: '/Users/ckriech/projects/clemens33/ae-rust/docs/migration/evidence/phase4-run/captures/0213-ls-alias/human-clock-bracket.tsv'				
214	arms/A1/c14-display-only-legacy-ro/consumers.tsv	ls-alias-all	fixture-abort	HUMAN-CLOCK-BRACKET-MISSING /Users/ckriech/projects/clemens33/ae-rust/docs/migration/evidence/phase4-run/captures/0214-ls-alias-all/human-clock-bracket.tsv: [Errno 2] No such file or directory: '/Users/ckriech/projects/clemens33/ae-rust/docs/migration/evidence/phase4-run/captures/0214-ls-alias-all/human-clock-bracket.tsv'				
217	arms/A1/c14-display-only-legacy-rw/consumers.tsv	list	fixture-abort	HUMAN-CLOCK-BRACKET-MISSING /Users/ckriech/projects/clemens33/ae-rust/docs/migration/evidence/phase4-run/captures/0217-list/human-clock-bracket.tsv: [Errno 2] No such file or directory: '/Users/ckriech/projects/clemens33/ae-rust/docs/migration/evidence/phase4-run/captures/0217-list/human-clock-bracket.tsv'				
219	arms/A1/c14-display-only-legacy-rw/consumers.tsv	list-all	fixture-abort	HUMAN-CLOCK-BRACKET-MISSING /Users/ckriech/projects/clemens33/ae-rust/docs/migration/evidence/phase4-run/captures/0219-list-all/human-clock-bracket.tsv: [Errno 2] No such file or directory: '/Users/ckriech/projects/clemens33/ae-rust/docs/migration/evidence/phase4-run/captures/0219-list-all/human-clock-bracket.tsv'				
221	arms/A1/c14-display-only-legacy-rw/consumers.tsv	ls-alias	fixture-abort	HUMAN-CLOCK-BRACKET-MISSING /Users/ckriech/projects/clemens33/ae-rust/docs/migration/evidence/phase4-run/captures/0221-ls-alias/human-clock-bracket.tsv: [Errno 2] No such file or directory: '/Users/ckriech/projects/clemens33/ae-rust/docs/migration/evidence/phase4-run/captures/0221-ls-alias/human-clock-bracket.tsv'				
222	arms/A1/c14-display-only-legacy-rw/consumers.tsv	ls-alias-all	fixture-abort	HUMAN-CLOCK-BRACKET-MISSING /Users/ckriech/projects/clemens33/ae-rust/docs/migration/evidence/phase4-run/captures/0222-ls-alias-all/human-clock-bracket.tsv: [Errno 2] No such file or directory: '/Users/ckriech/projects/clemens33/ae-rust/docs/migration/evidence/phase4-run/captures/0222-ls-alias-all/human-clock-bracket.tsv'				
225	arms/A1/c15-meta-unknown-keys-ro/consumers.tsv	list	fixture-abort	HUMAN-CLOCK-BRACKET-MISSING /Users/ckriech/projects/clemens33/ae-rust/docs/migration/evidence/phase4-run/captures/0225-list/human-clock-bracket.tsv: [Errno 2] No such file or directory: '/Users/ckriech/projects/clemens33/ae-rust/docs/migration/evidence/phase4-run/captures/0225-list/human-clock-bracket.tsv'				
227	arms/A1/c15-meta-unknown-keys-ro/consumers.tsv	list-all	fixture-abort	HUMAN-CLOCK-BRACKET-MISSING /Users/ckriech/projects/clemens33/ae-rust/docs/migration/evidence/phase4-run/captures/0227-list-all/human-clock-bracket.tsv: [Errno 2] No such file or directory: '/Users/ckriech/projects/clemens33/ae-rust/docs/migration/evidence/phase4-run/captures/0227-list-all/human-clock-bracket.tsv'				
229	arms/A1/c15-meta-unknown-keys-ro/consumers.tsv	ls-alias	fixture-abort	HUMAN-CLOCK-BRACKET-MISSING /Users/ckriech/projects/clemens33/ae-rust/docs/migration/evidence/phase4-run/captures/0229-ls-alias/human-clock-bracket.tsv: [Errno 2] No such file or directory: '/Users/ckriech/projects/clemens33/ae-rust/docs/migration/evidence/phase4-run/captures/0229-ls-alias/human-clock-bracket.tsv'				
230	arms/A1/c15-meta-unknown-keys-ro/consumers.tsv	ls-alias-all	fixture-abort	HUMAN-CLOCK-BRACKET-MISSING /Users/ckriech/projects/clemens33/ae-rust/docs/migration/evidence/phase4-run/captures/0230-ls-alias-all/human-clock-bracket.tsv: [Errno 2] No such file or directory: '/Users/ckriech/projects/clemens33/ae-rust/docs/migration/evidence/phase4-run/captures/0230-ls-alias-all/human-clock-bracket.tsv'				
233	arms/A1/c15-meta-unknown-keys-rw/consumers.tsv	list	fixture-abort	HUMAN-CLOCK-BRACKET-MISSING /Users/ckriech/projects/clemens33/ae-rust/docs/migration/evidence/phase4-run/captures/0233-list/human-clock-bracket.tsv: [Errno 2] No such file or directory: '/Users/ckriech/projects/clemens33/ae-rust/docs/migration/evidence/phase4-run/captures/0233-list/human-clock-bracket.tsv'				
235	arms/A1/c15-meta-unknown-keys-rw/consumers.tsv	list-all	fixture-abort	HUMAN-CLOCK-BRACKET-MISSING /Users/ckriech/projects/clemens33/ae-rust/docs/migration/evidence/phase4-run/captures/0235-list-all/human-clock-bracket.tsv: [Errno 2] No such file or directory: '/Users/ckriech/projects/clemens33/ae-rust/docs/migration/evidence/phase4-run/captures/0235-list-all/human-clock-bracket.tsv'				
237	arms/A1/c15-meta-unknown-keys-rw/consumers.tsv	ls-alias	fixture-abort	HUMAN-CLOCK-BRACKET-MISSING /Users/ckriech/projects/clemens33/ae-rust/docs/migration/evidence/phase4-run/captures/0237-ls-alias/human-clock-bracket.tsv: [Errno 2] No such file or directory: '/Users/ckriech/projects/clemens33/ae-rust/docs/migration/evidence/phase4-run/captures/0237-ls-alias/human-clock-bracket.tsv'				
238	arms/A1/c15-meta-unknown-keys-rw/consumers.tsv	ls-alias-all	fixture-abort	HUMAN-CLOCK-BRACKET-MISSING /Users/ckriech/projects/clemens33/ae-rust/docs/migration/evidence/phase4-run/captures/0238-ls-alias-all/human-clock-bracket.tsv: [Errno 2] No such file or directory: '/Users/ckriech/projects/clemens33/ae-rust/docs/migration/evidence/phase4-run/captures/0238-ls-alias-all/human-clock-bracket.tsv'				
241	arms/A1/c16-events-unknown-keys-ro/consumers.tsv	list	fixture-abort	HUMAN-CLOCK-BRACKET-MISSING /Users/ckriech/projects/clemens33/ae-rust/docs/migration/evidence/phase4-run/captures/0241-list/human-clock-bracket.tsv: [Errno 2] No such file or directory: '/Users/ckriech/projects/clemens33/ae-rust/docs/migration/evidence/phase4-run/captures/0241-list/human-clock-bracket.tsv'				
243	arms/A1/c16-events-unknown-keys-ro/consumers.tsv	list-all	fixture-abort	HUMAN-CLOCK-BRACKET-MISSING /Users/ckriech/projects/clemens33/ae-rust/docs/migration/evidence/phase4-run/captures/0243-list-all/human-clock-bracket.tsv: [Errno 2] No such file or directory: '/Users/ckriech/projects/clemens33/ae-rust/docs/migration/evidence/phase4-run/captures/0243-list-all/human-clock-bracket.tsv'				
245	arms/A1/c16-events-unknown-keys-ro/consumers.tsv	ls-alias	fixture-abort	HUMAN-CLOCK-BRACKET-MISSING /Users/ckriech/projects/clemens33/ae-rust/docs/migration/evidence/phase4-run/captures/0245-ls-alias/human-clock-bracket.tsv: [Errno 2] No such file or directory: '/Users/ckriech/projects/clemens33/ae-rust/docs/migration/evidence/phase4-run/captures/0245-ls-alias/human-clock-bracket.tsv'				
246	arms/A1/c16-events-unknown-keys-ro/consumers.tsv	ls-alias-all	fixture-abort	HUMAN-CLOCK-BRACKET-MISSING /Users/ckriech/projects/clemens33/ae-rust/docs/migration/evidence/phase4-run/captures/0246-ls-alias-all/human-clock-bracket.tsv: [Errno 2] No such file or directory: '/Users/ckriech/projects/clemens33/ae-rust/docs/migration/evidence/phase4-run/captures/0246-ls-alias-all/human-clock-bracket.tsv'				
249	arms/A1/c16-events-unknown-keys-rw/consumers.tsv	list	fixture-abort	HUMAN-CLOCK-BRACKET-MISSING /Users/ckriech/projects/clemens33/ae-rust/docs/migration/evidence/phase4-run/captures/0249-list/human-clock-bracket.tsv: [Errno 2] No such file or directory: '/Users/ckriech/projects/clemens33/ae-rust/docs/migration/evidence/phase4-run/captures/0249-list/human-clock-bracket.tsv'				
251	arms/A1/c16-events-unknown-keys-rw/consumers.tsv	list-all	fixture-abort	HUMAN-CLOCK-BRACKET-MISSING /Users/ckriech/projects/clemens33/ae-rust/docs/migration/evidence/phase4-run/captures/0251-list-all/human-clock-bracket.tsv: [Errno 2] No such file or directory: '/Users/ckriech/projects/clemens33/ae-rust/docs/migration/evidence/phase4-run/captures/0251-list-all/human-clock-bracket.tsv'				
253	arms/A1/c16-events-unknown-keys-rw/consumers.tsv	ls-alias	fixture-abort	HUMAN-CLOCK-BRACKET-MISSING /Users/ckriech/projects/clemens33/ae-rust/docs/migration/evidence/phase4-run/captures/0253-ls-alias/human-clock-bracket.tsv: [Errno 2] No such file or directory: '/Users/ckriech/projects/clemens33/ae-rust/docs/migration/evidence/phase4-run/captures/0253-ls-alias/human-clock-bracket.tsv'				
254	arms/A1/c16-events-unknown-keys-rw/consumers.tsv	ls-alias-all	fixture-abort	HUMAN-CLOCK-BRACKET-MISSING /Users/ckriech/projects/clemens33/ae-rust/docs/migration/evidence/phase4-run/captures/0254-ls-alias-all/human-clock-bracket.tsv: [Errno 2] No such file or directory: '/Users/ckriech/projects/clemens33/ae-rust/docs/migration/evidence/phase4-run/captures/0254-ls-alias-all/human-clock-bracket.tsv'				
257	arms/A1/c17-unknown-action-ro/consumers.tsv	list	fixture-abort	HUMAN-CLOCK-BRACKET-MISSING /Users/ckriech/projects/clemens33/ae-rust/docs/migration/evidence/phase4-run/captures/0257-list/human-clock-bracket.tsv: [Errno 2] No such file or directory: '/Users/ckriech/projects/clemens33/ae-rust/docs/migration/evidence/phase4-run/captures/0257-list/human-clock-bracket.tsv'				
259	arms/A1/c17-unknown-action-ro/consumers.tsv	list-all	fixture-abort	HUMAN-CLOCK-BRACKET-MISSING /Users/ckriech/projects/clemens33/ae-rust/docs/migration/evidence/phase4-run/captures/0259-list-all/human-clock-bracket.tsv: [Errno 2] No such file or directory: '/Users/ckriech/projects/clemens33/ae-rust/docs/migration/evidence/phase4-run/captures/0259-list-all/human-clock-bracket.tsv'				
261	arms/A1/c17-unknown-action-ro/consumers.tsv	ls-alias	fixture-abort	HUMAN-CLOCK-BRACKET-MISSING /Users/ckriech/projects/clemens33/ae-rust/docs/migration/evidence/phase4-run/captures/0261-ls-alias/human-clock-bracket.tsv: [Errno 2] No such file or directory: '/Users/ckriech/projects/clemens33/ae-rust/docs/migration/evidence/phase4-run/captures/0261-ls-alias/human-clock-bracket.tsv'				
262	arms/A1/c17-unknown-action-ro/consumers.tsv	ls-alias-all	fixture-abort	HUMAN-CLOCK-BRACKET-MISSING /Users/ckriech/projects/clemens33/ae-rust/docs/migration/evidence/phase4-run/captures/0262-ls-alias-all/human-clock-bracket.tsv: [Errno 2] No such file or directory: '/Users/ckriech/projects/clemens33/ae-rust/docs/migration/evidence/phase4-run/captures/0262-ls-alias-all/human-clock-bracket.tsv'				
265	arms/A1/c17-unknown-action-rw/consumers.tsv	list	fixture-abort	HUMAN-CLOCK-BRACKET-MISSING /Users/ckriech/projects/clemens33/ae-rust/docs/migration/evidence/phase4-run/captures/0265-list/human-clock-bracket.tsv: [Errno 2] No such file or directory: '/Users/ckriech/projects/clemens33/ae-rust/docs/migration/evidence/phase4-run/captures/0265-list/human-clock-bracket.tsv'				
267	arms/A1/c17-unknown-action-rw/consumers.tsv	list-all	fixture-abort	HUMAN-CLOCK-BRACKET-MISSING /Users/ckriech/projects/clemens33/ae-rust/docs/migration/evidence/phase4-run/captures/0267-list-all/human-clock-bracket.tsv: [Errno 2] No such file or directory: '/Users/ckriech/projects/clemens33/ae-rust/docs/migration/evidence/phase4-run/captures/0267-list-all/human-clock-bracket.tsv'				
269	arms/A1/c17-unknown-action-rw/consumers.tsv	ls-alias	fixture-abort	HUMAN-CLOCK-BRACKET-MISSING /Users/ckriech/projects/clemens33/ae-rust/docs/migration/evidence/phase4-run/captures/0269-ls-alias/human-clock-bracket.tsv: [Errno 2] No such file or directory: '/Users/ckriech/projects/clemens33/ae-rust/docs/migration/evidence/phase4-run/captures/0269-ls-alias/human-clock-bracket.tsv'				
270	arms/A1/c17-unknown-action-rw/consumers.tsv	ls-alias-all	fixture-abort	HUMAN-CLOCK-BRACKET-MISSING /Users/ckriech/projects/clemens33/ae-rust/docs/migration/evidence/phase4-run/captures/0270-ls-alias-all/human-clock-bracket.tsv: [Errno 2] No such file or directory: '/Users/ckriech/projects/clemens33/ae-rust/docs/migration/evidence/phase4-run/captures/0270-ls-alias-all/human-clock-bracket.tsv'				
273	arms/A1/c18-no-trailing-newline-ro/consumers.tsv	list	fixture-abort	HUMAN-CLOCK-BRACKET-MISSING /Users/ckriech/projects/clemens33/ae-rust/docs/migration/evidence/phase4-run/captures/0273-list/human-clock-bracket.tsv: [Errno 2] No such file or directory: '/Users/ckriech/projects/clemens33/ae-rust/docs/migration/evidence/phase4-run/captures/0273-list/human-clock-bracket.tsv'				
275	arms/A1/c18-no-trailing-newline-ro/consumers.tsv	list-all	fixture-abort	HUMAN-CLOCK-BRACKET-MISSING /Users/ckriech/projects/clemens33/ae-rust/docs/migration/evidence/phase4-run/captures/0275-list-all/human-clock-bracket.tsv: [Errno 2] No such file or directory: '/Users/ckriech/projects/clemens33/ae-rust/docs/migration/evidence/phase4-run/captures/0275-list-all/human-clock-bracket.tsv'				
277	arms/A1/c18-no-trailing-newline-ro/consumers.tsv	ls-alias	fixture-abort	HUMAN-CLOCK-BRACKET-MISSING /Users/ckriech/projects/clemens33/ae-rust/docs/migration/evidence/phase4-run/captures/0277-ls-alias/human-clock-bracket.tsv: [Errno 2] No such file or directory: '/Users/ckriech/projects/clemens33/ae-rust/docs/migration/evidence/phase4-run/captures/0277-ls-alias/human-clock-bracket.tsv'				
278	arms/A1/c18-no-trailing-newline-ro/consumers.tsv	ls-alias-all	fixture-abort	HUMAN-CLOCK-BRACKET-MISSING /Users/ckriech/projects/clemens33/ae-rust/docs/migration/evidence/phase4-run/captures/0278-ls-alias-all/human-clock-bracket.tsv: [Errno 2] No such file or directory: '/Users/ckriech/projects/clemens33/ae-rust/docs/migration/evidence/phase4-run/captures/0278-ls-alias-all/human-clock-bracket.tsv'				
281	arms/A1/c18-no-trailing-newline-rw/consumers.tsv	list	fixture-abort	HUMAN-CLOCK-BRACKET-MISSING /Users/ckriech/projects/clemens33/ae-rust/docs/migration/evidence/phase4-run/captures/0281-list/human-clock-bracket.tsv: [Errno 2] No such file or directory: '/Users/ckriech/projects/clemens33/ae-rust/docs/migration/evidence/phase4-run/captures/0281-list/human-clock-bracket.tsv'				
283	arms/A1/c18-no-trailing-newline-rw/consumers.tsv	list-all	fixture-abort	HUMAN-CLOCK-BRACKET-MISSING /Users/ckriech/projects/clemens33/ae-rust/docs/migration/evidence/phase4-run/captures/0283-list-all/human-clock-bracket.tsv: [Errno 2] No such file or directory: '/Users/ckriech/projects/clemens33/ae-rust/docs/migration/evidence/phase4-run/captures/0283-list-all/human-clock-bracket.tsv'				
285	arms/A1/c18-no-trailing-newline-rw/consumers.tsv	ls-alias	fixture-abort	HUMAN-CLOCK-BRACKET-MISSING /Users/ckriech/projects/clemens33/ae-rust/docs/migration/evidence/phase4-run/captures/0285-ls-alias/human-clock-bracket.tsv: [Errno 2] No such file or directory: '/Users/ckriech/projects/clemens33/ae-rust/docs/migration/evidence/phase4-run/captures/0285-ls-alias/human-clock-bracket.tsv'				
286	arms/A1/c18-no-trailing-newline-rw/consumers.tsv	ls-alias-all	fixture-abort	HUMAN-CLOCK-BRACKET-MISSING /Users/ckriech/projects/clemens33/ae-rust/docs/migration/evidence/phase4-run/captures/0286-ls-alias-all/human-clock-bracket.tsv: [Errno 2] No such file or directory: '/Users/ckriech/projects/clemens33/ae-rust/docs/migration/evidence/phase4-run/captures/0286-ls-alias-all/human-clock-bracket.tsv'				
289	arms/A1/c19-partial-tail-ro/consumers.tsv	list	fixture-abort	HUMAN-CLOCK-BRACKET-MISSING /Users/ckriech/projects/clemens33/ae-rust/docs/migration/evidence/phase4-run/captures/0289-list/human-clock-bracket.tsv: [Errno 2] No such file or directory: '/Users/ckriech/projects/clemens33/ae-rust/docs/migration/evidence/phase4-run/captures/0289-list/human-clock-bracket.tsv'				
291	arms/A1/c19-partial-tail-ro/consumers.tsv	list-all	fixture-abort	HUMAN-CLOCK-BRACKET-MISSING /Users/ckriech/projects/clemens33/ae-rust/docs/migration/evidence/phase4-run/captures/0291-list-all/human-clock-bracket.tsv: [Errno 2] No such file or directory: '/Users/ckriech/projects/clemens33/ae-rust/docs/migration/evidence/phase4-run/captures/0291-list-all/human-clock-bracket.tsv'				
293	arms/A1/c19-partial-tail-ro/consumers.tsv	ls-alias	fixture-abort	HUMAN-CLOCK-BRACKET-MISSING /Users/ckriech/projects/clemens33/ae-rust/docs/migration/evidence/phase4-run/captures/0293-ls-alias/human-clock-bracket.tsv: [Errno 2] No such file or directory: '/Users/ckriech/projects/clemens33/ae-rust/docs/migration/evidence/phase4-run/captures/0293-ls-alias/human-clock-bracket.tsv'				
294	arms/A1/c19-partial-tail-ro/consumers.tsv	ls-alias-all	fixture-abort	HUMAN-CLOCK-BRACKET-MISSING /Users/ckriech/projects/clemens33/ae-rust/docs/migration/evidence/phase4-run/captures/0294-ls-alias-all/human-clock-bracket.tsv: [Errno 2] No such file or directory: '/Users/ckriech/projects/clemens33/ae-rust/docs/migration/evidence/phase4-run/captures/0294-ls-alias-all/human-clock-bracket.tsv'				
297	arms/A1/c19-partial-tail-rw/consumers.tsv	list	fixture-abort	HUMAN-CLOCK-BRACKET-MISSING /Users/ckriech/projects/clemens33/ae-rust/docs/migration/evidence/phase4-run/captures/0297-list/human-clock-bracket.tsv: [Errno 2] No such file or directory: '/Users/ckriech/projects/clemens33/ae-rust/docs/migration/evidence/phase4-run/captures/0297-list/human-clock-bracket.tsv'				
299	arms/A1/c19-partial-tail-rw/consumers.tsv	list-all	fixture-abort	HUMAN-CLOCK-BRACKET-MISSING /Users/ckriech/projects/clemens33/ae-rust/docs/migration/evidence/phase4-run/captures/0299-list-all/human-clock-bracket.tsv: [Errno 2] No such file or directory: '/Users/ckriech/projects/clemens33/ae-rust/docs/migration/evidence/phase4-run/captures/0299-list-all/human-clock-bracket.tsv'				
301	arms/A1/c19-partial-tail-rw/consumers.tsv	ls-alias	fixture-abort	HUMAN-CLOCK-BRACKET-MISSING /Users/ckriech/projects/clemens33/ae-rust/docs/migration/evidence/phase4-run/captures/0301-ls-alias/human-clock-bracket.tsv: [Errno 2] No such file or directory: '/Users/ckriech/projects/clemens33/ae-rust/docs/migration/evidence/phase4-run/captures/0301-ls-alias/human-clock-bracket.tsv'				
302	arms/A1/c19-partial-tail-rw/consumers.tsv	ls-alias-all	fixture-abort	HUMAN-CLOCK-BRACKET-MISSING /Users/ckriech/projects/clemens33/ae-rust/docs/migration/evidence/phase4-run/captures/0302-ls-alias-all/human-clock-bracket.tsv: [Errno 2] No such file or directory: '/Users/ckriech/projects/clemens33/ae-rust/docs/migration/evidence/phase4-run/captures/0302-ls-alias-all/human-clock-bracket.tsv'				
305	arms/A1/c20-405k-live/consumers.tsv	s0-baseline/list	fixture-abort	no-capture				
307	arms/A1/c20-405k-live/consumers.tsv	s0-baseline/list-all	fixture-abort	no-capture				
309	arms/A1/c20-405k-live/consumers.tsv	s0-baseline-clocale/list	fixture-abort	no-capture				
311	arms/A1/c20-405k-live/consumers.tsv	s1-extra-pane/list	fixture-abort	no-capture				
313	arms/A1/c20-405k-live/consumers.tsv	s1-extra-pane/list-all	fixture-abort	no-capture				
315	arms/A1/c20-405k-live/consumers.tsv	s2-extra-pane-and-missing-roster-pane/list	fixture-abort	no-capture				
317	arms/A1/c20-405k-live/consumers.tsv	s2-extra-pane-and-missing-roster-pane/list-all	fixture-abort	no-capture				
319	arms/A2/c01-filters-ro/consumers.tsv	list	fixture-abort	HUMAN-CLOCK-BRACKET-MISSING /Users/ckriech/projects/clemens33/ae-rust/docs/migration/evidence/phase4-run/captures/0319-list/human-clock-bracket.tsv: [Errno 2] No such file or directory: '/Users/ckriech/projects/clemens33/ae-rust/docs/migration/evidence/phase4-run/captures/0319-list/human-clock-bracket.tsv'				
321	arms/A2/c01-filters-ro/consumers.tsv	ls	fixture-abort	HUMAN-CLOCK-BRACKET-MISSING /Users/ckriech/projects/clemens33/ae-rust/docs/migration/evidence/phase4-run/captures/0321-ls/human-clock-bracket.tsv: [Errno 2] No such file or directory: '/Users/ckriech/projects/clemens33/ae-rust/docs/migration/evidence/phase4-run/captures/0321-ls/human-clock-bracket.tsv'				
323	arms/A2/c01-filters-ro/consumers.tsv	list_running	fixture-abort	HUMAN-CLOCK-BRACKET-MISSING /Users/ckriech/projects/clemens33/ae-rust/docs/migration/evidence/phase4-run/captures/0323-list_running/human-clock-bracket.tsv: [Errno 2] No such file or directory: '/Users/ckriech/projects/clemens33/ae-rust/docs/migration/evidence/phase4-run/captures/0323-list_running/human-clock-bracket.tsv'				
325	arms/A2/c01-filters-ro/consumers.tsv	ls_running	fixture-abort	HUMAN-CLOCK-BRACKET-MISSING /Users/ckriech/projects/clemens33/ae-rust/docs/migration/evidence/phase4-run/captures/0325-ls_running/human-clock-bracket.tsv: [Errno 2] No such file or directory: '/Users/ckriech/projects/clemens33/ae-rust/docs/migration/evidence/phase4-run/captures/0325-ls_running/human-clock-bracket.tsv'				
327	arms/A2/c01-filters-ro/consumers.tsv	list_all	fixture-abort	HUMAN-CLOCK-BRACKET-MISSING /Users/ckriech/projects/clemens33/ae-rust/docs/migration/evidence/phase4-run/captures/0327-list_all/human-clock-bracket.tsv: [Errno 2] No such file or directory: '/Users/ckriech/projects/clemens33/ae-rust/docs/migration/evidence/phase4-run/captures/0327-list_all/human-clock-bracket.tsv'				
329	arms/A2/c01-filters-ro/consumers.tsv	ls_all	fixture-abort	HUMAN-CLOCK-BRACKET-MISSING /Users/ckriech/projects/clemens33/ae-rust/docs/migration/evidence/phase4-run/captures/0329-ls_all/human-clock-bracket.tsv: [Errno 2] No such file or directory: '/Users/ckriech/projects/clemens33/ae-rust/docs/migration/evidence/phase4-run/captures/0329-ls_all/human-clock-bracket.tsv'				
331	arms/A2/c01-filters-ro/consumers.tsv	list_stopped	fixture-abort	HUMAN-CLOCK-BRACKET-MISSING /Users/ckriech/projects/clemens33/ae-rust/docs/migration/evidence/phase4-run/captures/0331-list_stopped/human-clock-bracket.tsv: [Errno 2] No such file or directory: '/Users/ckriech/projects/clemens33/ae-rust/docs/migration/evidence/phase4-run/captures/0331-list_stopped/human-clock-bracket.tsv'				
333	arms/A2/c01-filters-ro/consumers.tsv	ls_stopped	fixture-abort	HUMAN-CLOCK-BRACKET-MISSING /Users/ckriech/projects/clemens33/ae-rust/docs/migration/evidence/phase4-run/captures/0333-ls_stopped/human-clock-bracket.tsv: [Errno 2] No such file or directory: '/Users/ckriech/projects/clemens33/ae-rust/docs/migration/evidence/phase4-run/captures/0333-ls_stopped/human-clock-bracket.tsv'				
335	arms/A2/c01-filters-ro/consumers.tsv	list_needsattn	fixture-abort	HUMAN-CLOCK-BRACKET-MISSING /Users/ckriech/projects/clemens33/ae-rust/docs/migration/evidence/phase4-run/captures/0335-list_needsattn/human-clock-bracket.tsv: [Errno 2] No such file or directory: '/Users/ckriech/projects/clemens33/ae-rust/docs/migration/evidence/phase4-run/captures/0335-list_needsattn/human-clock-bracket.tsv'				
337	arms/A2/c01-filters-ro/consumers.tsv	ls_needsattn	fixture-abort	HUMAN-CLOCK-BRACKET-MISSING /Users/ckriech/projects/clemens33/ae-rust/docs/migration/evidence/phase4-run/captures/0337-ls_needsattn/human-clock-bracket.tsv: [Errno 2] No such file or directory: '/Users/ckriech/projects/clemens33/ae-rust/docs/migration/evidence/phase4-run/captures/0337-ls_needsattn/human-clock-bracket.tsv'				
339	arms/A2/c01-filters-ro/consumers.tsv	list_needsme	fixture-abort	HUMAN-CLOCK-BRACKET-MISSING /Users/ckriech/projects/clemens33/ae-rust/docs/migration/evidence/phase4-run/captures/0339-list_needsme/human-clock-bracket.tsv: [Errno 2] No such file or directory: '/Users/ckriech/projects/clemens33/ae-rust/docs/migration/evidence/phase4-run/captures/0339-list_needsme/human-clock-bracket.tsv'				
341	arms/A2/c01-filters-ro/consumers.tsv	ls_needsme	fixture-abort	HUMAN-CLOCK-BRACKET-MISSING /Users/ckriech/projects/clemens33/ae-rust/docs/migration/evidence/phase4-run/captures/0341-ls_needsme/human-clock-bracket.tsv: [Errno 2] No such file or directory: '/Users/ckriech/projects/clemens33/ae-rust/docs/migration/evidence/phase4-run/captures/0341-ls_needsme/human-clock-bracket.tsv'				
343	arms/A2/c01-filters-ro/consumers.tsv	list_needs	fixture-abort	HUMAN-CLOCK-BRACKET-MISSING /Users/ckriech/projects/clemens33/ae-rust/docs/migration/evidence/phase4-run/captures/0343-list_needs/human-clock-bracket.tsv: [Errno 2] No such file or directory: '/Users/ckriech/projects/clemens33/ae-rust/docs/migration/evidence/phase4-run/captures/0343-list_needs/human-clock-bracket.tsv'				
345	arms/A2/c01-filters-ro/consumers.tsv	ls_needs	fixture-abort	HUMAN-CLOCK-BRACKET-MISSING /Users/ckriech/projects/clemens33/ae-rust/docs/migration/evidence/phase4-run/captures/0345-ls_needs/human-clock-bracket.tsv: [Errno 2] No such file or directory: '/Users/ckriech/projects/clemens33/ae-rust/docs/migration/evidence/phase4-run/captures/0345-ls_needs/human-clock-bracket.tsv'				
347	arms/A2/c01-filters-ro/consumers.tsv	list_attn	fixture-abort	HUMAN-CLOCK-BRACKET-MISSING /Users/ckriech/projects/clemens33/ae-rust/docs/migration/evidence/phase4-run/captures/0347-list_attn/human-clock-bracket.tsv: [Errno 2] No such file or directory: '/Users/ckriech/projects/clemens33/ae-rust/docs/migration/evidence/phase4-run/captures/0347-list_attn/human-clock-bracket.tsv'				
349	arms/A2/c01-filters-ro/consumers.tsv	ls_attn	fixture-abort	HUMAN-CLOCK-BRACKET-MISSING /Users/ckriech/projects/clemens33/ae-rust/docs/migration/evidence/phase4-run/captures/0349-ls_attn/human-clock-bracket.tsv: [Errno 2] No such file or directory: '/Users/ckriech/projects/clemens33/ae-rust/docs/migration/evidence/phase4-run/captures/0349-ls_attn/human-clock-bracket.tsv'				
351	arms/A2/c01-filters-ro/consumers.tsv	list_active	fixture-abort	HUMAN-CLOCK-BRACKET-MISSING /Users/ckriech/projects/clemens33/ae-rust/docs/migration/evidence/phase4-run/captures/0351-list_active/human-clock-bracket.tsv: [Errno 2] No such file or directory: '/Users/ckriech/projects/clemens33/ae-rust/docs/migration/evidence/phase4-run/captures/0351-list_active/human-clock-bracket.tsv'				
353	arms/A2/c01-filters-ro/consumers.tsv	ls_active	fixture-abort	HUMAN-CLOCK-BRACKET-MISSING /Users/ckriech/projects/clemens33/ae-rust/docs/migration/evidence/phase4-run/captures/0353-ls_active/human-clock-bracket.tsv: [Errno 2] No such file or directory: '/Users/ckriech/projects/clemens33/ae-rust/docs/migration/evidence/phase4-run/captures/0353-ls_active/human-clock-bracket.tsv'				
355	arms/A2/c01-filters-ro/consumers.tsv	list_busy	fixture-abort	HUMAN-CLOCK-BRACKET-MISSING /Users/ckriech/projects/clemens33/ae-rust/docs/migration/evidence/phase4-run/captures/0355-list_busy/human-clock-bracket.tsv: [Errno 2] No such file or directory: '/Users/ckriech/projects/clemens33/ae-rust/docs/migration/evidence/phase4-run/captures/0355-list_busy/human-clock-bracket.tsv'				
357	arms/A2/c01-filters-ro/consumers.tsv	ls_busy	fixture-abort	HUMAN-CLOCK-BRACKET-MISSING /Users/ckriech/projects/clemens33/ae-rust/docs/migration/evidence/phase4-run/captures/0357-ls_busy/human-clock-bracket.tsv: [Errno 2] No such file or directory: '/Users/ckriech/projects/clemens33/ae-rust/docs/migration/evidence/phase4-run/captures/0357-ls_busy/human-clock-bracket.tsv'				
359	arms/A2/c01-filters-ro/consumers.tsv	inter_needsattnall	fixture-abort	HUMAN-CLOCK-BRACKET-MISSING /Users/ckriech/projects/clemens33/ae-rust/docs/migration/evidence/phase4-run/captures/0359-inter_needsattnall/human-clock-bracket.tsv: [Errno 2] No such file or directory: '/Users/ckriech/projects/clemens33/ae-rust/docs/migration/evidence/phase4-run/captures/0359-inter_needsattnall/human-clock-bracket.tsv'				
361	arms/A2/c01-filters-ro/consumers.tsv	inter_allneedsattn	fixture-abort	HUMAN-CLOCK-BRACKET-MISSING /Users/ckriech/projects/clemens33/ae-rust/docs/migration/evidence/phase4-run/captures/0361-inter_allneedsattn/human-clock-bracket.tsv: [Errno 2] No such file or directory: '/Users/ckriech/projects/clemens33/ae-rust/docs/migration/evidence/phase4-run/captures/0361-inter_allneedsattn/human-clock-bracket.tsv'				
363	arms/A2/c01-filters-ro/consumers.tsv	inter_activeall	fixture-abort	HUMAN-CLOCK-BRACKET-MISSING /Users/ckriech/projects/clemens33/ae-rust/docs/migration/evidence/phase4-run/captures/0363-inter_activeall/human-clock-bracket.tsv: [Errno 2] No such file or directory: '/Users/ckriech/projects/clemens33/ae-rust/docs/migration/evidence/phase4-run/captures/0363-inter_activeall/human-clock-bracket.tsv'				
365	arms/A2/c01-filters-ro/consumers.tsv	inter_allactive	fixture-abort	HUMAN-CLOCK-BRACKET-MISSING /Users/ckriech/projects/clemens33/ae-rust/docs/migration/evidence/phase4-run/captures/0365-inter_allactive/human-clock-bracket.tsv: [Errno 2] No such file or directory: '/Users/ckriech/projects/clemens33/ae-rust/docs/migration/evidence/phase4-run/captures/0365-inter_allactive/human-clock-bracket.tsv'				
367	arms/A2/c01-filters-ro/consumers.tsv	inter_needsattnstopped	fixture-abort	HUMAN-CLOCK-BRACKET-MISSING /Users/ckriech/projects/clemens33/ae-rust/docs/migration/evidence/phase4-run/captures/0367-inter_needsattnstopped/human-clock-bracket.tsv: [Errno 2] No such file or directory: '/Users/ckriech/projects/clemens33/ae-rust/docs/migration/evidence/phase4-run/captures/0367-inter_needsattnstopped/human-clock-bracket.tsv'				
369	arms/A2/c01-filters-ro/consumers.tsv	inter_activestopped	fixture-abort	HUMAN-CLOCK-BRACKET-MISSING /Users/ckriech/projects/clemens33/ae-rust/docs/migration/evidence/phase4-run/captures/0369-inter_activestopped/human-clock-bracket.tsv: [Errno 2] No such file or directory: '/Users/ckriech/projects/clemens33/ae-rust/docs/migration/evidence/phase4-run/captures/0369-inter_activestopped/human-clock-bracket.tsv'				
371	arms/A2/c01-filters-ro/consumers.tsv	list_badflag	not-evaluated	successor human invocation rc=2; temporal comparison unavailable				
372	arms/A2/c01-filters-ro/consumers.tsv	list_help	not-evaluated	successor human invocation rc=2; temporal comparison unavailable				
373	arms/A2/c01-filters-ro/consumers.tsv	win_inside_list_active	fixture-abort	HUMAN-CLOCK-BRACKET-MISSING /Users/ckriech/projects/clemens33/ae-rust/docs/migration/evidence/phase4-run/captures/0373-win_inside_list_active/human-clock-bracket.tsv: [Errno 2] No such file or directory: '/Users/ckriech/projects/clemens33/ae-rust/docs/migration/evidence/phase4-run/captures/0373-win_inside_list_active/human-clock-bracket.tsv'				
375	arms/A2/c01-filters-ro/consumers.tsv	win_inside_list_busy	fixture-abort	HUMAN-CLOCK-BRACKET-MISSING /Users/ckriech/projects/clemens33/ae-rust/docs/migration/evidence/phase4-run/captures/0375-win_inside_list_busy/human-clock-bracket.tsv: [Errno 2] No such file or directory: '/Users/ckriech/projects/clemens33/ae-rust/docs/migration/evidence/phase4-run/captures/0375-win_inside_list_busy/human-clock-bracket.tsv'				
376	arms/A2/c01-filters-ro/consumers.tsv	win_inside_active_all	fixture-abort	HUMAN-CLOCK-BRACKET-MISSING /Users/ckriech/projects/clemens33/ae-rust/docs/migration/evidence/phase4-run/captures/0376-win_inside_active_all/human-clock-bracket.tsv: [Errno 2] No such file or directory: '/Users/ckriech/projects/clemens33/ae-rust/docs/migration/evidence/phase4-run/captures/0376-win_inside_active_all/human-clock-bracket.tsv'				
377	arms/A2/c01-filters-ro/consumers.tsv	win_inside_all_active	fixture-abort	HUMAN-CLOCK-BRACKET-MISSING /Users/ckriech/projects/clemens33/ae-rust/docs/migration/evidence/phase4-run/captures/0377-win_inside_all_active/human-clock-bracket.tsv: [Errno 2] No such file or directory: '/Users/ckriech/projects/clemens33/ae-rust/docs/migration/evidence/phase4-run/captures/0377-win_inside_all_active/human-clock-bracket.tsv'				
378	arms/A2/c01-filters-ro/consumers.tsv	win_inside_active_stopped	fixture-abort	HUMAN-CLOCK-BRACKET-MISSING /Users/ckriech/projects/clemens33/ae-rust/docs/migration/evidence/phase4-run/captures/0378-win_inside_active_stopped/human-clock-bracket.tsv: [Errno 2] No such file or directory: '/Users/ckriech/projects/clemens33/ae-rust/docs/migration/evidence/phase4-run/captures/0378-win_inside_active_stopped/human-clock-bracket.tsv'				
379	arms/A2/c01-filters-ro/consumers.tsv	win_inside_stopped_active	fixture-abort	HUMAN-CLOCK-BRACKET-MISSING /Users/ckriech/projects/clemens33/ae-rust/docs/migration/evidence/phase4-run/captures/0379-win_inside_stopped_active/human-clock-bracket.tsv: [Errno 2] No such file or directory: '/Users/ckriech/projects/clemens33/ae-rust/docs/migration/evidence/phase4-run/captures/0379-win_inside_stopped_active/human-clock-bracket.tsv'				
380	arms/A2/c01-filters-ro/consumers.tsv	win_inside_needsattn_active	fixture-abort	HUMAN-CLOCK-BRACKET-MISSING /Users/ckriech/projects/clemens33/ae-rust/docs/migration/evidence/phase4-run/captures/0380-win_inside_needsattn_active/human-clock-bracket.tsv: [Errno 2] No such file or directory: '/Users/ckriech/projects/clemens33/ae-rust/docs/migration/evidence/phase4-run/captures/0380-win_inside_needsattn_active/human-clock-bracket.tsv'				
381	arms/A2/c01-filters-ro/consumers.tsv	win_inside_active_needsattn	fixture-abort	HUMAN-CLOCK-BRACKET-MISSING /Users/ckriech/projects/clemens33/ae-rust/docs/migration/evidence/phase4-run/captures/0381-win_inside_active_needsattn/human-clock-bracket.tsv: [Errno 2] No such file or directory: '/Users/ckriech/projects/clemens33/ae-rust/docs/migration/evidence/phase4-run/captures/0381-win_inside_active_needsattn/human-clock-bracket.tsv'				
382	arms/A2/c01-filters-ro/consumers.tsv	win_outside_list_active	fixture-abort	HUMAN-CLOCK-BRACKET-MISSING /Users/ckriech/projects/clemens33/ae-rust/docs/migration/evidence/phase4-run/captures/0382-win_outside_list_active/human-clock-bracket.tsv: [Errno 2] No such file or directory: '/Users/ckriech/projects/clemens33/ae-rust/docs/migration/evidence/phase4-run/captures/0382-win_outside_list_active/human-clock-bracket.tsv'				
384	arms/A2/c01-filters-ro/consumers.tsv	win_outside_list_busy	fixture-abort	HUMAN-CLOCK-BRACKET-MISSING /Users/ckriech/projects/clemens33/ae-rust/docs/migration/evidence/phase4-run/captures/0384-win_outside_list_busy/human-clock-bracket.tsv: [Errno 2] No such file or directory: '/Users/ckriech/projects/clemens33/ae-rust/docs/migration/evidence/phase4-run/captures/0384-win_outside_list_busy/human-clock-bracket.tsv'				
385	arms/A2/c01-filters-ro/consumers.tsv	win_outside_active_all	fixture-abort	HUMAN-CLOCK-BRACKET-MISSING /Users/ckriech/projects/clemens33/ae-rust/docs/migration/evidence/phase4-run/captures/0385-win_outside_active_all/human-clock-bracket.tsv: [Errno 2] No such file or directory: '/Users/ckriech/projects/clemens33/ae-rust/docs/migration/evidence/phase4-run/captures/0385-win_outside_active_all/human-clock-bracket.tsv'				
386	arms/A2/c01-filters-ro/consumers.tsv	win_outside_all_active	fixture-abort	HUMAN-CLOCK-BRACKET-MISSING /Users/ckriech/projects/clemens33/ae-rust/docs/migration/evidence/phase4-run/captures/0386-win_outside_all_active/human-clock-bracket.tsv: [Errno 2] No such file or directory: '/Users/ckriech/projects/clemens33/ae-rust/docs/migration/evidence/phase4-run/captures/0386-win_outside_all_active/human-clock-bracket.tsv'				
387	arms/A2/c01-filters-ro/consumers.tsv	win_outside_active_stopped	fixture-abort	HUMAN-CLOCK-BRACKET-MISSING /Users/ckriech/projects/clemens33/ae-rust/docs/migration/evidence/phase4-run/captures/0387-win_outside_active_stopped/human-clock-bracket.tsv: [Errno 2] No such file or directory: '/Users/ckriech/projects/clemens33/ae-rust/docs/migration/evidence/phase4-run/captures/0387-win_outside_active_stopped/human-clock-bracket.tsv'				
388	arms/A2/c01-filters-ro/consumers.tsv	win_outside_stopped_active	fixture-abort	HUMAN-CLOCK-BRACKET-MISSING /Users/ckriech/projects/clemens33/ae-rust/docs/migration/evidence/phase4-run/captures/0388-win_outside_stopped_active/human-clock-bracket.tsv: [Errno 2] No such file or directory: '/Users/ckriech/projects/clemens33/ae-rust/docs/migration/evidence/phase4-run/captures/0388-win_outside_stopped_active/human-clock-bracket.tsv'				
389	arms/A2/c01-filters-ro/consumers.tsv	win_outside_needsattn_active	fixture-abort	HUMAN-CLOCK-BRACKET-MISSING /Users/ckriech/projects/clemens33/ae-rust/docs/migration/evidence/phase4-run/captures/0389-win_outside_needsattn_active/human-clock-bracket.tsv: [Errno 2] No such file or directory: '/Users/ckriech/projects/clemens33/ae-rust/docs/migration/evidence/phase4-run/captures/0389-win_outside_needsattn_active/human-clock-bracket.tsv'				
390	arms/A2/c01-filters-ro/consumers.tsv	win_outside_active_needsattn	fixture-abort	HUMAN-CLOCK-BRACKET-MISSING /Users/ckriech/projects/clemens33/ae-rust/docs/migration/evidence/phase4-run/captures/0390-win_outside_active_needsattn/human-clock-bracket.tsv: [Errno 2] No such file or directory: '/Users/ckriech/projects/clemens33/ae-rust/docs/migration/evidence/phase4-run/captures/0390-win_outside_active_needsattn/human-clock-bracket.tsv'				
391	arms/A2/c01-filters-rw/consumers.tsv	list	fixture-abort	HUMAN-CLOCK-BRACKET-MISSING /Users/ckriech/projects/clemens33/ae-rust/docs/migration/evidence/phase4-run/captures/0391-list/human-clock-bracket.tsv: [Errno 2] No such file or directory: '/Users/ckriech/projects/clemens33/ae-rust/docs/migration/evidence/phase4-run/captures/0391-list/human-clock-bracket.tsv'				
393	arms/A2/c01-filters-rw/consumers.tsv	ls	fixture-abort	HUMAN-CLOCK-BRACKET-MISSING /Users/ckriech/projects/clemens33/ae-rust/docs/migration/evidence/phase4-run/captures/0393-ls/human-clock-bracket.tsv: [Errno 2] No such file or directory: '/Users/ckriech/projects/clemens33/ae-rust/docs/migration/evidence/phase4-run/captures/0393-ls/human-clock-bracket.tsv'				
395	arms/A2/c01-filters-rw/consumers.tsv	list_running	fixture-abort	HUMAN-CLOCK-BRACKET-MISSING /Users/ckriech/projects/clemens33/ae-rust/docs/migration/evidence/phase4-run/captures/0395-list_running/human-clock-bracket.tsv: [Errno 2] No such file or directory: '/Users/ckriech/projects/clemens33/ae-rust/docs/migration/evidence/phase4-run/captures/0395-list_running/human-clock-bracket.tsv'				
397	arms/A2/c01-filters-rw/consumers.tsv	ls_running	fixture-abort	HUMAN-CLOCK-BRACKET-MISSING /Users/ckriech/projects/clemens33/ae-rust/docs/migration/evidence/phase4-run/captures/0397-ls_running/human-clock-bracket.tsv: [Errno 2] No such file or directory: '/Users/ckriech/projects/clemens33/ae-rust/docs/migration/evidence/phase4-run/captures/0397-ls_running/human-clock-bracket.tsv'				
399	arms/A2/c01-filters-rw/consumers.tsv	list_all	fixture-abort	HUMAN-CLOCK-BRACKET-MISSING /Users/ckriech/projects/clemens33/ae-rust/docs/migration/evidence/phase4-run/captures/0399-list_all/human-clock-bracket.tsv: [Errno 2] No such file or directory: '/Users/ckriech/projects/clemens33/ae-rust/docs/migration/evidence/phase4-run/captures/0399-list_all/human-clock-bracket.tsv'				
401	arms/A2/c01-filters-rw/consumers.tsv	ls_all	fixture-abort	HUMAN-CLOCK-BRACKET-MISSING /Users/ckriech/projects/clemens33/ae-rust/docs/migration/evidence/phase4-run/captures/0401-ls_all/human-clock-bracket.tsv: [Errno 2] No such file or directory: '/Users/ckriech/projects/clemens33/ae-rust/docs/migration/evidence/phase4-run/captures/0401-ls_all/human-clock-bracket.tsv'				
403	arms/A2/c01-filters-rw/consumers.tsv	list_stopped	fixture-abort	HUMAN-CLOCK-BRACKET-MISSING /Users/ckriech/projects/clemens33/ae-rust/docs/migration/evidence/phase4-run/captures/0403-list_stopped/human-clock-bracket.tsv: [Errno 2] No such file or directory: '/Users/ckriech/projects/clemens33/ae-rust/docs/migration/evidence/phase4-run/captures/0403-list_stopped/human-clock-bracket.tsv'				
405	arms/A2/c01-filters-rw/consumers.tsv	ls_stopped	fixture-abort	HUMAN-CLOCK-BRACKET-MISSING /Users/ckriech/projects/clemens33/ae-rust/docs/migration/evidence/phase4-run/captures/0405-ls_stopped/human-clock-bracket.tsv: [Errno 2] No such file or directory: '/Users/ckriech/projects/clemens33/ae-rust/docs/migration/evidence/phase4-run/captures/0405-ls_stopped/human-clock-bracket.tsv'				
407	arms/A2/c01-filters-rw/consumers.tsv	list_needsattn	fixture-abort	HUMAN-CLOCK-BRACKET-MISSING /Users/ckriech/projects/clemens33/ae-rust/docs/migration/evidence/phase4-run/captures/0407-list_needsattn/human-clock-bracket.tsv: [Errno 2] No such file or directory: '/Users/ckriech/projects/clemens33/ae-rust/docs/migration/evidence/phase4-run/captures/0407-list_needsattn/human-clock-bracket.tsv'				
409	arms/A2/c01-filters-rw/consumers.tsv	ls_needsattn	fixture-abort	HUMAN-CLOCK-BRACKET-MISSING /Users/ckriech/projects/clemens33/ae-rust/docs/migration/evidence/phase4-run/captures/0409-ls_needsattn/human-clock-bracket.tsv: [Errno 2] No such file or directory: '/Users/ckriech/projects/clemens33/ae-rust/docs/migration/evidence/phase4-run/captures/0409-ls_needsattn/human-clock-bracket.tsv'				
411	arms/A2/c01-filters-rw/consumers.tsv	list_needsme	fixture-abort	HUMAN-CLOCK-BRACKET-MISSING /Users/ckriech/projects/clemens33/ae-rust/docs/migration/evidence/phase4-run/captures/0411-list_needsme/human-clock-bracket.tsv: [Errno 2] No such file or directory: '/Users/ckriech/projects/clemens33/ae-rust/docs/migration/evidence/phase4-run/captures/0411-list_needsme/human-clock-bracket.tsv'				
413	arms/A2/c01-filters-rw/consumers.tsv	ls_needsme	fixture-abort	HUMAN-CLOCK-BRACKET-MISSING /Users/ckriech/projects/clemens33/ae-rust/docs/migration/evidence/phase4-run/captures/0413-ls_needsme/human-clock-bracket.tsv: [Errno 2] No such file or directory: '/Users/ckriech/projects/clemens33/ae-rust/docs/migration/evidence/phase4-run/captures/0413-ls_needsme/human-clock-bracket.tsv'				
415	arms/A2/c01-filters-rw/consumers.tsv	list_needs	fixture-abort	HUMAN-CLOCK-BRACKET-MISSING /Users/ckriech/projects/clemens33/ae-rust/docs/migration/evidence/phase4-run/captures/0415-list_needs/human-clock-bracket.tsv: [Errno 2] No such file or directory: '/Users/ckriech/projects/clemens33/ae-rust/docs/migration/evidence/phase4-run/captures/0415-list_needs/human-clock-bracket.tsv'				
417	arms/A2/c01-filters-rw/consumers.tsv	ls_needs	fixture-abort	HUMAN-CLOCK-BRACKET-MISSING /Users/ckriech/projects/clemens33/ae-rust/docs/migration/evidence/phase4-run/captures/0417-ls_needs/human-clock-bracket.tsv: [Errno 2] No such file or directory: '/Users/ckriech/projects/clemens33/ae-rust/docs/migration/evidence/phase4-run/captures/0417-ls_needs/human-clock-bracket.tsv'				
419	arms/A2/c01-filters-rw/consumers.tsv	list_attn	fixture-abort	HUMAN-CLOCK-BRACKET-MISSING /Users/ckriech/projects/clemens33/ae-rust/docs/migration/evidence/phase4-run/captures/0419-list_attn/human-clock-bracket.tsv: [Errno 2] No such file or directory: '/Users/ckriech/projects/clemens33/ae-rust/docs/migration/evidence/phase4-run/captures/0419-list_attn/human-clock-bracket.tsv'				
421	arms/A2/c01-filters-rw/consumers.tsv	ls_attn	fixture-abort	HUMAN-CLOCK-BRACKET-MISSING /Users/ckriech/projects/clemens33/ae-rust/docs/migration/evidence/phase4-run/captures/0421-ls_attn/human-clock-bracket.tsv: [Errno 2] No such file or directory: '/Users/ckriech/projects/clemens33/ae-rust/docs/migration/evidence/phase4-run/captures/0421-ls_attn/human-clock-bracket.tsv'				
423	arms/A2/c01-filters-rw/consumers.tsv	list_active	fixture-abort	HUMAN-CLOCK-BRACKET-MISSING /Users/ckriech/projects/clemens33/ae-rust/docs/migration/evidence/phase4-run/captures/0423-list_active/human-clock-bracket.tsv: [Errno 2] No such file or directory: '/Users/ckriech/projects/clemens33/ae-rust/docs/migration/evidence/phase4-run/captures/0423-list_active/human-clock-bracket.tsv'				
425	arms/A2/c01-filters-rw/consumers.tsv	ls_active	fixture-abort	HUMAN-CLOCK-BRACKET-MISSING /Users/ckriech/projects/clemens33/ae-rust/docs/migration/evidence/phase4-run/captures/0425-ls_active/human-clock-bracket.tsv: [Errno 2] No such file or directory: '/Users/ckriech/projects/clemens33/ae-rust/docs/migration/evidence/phase4-run/captures/0425-ls_active/human-clock-bracket.tsv'				
427	arms/A2/c01-filters-rw/consumers.tsv	list_busy	fixture-abort	HUMAN-CLOCK-BRACKET-MISSING /Users/ckriech/projects/clemens33/ae-rust/docs/migration/evidence/phase4-run/captures/0427-list_busy/human-clock-bracket.tsv: [Errno 2] No such file or directory: '/Users/ckriech/projects/clemens33/ae-rust/docs/migration/evidence/phase4-run/captures/0427-list_busy/human-clock-bracket.tsv'				
429	arms/A2/c01-filters-rw/consumers.tsv	ls_busy	fixture-abort	HUMAN-CLOCK-BRACKET-MISSING /Users/ckriech/projects/clemens33/ae-rust/docs/migration/evidence/phase4-run/captures/0429-ls_busy/human-clock-bracket.tsv: [Errno 2] No such file or directory: '/Users/ckriech/projects/clemens33/ae-rust/docs/migration/evidence/phase4-run/captures/0429-ls_busy/human-clock-bracket.tsv'				
431	arms/A2/c01-filters-rw/consumers.tsv	inter_needsattnall	fixture-abort	HUMAN-CLOCK-BRACKET-MISSING /Users/ckriech/projects/clemens33/ae-rust/docs/migration/evidence/phase4-run/captures/0431-inter_needsattnall/human-clock-bracket.tsv: [Errno 2] No such file or directory: '/Users/ckriech/projects/clemens33/ae-rust/docs/migration/evidence/phase4-run/captures/0431-inter_needsattnall/human-clock-bracket.tsv'				
433	arms/A2/c01-filters-rw/consumers.tsv	inter_allneedsattn	fixture-abort	HUMAN-CLOCK-BRACKET-MISSING /Users/ckriech/projects/clemens33/ae-rust/docs/migration/evidence/phase4-run/captures/0433-inter_allneedsattn/human-clock-bracket.tsv: [Errno 2] No such file or directory: '/Users/ckriech/projects/clemens33/ae-rust/docs/migration/evidence/phase4-run/captures/0433-inter_allneedsattn/human-clock-bracket.tsv'				
435	arms/A2/c01-filters-rw/consumers.tsv	inter_activeall	fixture-abort	HUMAN-CLOCK-BRACKET-MISSING /Users/ckriech/projects/clemens33/ae-rust/docs/migration/evidence/phase4-run/captures/0435-inter_activeall/human-clock-bracket.tsv: [Errno 2] No such file or directory: '/Users/ckriech/projects/clemens33/ae-rust/docs/migration/evidence/phase4-run/captures/0435-inter_activeall/human-clock-bracket.tsv'				
437	arms/A2/c01-filters-rw/consumers.tsv	inter_allactive	fixture-abort	HUMAN-CLOCK-BRACKET-MISSING /Users/ckriech/projects/clemens33/ae-rust/docs/migration/evidence/phase4-run/captures/0437-inter_allactive/human-clock-bracket.tsv: [Errno 2] No such file or directory: '/Users/ckriech/projects/clemens33/ae-rust/docs/migration/evidence/phase4-run/captures/0437-inter_allactive/human-clock-bracket.tsv'				
439	arms/A2/c01-filters-rw/consumers.tsv	inter_needsattnstopped	fixture-abort	HUMAN-CLOCK-BRACKET-MISSING /Users/ckriech/projects/clemens33/ae-rust/docs/migration/evidence/phase4-run/captures/0439-inter_needsattnstopped/human-clock-bracket.tsv: [Errno 2] No such file or directory: '/Users/ckriech/projects/clemens33/ae-rust/docs/migration/evidence/phase4-run/captures/0439-inter_needsattnstopped/human-clock-bracket.tsv'				
441	arms/A2/c01-filters-rw/consumers.tsv	inter_activestopped	fixture-abort	HUMAN-CLOCK-BRACKET-MISSING /Users/ckriech/projects/clemens33/ae-rust/docs/migration/evidence/phase4-run/captures/0441-inter_activestopped/human-clock-bracket.tsv: [Errno 2] No such file or directory: '/Users/ckriech/projects/clemens33/ae-rust/docs/migration/evidence/phase4-run/captures/0441-inter_activestopped/human-clock-bracket.tsv'				
443	arms/A2/c01-filters-rw/consumers.tsv	list_badflag	not-evaluated	successor human invocation rc=2; temporal comparison unavailable				
444	arms/A2/c01-filters-rw/consumers.tsv	list_help	not-evaluated	successor human invocation rc=2; temporal comparison unavailable				
445	arms/A2/c01-filters-rw/consumers.tsv	win_inside_list_active	fixture-abort	HUMAN-CLOCK-BRACKET-MISSING /Users/ckriech/projects/clemens33/ae-rust/docs/migration/evidence/phase4-run/captures/0445-win_inside_list_active/human-clock-bracket.tsv: [Errno 2] No such file or directory: '/Users/ckriech/projects/clemens33/ae-rust/docs/migration/evidence/phase4-run/captures/0445-win_inside_list_active/human-clock-bracket.tsv'				
447	arms/A2/c01-filters-rw/consumers.tsv	win_inside_list_busy	fixture-abort	HUMAN-CLOCK-BRACKET-MISSING /Users/ckriech/projects/clemens33/ae-rust/docs/migration/evidence/phase4-run/captures/0447-win_inside_list_busy/human-clock-bracket.tsv: [Errno 2] No such file or directory: '/Users/ckriech/projects/clemens33/ae-rust/docs/migration/evidence/phase4-run/captures/0447-win_inside_list_busy/human-clock-bracket.tsv'				
448	arms/A2/c01-filters-rw/consumers.tsv	win_inside_active_all	fixture-abort	HUMAN-CLOCK-BRACKET-MISSING /Users/ckriech/projects/clemens33/ae-rust/docs/migration/evidence/phase4-run/captures/0448-win_inside_active_all/human-clock-bracket.tsv: [Errno 2] No such file or directory: '/Users/ckriech/projects/clemens33/ae-rust/docs/migration/evidence/phase4-run/captures/0448-win_inside_active_all/human-clock-bracket.tsv'				
449	arms/A2/c01-filters-rw/consumers.tsv	win_inside_all_active	fixture-abort	HUMAN-CLOCK-BRACKET-MISSING /Users/ckriech/projects/clemens33/ae-rust/docs/migration/evidence/phase4-run/captures/0449-win_inside_all_active/human-clock-bracket.tsv: [Errno 2] No such file or directory: '/Users/ckriech/projects/clemens33/ae-rust/docs/migration/evidence/phase4-run/captures/0449-win_inside_all_active/human-clock-bracket.tsv'				
450	arms/A2/c01-filters-rw/consumers.tsv	win_inside_active_stopped	fixture-abort	HUMAN-CLOCK-BRACKET-MISSING /Users/ckriech/projects/clemens33/ae-rust/docs/migration/evidence/phase4-run/captures/0450-win_inside_active_stopped/human-clock-bracket.tsv: [Errno 2] No such file or directory: '/Users/ckriech/projects/clemens33/ae-rust/docs/migration/evidence/phase4-run/captures/0450-win_inside_active_stopped/human-clock-bracket.tsv'				
451	arms/A2/c01-filters-rw/consumers.tsv	win_inside_stopped_active	fixture-abort	HUMAN-CLOCK-BRACKET-MISSING /Users/ckriech/projects/clemens33/ae-rust/docs/migration/evidence/phase4-run/captures/0451-win_inside_stopped_active/human-clock-bracket.tsv: [Errno 2] No such file or directory: '/Users/ckriech/projects/clemens33/ae-rust/docs/migration/evidence/phase4-run/captures/0451-win_inside_stopped_active/human-clock-bracket.tsv'				
452	arms/A2/c01-filters-rw/consumers.tsv	win_inside_needsattn_active	fixture-abort	HUMAN-CLOCK-BRACKET-MISSING /Users/ckriech/projects/clemens33/ae-rust/docs/migration/evidence/phase4-run/captures/0452-win_inside_needsattn_active/human-clock-bracket.tsv: [Errno 2] No such file or directory: '/Users/ckriech/projects/clemens33/ae-rust/docs/migration/evidence/phase4-run/captures/0452-win_inside_needsattn_active/human-clock-bracket.tsv'				
453	arms/A2/c01-filters-rw/consumers.tsv	win_inside_active_needsattn	fixture-abort	HUMAN-CLOCK-BRACKET-MISSING /Users/ckriech/projects/clemens33/ae-rust/docs/migration/evidence/phase4-run/captures/0453-win_inside_active_needsattn/human-clock-bracket.tsv: [Errno 2] No such file or directory: '/Users/ckriech/projects/clemens33/ae-rust/docs/migration/evidence/phase4-run/captures/0453-win_inside_active_needsattn/human-clock-bracket.tsv'				
454	arms/A2/c01-filters-rw/consumers.tsv	win_outside_list_active	fixture-abort	HUMAN-CLOCK-BRACKET-MISSING /Users/ckriech/projects/clemens33/ae-rust/docs/migration/evidence/phase4-run/captures/0454-win_outside_list_active/human-clock-bracket.tsv: [Errno 2] No such file or directory: '/Users/ckriech/projects/clemens33/ae-rust/docs/migration/evidence/phase4-run/captures/0454-win_outside_list_active/human-clock-bracket.tsv'				
456	arms/A2/c01-filters-rw/consumers.tsv	win_outside_list_busy	fixture-abort	HUMAN-CLOCK-BRACKET-MISSING /Users/ckriech/projects/clemens33/ae-rust/docs/migration/evidence/phase4-run/captures/0456-win_outside_list_busy/human-clock-bracket.tsv: [Errno 2] No such file or directory: '/Users/ckriech/projects/clemens33/ae-rust/docs/migration/evidence/phase4-run/captures/0456-win_outside_list_busy/human-clock-bracket.tsv'				
457	arms/A2/c01-filters-rw/consumers.tsv	win_outside_active_all	fixture-abort	HUMAN-CLOCK-BRACKET-MISSING /Users/ckriech/projects/clemens33/ae-rust/docs/migration/evidence/phase4-run/captures/0457-win_outside_active_all/human-clock-bracket.tsv: [Errno 2] No such file or directory: '/Users/ckriech/projects/clemens33/ae-rust/docs/migration/evidence/phase4-run/captures/0457-win_outside_active_all/human-clock-bracket.tsv'				
458	arms/A2/c01-filters-rw/consumers.tsv	win_outside_all_active	fixture-abort	HUMAN-CLOCK-BRACKET-MISSING /Users/ckriech/projects/clemens33/ae-rust/docs/migration/evidence/phase4-run/captures/0458-win_outside_all_active/human-clock-bracket.tsv: [Errno 2] No such file or directory: '/Users/ckriech/projects/clemens33/ae-rust/docs/migration/evidence/phase4-run/captures/0458-win_outside_all_active/human-clock-bracket.tsv'				
459	arms/A2/c01-filters-rw/consumers.tsv	win_outside_active_stopped	fixture-abort	HUMAN-CLOCK-BRACKET-MISSING /Users/ckriech/projects/clemens33/ae-rust/docs/migration/evidence/phase4-run/captures/0459-win_outside_active_stopped/human-clock-bracket.tsv: [Errno 2] No such file or directory: '/Users/ckriech/projects/clemens33/ae-rust/docs/migration/evidence/phase4-run/captures/0459-win_outside_active_stopped/human-clock-bracket.tsv'				
460	arms/A2/c01-filters-rw/consumers.tsv	win_outside_stopped_active	fixture-abort	HUMAN-CLOCK-BRACKET-MISSING /Users/ckriech/projects/clemens33/ae-rust/docs/migration/evidence/phase4-run/captures/0460-win_outside_stopped_active/human-clock-bracket.tsv: [Errno 2] No such file or directory: '/Users/ckriech/projects/clemens33/ae-rust/docs/migration/evidence/phase4-run/captures/0460-win_outside_stopped_active/human-clock-bracket.tsv'				
461	arms/A2/c01-filters-rw/consumers.tsv	win_outside_needsattn_active	fixture-abort	HUMAN-CLOCK-BRACKET-MISSING /Users/ckriech/projects/clemens33/ae-rust/docs/migration/evidence/phase4-run/captures/0461-win_outside_needsattn_active/human-clock-bracket.tsv: [Errno 2] No such file or directory: '/Users/ckriech/projects/clemens33/ae-rust/docs/migration/evidence/phase4-run/captures/0461-win_outside_needsattn_active/human-clock-bracket.tsv'				
462	arms/A2/c01-filters-rw/consumers.tsv	win_outside_active_needsattn	fixture-abort	HUMAN-CLOCK-BRACKET-MISSING /Users/ckriech/projects/clemens33/ae-rust/docs/migration/evidence/phase4-run/captures/0462-win_outside_active_needsattn/human-clock-bracket.tsv: [Errno 2] No such file or directory: '/Users/ckriech/projects/clemens33/ae-rust/docs/migration/evidence/phase4-run/captures/0462-win_outside_active_needsattn/human-clock-bracket.tsv'				
463	arms/A3/c01-dead-ro/consumers.tsv	list	fixture-abort	HUMAN-CLOCK-BRACKET-MISSING /Users/ckriech/projects/clemens33/ae-rust/docs/migration/evidence/phase4-run/captures/0463-list/human-clock-bracket.tsv: [Errno 2] No such file or directory: '/Users/ckriech/projects/clemens33/ae-rust/docs/migration/evidence/phase4-run/captures/0463-list/human-clock-bracket.tsv'				
466	arms/A3/c01-dead-ro/consumers.tsv	list-needsattn	fixture-abort	HUMAN-CLOCK-BRACKET-MISSING /Users/ckriech/projects/clemens33/ae-rust/docs/migration/evidence/phase4-run/captures/0466-list-needsattn/human-clock-bracket.tsv: [Errno 2] No such file or directory: '/Users/ckriech/projects/clemens33/ae-rust/docs/migration/evidence/phase4-run/captures/0466-list-needsattn/human-clock-bracket.tsv'				
468	arms/A3/c01-dead-ro/consumers.tsv	list-active	fixture-abort	HUMAN-CLOCK-BRACKET-MISSING /Users/ckriech/projects/clemens33/ae-rust/docs/migration/evidence/phase4-run/captures/0468-list-active/human-clock-bracket.tsv: [Errno 2] No such file or directory: '/Users/ckriech/projects/clemens33/ae-rust/docs/migration/evidence/phase4-run/captures/0468-list-active/human-clock-bracket.tsv'				
471	arms/A3/c01-dead-rw/consumers.tsv	list	fixture-abort	HUMAN-CLOCK-BRACKET-MISSING /Users/ckriech/projects/clemens33/ae-rust/docs/migration/evidence/phase4-run/captures/0471-list/human-clock-bracket.tsv: [Errno 2] No such file or directory: '/Users/ckriech/projects/clemens33/ae-rust/docs/migration/evidence/phase4-run/captures/0471-list/human-clock-bracket.tsv'				
474	arms/A3/c01-dead-rw/consumers.tsv	list-needsattn	fixture-abort	HUMAN-CLOCK-BRACKET-MISSING /Users/ckriech/projects/clemens33/ae-rust/docs/migration/evidence/phase4-run/captures/0474-list-needsattn/human-clock-bracket.tsv: [Errno 2] No such file or directory: '/Users/ckriech/projects/clemens33/ae-rust/docs/migration/evidence/phase4-run/captures/0474-list-needsattn/human-clock-bracket.tsv'				
476	arms/A3/c01-dead-rw/consumers.tsv	list-active	fixture-abort	HUMAN-CLOCK-BRACKET-MISSING /Users/ckriech/projects/clemens33/ae-rust/docs/migration/evidence/phase4-run/captures/0476-list-active/human-clock-bracket.tsv: [Errno 2] No such file or directory: '/Users/ckriech/projects/clemens33/ae-rust/docs/migration/evidence/phase4-run/captures/0476-list-active/human-clock-bracket.tsv'				
479	arms/A3/c02-stale-ro/consumers.tsv	list	fixture-abort	HUMAN-CLOCK-BRACKET-MISSING /Users/ckriech/projects/clemens33/ae-rust/docs/migration/evidence/phase4-run/captures/0479-list/human-clock-bracket.tsv: [Errno 2] No such file or directory: '/Users/ckriech/projects/clemens33/ae-rust/docs/migration/evidence/phase4-run/captures/0479-list/human-clock-bracket.tsv'				
482	arms/A3/c02-stale-ro/consumers.tsv	list-needsattn	fixture-abort	HUMAN-CLOCK-BRACKET-MISSING /Users/ckriech/projects/clemens33/ae-rust/docs/migration/evidence/phase4-run/captures/0482-list-needsattn/human-clock-bracket.tsv: [Errno 2] No such file or directory: '/Users/ckriech/projects/clemens33/ae-rust/docs/migration/evidence/phase4-run/captures/0482-list-needsattn/human-clock-bracket.tsv'				
484	arms/A3/c02-stale-ro/consumers.tsv	list-active	fixture-abort	HUMAN-CLOCK-BRACKET-MISSING /Users/ckriech/projects/clemens33/ae-rust/docs/migration/evidence/phase4-run/captures/0484-list-active/human-clock-bracket.tsv: [Errno 2] No such file or directory: '/Users/ckriech/projects/clemens33/ae-rust/docs/migration/evidence/phase4-run/captures/0484-list-active/human-clock-bracket.tsv'				
487	arms/A3/c02-stale-rw/consumers.tsv	list	fixture-abort	HUMAN-CLOCK-BRACKET-MISSING /Users/ckriech/projects/clemens33/ae-rust/docs/migration/evidence/phase4-run/captures/0487-list/human-clock-bracket.tsv: [Errno 2] No such file or directory: '/Users/ckriech/projects/clemens33/ae-rust/docs/migration/evidence/phase4-run/captures/0487-list/human-clock-bracket.tsv'				
490	arms/A3/c02-stale-rw/consumers.tsv	list-needsattn	fixture-abort	HUMAN-CLOCK-BRACKET-MISSING /Users/ckriech/projects/clemens33/ae-rust/docs/migration/evidence/phase4-run/captures/0490-list-needsattn/human-clock-bracket.tsv: [Errno 2] No such file or directory: '/Users/ckriech/projects/clemens33/ae-rust/docs/migration/evidence/phase4-run/captures/0490-list-needsattn/human-clock-bracket.tsv'				
492	arms/A3/c02-stale-rw/consumers.tsv	list-active	fixture-abort	HUMAN-CLOCK-BRACKET-MISSING /Users/ckriech/projects/clemens33/ae-rust/docs/migration/evidence/phase4-run/captures/0492-list-active/human-clock-bracket.tsv: [Errno 2] No such file or directory: '/Users/ckriech/projects/clemens33/ae-rust/docs/migration/evidence/phase4-run/captures/0492-list-active/human-clock-bracket.tsv'				
495	arms/A3/c03-throttled-ro/consumers.tsv	list	fixture-abort	HUMAN-CLOCK-BRACKET-MISSING /Users/ckriech/projects/clemens33/ae-rust/docs/migration/evidence/phase4-run/captures/0495-list/human-clock-bracket.tsv: [Errno 2] No such file or directory: '/Users/ckriech/projects/clemens33/ae-rust/docs/migration/evidence/phase4-run/captures/0495-list/human-clock-bracket.tsv'				
498	arms/A3/c03-throttled-ro/consumers.tsv	list-needsattn	fixture-abort	HUMAN-CLOCK-BRACKET-MISSING /Users/ckriech/projects/clemens33/ae-rust/docs/migration/evidence/phase4-run/captures/0498-list-needsattn/human-clock-bracket.tsv: [Errno 2] No such file or directory: '/Users/ckriech/projects/clemens33/ae-rust/docs/migration/evidence/phase4-run/captures/0498-list-needsattn/human-clock-bracket.tsv'				
500	arms/A3/c03-throttled-ro/consumers.tsv	list-active	fixture-abort	HUMAN-CLOCK-BRACKET-MISSING /Users/ckriech/projects/clemens33/ae-rust/docs/migration/evidence/phase4-run/captures/0500-list-active/human-clock-bracket.tsv: [Errno 2] No such file or directory: '/Users/ckriech/projects/clemens33/ae-rust/docs/migration/evidence/phase4-run/captures/0500-list-active/human-clock-bracket.tsv'				
503	arms/A3/c03-throttled-rw/consumers.tsv	list	fixture-abort	HUMAN-CLOCK-BRACKET-MISSING /Users/ckriech/projects/clemens33/ae-rust/docs/migration/evidence/phase4-run/captures/0503-list/human-clock-bracket.tsv: [Errno 2] No such file or directory: '/Users/ckriech/projects/clemens33/ae-rust/docs/migration/evidence/phase4-run/captures/0503-list/human-clock-bracket.tsv'				
506	arms/A3/c03-throttled-rw/consumers.tsv	list-needsattn	fixture-abort	HUMAN-CLOCK-BRACKET-MISSING /Users/ckriech/projects/clemens33/ae-rust/docs/migration/evidence/phase4-run/captures/0506-list-needsattn/human-clock-bracket.tsv: [Errno 2] No such file or directory: '/Users/ckriech/projects/clemens33/ae-rust/docs/migration/evidence/phase4-run/captures/0506-list-needsattn/human-clock-bracket.tsv'				
508	arms/A3/c03-throttled-rw/consumers.tsv	list-active	fixture-abort	HUMAN-CLOCK-BRACKET-MISSING /Users/ckriech/projects/clemens33/ae-rust/docs/migration/evidence/phase4-run/captures/0508-list-active/human-clock-bracket.tsv: [Errno 2] No such file or directory: '/Users/ckriech/projects/clemens33/ae-rust/docs/migration/evidence/phase4-run/captures/0508-list-active/human-clock-bracket.tsv'				
511	arms/A3/c04-waiting-user-ro/consumers.tsv	list	fixture-abort	HUMAN-CLOCK-BRACKET-MISSING /Users/ckriech/projects/clemens33/ae-rust/docs/migration/evidence/phase4-run/captures/0511-list/human-clock-bracket.tsv: [Errno 2] No such file or directory: '/Users/ckriech/projects/clemens33/ae-rust/docs/migration/evidence/phase4-run/captures/0511-list/human-clock-bracket.tsv'				
514	arms/A3/c04-waiting-user-ro/consumers.tsv	list-needsattn	fixture-abort	HUMAN-CLOCK-BRACKET-MISSING /Users/ckriech/projects/clemens33/ae-rust/docs/migration/evidence/phase4-run/captures/0514-list-needsattn/human-clock-bracket.tsv: [Errno 2] No such file or directory: '/Users/ckriech/projects/clemens33/ae-rust/docs/migration/evidence/phase4-run/captures/0514-list-needsattn/human-clock-bracket.tsv'				
516	arms/A3/c04-waiting-user-ro/consumers.tsv	list-active	fixture-abort	HUMAN-CLOCK-BRACKET-MISSING /Users/ckriech/projects/clemens33/ae-rust/docs/migration/evidence/phase4-run/captures/0516-list-active/human-clock-bracket.tsv: [Errno 2] No such file or directory: '/Users/ckriech/projects/clemens33/ae-rust/docs/migration/evidence/phase4-run/captures/0516-list-active/human-clock-bracket.tsv'				
519	arms/A3/c04-waiting-user-rw/consumers.tsv	list	fixture-abort	HUMAN-CLOCK-BRACKET-MISSING /Users/ckriech/projects/clemens33/ae-rust/docs/migration/evidence/phase4-run/captures/0519-list/human-clock-bracket.tsv: [Errno 2] No such file or directory: '/Users/ckriech/projects/clemens33/ae-rust/docs/migration/evidence/phase4-run/captures/0519-list/human-clock-bracket.tsv'				
522	arms/A3/c04-waiting-user-rw/consumers.tsv	list-needsattn	fixture-abort	HUMAN-CLOCK-BRACKET-MISSING /Users/ckriech/projects/clemens33/ae-rust/docs/migration/evidence/phase4-run/captures/0522-list-needsattn/human-clock-bracket.tsv: [Errno 2] No such file or directory: '/Users/ckriech/projects/clemens33/ae-rust/docs/migration/evidence/phase4-run/captures/0522-list-needsattn/human-clock-bracket.tsv'				
524	arms/A3/c04-waiting-user-rw/consumers.tsv	list-active	fixture-abort	HUMAN-CLOCK-BRACKET-MISSING /Users/ckriech/projects/clemens33/ae-rust/docs/migration/evidence/phase4-run/captures/0524-list-active/human-clock-bracket.tsv: [Errno 2] No such file or directory: '/Users/ckriech/projects/clemens33/ae-rust/docs/migration/evidence/phase4-run/captures/0524-list-active/human-clock-bracket.tsv'				
527	arms/A3/c05-blocked-ro/consumers.tsv	list	fixture-abort	HUMAN-CLOCK-BRACKET-MISSING /Users/ckriech/projects/clemens33/ae-rust/docs/migration/evidence/phase4-run/captures/0527-list/human-clock-bracket.tsv: [Errno 2] No such file or directory: '/Users/ckriech/projects/clemens33/ae-rust/docs/migration/evidence/phase4-run/captures/0527-list/human-clock-bracket.tsv'				
530	arms/A3/c05-blocked-ro/consumers.tsv	list-needsattn	fixture-abort	HUMAN-CLOCK-BRACKET-MISSING /Users/ckriech/projects/clemens33/ae-rust/docs/migration/evidence/phase4-run/captures/0530-list-needsattn/human-clock-bracket.tsv: [Errno 2] No such file or directory: '/Users/ckriech/projects/clemens33/ae-rust/docs/migration/evidence/phase4-run/captures/0530-list-needsattn/human-clock-bracket.tsv'				
532	arms/A3/c05-blocked-ro/consumers.tsv	list-active	fixture-abort	HUMAN-CLOCK-BRACKET-MISSING /Users/ckriech/projects/clemens33/ae-rust/docs/migration/evidence/phase4-run/captures/0532-list-active/human-clock-bracket.tsv: [Errno 2] No such file or directory: '/Users/ckriech/projects/clemens33/ae-rust/docs/migration/evidence/phase4-run/captures/0532-list-active/human-clock-bracket.tsv'				
535	arms/A3/c05-blocked-rw/consumers.tsv	list	fixture-abort	HUMAN-CLOCK-BRACKET-MISSING /Users/ckriech/projects/clemens33/ae-rust/docs/migration/evidence/phase4-run/captures/0535-list/human-clock-bracket.tsv: [Errno 2] No such file or directory: '/Users/ckriech/projects/clemens33/ae-rust/docs/migration/evidence/phase4-run/captures/0535-list/human-clock-bracket.tsv'				
538	arms/A3/c05-blocked-rw/consumers.tsv	list-needsattn	fixture-abort	HUMAN-CLOCK-BRACKET-MISSING /Users/ckriech/projects/clemens33/ae-rust/docs/migration/evidence/phase4-run/captures/0538-list-needsattn/human-clock-bracket.tsv: [Errno 2] No such file or directory: '/Users/ckriech/projects/clemens33/ae-rust/docs/migration/evidence/phase4-run/captures/0538-list-needsattn/human-clock-bracket.tsv'				
540	arms/A3/c05-blocked-rw/consumers.tsv	list-active	fixture-abort	HUMAN-CLOCK-BRACKET-MISSING /Users/ckriech/projects/clemens33/ae-rust/docs/migration/evidence/phase4-run/captures/0540-list-active/human-clock-bracket.tsv: [Errno 2] No such file or directory: '/Users/ckriech/projects/clemens33/ae-rust/docs/migration/evidence/phase4-run/captures/0540-list-active/human-clock-bracket.tsv'				
543	arms/A3/c06-unanswered-ro/consumers.tsv	list	fixture-abort	HUMAN-CLOCK-BRACKET-MISSING /Users/ckriech/projects/clemens33/ae-rust/docs/migration/evidence/phase4-run/captures/0543-list/human-clock-bracket.tsv: [Errno 2] No such file or directory: '/Users/ckriech/projects/clemens33/ae-rust/docs/migration/evidence/phase4-run/captures/0543-list/human-clock-bracket.tsv'				
546	arms/A3/c06-unanswered-ro/consumers.tsv	list-needsattn	fixture-abort	HUMAN-CLOCK-BRACKET-MISSING /Users/ckriech/projects/clemens33/ae-rust/docs/migration/evidence/phase4-run/captures/0546-list-needsattn/human-clock-bracket.tsv: [Errno 2] No such file or directory: '/Users/ckriech/projects/clemens33/ae-rust/docs/migration/evidence/phase4-run/captures/0546-list-needsattn/human-clock-bracket.tsv'				
548	arms/A3/c06-unanswered-ro/consumers.tsv	list-active	fixture-abort	HUMAN-CLOCK-BRACKET-MISSING /Users/ckriech/projects/clemens33/ae-rust/docs/migration/evidence/phase4-run/captures/0548-list-active/human-clock-bracket.tsv: [Errno 2] No such file or directory: '/Users/ckriech/projects/clemens33/ae-rust/docs/migration/evidence/phase4-run/captures/0548-list-active/human-clock-bracket.tsv'				
551	arms/A3/c06-unanswered-rw/consumers.tsv	list	fixture-abort	HUMAN-CLOCK-BRACKET-MISSING /Users/ckriech/projects/clemens33/ae-rust/docs/migration/evidence/phase4-run/captures/0551-list/human-clock-bracket.tsv: [Errno 2] No such file or directory: '/Users/ckriech/projects/clemens33/ae-rust/docs/migration/evidence/phase4-run/captures/0551-list/human-clock-bracket.tsv'				
554	arms/A3/c06-unanswered-rw/consumers.tsv	list-needsattn	fixture-abort	HUMAN-CLOCK-BRACKET-MISSING /Users/ckriech/projects/clemens33/ae-rust/docs/migration/evidence/phase4-run/captures/0554-list-needsattn/human-clock-bracket.tsv: [Errno 2] No such file or directory: '/Users/ckriech/projects/clemens33/ae-rust/docs/migration/evidence/phase4-run/captures/0554-list-needsattn/human-clock-bracket.tsv'				
556	arms/A3/c06-unanswered-rw/consumers.tsv	list-active	fixture-abort	HUMAN-CLOCK-BRACKET-MISSING /Users/ckriech/projects/clemens33/ae-rust/docs/migration/evidence/phase4-run/captures/0556-list-active/human-clock-bracket.tsv: [Errno 2] No such file or directory: '/Users/ckriech/projects/clemens33/ae-rust/docs/migration/evidence/phase4-run/captures/0556-list-active/human-clock-bracket.tsv'				
559	arms/A3/c07-competing-ro/consumers.tsv	list	fixture-abort	HUMAN-CLOCK-BRACKET-MISSING /Users/ckriech/projects/clemens33/ae-rust/docs/migration/evidence/phase4-run/captures/0559-list/human-clock-bracket.tsv: [Errno 2] No such file or directory: '/Users/ckriech/projects/clemens33/ae-rust/docs/migration/evidence/phase4-run/captures/0559-list/human-clock-bracket.tsv'				
562	arms/A3/c07-competing-ro/consumers.tsv	list-needsattn	fixture-abort	HUMAN-CLOCK-BRACKET-MISSING /Users/ckriech/projects/clemens33/ae-rust/docs/migration/evidence/phase4-run/captures/0562-list-needsattn/human-clock-bracket.tsv: [Errno 2] No such file or directory: '/Users/ckriech/projects/clemens33/ae-rust/docs/migration/evidence/phase4-run/captures/0562-list-needsattn/human-clock-bracket.tsv'				
564	arms/A3/c07-competing-ro/consumers.tsv	list-active	fixture-abort	HUMAN-CLOCK-BRACKET-MISSING /Users/ckriech/projects/clemens33/ae-rust/docs/migration/evidence/phase4-run/captures/0564-list-active/human-clock-bracket.tsv: [Errno 2] No such file or directory: '/Users/ckriech/projects/clemens33/ae-rust/docs/migration/evidence/phase4-run/captures/0564-list-active/human-clock-bracket.tsv'				
567	arms/A3/c07-competing-rw/consumers.tsv	list	fixture-abort	HUMAN-CLOCK-BRACKET-MISSING /Users/ckriech/projects/clemens33/ae-rust/docs/migration/evidence/phase4-run/captures/0567-list/human-clock-bracket.tsv: [Errno 2] No such file or directory: '/Users/ckriech/projects/clemens33/ae-rust/docs/migration/evidence/phase4-run/captures/0567-list/human-clock-bracket.tsv'				
570	arms/A3/c07-competing-rw/consumers.tsv	list-needsattn	fixture-abort	HUMAN-CLOCK-BRACKET-MISSING /Users/ckriech/projects/clemens33/ae-rust/docs/migration/evidence/phase4-run/captures/0570-list-needsattn/human-clock-bracket.tsv: [Errno 2] No such file or directory: '/Users/ckriech/projects/clemens33/ae-rust/docs/migration/evidence/phase4-run/captures/0570-list-needsattn/human-clock-bracket.tsv'				
572	arms/A3/c07-competing-rw/consumers.tsv	list-active	fixture-abort	HUMAN-CLOCK-BRACKET-MISSING /Users/ckriech/projects/clemens33/ae-rust/docs/migration/evidence/phase4-run/captures/0572-list-active/human-clock-bracket.tsv: [Errno 2] No such file or directory: '/Users/ckriech/projects/clemens33/ae-rust/docs/migration/evidence/phase4-run/captures/0572-list-active/human-clock-bracket.tsv'				
575	arms/A3/c08-unanswered-vs-agent-owned-ro/consumers.tsv	list	fixture-abort	HUMAN-CLOCK-BRACKET-MISSING /Users/ckriech/projects/clemens33/ae-rust/docs/migration/evidence/phase4-run/captures/0575-list/human-clock-bracket.tsv: [Errno 2] No such file or directory: '/Users/ckriech/projects/clemens33/ae-rust/docs/migration/evidence/phase4-run/captures/0575-list/human-clock-bracket.tsv'				
578	arms/A3/c08-unanswered-vs-agent-owned-ro/consumers.tsv	list-needsattn	fixture-abort	HUMAN-CLOCK-BRACKET-MISSING /Users/ckriech/projects/clemens33/ae-rust/docs/migration/evidence/phase4-run/captures/0578-list-needsattn/human-clock-bracket.tsv: [Errno 2] No such file or directory: '/Users/ckriech/projects/clemens33/ae-rust/docs/migration/evidence/phase4-run/captures/0578-list-needsattn/human-clock-bracket.tsv'				
580	arms/A3/c08-unanswered-vs-agent-owned-ro/consumers.tsv	list-active	fixture-abort	HUMAN-CLOCK-BRACKET-MISSING /Users/ckriech/projects/clemens33/ae-rust/docs/migration/evidence/phase4-run/captures/0580-list-active/human-clock-bracket.tsv: [Errno 2] No such file or directory: '/Users/ckriech/projects/clemens33/ae-rust/docs/migration/evidence/phase4-run/captures/0580-list-active/human-clock-bracket.tsv'				
583	arms/A3/c08-unanswered-vs-agent-owned-rw/consumers.tsv	list	fixture-abort	HUMAN-CLOCK-BRACKET-MISSING /Users/ckriech/projects/clemens33/ae-rust/docs/migration/evidence/phase4-run/captures/0583-list/human-clock-bracket.tsv: [Errno 2] No such file or directory: '/Users/ckriech/projects/clemens33/ae-rust/docs/migration/evidence/phase4-run/captures/0583-list/human-clock-bracket.tsv'				
586	arms/A3/c08-unanswered-vs-agent-owned-rw/consumers.tsv	list-needsattn	fixture-abort	HUMAN-CLOCK-BRACKET-MISSING /Users/ckriech/projects/clemens33/ae-rust/docs/migration/evidence/phase4-run/captures/0586-list-needsattn/human-clock-bracket.tsv: [Errno 2] No such file or directory: '/Users/ckriech/projects/clemens33/ae-rust/docs/migration/evidence/phase4-run/captures/0586-list-needsattn/human-clock-bracket.tsv'				
588	arms/A3/c08-unanswered-vs-agent-owned-rw/consumers.tsv	list-active	fixture-abort	HUMAN-CLOCK-BRACKET-MISSING /Users/ckriech/projects/clemens33/ae-rust/docs/migration/evidence/phase4-run/captures/0588-list-active/human-clock-bracket.tsv: [Errno 2] No such file or directory: '/Users/ckriech/projects/clemens33/ae-rust/docs/migration/evidence/phase4-run/captures/0588-list-active/human-clock-bracket.tsv'				
591	arms/A3/c09-524a-future-ts-ordinary-mtime-ro/consumers.tsv	list	fixture-abort	HUMAN-CLOCK-BRACKET-MISSING /Users/ckriech/projects/clemens33/ae-rust/docs/migration/evidence/phase4-run/captures/0591-list/human-clock-bracket.tsv: [Errno 2] No such file or directory: '/Users/ckriech/projects/clemens33/ae-rust/docs/migration/evidence/phase4-run/captures/0591-list/human-clock-bracket.tsv'				
594	arms/A3/c09-524a-future-ts-ordinary-mtime-ro/consumers.tsv	list-needsattn	fixture-abort	HUMAN-CLOCK-BRACKET-MISSING /Users/ckriech/projects/clemens33/ae-rust/docs/migration/evidence/phase4-run/captures/0594-list-needsattn/human-clock-bracket.tsv: [Errno 2] No such file or directory: '/Users/ckriech/projects/clemens33/ae-rust/docs/migration/evidence/phase4-run/captures/0594-list-needsattn/human-clock-bracket.tsv'				
596	arms/A3/c09-524a-future-ts-ordinary-mtime-ro/consumers.tsv	list-active	fixture-abort	HUMAN-CLOCK-BRACKET-MISSING /Users/ckriech/projects/clemens33/ae-rust/docs/migration/evidence/phase4-run/captures/0596-list-active/human-clock-bracket.tsv: [Errno 2] No such file or directory: '/Users/ckriech/projects/clemens33/ae-rust/docs/migration/evidence/phase4-run/captures/0596-list-active/human-clock-bracket.tsv'				
599	arms/A3/c09-524a-future-ts-ordinary-mtime-rw/consumers.tsv	list	fixture-abort	HUMAN-CLOCK-BRACKET-MISSING /Users/ckriech/projects/clemens33/ae-rust/docs/migration/evidence/phase4-run/captures/0599-list/human-clock-bracket.tsv: [Errno 2] No such file or directory: '/Users/ckriech/projects/clemens33/ae-rust/docs/migration/evidence/phase4-run/captures/0599-list/human-clock-bracket.tsv'				
602	arms/A3/c09-524a-future-ts-ordinary-mtime-rw/consumers.tsv	list-needsattn	fixture-abort	HUMAN-CLOCK-BRACKET-MISSING /Users/ckriech/projects/clemens33/ae-rust/docs/migration/evidence/phase4-run/captures/0602-list-needsattn/human-clock-bracket.tsv: [Errno 2] No such file or directory: '/Users/ckriech/projects/clemens33/ae-rust/docs/migration/evidence/phase4-run/captures/0602-list-needsattn/human-clock-bracket.tsv'				
604	arms/A3/c09-524a-future-ts-ordinary-mtime-rw/consumers.tsv	list-active	fixture-abort	HUMAN-CLOCK-BRACKET-MISSING /Users/ckriech/projects/clemens33/ae-rust/docs/migration/evidence/phase4-run/captures/0604-list-active/human-clock-bracket.tsv: [Errno 2] No such file or directory: '/Users/ckriech/projects/clemens33/ae-rust/docs/migration/evidence/phase4-run/captures/0604-list-active/human-clock-bracket.tsv'				
607	arms/A3/c10-524b-ordinary-ts-future-mtime-ro/consumers.tsv	list	fixture-abort	HUMAN-CLOCK-BRACKET-MISSING /Users/ckriech/projects/clemens33/ae-rust/docs/migration/evidence/phase4-run/captures/0607-list/human-clock-bracket.tsv: [Errno 2] No such file or directory: '/Users/ckriech/projects/clemens33/ae-rust/docs/migration/evidence/phase4-run/captures/0607-list/human-clock-bracket.tsv'				
610	arms/A3/c10-524b-ordinary-ts-future-mtime-ro/consumers.tsv	list-needsattn	fixture-abort	HUMAN-CLOCK-BRACKET-MISSING /Users/ckriech/projects/clemens33/ae-rust/docs/migration/evidence/phase4-run/captures/0610-list-needsattn/human-clock-bracket.tsv: [Errno 2] No such file or directory: '/Users/ckriech/projects/clemens33/ae-rust/docs/migration/evidence/phase4-run/captures/0610-list-needsattn/human-clock-bracket.tsv'				
612	arms/A3/c10-524b-ordinary-ts-future-mtime-ro/consumers.tsv	list-active	fixture-abort	HUMAN-CLOCK-BRACKET-MISSING /Users/ckriech/projects/clemens33/ae-rust/docs/migration/evidence/phase4-run/captures/0612-list-active/human-clock-bracket.tsv: [Errno 2] No such file or directory: '/Users/ckriech/projects/clemens33/ae-rust/docs/migration/evidence/phase4-run/captures/0612-list-active/human-clock-bracket.tsv'				
615	arms/A3/c10-524b-ordinary-ts-future-mtime-rw/consumers.tsv	list	fixture-abort	HUMAN-CLOCK-BRACKET-MISSING /Users/ckriech/projects/clemens33/ae-rust/docs/migration/evidence/phase4-run/captures/0615-list/human-clock-bracket.tsv: [Errno 2] No such file or directory: '/Users/ckriech/projects/clemens33/ae-rust/docs/migration/evidence/phase4-run/captures/0615-list/human-clock-bracket.tsv'				
618	arms/A3/c10-524b-ordinary-ts-future-mtime-rw/consumers.tsv	list-needsattn	fixture-abort	HUMAN-CLOCK-BRACKET-MISSING /Users/ckriech/projects/clemens33/ae-rust/docs/migration/evidence/phase4-run/captures/0618-list-needsattn/human-clock-bracket.tsv: [Errno 2] No such file or directory: '/Users/ckriech/projects/clemens33/ae-rust/docs/migration/evidence/phase4-run/captures/0618-list-needsattn/human-clock-bracket.tsv'				
620	arms/A3/c10-524b-ordinary-ts-future-mtime-rw/consumers.tsv	list-active	fixture-abort	HUMAN-CLOCK-BRACKET-MISSING /Users/ckriech/projects/clemens33/ae-rust/docs/migration/evidence/phase4-run/captures/0620-list-active/human-clock-bracket.tsv: [Errno 2] No such file or directory: '/Users/ckriech/projects/clemens33/ae-rust/docs/migration/evidence/phase4-run/captures/0620-list-active/human-clock-bracket.tsv'				
623	arms/A3b/c01-dead-over-stale-ro/consumers.tsv	list	fixture-abort	HUMAN-CLOCK-BRACKET-MISSING /Users/ckriech/projects/clemens33/ae-rust/docs/migration/evidence/phase4-run/captures/0623-list/human-clock-bracket.tsv: [Errno 2] No such file or directory: '/Users/ckriech/projects/clemens33/ae-rust/docs/migration/evidence/phase4-run/captures/0623-list/human-clock-bracket.tsv'				
626	arms/A3b/c01-dead-over-stale-ro/consumers.tsv	list-needsattn	fixture-abort	HUMAN-CLOCK-BRACKET-MISSING /Users/ckriech/projects/clemens33/ae-rust/docs/migration/evidence/phase4-run/captures/0626-list-needsattn/human-clock-bracket.tsv: [Errno 2] No such file or directory: '/Users/ckriech/projects/clemens33/ae-rust/docs/migration/evidence/phase4-run/captures/0626-list-needsattn/human-clock-bracket.tsv'				
628	arms/A3b/c01-dead-over-stale-ro/consumers.tsv	list-active	fixture-abort	HUMAN-CLOCK-BRACKET-MISSING /Users/ckriech/projects/clemens33/ae-rust/docs/migration/evidence/phase4-run/captures/0628-list-active/human-clock-bracket.tsv: [Errno 2] No such file or directory: '/Users/ckriech/projects/clemens33/ae-rust/docs/migration/evidence/phase4-run/captures/0628-list-active/human-clock-bracket.tsv'				
631	arms/A3b/c01-dead-over-stale-rw/consumers.tsv	list	fixture-abort	HUMAN-CLOCK-BRACKET-MISSING /Users/ckriech/projects/clemens33/ae-rust/docs/migration/evidence/phase4-run/captures/0631-list/human-clock-bracket.tsv: [Errno 2] No such file or directory: '/Users/ckriech/projects/clemens33/ae-rust/docs/migration/evidence/phase4-run/captures/0631-list/human-clock-bracket.tsv'				
634	arms/A3b/c01-dead-over-stale-rw/consumers.tsv	list-needsattn	fixture-abort	HUMAN-CLOCK-BRACKET-MISSING /Users/ckriech/projects/clemens33/ae-rust/docs/migration/evidence/phase4-run/captures/0634-list-needsattn/human-clock-bracket.tsv: [Errno 2] No such file or directory: '/Users/ckriech/projects/clemens33/ae-rust/docs/migration/evidence/phase4-run/captures/0634-list-needsattn/human-clock-bracket.tsv'				
636	arms/A3b/c01-dead-over-stale-rw/consumers.tsv	list-active	fixture-abort	HUMAN-CLOCK-BRACKET-MISSING /Users/ckriech/projects/clemens33/ae-rust/docs/migration/evidence/phase4-run/captures/0636-list-active/human-clock-bracket.tsv: [Errno 2] No such file or directory: '/Users/ckriech/projects/clemens33/ae-rust/docs/migration/evidence/phase4-run/captures/0636-list-active/human-clock-bracket.tsv'				
639	arms/A3b/c02-stale-over-waitinguser-ro/consumers.tsv	list	fixture-abort	HUMAN-CLOCK-BRACKET-MISSING /Users/ckriech/projects/clemens33/ae-rust/docs/migration/evidence/phase4-run/captures/0639-list/human-clock-bracket.tsv: [Errno 2] No such file or directory: '/Users/ckriech/projects/clemens33/ae-rust/docs/migration/evidence/phase4-run/captures/0639-list/human-clock-bracket.tsv'				
642	arms/A3b/c02-stale-over-waitinguser-ro/consumers.tsv	list-needsattn	fixture-abort	HUMAN-CLOCK-BRACKET-MISSING /Users/ckriech/projects/clemens33/ae-rust/docs/migration/evidence/phase4-run/captures/0642-list-needsattn/human-clock-bracket.tsv: [Errno 2] No such file or directory: '/Users/ckriech/projects/clemens33/ae-rust/docs/migration/evidence/phase4-run/captures/0642-list-needsattn/human-clock-bracket.tsv'				
644	arms/A3b/c02-stale-over-waitinguser-ro/consumers.tsv	list-active	fixture-abort	HUMAN-CLOCK-BRACKET-MISSING /Users/ckriech/projects/clemens33/ae-rust/docs/migration/evidence/phase4-run/captures/0644-list-active/human-clock-bracket.tsv: [Errno 2] No such file or directory: '/Users/ckriech/projects/clemens33/ae-rust/docs/migration/evidence/phase4-run/captures/0644-list-active/human-clock-bracket.tsv'				
647	arms/A3b/c02-stale-over-waitinguser-rw/consumers.tsv	list	fixture-abort	HUMAN-CLOCK-BRACKET-MISSING /Users/ckriech/projects/clemens33/ae-rust/docs/migration/evidence/phase4-run/captures/0647-list/human-clock-bracket.tsv: [Errno 2] No such file or directory: '/Users/ckriech/projects/clemens33/ae-rust/docs/migration/evidence/phase4-run/captures/0647-list/human-clock-bracket.tsv'				
650	arms/A3b/c02-stale-over-waitinguser-rw/consumers.tsv	list-needsattn	fixture-abort	HUMAN-CLOCK-BRACKET-MISSING /Users/ckriech/projects/clemens33/ae-rust/docs/migration/evidence/phase4-run/captures/0650-list-needsattn/human-clock-bracket.tsv: [Errno 2] No such file or directory: '/Users/ckriech/projects/clemens33/ae-rust/docs/migration/evidence/phase4-run/captures/0650-list-needsattn/human-clock-bracket.tsv'				
652	arms/A3b/c02-stale-over-waitinguser-rw/consumers.tsv	list-active	fixture-abort	HUMAN-CLOCK-BRACKET-MISSING /Users/ckriech/projects/clemens33/ae-rust/docs/migration/evidence/phase4-run/captures/0652-list-active/human-clock-bracket.tsv: [Errno 2] No such file or directory: '/Users/ckriech/projects/clemens33/ae-rust/docs/migration/evidence/phase4-run/captures/0652-list-active/human-clock-bracket.tsv'				
655	arms/A3b/c03-waitinguser-over-blocked-ro/consumers.tsv	list	fixture-abort	HUMAN-CLOCK-BRACKET-MISSING /Users/ckriech/projects/clemens33/ae-rust/docs/migration/evidence/phase4-run/captures/0655-list/human-clock-bracket.tsv: [Errno 2] No such file or directory: '/Users/ckriech/projects/clemens33/ae-rust/docs/migration/evidence/phase4-run/captures/0655-list/human-clock-bracket.tsv'				
658	arms/A3b/c03-waitinguser-over-blocked-ro/consumers.tsv	list-needsattn	fixture-abort	HUMAN-CLOCK-BRACKET-MISSING /Users/ckriech/projects/clemens33/ae-rust/docs/migration/evidence/phase4-run/captures/0658-list-needsattn/human-clock-bracket.tsv: [Errno 2] No such file or directory: '/Users/ckriech/projects/clemens33/ae-rust/docs/migration/evidence/phase4-run/captures/0658-list-needsattn/human-clock-bracket.tsv'				
660	arms/A3b/c03-waitinguser-over-blocked-ro/consumers.tsv	list-active	fixture-abort	HUMAN-CLOCK-BRACKET-MISSING /Users/ckriech/projects/clemens33/ae-rust/docs/migration/evidence/phase4-run/captures/0660-list-active/human-clock-bracket.tsv: [Errno 2] No such file or directory: '/Users/ckriech/projects/clemens33/ae-rust/docs/migration/evidence/phase4-run/captures/0660-list-active/human-clock-bracket.tsv'				
663	arms/A3b/c03-waitinguser-over-blocked-rw/consumers.tsv	list	fixture-abort	HUMAN-CLOCK-BRACKET-MISSING /Users/ckriech/projects/clemens33/ae-rust/docs/migration/evidence/phase4-run/captures/0663-list/human-clock-bracket.tsv: [Errno 2] No such file or directory: '/Users/ckriech/projects/clemens33/ae-rust/docs/migration/evidence/phase4-run/captures/0663-list/human-clock-bracket.tsv'				
666	arms/A3b/c03-waitinguser-over-blocked-rw/consumers.tsv	list-needsattn	fixture-abort	HUMAN-CLOCK-BRACKET-MISSING /Users/ckriech/projects/clemens33/ae-rust/docs/migration/evidence/phase4-run/captures/0666-list-needsattn/human-clock-bracket.tsv: [Errno 2] No such file or directory: '/Users/ckriech/projects/clemens33/ae-rust/docs/migration/evidence/phase4-run/captures/0666-list-needsattn/human-clock-bracket.tsv'				
668	arms/A3b/c03-waitinguser-over-blocked-rw/consumers.tsv	list-active	fixture-abort	HUMAN-CLOCK-BRACKET-MISSING /Users/ckriech/projects/clemens33/ae-rust/docs/migration/evidence/phase4-run/captures/0668-list-active/human-clock-bracket.tsv: [Errno 2] No such file or directory: '/Users/ckriech/projects/clemens33/ae-rust/docs/migration/evidence/phase4-run/captures/0668-list-active/human-clock-bracket.tsv'				
671	arms/A3b/c04-blocked-over-throttled-ro/consumers.tsv	list	fixture-abort	HUMAN-CLOCK-BRACKET-MISSING /Users/ckriech/projects/clemens33/ae-rust/docs/migration/evidence/phase4-run/captures/0671-list/human-clock-bracket.tsv: [Errno 2] No such file or directory: '/Users/ckriech/projects/clemens33/ae-rust/docs/migration/evidence/phase4-run/captures/0671-list/human-clock-bracket.tsv'				
674	arms/A3b/c04-blocked-over-throttled-ro/consumers.tsv	list-needsattn	fixture-abort	HUMAN-CLOCK-BRACKET-MISSING /Users/ckriech/projects/clemens33/ae-rust/docs/migration/evidence/phase4-run/captures/0674-list-needsattn/human-clock-bracket.tsv: [Errno 2] No such file or directory: '/Users/ckriech/projects/clemens33/ae-rust/docs/migration/evidence/phase4-run/captures/0674-list-needsattn/human-clock-bracket.tsv'				
676	arms/A3b/c04-blocked-over-throttled-ro/consumers.tsv	list-active	fixture-abort	HUMAN-CLOCK-BRACKET-MISSING /Users/ckriech/projects/clemens33/ae-rust/docs/migration/evidence/phase4-run/captures/0676-list-active/human-clock-bracket.tsv: [Errno 2] No such file or directory: '/Users/ckriech/projects/clemens33/ae-rust/docs/migration/evidence/phase4-run/captures/0676-list-active/human-clock-bracket.tsv'				
679	arms/A3b/c04-blocked-over-throttled-rw/consumers.tsv	list	fixture-abort	HUMAN-CLOCK-BRACKET-MISSING /Users/ckriech/projects/clemens33/ae-rust/docs/migration/evidence/phase4-run/captures/0679-list/human-clock-bracket.tsv: [Errno 2] No such file or directory: '/Users/ckriech/projects/clemens33/ae-rust/docs/migration/evidence/phase4-run/captures/0679-list/human-clock-bracket.tsv'				
682	arms/A3b/c04-blocked-over-throttled-rw/consumers.tsv	list-needsattn	fixture-abort	HUMAN-CLOCK-BRACKET-MISSING /Users/ckriech/projects/clemens33/ae-rust/docs/migration/evidence/phase4-run/captures/0682-list-needsattn/human-clock-bracket.tsv: [Errno 2] No such file or directory: '/Users/ckriech/projects/clemens33/ae-rust/docs/migration/evidence/phase4-run/captures/0682-list-needsattn/human-clock-bracket.tsv'				
684	arms/A3b/c04-blocked-over-throttled-rw/consumers.tsv	list-active	fixture-abort	HUMAN-CLOCK-BRACKET-MISSING /Users/ckriech/projects/clemens33/ae-rust/docs/migration/evidence/phase4-run/captures/0684-list-active/human-clock-bracket.tsv: [Errno 2] No such file or directory: '/Users/ckriech/projects/clemens33/ae-rust/docs/migration/evidence/phase4-run/captures/0684-list-active/human-clock-bracket.tsv'				
687	arms/A3b/c05-throttled-over-unanswered-ro/consumers.tsv	list	fixture-abort	HUMAN-CLOCK-BRACKET-MISSING /Users/ckriech/projects/clemens33/ae-rust/docs/migration/evidence/phase4-run/captures/0687-list/human-clock-bracket.tsv: [Errno 2] No such file or directory: '/Users/ckriech/projects/clemens33/ae-rust/docs/migration/evidence/phase4-run/captures/0687-list/human-clock-bracket.tsv'				
690	arms/A3b/c05-throttled-over-unanswered-ro/consumers.tsv	list-needsattn	fixture-abort	HUMAN-CLOCK-BRACKET-MISSING /Users/ckriech/projects/clemens33/ae-rust/docs/migration/evidence/phase4-run/captures/0690-list-needsattn/human-clock-bracket.tsv: [Errno 2] No such file or directory: '/Users/ckriech/projects/clemens33/ae-rust/docs/migration/evidence/phase4-run/captures/0690-list-needsattn/human-clock-bracket.tsv'				
692	arms/A3b/c05-throttled-over-unanswered-ro/consumers.tsv	list-active	fixture-abort	HUMAN-CLOCK-BRACKET-MISSING /Users/ckriech/projects/clemens33/ae-rust/docs/migration/evidence/phase4-run/captures/0692-list-active/human-clock-bracket.tsv: [Errno 2] No such file or directory: '/Users/ckriech/projects/clemens33/ae-rust/docs/migration/evidence/phase4-run/captures/0692-list-active/human-clock-bracket.tsv'				
695	arms/A3b/c05-throttled-over-unanswered-rw/consumers.tsv	list	fixture-abort	HUMAN-CLOCK-BRACKET-MISSING /Users/ckriech/projects/clemens33/ae-rust/docs/migration/evidence/phase4-run/captures/0695-list/human-clock-bracket.tsv: [Errno 2] No such file or directory: '/Users/ckriech/projects/clemens33/ae-rust/docs/migration/evidence/phase4-run/captures/0695-list/human-clock-bracket.tsv'				
698	arms/A3b/c05-throttled-over-unanswered-rw/consumers.tsv	list-needsattn	fixture-abort	HUMAN-CLOCK-BRACKET-MISSING /Users/ckriech/projects/clemens33/ae-rust/docs/migration/evidence/phase4-run/captures/0698-list-needsattn/human-clock-bracket.tsv: [Errno 2] No such file or directory: '/Users/ckriech/projects/clemens33/ae-rust/docs/migration/evidence/phase4-run/captures/0698-list-needsattn/human-clock-bracket.tsv'				
700	arms/A3b/c05-throttled-over-unanswered-rw/consumers.tsv	list-active	fixture-abort	HUMAN-CLOCK-BRACKET-MISSING /Users/ckriech/projects/clemens33/ae-rust/docs/migration/evidence/phase4-run/captures/0700-list-active/human-clock-bracket.tsv: [Errno 2] No such file or directory: '/Users/ckriech/projects/clemens33/ae-rust/docs/migration/evidence/phase4-run/captures/0700-list-active/human-clock-bracket.tsv'				
703	arms/A3b/c06-competing-noclear-ro/consumers.tsv	list	fixture-abort	HUMAN-CLOCK-BRACKET-MISSING /Users/ckriech/projects/clemens33/ae-rust/docs/migration/evidence/phase4-run/captures/0703-list/human-clock-bracket.tsv: [Errno 2] No such file or directory: '/Users/ckriech/projects/clemens33/ae-rust/docs/migration/evidence/phase4-run/captures/0703-list/human-clock-bracket.tsv'				
706	arms/A3b/c06-competing-noclear-ro/consumers.tsv	list-needsattn	fixture-abort	HUMAN-CLOCK-BRACKET-MISSING /Users/ckriech/projects/clemens33/ae-rust/docs/migration/evidence/phase4-run/captures/0706-list-needsattn/human-clock-bracket.tsv: [Errno 2] No such file or directory: '/Users/ckriech/projects/clemens33/ae-rust/docs/migration/evidence/phase4-run/captures/0706-list-needsattn/human-clock-bracket.tsv'				
708	arms/A3b/c06-competing-noclear-ro/consumers.tsv	list-active	fixture-abort	HUMAN-CLOCK-BRACKET-MISSING /Users/ckriech/projects/clemens33/ae-rust/docs/migration/evidence/phase4-run/captures/0708-list-active/human-clock-bracket.tsv: [Errno 2] No such file or directory: '/Users/ckriech/projects/clemens33/ae-rust/docs/migration/evidence/phase4-run/captures/0708-list-active/human-clock-bracket.tsv'				
711	arms/A3b/c06-competing-noclear-rw/consumers.tsv	list	fixture-abort	HUMAN-CLOCK-BRACKET-MISSING /Users/ckriech/projects/clemens33/ae-rust/docs/migration/evidence/phase4-run/captures/0711-list/human-clock-bracket.tsv: [Errno 2] No such file or directory: '/Users/ckriech/projects/clemens33/ae-rust/docs/migration/evidence/phase4-run/captures/0711-list/human-clock-bracket.tsv'				
714	arms/A3b/c06-competing-noclear-rw/consumers.tsv	list-needsattn	fixture-abort	HUMAN-CLOCK-BRACKET-MISSING /Users/ckriech/projects/clemens33/ae-rust/docs/migration/evidence/phase4-run/captures/0714-list-needsattn/human-clock-bracket.tsv: [Errno 2] No such file or directory: '/Users/ckriech/projects/clemens33/ae-rust/docs/migration/evidence/phase4-run/captures/0714-list-needsattn/human-clock-bracket.tsv'				
716	arms/A3b/c06-competing-noclear-rw/consumers.tsv	list-active	fixture-abort	HUMAN-CLOCK-BRACKET-MISSING /Users/ckriech/projects/clemens33/ae-rust/docs/migration/evidence/phase4-run/captures/0716-list-active/human-clock-bracket.tsv: [Errno 2] No such file or directory: '/Users/ckriech/projects/clemens33/ae-rust/docs/migration/evidence/phase4-run/captures/0716-list-active/human-clock-bracket.tsv'				
719	arms/A4/c01-status-live-live/consumers.tsv	list	fixture-abort	no-capture				
721	arms/A4/c02-status-016b-live/consumers.tsv	list	fixture-abort	no-capture				
774	arms/A6/a6-threshold-fixed-clock/consumers.tsv	age10_list_needsattn	fixture-abort	HUMAN-CLOCK-BRACKET-MISSING /Users/ckriech/projects/clemens33/ae-rust/docs/migration/evidence/phase4-run/captures/0774-age10_list_needsattn/human-clock-bracket.tsv: [Errno 2] No such file or directory: '/Users/ckriech/projects/clemens33/ae-rust/docs/migration/evidence/phase4-run/captures/0774-age10_list_needsattn/human-clock-bracket.tsv'				
776	arms/A6/a6-threshold-fixed-clock/consumers.tsv	age1799_list_needsattn	fixture-abort	HUMAN-CLOCK-BRACKET-MISSING /Users/ckriech/projects/clemens33/ae-rust/docs/migration/evidence/phase4-run/captures/0776-age1799_list_needsattn/human-clock-bracket.tsv: [Errno 2] No such file or directory: '/Users/ckriech/projects/clemens33/ae-rust/docs/migration/evidence/phase4-run/captures/0776-age1799_list_needsattn/human-clock-bracket.tsv'				
778	arms/A6/a6-threshold-fixed-clock/consumers.tsv	age1800_list_needsattn	fixture-abort	HUMAN-CLOCK-BRACKET-MISSING /Users/ckriech/projects/clemens33/ae-rust/docs/migration/evidence/phase4-run/captures/0778-age1800_list_needsattn/human-clock-bracket.tsv: [Errno 2] No such file or directory: '/Users/ckriech/projects/clemens33/ae-rust/docs/migration/evidence/phase4-run/captures/0778-age1800_list_needsattn/human-clock-bracket.tsv'				
780	arms/A6/a6-threshold-fixed-clock/consumers.tsv	age1801_list_needsattn	fixture-abort	HUMAN-CLOCK-BRACKET-MISSING /Users/ckriech/projects/clemens33/ae-rust/docs/migration/evidence/phase4-run/captures/0780-age1801_list_needsattn/human-clock-bracket.tsv: [Errno 2] No such file or directory: '/Users/ckriech/projects/clemens33/ae-rust/docs/migration/evidence/phase4-run/captures/0780-age1801_list_needsattn/human-clock-bracket.tsv'				
782	arms/A6/a6-threshold-fixed-clock/consumers.tsv	age100000_list_needsattn	fixture-abort	HUMAN-CLOCK-BRACKET-MISSING /Users/ckriech/projects/clemens33/ae-rust/docs/migration/evidence/phase4-run/captures/0782-age100000_list_needsattn/human-clock-bracket.tsv: [Errno 2] No such file or directory: '/Users/ckriech/projects/clemens33/ae-rust/docs/migration/evidence/phase4-run/captures/0782-age100000_list_needsattn/human-clock-bracket.tsv'				
786	arms/A7/a7-c01-meta-multi-equals-ro/consumers.tsv	list	fixture-abort	HUMAN-CLOCK-BRACKET-MISSING /Users/ckriech/projects/clemens33/ae-rust/docs/migration/evidence/phase4-run/captures/0786-list/human-clock-bracket.tsv: [Errno 2] No such file or directory: '/Users/ckriech/projects/clemens33/ae-rust/docs/migration/evidence/phase4-run/captures/0786-list/human-clock-bracket.tsv'				
788	arms/A7/a7-c01-meta-multi-equals-ro/consumers.tsv	list-all	fixture-abort	HUMAN-CLOCK-BRACKET-MISSING /Users/ckriech/projects/clemens33/ae-rust/docs/migration/evidence/phase4-run/captures/0788-list-all/human-clock-bracket.tsv: [Errno 2] No such file or directory: '/Users/ckriech/projects/clemens33/ae-rust/docs/migration/evidence/phase4-run/captures/0788-list-all/human-clock-bracket.tsv'				
791	arms/A7/a7-c01-meta-multi-equals-rw/consumers.tsv	list	fixture-abort	HUMAN-CLOCK-BRACKET-MISSING /Users/ckriech/projects/clemens33/ae-rust/docs/migration/evidence/phase4-run/captures/0791-list/human-clock-bracket.tsv: [Errno 2] No such file or directory: '/Users/ckriech/projects/clemens33/ae-rust/docs/migration/evidence/phase4-run/captures/0791-list/human-clock-bracket.tsv'				
793	arms/A7/a7-c01-meta-multi-equals-rw/consumers.tsv	list-all	fixture-abort	HUMAN-CLOCK-BRACKET-MISSING /Users/ckriech/projects/clemens33/ae-rust/docs/migration/evidence/phase4-run/captures/0793-list-all/human-clock-bracket.tsv: [Errno 2] No such file or directory: '/Users/ckriech/projects/clemens33/ae-rust/docs/migration/evidence/phase4-run/captures/0793-list-all/human-clock-bracket.tsv'				
796	arms/A7/a7-c02-meta-duplicate-key-ro/consumers.tsv	list	fixture-abort	HUMAN-CLOCK-BRACKET-MISSING /Users/ckriech/projects/clemens33/ae-rust/docs/migration/evidence/phase4-run/captures/0796-list/human-clock-bracket.tsv: [Errno 2] No such file or directory: '/Users/ckriech/projects/clemens33/ae-rust/docs/migration/evidence/phase4-run/captures/0796-list/human-clock-bracket.tsv'				
798	arms/A7/a7-c02-meta-duplicate-key-ro/consumers.tsv	list-all	fixture-abort	HUMAN-CLOCK-BRACKET-MISSING /Users/ckriech/projects/clemens33/ae-rust/docs/migration/evidence/phase4-run/captures/0798-list-all/human-clock-bracket.tsv: [Errno 2] No such file or directory: '/Users/ckriech/projects/clemens33/ae-rust/docs/migration/evidence/phase4-run/captures/0798-list-all/human-clock-bracket.tsv'				
801	arms/A7/a7-c02-meta-duplicate-key-rw/consumers.tsv	list	fixture-abort	HUMAN-CLOCK-BRACKET-MISSING /Users/ckriech/projects/clemens33/ae-rust/docs/migration/evidence/phase4-run/captures/0801-list/human-clock-bracket.tsv: [Errno 2] No such file or directory: '/Users/ckriech/projects/clemens33/ae-rust/docs/migration/evidence/phase4-run/captures/0801-list/human-clock-bracket.tsv'				
803	arms/A7/a7-c02-meta-duplicate-key-rw/consumers.tsv	list-all	fixture-abort	HUMAN-CLOCK-BRACKET-MISSING /Users/ckriech/projects/clemens33/ae-rust/docs/migration/evidence/phase4-run/captures/0803-list-all/human-clock-bracket.tsv: [Errno 2] No such file or directory: '/Users/ckriech/projects/clemens33/ae-rust/docs/migration/evidence/phase4-run/captures/0803-list-all/human-clock-bracket.tsv'				
806	arms/A7/a7-c03-meta-unknown-keys-ro/consumers.tsv	list	fixture-abort	HUMAN-CLOCK-BRACKET-MISSING /Users/ckriech/projects/clemens33/ae-rust/docs/migration/evidence/phase4-run/captures/0806-list/human-clock-bracket.tsv: [Errno 2] No such file or directory: '/Users/ckriech/projects/clemens33/ae-rust/docs/migration/evidence/phase4-run/captures/0806-list/human-clock-bracket.tsv'				
808	arms/A7/a7-c03-meta-unknown-keys-ro/consumers.tsv	list-all	fixture-abort	HUMAN-CLOCK-BRACKET-MISSING /Users/ckriech/projects/clemens33/ae-rust/docs/migration/evidence/phase4-run/captures/0808-list-all/human-clock-bracket.tsv: [Errno 2] No such file or directory: '/Users/ckriech/projects/clemens33/ae-rust/docs/migration/evidence/phase4-run/captures/0808-list-all/human-clock-bracket.tsv'				
811	arms/A7/a7-c03-meta-unknown-keys-rw/consumers.tsv	list	fixture-abort	HUMAN-CLOCK-BRACKET-MISSING /Users/ckriech/projects/clemens33/ae-rust/docs/migration/evidence/phase4-run/captures/0811-list/human-clock-bracket.tsv: [Errno 2] No such file or directory: '/Users/ckriech/projects/clemens33/ae-rust/docs/migration/evidence/phase4-run/captures/0811-list/human-clock-bracket.tsv'				
813	arms/A7/a7-c03-meta-unknown-keys-rw/consumers.tsv	list-all	fixture-abort	HUMAN-CLOCK-BRACKET-MISSING /Users/ckriech/projects/clemens33/ae-rust/docs/migration/evidence/phase4-run/captures/0813-list-all/human-clock-bracket.tsv: [Errno 2] No such file or directory: '/Users/ckriech/projects/clemens33/ae-rust/docs/migration/evidence/phase4-run/captures/0813-list-all/human-clock-bracket.tsv'				
816	arms/A7/a7-c04-healthy-baseline-ro/consumers.tsv	list	fixture-abort	HUMAN-CLOCK-BRACKET-MISSING /Users/ckriech/projects/clemens33/ae-rust/docs/migration/evidence/phase4-run/captures/0816-list/human-clock-bracket.tsv: [Errno 2] No such file or directory: '/Users/ckriech/projects/clemens33/ae-rust/docs/migration/evidence/phase4-run/captures/0816-list/human-clock-bracket.tsv'				
818	arms/A7/a7-c04-healthy-baseline-ro/consumers.tsv	list-all	fixture-abort	HUMAN-CLOCK-BRACKET-MISSING /Users/ckriech/projects/clemens33/ae-rust/docs/migration/evidence/phase4-run/captures/0818-list-all/human-clock-bracket.tsv: [Errno 2] No such file or directory: '/Users/ckriech/projects/clemens33/ae-rust/docs/migration/evidence/phase4-run/captures/0818-list-all/human-clock-bracket.tsv'				
821	arms/A7/a7-c04-healthy-baseline-rw/consumers.tsv	list	fixture-abort	HUMAN-CLOCK-BRACKET-MISSING /Users/ckriech/projects/clemens33/ae-rust/docs/migration/evidence/phase4-run/captures/0821-list/human-clock-bracket.tsv: [Errno 2] No such file or directory: '/Users/ckriech/projects/clemens33/ae-rust/docs/migration/evidence/phase4-run/captures/0821-list/human-clock-bracket.tsv'				
823	arms/A7/a7-c04-healthy-baseline-rw/consumers.tsv	list-all	fixture-abort	HUMAN-CLOCK-BRACKET-MISSING /Users/ckriech/projects/clemens33/ae-rust/docs/migration/evidence/phase4-run/captures/0823-list-all/human-clock-bracket.tsv: [Errno 2] No such file or directory: '/Users/ckriech/projects/clemens33/ae-rust/docs/migration/evidence/phase4-run/captures/0823-list-all/human-clock-bracket.tsv'				
826	arms/A7/a7-c05-meta-mode-000-ro/consumers.tsv	list	fixture-abort	HUMAN-CLOCK-BRACKET-MISSING /Users/ckriech/projects/clemens33/ae-rust/docs/migration/evidence/phase4-run/captures/0826-list/human-clock-bracket.tsv: [Errno 2] No such file or directory: '/Users/ckriech/projects/clemens33/ae-rust/docs/migration/evidence/phase4-run/captures/0826-list/human-clock-bracket.tsv'				
828	arms/A7/a7-c05-meta-mode-000-ro/consumers.tsv	list-all	fixture-abort	HUMAN-CLOCK-BRACKET-MISSING /Users/ckriech/projects/clemens33/ae-rust/docs/migration/evidence/phase4-run/captures/0828-list-all/human-clock-bracket.tsv: [Errno 2] No such file or directory: '/Users/ckriech/projects/clemens33/ae-rust/docs/migration/evidence/phase4-run/captures/0828-list-all/human-clock-bracket.tsv'				
831	arms/A7/a7-c05-meta-mode-000-rw/consumers.tsv	list	fixture-abort	HUMAN-CLOCK-BRACKET-MISSING /Users/ckriech/projects/clemens33/ae-rust/docs/migration/evidence/phase4-run/captures/0831-list/human-clock-bracket.tsv: [Errno 2] No such file or directory: '/Users/ckriech/projects/clemens33/ae-rust/docs/migration/evidence/phase4-run/captures/0831-list/human-clock-bracket.tsv'				
833	arms/A7/a7-c05-meta-mode-000-rw/consumers.tsv	list-all	fixture-abort	HUMAN-CLOCK-BRACKET-MISSING /Users/ckriech/projects/clemens33/ae-rust/docs/migration/evidence/phase4-run/captures/0833-list-all/human-clock-bracket.tsv: [Errno 2] No such file or directory: '/Users/ckriech/projects/clemens33/ae-rust/docs/migration/evidence/phase4-run/captures/0833-list-all/human-clock-bracket.tsv'				
836	arms/A7/a7-c06-goal-order-opposed-ro/consumers.tsv	list	fixture-abort	HUMAN-CLOCK-BRACKET-MISSING /Users/ckriech/projects/clemens33/ae-rust/docs/migration/evidence/phase4-run/captures/0836-list/human-clock-bracket.tsv: [Errno 2] No such file or directory: '/Users/ckriech/projects/clemens33/ae-rust/docs/migration/evidence/phase4-run/captures/0836-list/human-clock-bracket.tsv'				
838	arms/A7/a7-c06-goal-order-opposed-ro/consumers.tsv	list-all	fixture-abort	HUMAN-CLOCK-BRACKET-MISSING /Users/ckriech/projects/clemens33/ae-rust/docs/migration/evidence/phase4-run/captures/0838-list-all/human-clock-bracket.tsv: [Errno 2] No such file or directory: '/Users/ckriech/projects/clemens33/ae-rust/docs/migration/evidence/phase4-run/captures/0838-list-all/human-clock-bracket.tsv'				
841	arms/A7/a7-c06-goal-order-opposed-rw/consumers.tsv	list	fixture-abort	HUMAN-CLOCK-BRACKET-MISSING /Users/ckriech/projects/clemens33/ae-rust/docs/migration/evidence/phase4-run/captures/0841-list/human-clock-bracket.tsv: [Errno 2] No such file or directory: '/Users/ckriech/projects/clemens33/ae-rust/docs/migration/evidence/phase4-run/captures/0841-list/human-clock-bracket.tsv'				
843	arms/A7/a7-c06-goal-order-opposed-rw/consumers.tsv	list-all	fixture-abort	HUMAN-CLOCK-BRACKET-MISSING /Users/ckriech/projects/clemens33/ae-rust/docs/migration/evidence/phase4-run/captures/0843-list-all/human-clock-bracket.tsv: [Errno 2] No such file or directory: '/Users/ckriech/projects/clemens33/ae-rust/docs/migration/evidence/phase4-run/captures/0843-list-all/human-clock-bracket.tsv'				
846	arms/A7/a7-c07-goal-order-agreeing-ro/consumers.tsv	list	fixture-abort	HUMAN-CLOCK-BRACKET-MISSING /Users/ckriech/projects/clemens33/ae-rust/docs/migration/evidence/phase4-run/captures/0846-list/human-clock-bracket.tsv: [Errno 2] No such file or directory: '/Users/ckriech/projects/clemens33/ae-rust/docs/migration/evidence/phase4-run/captures/0846-list/human-clock-bracket.tsv'				
848	arms/A7/a7-c07-goal-order-agreeing-ro/consumers.tsv	list-all	fixture-abort	HUMAN-CLOCK-BRACKET-MISSING /Users/ckriech/projects/clemens33/ae-rust/docs/migration/evidence/phase4-run/captures/0848-list-all/human-clock-bracket.tsv: [Errno 2] No such file or directory: '/Users/ckriech/projects/clemens33/ae-rust/docs/migration/evidence/phase4-run/captures/0848-list-all/human-clock-bracket.tsv'				
851	arms/A7/a7-c07-goal-order-agreeing-rw/consumers.tsv	list	fixture-abort	HUMAN-CLOCK-BRACKET-MISSING /Users/ckriech/projects/clemens33/ae-rust/docs/migration/evidence/phase4-run/captures/0851-list/human-clock-bracket.tsv: [Errno 2] No such file or directory: '/Users/ckriech/projects/clemens33/ae-rust/docs/migration/evidence/phase4-run/captures/0851-list/human-clock-bracket.tsv'				
853	arms/A7/a7-c07-goal-order-agreeing-rw/consumers.tsv	list-all	fixture-abort	HUMAN-CLOCK-BRACKET-MISSING /Users/ckriech/projects/clemens33/ae-rust/docs/migration/evidence/phase4-run/captures/0853-list-all/human-clock-bracket.tsv: [Errno 2] No such file or directory: '/Users/ckriech/projects/clemens33/ae-rust/docs/migration/evidence/phase4-run/captures/0853-list-all/human-clock-bracket.tsv'				
856	arms/A7/a7-c08-goal-order-single-ro/consumers.tsv	list	fixture-abort	HUMAN-CLOCK-BRACKET-MISSING /Users/ckriech/projects/clemens33/ae-rust/docs/migration/evidence/phase4-run/captures/0856-list/human-clock-bracket.tsv: [Errno 2] No such file or directory: '/Users/ckriech/projects/clemens33/ae-rust/docs/migration/evidence/phase4-run/captures/0856-list/human-clock-bracket.tsv'				
858	arms/A7/a7-c08-goal-order-single-ro/consumers.tsv	list-all	fixture-abort	HUMAN-CLOCK-BRACKET-MISSING /Users/ckriech/projects/clemens33/ae-rust/docs/migration/evidence/phase4-run/captures/0858-list-all/human-clock-bracket.tsv: [Errno 2] No such file or directory: '/Users/ckriech/projects/clemens33/ae-rust/docs/migration/evidence/phase4-run/captures/0858-list-all/human-clock-bracket.tsv'				
861	arms/A7/a7-c08-goal-order-single-rw/consumers.tsv	list	fixture-abort	HUMAN-CLOCK-BRACKET-MISSING /Users/ckriech/projects/clemens33/ae-rust/docs/migration/evidence/phase4-run/captures/0861-list/human-clock-bracket.tsv: [Errno 2] No such file or directory: '/Users/ckriech/projects/clemens33/ae-rust/docs/migration/evidence/phase4-run/captures/0861-list/human-clock-bracket.tsv'				
863	arms/A7/a7-c08-goal-order-single-rw/consumers.tsv	list-all	fixture-abort	HUMAN-CLOCK-BRACKET-MISSING /Users/ckriech/projects/clemens33/ae-rust/docs/migration/evidence/phase4-run/captures/0863-list-all/human-clock-bracket.tsv: [Errno 2] No such file or directory: '/Users/ckriech/projects/clemens33/ae-rust/docs/migration/evidence/phase4-run/captures/0863-list-all/human-clock-bracket.tsv'				
866	arms/A7/a7-c09-goals-distinct-ts-ro/consumers.tsv	list	fixture-abort	HUMAN-CLOCK-BRACKET-MISSING /Users/ckriech/projects/clemens33/ae-rust/docs/migration/evidence/phase4-run/captures/0866-list/human-clock-bracket.tsv: [Errno 2] No such file or directory: '/Users/ckriech/projects/clemens33/ae-rust/docs/migration/evidence/phase4-run/captures/0866-list/human-clock-bracket.tsv'				
868	arms/A7/a7-c09-goals-distinct-ts-ro/consumers.tsv	list-all	fixture-abort	HUMAN-CLOCK-BRACKET-MISSING /Users/ckriech/projects/clemens33/ae-rust/docs/migration/evidence/phase4-run/captures/0868-list-all/human-clock-bracket.tsv: [Errno 2] No such file or directory: '/Users/ckriech/projects/clemens33/ae-rust/docs/migration/evidence/phase4-run/captures/0868-list-all/human-clock-bracket.tsv'				
871	arms/A7/a7-c09-goals-distinct-ts-rw/consumers.tsv	list	fixture-abort	HUMAN-CLOCK-BRACKET-MISSING /Users/ckriech/projects/clemens33/ae-rust/docs/migration/evidence/phase4-run/captures/0871-list/human-clock-bracket.tsv: [Errno 2] No such file or directory: '/Users/ckriech/projects/clemens33/ae-rust/docs/migration/evidence/phase4-run/captures/0871-list/human-clock-bracket.tsv'				
873	arms/A7/a7-c09-goals-distinct-ts-rw/consumers.tsv	list-all	fixture-abort	HUMAN-CLOCK-BRACKET-MISSING /Users/ckriech/projects/clemens33/ae-rust/docs/migration/evidence/phase4-run/captures/0873-list-all/human-clock-bracket.tsv: [Errno 2] No such file or directory: '/Users/ckriech/projects/clemens33/ae-rust/docs/migration/evidence/phase4-run/captures/0873-list-all/human-clock-bracket.tsv'				
876	arms/A7/a7-c10-branch-live-ro/consumers.tsv	list	fixture-abort	HUMAN-CLOCK-BRACKET-MISSING /Users/ckriech/projects/clemens33/ae-rust/docs/migration/evidence/phase4-run/captures/0876-list/human-clock-bracket.tsv: [Errno 2] No such file or directory: '/Users/ckriech/projects/clemens33/ae-rust/docs/migration/evidence/phase4-run/captures/0876-list/human-clock-bracket.tsv'				
878	arms/A7/a7-c10-branch-live-ro/consumers.tsv	list-all	fixture-abort	HUMAN-CLOCK-BRACKET-MISSING /Users/ckriech/projects/clemens33/ae-rust/docs/migration/evidence/phase4-run/captures/0878-list-all/human-clock-bracket.tsv: [Errno 2] No such file or directory: '/Users/ckriech/projects/clemens33/ae-rust/docs/migration/evidence/phase4-run/captures/0878-list-all/human-clock-bracket.tsv'				
881	arms/A7/a7-c10-branch-live-rw/consumers.tsv	list	fixture-abort	HUMAN-CLOCK-BRACKET-MISSING /Users/ckriech/projects/clemens33/ae-rust/docs/migration/evidence/phase4-run/captures/0881-list/human-clock-bracket.tsv: [Errno 2] No such file or directory: '/Users/ckriech/projects/clemens33/ae-rust/docs/migration/evidence/phase4-run/captures/0881-list/human-clock-bracket.tsv'				
883	arms/A7/a7-c10-branch-live-rw/consumers.tsv	list-all	fixture-abort	HUMAN-CLOCK-BRACKET-MISSING /Users/ckriech/projects/clemens33/ae-rust/docs/migration/evidence/phase4-run/captures/0883-list-all/human-clock-bracket.tsv: [Errno 2] No such file or directory: '/Users/ckriech/projects/clemens33/ae-rust/docs/migration/evidence/phase4-run/captures/0883-list-all/human-clock-bracket.tsv'				
886	arms/A7/a7-c11-branch-stopped-ro/consumers.tsv	list	fixture-abort	HUMAN-CLOCK-BRACKET-MISSING /Users/ckriech/projects/clemens33/ae-rust/docs/migration/evidence/phase4-run/captures/0886-list/human-clock-bracket.tsv: [Errno 2] No such file or directory: '/Users/ckriech/projects/clemens33/ae-rust/docs/migration/evidence/phase4-run/captures/0886-list/human-clock-bracket.tsv'				
888	arms/A7/a7-c11-branch-stopped-ro/consumers.tsv	list-all	fixture-abort	HUMAN-CLOCK-BRACKET-MISSING /Users/ckriech/projects/clemens33/ae-rust/docs/migration/evidence/phase4-run/captures/0888-list-all/human-clock-bracket.tsv: [Errno 2] No such file or directory: '/Users/ckriech/projects/clemens33/ae-rust/docs/migration/evidence/phase4-run/captures/0888-list-all/human-clock-bracket.tsv'				
891	arms/A7/a7-c11-branch-stopped-rw/consumers.tsv	list	fixture-abort	HUMAN-CLOCK-BRACKET-MISSING /Users/ckriech/projects/clemens33/ae-rust/docs/migration/evidence/phase4-run/captures/0891-list/human-clock-bracket.tsv: [Errno 2] No such file or directory: '/Users/ckriech/projects/clemens33/ae-rust/docs/migration/evidence/phase4-run/captures/0891-list/human-clock-bracket.tsv'				
893	arms/A7/a7-c11-branch-stopped-rw/consumers.tsv	list-all	fixture-abort	HUMAN-CLOCK-BRACKET-MISSING /Users/ckriech/projects/clemens33/ae-rust/docs/migration/evidence/phase4-run/captures/0893-list-all/human-clock-bracket.tsv: [Errno 2] No such file or directory: '/Users/ckriech/projects/clemens33/ae-rust/docs/migration/evidence/phase4-run/captures/0893-list-all/human-clock-bracket.tsv'				
896	arms/A7/a7-c12-405j-pair-full-fresh-ro/consumers.tsv	list	fixture-abort	HUMAN-CLOCK-BRACKET-MISSING /Users/ckriech/projects/clemens33/ae-rust/docs/migration/evidence/phase4-run/captures/0896-list/human-clock-bracket.tsv: [Errno 2] No such file or directory: '/Users/ckriech/projects/clemens33/ae-rust/docs/migration/evidence/phase4-run/captures/0896-list/human-clock-bracket.tsv'				
898	arms/A7/a7-c12-405j-pair-full-fresh-ro/consumers.tsv	list-all	fixture-abort	HUMAN-CLOCK-BRACKET-MISSING /Users/ckriech/projects/clemens33/ae-rust/docs/migration/evidence/phase4-run/captures/0898-list-all/human-clock-bracket.tsv: [Errno 2] No such file or directory: '/Users/ckriech/projects/clemens33/ae-rust/docs/migration/evidence/phase4-run/captures/0898-list-all/human-clock-bracket.tsv'				
901	arms/A7/a7-c12-405j-pair-full-fresh-rw/consumers.tsv	list	fixture-abort	HUMAN-CLOCK-BRACKET-MISSING /Users/ckriech/projects/clemens33/ae-rust/docs/migration/evidence/phase4-run/captures/0901-list/human-clock-bracket.tsv: [Errno 2] No such file or directory: '/Users/ckriech/projects/clemens33/ae-rust/docs/migration/evidence/phase4-run/captures/0901-list/human-clock-bracket.tsv'				
903	arms/A7/a7-c12-405j-pair-full-fresh-rw/consumers.tsv	list-all	fixture-abort	HUMAN-CLOCK-BRACKET-MISSING /Users/ckriech/projects/clemens33/ae-rust/docs/migration/evidence/phase4-run/captures/0903-list-all/human-clock-bracket.tsv: [Errno 2] No such file or directory: '/Users/ckriech/projects/clemens33/ae-rust/docs/migration/evidence/phase4-run/captures/0903-list-all/human-clock-bracket.tsv'				
906	arms/A7/a7-c13-405j-pair-stale-keys-ro/consumers.tsv	list	fixture-abort	HUMAN-CLOCK-BRACKET-MISSING /Users/ckriech/projects/clemens33/ae-rust/docs/migration/evidence/phase4-run/captures/0906-list/human-clock-bracket.tsv: [Errno 2] No such file or directory: '/Users/ckriech/projects/clemens33/ae-rust/docs/migration/evidence/phase4-run/captures/0906-list/human-clock-bracket.tsv'				
908	arms/A7/a7-c13-405j-pair-stale-keys-ro/consumers.tsv	list-all	fixture-abort	HUMAN-CLOCK-BRACKET-MISSING /Users/ckriech/projects/clemens33/ae-rust/docs/migration/evidence/phase4-run/captures/0908-list-all/human-clock-bracket.tsv: [Errno 2] No such file or directory: '/Users/ckriech/projects/clemens33/ae-rust/docs/migration/evidence/phase4-run/captures/0908-list-all/human-clock-bracket.tsv'				
911	arms/A7/a7-c13-405j-pair-stale-keys-rw/consumers.tsv	list	fixture-abort	HUMAN-CLOCK-BRACKET-MISSING /Users/ckriech/projects/clemens33/ae-rust/docs/migration/evidence/phase4-run/captures/0911-list/human-clock-bracket.tsv: [Errno 2] No such file or directory: '/Users/ckriech/projects/clemens33/ae-rust/docs/migration/evidence/phase4-run/captures/0911-list/human-clock-bracket.tsv'				
913	arms/A7/a7-c13-405j-pair-stale-keys-rw/consumers.tsv	list-all	fixture-abort	HUMAN-CLOCK-BRACKET-MISSING /Users/ckriech/projects/clemens33/ae-rust/docs/migration/evidence/phase4-run/captures/0913-list-all/human-clock-bracket.tsv: [Errno 2] No such file or directory: '/Users/ckriech/projects/clemens33/ae-rust/docs/migration/evidence/phase4-run/captures/0913-list-all/human-clock-bracket.tsv'				
916	arms/A7/a7-c14-405j-pair-slot-only-ro/consumers.tsv	list	fixture-abort	HUMAN-CLOCK-BRACKET-MISSING /Users/ckriech/projects/clemens33/ae-rust/docs/migration/evidence/phase4-run/captures/0916-list/human-clock-bracket.tsv: [Errno 2] No such file or directory: '/Users/ckriech/projects/clemens33/ae-rust/docs/migration/evidence/phase4-run/captures/0916-list/human-clock-bracket.tsv'				
918	arms/A7/a7-c14-405j-pair-slot-only-ro/consumers.tsv	list-all	fixture-abort	HUMAN-CLOCK-BRACKET-MISSING /Users/ckriech/projects/clemens33/ae-rust/docs/migration/evidence/phase4-run/captures/0918-list-all/human-clock-bracket.tsv: [Errno 2] No such file or directory: '/Users/ckriech/projects/clemens33/ae-rust/docs/migration/evidence/phase4-run/captures/0918-list-all/human-clock-bracket.tsv'				
921	arms/A7/a7-c14-405j-pair-slot-only-rw/consumers.tsv	list	fixture-abort	HUMAN-CLOCK-BRACKET-MISSING /Users/ckriech/projects/clemens33/ae-rust/docs/migration/evidence/phase4-run/captures/0921-list/human-clock-bracket.tsv: [Errno 2] No such file or directory: '/Users/ckriech/projects/clemens33/ae-rust/docs/migration/evidence/phase4-run/captures/0921-list/human-clock-bracket.tsv'				
923	arms/A7/a7-c14-405j-pair-slot-only-rw/consumers.tsv	list-all	fixture-abort	HUMAN-CLOCK-BRACKET-MISSING /Users/ckriech/projects/clemens33/ae-rust/docs/migration/evidence/phase4-run/captures/0923-list-all/human-clock-bracket.tsv: [Errno 2] No such file or directory: '/Users/ckriech/projects/clemens33/ae-rust/docs/migration/evidence/phase4-run/captures/0923-list-all/human-clock-bracket.tsv'				
926	arms/A7/a7-c15-405j-pair-session-only-ro/consumers.tsv	list	fixture-abort	HUMAN-CLOCK-BRACKET-MISSING /Users/ckriech/projects/clemens33/ae-rust/docs/migration/evidence/phase4-run/captures/0926-list/human-clock-bracket.tsv: [Errno 2] No such file or directory: '/Users/ckriech/projects/clemens33/ae-rust/docs/migration/evidence/phase4-run/captures/0926-list/human-clock-bracket.tsv'				
928	arms/A7/a7-c15-405j-pair-session-only-ro/consumers.tsv	list-all	fixture-abort	HUMAN-CLOCK-BRACKET-MISSING /Users/ckriech/projects/clemens33/ae-rust/docs/migration/evidence/phase4-run/captures/0928-list-all/human-clock-bracket.tsv: [Errno 2] No such file or directory: '/Users/ckriech/projects/clemens33/ae-rust/docs/migration/evidence/phase4-run/captures/0928-list-all/human-clock-bracket.tsv'				
931	arms/A7/a7-c15-405j-pair-session-only-rw/consumers.tsv	list	fixture-abort	HUMAN-CLOCK-BRACKET-MISSING /Users/ckriech/projects/clemens33/ae-rust/docs/migration/evidence/phase4-run/captures/0931-list/human-clock-bracket.tsv: [Errno 2] No such file or directory: '/Users/ckriech/projects/clemens33/ae-rust/docs/migration/evidence/phase4-run/captures/0931-list/human-clock-bracket.tsv'				
933	arms/A7/a7-c15-405j-pair-session-only-rw/consumers.tsv	list-all	fixture-abort	HUMAN-CLOCK-BRACKET-MISSING /Users/ckriech/projects/clemens33/ae-rust/docs/migration/evidence/phase4-run/captures/0933-list-all/human-clock-bracket.tsv: [Errno 2] No such file or directory: '/Users/ckriech/projects/clemens33/ae-rust/docs/migration/evidence/phase4-run/captures/0933-list-all/human-clock-bracket.tsv'				
936	arms/A7/a7-c16-405j-pair-keyless-ro/consumers.tsv	list	fixture-abort	HUMAN-CLOCK-BRACKET-MISSING /Users/ckriech/projects/clemens33/ae-rust/docs/migration/evidence/phase4-run/captures/0936-list/human-clock-bracket.tsv: [Errno 2] No such file or directory: '/Users/ckriech/projects/clemens33/ae-rust/docs/migration/evidence/phase4-run/captures/0936-list/human-clock-bracket.tsv'				
938	arms/A7/a7-c16-405j-pair-keyless-ro/consumers.tsv	list-all	fixture-abort	HUMAN-CLOCK-BRACKET-MISSING /Users/ckriech/projects/clemens33/ae-rust/docs/migration/evidence/phase4-run/captures/0938-list-all/human-clock-bracket.tsv: [Errno 2] No such file or directory: '/Users/ckriech/projects/clemens33/ae-rust/docs/migration/evidence/phase4-run/captures/0938-list-all/human-clock-bracket.tsv'				
941	arms/A7/a7-c16-405j-pair-keyless-rw/consumers.tsv	list	fixture-abort	HUMAN-CLOCK-BRACKET-MISSING /Users/ckriech/projects/clemens33/ae-rust/docs/migration/evidence/phase4-run/captures/0941-list/human-clock-bracket.tsv: [Errno 2] No such file or directory: '/Users/ckriech/projects/clemens33/ae-rust/docs/migration/evidence/phase4-run/captures/0941-list/human-clock-bracket.tsv'				
943	arms/A7/a7-c16-405j-pair-keyless-rw/consumers.tsv	list-all	fixture-abort	HUMAN-CLOCK-BRACKET-MISSING /Users/ckriech/projects/clemens33/ae-rust/docs/migration/evidence/phase4-run/captures/0943-list-all/human-clock-bracket.tsv: [Errno 2] No such file or directory: '/Users/ckriech/projects/clemens33/ae-rust/docs/migration/evidence/phase4-run/captures/0943-list-all/human-clock-bracket.tsv'				
946	arms/A7/a7-c17-405j-pair-one-empty-ro/consumers.tsv	list	fixture-abort	HUMAN-CLOCK-BRACKET-MISSING /Users/ckriech/projects/clemens33/ae-rust/docs/migration/evidence/phase4-run/captures/0946-list/human-clock-bracket.tsv: [Errno 2] No such file or directory: '/Users/ckriech/projects/clemens33/ae-rust/docs/migration/evidence/phase4-run/captures/0946-list/human-clock-bracket.tsv'				
948	arms/A7/a7-c17-405j-pair-one-empty-ro/consumers.tsv	list-all	fixture-abort	HUMAN-CLOCK-BRACKET-MISSING /Users/ckriech/projects/clemens33/ae-rust/docs/migration/evidence/phase4-run/captures/0948-list-all/human-clock-bracket.tsv: [Errno 2] No such file or directory: '/Users/ckriech/projects/clemens33/ae-rust/docs/migration/evidence/phase4-run/captures/0948-list-all/human-clock-bracket.tsv'				
951	arms/A7/a7-c17-405j-pair-one-empty-rw/consumers.tsv	list	fixture-abort	HUMAN-CLOCK-BRACKET-MISSING /Users/ckriech/projects/clemens33/ae-rust/docs/migration/evidence/phase4-run/captures/0951-list/human-clock-bracket.tsv: [Errno 2] No such file or directory: '/Users/ckriech/projects/clemens33/ae-rust/docs/migration/evidence/phase4-run/captures/0951-list/human-clock-bracket.tsv'				
953	arms/A7/a7-c17-405j-pair-one-empty-rw/consumers.tsv	list-all	fixture-abort	HUMAN-CLOCK-BRACKET-MISSING /Users/ckriech/projects/clemens33/ae-rust/docs/migration/evidence/phase4-run/captures/0953-list-all/human-clock-bracket.tsv: [Errno 2] No such file or directory: '/Users/ckriech/projects/clemens33/ae-rust/docs/migration/evidence/phase4-run/captures/0953-list-all/human-clock-bracket.tsv'				
956	arms/A7/a7-c18-405j-pair-all-empty-ro/consumers.tsv	list	fixture-abort	HUMAN-CLOCK-BRACKET-MISSING /Users/ckriech/projects/clemens33/ae-rust/docs/migration/evidence/phase4-run/captures/0956-list/human-clock-bracket.tsv: [Errno 2] No such file or directory: '/Users/ckriech/projects/clemens33/ae-rust/docs/migration/evidence/phase4-run/captures/0956-list/human-clock-bracket.tsv'				
958	arms/A7/a7-c18-405j-pair-all-empty-ro/consumers.tsv	list-all	fixture-abort	HUMAN-CLOCK-BRACKET-MISSING /Users/ckriech/projects/clemens33/ae-rust/docs/migration/evidence/phase4-run/captures/0958-list-all/human-clock-bracket.tsv: [Errno 2] No such file or directory: '/Users/ckriech/projects/clemens33/ae-rust/docs/migration/evidence/phase4-run/captures/0958-list-all/human-clock-bracket.tsv'				
961	arms/A7/a7-c18-405j-pair-all-empty-rw/consumers.tsv	list	fixture-abort	HUMAN-CLOCK-BRACKET-MISSING /Users/ckriech/projects/clemens33/ae-rust/docs/migration/evidence/phase4-run/captures/0961-list/human-clock-bracket.tsv: [Errno 2] No such file or directory: '/Users/ckriech/projects/clemens33/ae-rust/docs/migration/evidence/phase4-run/captures/0961-list/human-clock-bracket.tsv'				
963	arms/A7/a7-c18-405j-pair-all-empty-rw/consumers.tsv	list-all	fixture-abort	HUMAN-CLOCK-BRACKET-MISSING /Users/ckriech/projects/clemens33/ae-rust/docs/migration/evidence/phase4-run/captures/0963-list-all/human-clock-bracket.tsv: [Errno 2] No such file or directory: '/Users/ckriech/projects/clemens33/ae-rust/docs/migration/evidence/phase4-run/captures/0963-list-all/human-clock-bracket.tsv'				
966	arms/A9/a9-c01-no-events-ro-noserver/consumers.tsv	list	fixture-abort	HUMAN-CLOCK-BRACKET-MISSING /Users/ckriech/projects/clemens33/ae-rust/docs/migration/evidence/phase4-run/captures/0966-list/human-clock-bracket.tsv: [Errno 2] No such file or directory: '/Users/ckriech/projects/clemens33/ae-rust/docs/migration/evidence/phase4-run/captures/0966-list/human-clock-bracket.tsv'				
968	arms/A9/a9-c01-no-events-ro-noserver/consumers.tsv	list-all	fixture-abort	HUMAN-CLOCK-BRACKET-MISSING /Users/ckriech/projects/clemens33/ae-rust/docs/migration/evidence/phase4-run/captures/0968-list-all/human-clock-bracket.tsv: [Errno 2] No such file or directory: '/Users/ckriech/projects/clemens33/ae-rust/docs/migration/evidence/phase4-run/captures/0968-list-all/human-clock-bracket.tsv'				
971	arms/A9/a9-c01-no-events-ro/consumers.tsv	list	fixture-abort	HUMAN-CLOCK-BRACKET-MISSING /Users/ckriech/projects/clemens33/ae-rust/docs/migration/evidence/phase4-run/captures/0971-list/human-clock-bracket.tsv: [Errno 2] No such file or directory: '/Users/ckriech/projects/clemens33/ae-rust/docs/migration/evidence/phase4-run/captures/0971-list/human-clock-bracket.tsv'				
973	arms/A9/a9-c01-no-events-ro/consumers.tsv	list-all	fixture-abort	HUMAN-CLOCK-BRACKET-MISSING /Users/ckriech/projects/clemens33/ae-rust/docs/migration/evidence/phase4-run/captures/0973-list-all/human-clock-bracket.tsv: [Errno 2] No such file or directory: '/Users/ckriech/projects/clemens33/ae-rust/docs/migration/evidence/phase4-run/captures/0973-list-all/human-clock-bracket.tsv'				
976	arms/A9/a9-c01-no-events-rw/consumers.tsv	list	fixture-abort	HUMAN-CLOCK-BRACKET-MISSING /Users/ckriech/projects/clemens33/ae-rust/docs/migration/evidence/phase4-run/captures/0976-list/human-clock-bracket.tsv: [Errno 2] No such file or directory: '/Users/ckriech/projects/clemens33/ae-rust/docs/migration/evidence/phase4-run/captures/0976-list/human-clock-bracket.tsv'				
978	arms/A9/a9-c01-no-events-rw/consumers.tsv	list-all	fixture-abort	HUMAN-CLOCK-BRACKET-MISSING /Users/ckriech/projects/clemens33/ae-rust/docs/migration/evidence/phase4-run/captures/0978-list-all/human-clock-bracket.tsv: [Errno 2] No such file or directory: '/Users/ckriech/projects/clemens33/ae-rust/docs/migration/evidence/phase4-run/captures/0978-list-all/human-clock-bracket.tsv'				
981	arms/A9/a9-c02-zero-byte-events-ro-noserver/consumers.tsv	list	fixture-abort	HUMAN-CLOCK-BRACKET-MISSING /Users/ckriech/projects/clemens33/ae-rust/docs/migration/evidence/phase4-run/captures/0981-list/human-clock-bracket.tsv: [Errno 2] No such file or directory: '/Users/ckriech/projects/clemens33/ae-rust/docs/migration/evidence/phase4-run/captures/0981-list/human-clock-bracket.tsv'				
983	arms/A9/a9-c02-zero-byte-events-ro-noserver/consumers.tsv	list-all	fixture-abort	HUMAN-CLOCK-BRACKET-MISSING /Users/ckriech/projects/clemens33/ae-rust/docs/migration/evidence/phase4-run/captures/0983-list-all/human-clock-bracket.tsv: [Errno 2] No such file or directory: '/Users/ckriech/projects/clemens33/ae-rust/docs/migration/evidence/phase4-run/captures/0983-list-all/human-clock-bracket.tsv'				
986	arms/A9/a9-c02-zero-byte-events-ro/consumers.tsv	list	fixture-abort	HUMAN-CLOCK-BRACKET-MISSING /Users/ckriech/projects/clemens33/ae-rust/docs/migration/evidence/phase4-run/captures/0986-list/human-clock-bracket.tsv: [Errno 2] No such file or directory: '/Users/ckriech/projects/clemens33/ae-rust/docs/migration/evidence/phase4-run/captures/0986-list/human-clock-bracket.tsv'				
988	arms/A9/a9-c02-zero-byte-events-ro/consumers.tsv	list-all	fixture-abort	HUMAN-CLOCK-BRACKET-MISSING /Users/ckriech/projects/clemens33/ae-rust/docs/migration/evidence/phase4-run/captures/0988-list-all/human-clock-bracket.tsv: [Errno 2] No such file or directory: '/Users/ckriech/projects/clemens33/ae-rust/docs/migration/evidence/phase4-run/captures/0988-list-all/human-clock-bracket.tsv'				
991	arms/A9/a9-c02-zero-byte-events-rw/consumers.tsv	list	fixture-abort	HUMAN-CLOCK-BRACKET-MISSING /Users/ckriech/projects/clemens33/ae-rust/docs/migration/evidence/phase4-run/captures/0991-list/human-clock-bracket.tsv: [Errno 2] No such file or directory: '/Users/ckriech/projects/clemens33/ae-rust/docs/migration/evidence/phase4-run/captures/0991-list/human-clock-bracket.tsv'				
993	arms/A9/a9-c02-zero-byte-events-rw/consumers.tsv	list-all	fixture-abort	HUMAN-CLOCK-BRACKET-MISSING /Users/ckriech/projects/clemens33/ae-rust/docs/migration/evidence/phase4-run/captures/0993-list-all/human-clock-bracket.tsv: [Errno 2] No such file or directory: '/Users/ckriech/projects/clemens33/ae-rust/docs/migration/evidence/phase4-run/captures/0993-list-all/human-clock-bracket.tsv'				
996	arms/A9/a9-c03-meta-mode-000-ro-noserver/consumers.tsv	list	fixture-abort	HUMAN-CLOCK-BRACKET-MISSING /Users/ckriech/projects/clemens33/ae-rust/docs/migration/evidence/phase4-run/captures/0996-list/human-clock-bracket.tsv: [Errno 2] No such file or directory: '/Users/ckriech/projects/clemens33/ae-rust/docs/migration/evidence/phase4-run/captures/0996-list/human-clock-bracket.tsv'				
998	arms/A9/a9-c03-meta-mode-000-ro-noserver/consumers.tsv	list-all	fixture-abort	HUMAN-CLOCK-BRACKET-MISSING /Users/ckriech/projects/clemens33/ae-rust/docs/migration/evidence/phase4-run/captures/0998-list-all/human-clock-bracket.tsv: [Errno 2] No such file or directory: '/Users/ckriech/projects/clemens33/ae-rust/docs/migration/evidence/phase4-run/captures/0998-list-all/human-clock-bracket.tsv'				
1001	arms/A9/a9-c03-meta-mode-000-ro/consumers.tsv	list	fixture-abort	HUMAN-CLOCK-BRACKET-MISSING /Users/ckriech/projects/clemens33/ae-rust/docs/migration/evidence/phase4-run/captures/1001-list/human-clock-bracket.tsv: [Errno 2] No such file or directory: '/Users/ckriech/projects/clemens33/ae-rust/docs/migration/evidence/phase4-run/captures/1001-list/human-clock-bracket.tsv'				
1003	arms/A9/a9-c03-meta-mode-000-ro/consumers.tsv	list-all	fixture-abort	HUMAN-CLOCK-BRACKET-MISSING /Users/ckriech/projects/clemens33/ae-rust/docs/migration/evidence/phase4-run/captures/1003-list-all/human-clock-bracket.tsv: [Errno 2] No such file or directory: '/Users/ckriech/projects/clemens33/ae-rust/docs/migration/evidence/phase4-run/captures/1003-list-all/human-clock-bracket.tsv'				
1006	arms/A9/a9-c03-meta-mode-000-rw/consumers.tsv	list	fixture-abort	HUMAN-CLOCK-BRACKET-MISSING /Users/ckriech/projects/clemens33/ae-rust/docs/migration/evidence/phase4-run/captures/1006-list/human-clock-bracket.tsv: [Errno 2] No such file or directory: '/Users/ckriech/projects/clemens33/ae-rust/docs/migration/evidence/phase4-run/captures/1006-list/human-clock-bracket.tsv'				
1008	arms/A9/a9-c03-meta-mode-000-rw/consumers.tsv	list-all	fixture-abort	HUMAN-CLOCK-BRACKET-MISSING /Users/ckriech/projects/clemens33/ae-rust/docs/migration/evidence/phase4-run/captures/1008-list-all/human-clock-bracket.tsv: [Errno 2] No such file or directory: '/Users/ckriech/projects/clemens33/ae-rust/docs/migration/evidence/phase4-run/captures/1008-list-all/human-clock-bracket.tsv'				
1011	arms/A9/a9-c04-malformed-event-ro-noserver/consumers.tsv	list	fixture-abort	HUMAN-CLOCK-BRACKET-MISSING /Users/ckriech/projects/clemens33/ae-rust/docs/migration/evidence/phase4-run/captures/1011-list/human-clock-bracket.tsv: [Errno 2] No such file or directory: '/Users/ckriech/projects/clemens33/ae-rust/docs/migration/evidence/phase4-run/captures/1011-list/human-clock-bracket.tsv'				
1013	arms/A9/a9-c04-malformed-event-ro-noserver/consumers.tsv	list-all	fixture-abort	HUMAN-CLOCK-BRACKET-MISSING /Users/ckriech/projects/clemens33/ae-rust/docs/migration/evidence/phase4-run/captures/1013-list-all/human-clock-bracket.tsv: [Errno 2] No such file or directory: '/Users/ckriech/projects/clemens33/ae-rust/docs/migration/evidence/phase4-run/captures/1013-list-all/human-clock-bracket.tsv'				
1016	arms/A9/a9-c04-malformed-event-ro/consumers.tsv	list	fixture-abort	HUMAN-CLOCK-BRACKET-MISSING /Users/ckriech/projects/clemens33/ae-rust/docs/migration/evidence/phase4-run/captures/1016-list/human-clock-bracket.tsv: [Errno 2] No such file or directory: '/Users/ckriech/projects/clemens33/ae-rust/docs/migration/evidence/phase4-run/captures/1016-list/human-clock-bracket.tsv'				
1018	arms/A9/a9-c04-malformed-event-ro/consumers.tsv	list-all	fixture-abort	HUMAN-CLOCK-BRACKET-MISSING /Users/ckriech/projects/clemens33/ae-rust/docs/migration/evidence/phase4-run/captures/1018-list-all/human-clock-bracket.tsv: [Errno 2] No such file or directory: '/Users/ckriech/projects/clemens33/ae-rust/docs/migration/evidence/phase4-run/captures/1018-list-all/human-clock-bracket.tsv'				
1021	arms/A9/a9-c04-malformed-event-rw/consumers.tsv	list	fixture-abort	HUMAN-CLOCK-BRACKET-MISSING /Users/ckriech/projects/clemens33/ae-rust/docs/migration/evidence/phase4-run/captures/1021-list/human-clock-bracket.tsv: [Errno 2] No such file or directory: '/Users/ckriech/projects/clemens33/ae-rust/docs/migration/evidence/phase4-run/captures/1021-list/human-clock-bracket.tsv'				
1023	arms/A9/a9-c04-malformed-event-rw/consumers.tsv	list-all	fixture-abort	HUMAN-CLOCK-BRACKET-MISSING /Users/ckriech/projects/clemens33/ae-rust/docs/migration/evidence/phase4-run/captures/1023-list-all/human-clock-bracket.tsv: [Errno 2] No such file or directory: '/Users/ckriech/projects/clemens33/ae-rust/docs/migration/evidence/phase4-run/captures/1023-list-all/human-clock-bracket.tsv'				
1026	arms/A9/a9-c05-meta-absent-ro-noserver/consumers.tsv	list	fixture-abort	HUMAN-CLOCK-BRACKET-MISSING /Users/ckriech/projects/clemens33/ae-rust/docs/migration/evidence/phase4-run/captures/1026-list/human-clock-bracket.tsv: [Errno 2] No such file or directory: '/Users/ckriech/projects/clemens33/ae-rust/docs/migration/evidence/phase4-run/captures/1026-list/human-clock-bracket.tsv'				
1028	arms/A9/a9-c05-meta-absent-ro-noserver/consumers.tsv	list-all	fixture-abort	HUMAN-CLOCK-BRACKET-MISSING /Users/ckriech/projects/clemens33/ae-rust/docs/migration/evidence/phase4-run/captures/1028-list-all/human-clock-bracket.tsv: [Errno 2] No such file or directory: '/Users/ckriech/projects/clemens33/ae-rust/docs/migration/evidence/phase4-run/captures/1028-list-all/human-clock-bracket.tsv'				
1031	arms/A9/a9-c05-meta-absent-ro/consumers.tsv	list	fixture-abort	HUMAN-CLOCK-BRACKET-MISSING /Users/ckriech/projects/clemens33/ae-rust/docs/migration/evidence/phase4-run/captures/1031-list/human-clock-bracket.tsv: [Errno 2] No such file or directory: '/Users/ckriech/projects/clemens33/ae-rust/docs/migration/evidence/phase4-run/captures/1031-list/human-clock-bracket.tsv'				
1033	arms/A9/a9-c05-meta-absent-ro/consumers.tsv	list-all	fixture-abort	HUMAN-CLOCK-BRACKET-MISSING /Users/ckriech/projects/clemens33/ae-rust/docs/migration/evidence/phase4-run/captures/1033-list-all/human-clock-bracket.tsv: [Errno 2] No such file or directory: '/Users/ckriech/projects/clemens33/ae-rust/docs/migration/evidence/phase4-run/captures/1033-list-all/human-clock-bracket.tsv'				
1036	arms/A9/a9-c05-meta-absent-rw/consumers.tsv	list	fixture-abort	HUMAN-CLOCK-BRACKET-MISSING /Users/ckriech/projects/clemens33/ae-rust/docs/migration/evidence/phase4-run/captures/1036-list/human-clock-bracket.tsv: [Errno 2] No such file or directory: '/Users/ckriech/projects/clemens33/ae-rust/docs/migration/evidence/phase4-run/captures/1036-list/human-clock-bracket.tsv'				
1038	arms/A9/a9-c05-meta-absent-rw/consumers.tsv	list-all	fixture-abort	HUMAN-CLOCK-BRACKET-MISSING /Users/ckriech/projects/clemens33/ae-rust/docs/migration/evidence/phase4-run/captures/1038-list-all/human-clock-bracket.tsv: [Errno 2] No such file or directory: '/Users/ckriech/projects/clemens33/ae-rust/docs/migration/evidence/phase4-run/captures/1038-list-all/human-clock-bracket.tsv'				
1041	arms/A9/a9-c06-healthy-control-ro-noserver/consumers.tsv	list	fixture-abort	HUMAN-CLOCK-BRACKET-MISSING /Users/ckriech/projects/clemens33/ae-rust/docs/migration/evidence/phase4-run/captures/1041-list/human-clock-bracket.tsv: [Errno 2] No such file or directory: '/Users/ckriech/projects/clemens33/ae-rust/docs/migration/evidence/phase4-run/captures/1041-list/human-clock-bracket.tsv'				
1043	arms/A9/a9-c06-healthy-control-ro-noserver/consumers.tsv	list-all	fixture-abort	HUMAN-CLOCK-BRACKET-MISSING /Users/ckriech/projects/clemens33/ae-rust/docs/migration/evidence/phase4-run/captures/1043-list-all/human-clock-bracket.tsv: [Errno 2] No such file or directory: '/Users/ckriech/projects/clemens33/ae-rust/docs/migration/evidence/phase4-run/captures/1043-list-all/human-clock-bracket.tsv'				
1046	arms/A9/a9-c06-healthy-control-ro/consumers.tsv	list	fixture-abort	HUMAN-CLOCK-BRACKET-MISSING /Users/ckriech/projects/clemens33/ae-rust/docs/migration/evidence/phase4-run/captures/1046-list/human-clock-bracket.tsv: [Errno 2] No such file or directory: '/Users/ckriech/projects/clemens33/ae-rust/docs/migration/evidence/phase4-run/captures/1046-list/human-clock-bracket.tsv'				
1048	arms/A9/a9-c06-healthy-control-ro/consumers.tsv	list-all	fixture-abort	HUMAN-CLOCK-BRACKET-MISSING /Users/ckriech/projects/clemens33/ae-rust/docs/migration/evidence/phase4-run/captures/1048-list-all/human-clock-bracket.tsv: [Errno 2] No such file or directory: '/Users/ckriech/projects/clemens33/ae-rust/docs/migration/evidence/phase4-run/captures/1048-list-all/human-clock-bracket.tsv'				
1051	arms/A9/a9-c06-healthy-control-rw/consumers.tsv	list	fixture-abort	HUMAN-CLOCK-BRACKET-MISSING /Users/ckriech/projects/clemens33/ae-rust/docs/migration/evidence/phase4-run/captures/1051-list/human-clock-bracket.tsv: [Errno 2] No such file or directory: '/Users/ckriech/projects/clemens33/ae-rust/docs/migration/evidence/phase4-run/captures/1051-list/human-clock-bracket.tsv'				
1053	arms/A9/a9-c06-healthy-control-rw/consumers.tsv	list-all	fixture-abort	HUMAN-CLOCK-BRACKET-MISSING /Users/ckriech/projects/clemens33/ae-rust/docs/migration/evidence/phase4-run/captures/1053-list-all/human-clock-bracket.tsv: [Errno 2] No such file or directory: '/Users/ckriech/projects/clemens33/ae-rust/docs/migration/evidence/phase4-run/captures/1053-list-all/human-clock-bracket.tsv'				
