case	consumer	surface	rc_base	rc_suc	stdout_cmp	stderr_cmp	clone_fp	clone_fp_recorded	why
arms/A1/c01-healthy-ro/consumers.tsv	list	ae list	0	0	differ	differ	2f1b2ea3f8bfcc3a950686c788aed33b4fb91eae0699b0304f28784ebd0cd8e8	c940ecaed0bba78bb6b78f7a286ed3c65f601aa18f5a0babda6d2910aa062f18	human-differ
arms/A1/c01-healthy-ro/consumers.tsv	list-json	ae list	0	0	pass	empty-ok	2f1b2ea3f8bfcc3a950686c788aed33b4fb91eae0699b0304f28784ebd0cd8e8	c940ecaed0bba78bb6b78f7a286ed3c65f601aa18f5a0babda6d2910aa062f18	digest-scored
arms/A1/c01-healthy-ro/consumers.tsv	list-all	ae list	0	0	differ	differ	2f1b2ea3f8bfcc3a950686c788aed33b4fb91eae0699b0304f28784ebd0cd8e8	c940ecaed0bba78bb6b78f7a286ed3c65f601aa18f5a0babda6d2910aa062f18	human-differ
arms/A1/c01-healthy-ro/consumers.tsv	list-all-json	ae list	0	0	pass	empty-ok	2f1b2ea3f8bfcc3a950686c788aed33b4fb91eae0699b0304f28784ebd0cd8e8	c940ecaed0bba78bb6b78f7a286ed3c65f601aa18f5a0babda6d2910aa062f18	digest-scored
arms/A1/c01-healthy-ro/consumers.tsv	ls-alias	ae ls	0	0	differ	differ	2f1b2ea3f8bfcc3a950686c788aed33b4fb91eae0699b0304f28784ebd0cd8e8	c940ecaed0bba78bb6b78f7a286ed3c65f601aa18f5a0babda6d2910aa062f18	human-differ
arms/A1/c01-healthy-ro/consumers.tsv	ls-alias-all	ae ls	0	0	differ	differ	2f1b2ea3f8bfcc3a950686c788aed33b4fb91eae0699b0304f28784ebd0cd8e8	c940ecaed0bba78bb6b78f7a286ed3c65f601aa18f5a0babda6d2910aa062f18	human-differ
arms/A1/c01-healthy-ro/consumers.tsv	requests-all	helper:requests	0	-	unimplemented	unimplemented	-	c940ecaed0bba78bb6b78f7a286ed3c65f601aa18f5a0babda6d2910aa062f18	helper-not-in-rust-cli
arms/A1/c01-healthy-ro/consumers.tsv	events-tail	helper:events-tail	143	-	unimplemented	unimplemented	-	c940ecaed0bba78bb6b78f7a286ed3c65f601aa18f5a0babda6d2910aa062f18	helper-not-in-rust-cli
arms/A1/c01-healthy-rw/consumers.tsv	list	ae list	0	0	differ	differ	2f1b2ea3f8bfcc3a950686c788aed33b4fb91eae0699b0304f28784ebd0cd8e8	075d5a2c2b065c8511193a8b16ee9d7785ae91ce8d9ba3020d7bc40a171ff667	human-differ
arms/A1/c01-healthy-rw/consumers.tsv	list-json	ae list	0	0	pass	empty-ok	2f1b2ea3f8bfcc3a950686c788aed33b4fb91eae0699b0304f28784ebd0cd8e8	075d5a2c2b065c8511193a8b16ee9d7785ae91ce8d9ba3020d7bc40a171ff667	digest-scored
arms/A1/c01-healthy-rw/consumers.tsv	list-all	ae list	0	0	differ	differ	2f1b2ea3f8bfcc3a950686c788aed33b4fb91eae0699b0304f28784ebd0cd8e8	075d5a2c2b065c8511193a8b16ee9d7785ae91ce8d9ba3020d7bc40a171ff667	human-differ
arms/A1/c01-healthy-rw/consumers.tsv	list-all-json	ae list	0	0	pass	empty-ok	2f1b2ea3f8bfcc3a950686c788aed33b4fb91eae0699b0304f28784ebd0cd8e8	075d5a2c2b065c8511193a8b16ee9d7785ae91ce8d9ba3020d7bc40a171ff667	digest-scored
arms/A1/c01-healthy-rw/consumers.tsv	ls-alias	ae ls	0	0	differ	differ	2f1b2ea3f8bfcc3a950686c788aed33b4fb91eae0699b0304f28784ebd0cd8e8	075d5a2c2b065c8511193a8b16ee9d7785ae91ce8d9ba3020d7bc40a171ff667	human-differ
arms/A1/c01-healthy-rw/consumers.tsv	ls-alias-all	ae ls	0	0	differ	differ	2f1b2ea3f8bfcc3a950686c788aed33b4fb91eae0699b0304f28784ebd0cd8e8	075d5a2c2b065c8511193a8b16ee9d7785ae91ce8d9ba3020d7bc40a171ff667	human-differ
arms/A1/c01-healthy-rw/consumers.tsv	requests-all	helper:requests	0	-	unimplemented	unimplemented	-	075d5a2c2b065c8511193a8b16ee9d7785ae91ce8d9ba3020d7bc40a171ff667	helper-not-in-rust-cli
arms/A1/c01-healthy-rw/consumers.tsv	events-tail	helper:events-tail	143	-	unimplemented	unimplemented	-	075d5a2c2b065c8511193a8b16ee9d7785ae91ce8d9ba3020d7bc40a171ff667	helper-not-in-rust-cli
arms/A1/c02-meta-mode-000-ro/consumers.tsv	list	ae list	0	0	differ	empty-ok	683f025c6304b8a4a8fe6d4ce16280c020246b0410841945ce7df68acc61795f	167845758dd6755ea404ebbb53bef4abc3ecdc8e0511d90ed566dd9c0169180f	human-differ
arms/A1/c02-meta-mode-000-ro/consumers.tsv	list-json	ae list	0	0	pass	empty-ok	683f025c6304b8a4a8fe6d4ce16280c020246b0410841945ce7df68acc61795f	167845758dd6755ea404ebbb53bef4abc3ecdc8e0511d90ed566dd9c0169180f	digest-scored
arms/A1/c02-meta-mode-000-ro/consumers.tsv	list-all	ae list	0	0	differ	differ	683f025c6304b8a4a8fe6d4ce16280c020246b0410841945ce7df68acc61795f	167845758dd6755ea404ebbb53bef4abc3ecdc8e0511d90ed566dd9c0169180f	human-differ
arms/A1/c02-meta-mode-000-ro/consumers.tsv	list-all-json	ae list	0	0	pass	differ	683f025c6304b8a4a8fe6d4ce16280c020246b0410841945ce7df68acc61795f	167845758dd6755ea404ebbb53bef4abc3ecdc8e0511d90ed566dd9c0169180f	digest-scored
arms/A1/c02-meta-mode-000-ro/consumers.tsv	ls-alias	ae ls	0	0	differ	empty-ok	683f025c6304b8a4a8fe6d4ce16280c020246b0410841945ce7df68acc61795f	167845758dd6755ea404ebbb53bef4abc3ecdc8e0511d90ed566dd9c0169180f	human-differ
arms/A1/c02-meta-mode-000-ro/consumers.tsv	ls-alias-all	ae ls	0	0	differ	differ	683f025c6304b8a4a8fe6d4ce16280c020246b0410841945ce7df68acc61795f	167845758dd6755ea404ebbb53bef4abc3ecdc8e0511d90ed566dd9c0169180f	human-differ
arms/A1/c02-meta-mode-000-ro/consumers.tsv	requests-all	helper:requests	0	-	unimplemented	unimplemented	-	167845758dd6755ea404ebbb53bef4abc3ecdc8e0511d90ed566dd9c0169180f	helper-not-in-rust-cli
arms/A1/c02-meta-mode-000-ro/consumers.tsv	events-tail	helper:events-tail	143	-	unimplemented	unimplemented	-	167845758dd6755ea404ebbb53bef4abc3ecdc8e0511d90ed566dd9c0169180f	helper-not-in-rust-cli
arms/A1/c02-meta-mode-000-rw/consumers.tsv	list	ae list	0	0	differ	empty-ok	683f025c6304b8a4a8fe6d4ce16280c020246b0410841945ce7df68acc61795f	03fc645781ec224d20f5f6d11b0c87280197126af028f6047893d7dc8354a8f6	human-differ
arms/A1/c02-meta-mode-000-rw/consumers.tsv	list-json	ae list	0	0	pass	empty-ok	683f025c6304b8a4a8fe6d4ce16280c020246b0410841945ce7df68acc61795f	03fc645781ec224d20f5f6d11b0c87280197126af028f6047893d7dc8354a8f6	digest-scored
arms/A1/c02-meta-mode-000-rw/consumers.tsv	list-all	ae list	0	0	differ	differ	683f025c6304b8a4a8fe6d4ce16280c020246b0410841945ce7df68acc61795f	03fc645781ec224d20f5f6d11b0c87280197126af028f6047893d7dc8354a8f6	human-differ
arms/A1/c02-meta-mode-000-rw/consumers.tsv	list-all-json	ae list	0	0	pass	differ	683f025c6304b8a4a8fe6d4ce16280c020246b0410841945ce7df68acc61795f	03fc645781ec224d20f5f6d11b0c87280197126af028f6047893d7dc8354a8f6	digest-scored
arms/A1/c02-meta-mode-000-rw/consumers.tsv	ls-alias	ae ls	0	0	differ	empty-ok	683f025c6304b8a4a8fe6d4ce16280c020246b0410841945ce7df68acc61795f	03fc645781ec224d20f5f6d11b0c87280197126af028f6047893d7dc8354a8f6	human-differ
arms/A1/c02-meta-mode-000-rw/consumers.tsv	ls-alias-all	ae ls	0	0	differ	differ	683f025c6304b8a4a8fe6d4ce16280c020246b0410841945ce7df68acc61795f	03fc645781ec224d20f5f6d11b0c87280197126af028f6047893d7dc8354a8f6	human-differ
arms/A1/c02-meta-mode-000-rw/consumers.tsv	requests-all	helper:requests	0	-	unimplemented	unimplemented	-	03fc645781ec224d20f5f6d11b0c87280197126af028f6047893d7dc8354a8f6	helper-not-in-rust-cli
arms/A1/c02-meta-mode-000-rw/consumers.tsv	events-tail	helper:events-tail	143	-	unimplemented	unimplemented	-	03fc645781ec224d20f5f6d11b0c87280197126af028f6047893d7dc8354a8f6	helper-not-in-rust-cli
arms/A1/c03-malformed-line-ro/consumers.tsv	list	ae list	0	0	differ	differ	39e769bdbbbaf578250c9f7c32a3adf3e81dc69fe270218d77ba016210dfe8a6	0be46cd1df0d89453f7ac919c28afc96373c24d4a67ad8aaf41461ecfc20aaa4	human-differ
arms/A1/c03-malformed-line-ro/consumers.tsv	list-json	ae list	0	0	pass	empty-ok	39e769bdbbbaf578250c9f7c32a3adf3e81dc69fe270218d77ba016210dfe8a6	0be46cd1df0d89453f7ac919c28afc96373c24d4a67ad8aaf41461ecfc20aaa4	digest-scored
arms/A1/c03-malformed-line-ro/consumers.tsv	list-all	ae list	0	0	differ	differ	39e769bdbbbaf578250c9f7c32a3adf3e81dc69fe270218d77ba016210dfe8a6	0be46cd1df0d89453f7ac919c28afc96373c24d4a67ad8aaf41461ecfc20aaa4	human-differ
arms/A1/c03-malformed-line-ro/consumers.tsv	list-all-json	ae list	0	0	pass	empty-ok	39e769bdbbbaf578250c9f7c32a3adf3e81dc69fe270218d77ba016210dfe8a6	0be46cd1df0d89453f7ac919c28afc96373c24d4a67ad8aaf41461ecfc20aaa4	digest-scored
arms/A1/c03-malformed-line-ro/consumers.tsv	ls-alias	ae ls	0	0	differ	differ	39e769bdbbbaf578250c9f7c32a3adf3e81dc69fe270218d77ba016210dfe8a6	0be46cd1df0d89453f7ac919c28afc96373c24d4a67ad8aaf41461ecfc20aaa4	human-differ
arms/A1/c03-malformed-line-ro/consumers.tsv	ls-alias-all	ae ls	0	0	differ	differ	39e769bdbbbaf578250c9f7c32a3adf3e81dc69fe270218d77ba016210dfe8a6	0be46cd1df0d89453f7ac919c28afc96373c24d4a67ad8aaf41461ecfc20aaa4	human-differ
arms/A1/c03-malformed-line-ro/consumers.tsv	requests-all	helper:requests	0	-	unimplemented	unimplemented	-	0be46cd1df0d89453f7ac919c28afc96373c24d4a67ad8aaf41461ecfc20aaa4	helper-not-in-rust-cli
arms/A1/c03-malformed-line-ro/consumers.tsv	events-tail	helper:events-tail	143	-	unimplemented	unimplemented	-	0be46cd1df0d89453f7ac919c28afc96373c24d4a67ad8aaf41461ecfc20aaa4	helper-not-in-rust-cli
arms/A1/c03-malformed-line-rw/consumers.tsv	list	ae list	0	0	differ	differ	39e769bdbbbaf578250c9f7c32a3adf3e81dc69fe270218d77ba016210dfe8a6	d10d3366168f38c4cbd6004ccef66ccecd3f7b244c84757f1fa8b7c5436b48fc	human-differ
arms/A1/c03-malformed-line-rw/consumers.tsv	list-json	ae list	0	0	pass	empty-ok	39e769bdbbbaf578250c9f7c32a3adf3e81dc69fe270218d77ba016210dfe8a6	d10d3366168f38c4cbd6004ccef66ccecd3f7b244c84757f1fa8b7c5436b48fc	digest-scored
arms/A1/c03-malformed-line-rw/consumers.tsv	list-all	ae list	0	0	differ	differ	39e769bdbbbaf578250c9f7c32a3adf3e81dc69fe270218d77ba016210dfe8a6	d10d3366168f38c4cbd6004ccef66ccecd3f7b244c84757f1fa8b7c5436b48fc	human-differ
arms/A1/c03-malformed-line-rw/consumers.tsv	list-all-json	ae list	0	0	pass	empty-ok	39e769bdbbbaf578250c9f7c32a3adf3e81dc69fe270218d77ba016210dfe8a6	d10d3366168f38c4cbd6004ccef66ccecd3f7b244c84757f1fa8b7c5436b48fc	digest-scored
arms/A1/c03-malformed-line-rw/consumers.tsv	ls-alias	ae ls	0	0	differ	differ	39e769bdbbbaf578250c9f7c32a3adf3e81dc69fe270218d77ba016210dfe8a6	d10d3366168f38c4cbd6004ccef66ccecd3f7b244c84757f1fa8b7c5436b48fc	human-differ
arms/A1/c03-malformed-line-rw/consumers.tsv	ls-alias-all	ae ls	0	0	differ	differ	39e769bdbbbaf578250c9f7c32a3adf3e81dc69fe270218d77ba016210dfe8a6	d10d3366168f38c4cbd6004ccef66ccecd3f7b244c84757f1fa8b7c5436b48fc	human-differ
arms/A1/c03-malformed-line-rw/consumers.tsv	requests-all	helper:requests	0	-	unimplemented	unimplemented	-	d10d3366168f38c4cbd6004ccef66ccecd3f7b244c84757f1fa8b7c5436b48fc	helper-not-in-rust-cli
arms/A1/c03-malformed-line-rw/consumers.tsv	events-tail	helper:events-tail	143	-	unimplemented	unimplemented	-	d10d3366168f38c4cbd6004ccef66ccecd3f7b244c84757f1fa8b7c5436b48fc	helper-not-in-rust-cli
arms/A1/c04-empty-vs-omitted-ro/consumers.tsv	list	ae list	0	0	differ	differ	cf4efc076d06f6d099d5b79e079176ac80b03439c117b815ac9c1f77c6448411	a6740d4fc379cdb0b65f737fec64aeeebd9b5b8ad020d1e1f1d46cdea8ddaa04	human-differ
arms/A1/c04-empty-vs-omitted-ro/consumers.tsv	list-json	ae list	0	0	pass	empty-ok	cf4efc076d06f6d099d5b79e079176ac80b03439c117b815ac9c1f77c6448411	a6740d4fc379cdb0b65f737fec64aeeebd9b5b8ad020d1e1f1d46cdea8ddaa04	digest-scored
arms/A1/c04-empty-vs-omitted-ro/consumers.tsv	list-all	ae list	0	0	differ	differ	cf4efc076d06f6d099d5b79e079176ac80b03439c117b815ac9c1f77c6448411	a6740d4fc379cdb0b65f737fec64aeeebd9b5b8ad020d1e1f1d46cdea8ddaa04	human-differ
arms/A1/c04-empty-vs-omitted-ro/consumers.tsv	list-all-json	ae list	0	0	pass	empty-ok	cf4efc076d06f6d099d5b79e079176ac80b03439c117b815ac9c1f77c6448411	a6740d4fc379cdb0b65f737fec64aeeebd9b5b8ad020d1e1f1d46cdea8ddaa04	digest-scored
arms/A1/c04-empty-vs-omitted-ro/consumers.tsv	ls-alias	ae ls	0	0	differ	differ	cf4efc076d06f6d099d5b79e079176ac80b03439c117b815ac9c1f77c6448411	a6740d4fc379cdb0b65f737fec64aeeebd9b5b8ad020d1e1f1d46cdea8ddaa04	human-differ
arms/A1/c04-empty-vs-omitted-ro/consumers.tsv	ls-alias-all	ae ls	0	0	differ	differ	cf4efc076d06f6d099d5b79e079176ac80b03439c117b815ac9c1f77c6448411	a6740d4fc379cdb0b65f737fec64aeeebd9b5b8ad020d1e1f1d46cdea8ddaa04	human-differ
arms/A1/c04-empty-vs-omitted-ro/consumers.tsv	requests-all	helper:requests	0	-	unimplemented	unimplemented	-	a6740d4fc379cdb0b65f737fec64aeeebd9b5b8ad020d1e1f1d46cdea8ddaa04	helper-not-in-rust-cli
arms/A1/c04-empty-vs-omitted-ro/consumers.tsv	events-tail	helper:events-tail	143	-	unimplemented	unimplemented	-	a6740d4fc379cdb0b65f737fec64aeeebd9b5b8ad020d1e1f1d46cdea8ddaa04	helper-not-in-rust-cli
arms/A1/c04-empty-vs-omitted-rw/consumers.tsv	list	ae list	0	0	differ	differ	cf4efc076d06f6d099d5b79e079176ac80b03439c117b815ac9c1f77c6448411	e16decdda8210de95018c5014443cd4a634969320fa3fdbba1a8bd51ff4b1163	human-differ
arms/A1/c04-empty-vs-omitted-rw/consumers.tsv	list-json	ae list	0	0	pass	empty-ok	cf4efc076d06f6d099d5b79e079176ac80b03439c117b815ac9c1f77c6448411	e16decdda8210de95018c5014443cd4a634969320fa3fdbba1a8bd51ff4b1163	digest-scored
arms/A1/c04-empty-vs-omitted-rw/consumers.tsv	list-all	ae list	0	0	differ	differ	cf4efc076d06f6d099d5b79e079176ac80b03439c117b815ac9c1f77c6448411	e16decdda8210de95018c5014443cd4a634969320fa3fdbba1a8bd51ff4b1163	human-differ
arms/A1/c04-empty-vs-omitted-rw/consumers.tsv	list-all-json	ae list	0	0	pass	empty-ok	cf4efc076d06f6d099d5b79e079176ac80b03439c117b815ac9c1f77c6448411	e16decdda8210de95018c5014443cd4a634969320fa3fdbba1a8bd51ff4b1163	digest-scored
arms/A1/c04-empty-vs-omitted-rw/consumers.tsv	ls-alias	ae ls	0	0	differ	differ	cf4efc076d06f6d099d5b79e079176ac80b03439c117b815ac9c1f77c6448411	e16decdda8210de95018c5014443cd4a634969320fa3fdbba1a8bd51ff4b1163	human-differ
arms/A1/c04-empty-vs-omitted-rw/consumers.tsv	ls-alias-all	ae ls	0	0	differ	differ	cf4efc076d06f6d099d5b79e079176ac80b03439c117b815ac9c1f77c6448411	e16decdda8210de95018c5014443cd4a634969320fa3fdbba1a8bd51ff4b1163	human-differ
arms/A1/c04-empty-vs-omitted-rw/consumers.tsv	requests-all	helper:requests	0	-	unimplemented	unimplemented	-	e16decdda8210de95018c5014443cd4a634969320fa3fdbba1a8bd51ff4b1163	helper-not-in-rust-cli
arms/A1/c04-empty-vs-omitted-rw/consumers.tsv	events-tail	helper:events-tail	143	-	unimplemented	unimplemented	-	e16decdda8210de95018c5014443cd4a634969320fa3fdbba1a8bd51ff4b1163	helper-not-in-rust-cli
arms/A1/c05-recover-ref-ro/consumers.tsv	list	ae list	0	0	differ	differ	974aabb31ca0f95763429752c1c23eb65906ecb36a1a8564197cceddfba591e0	68721ca91ce8dc7c8b71859582be718fc5a657668181081992694d4e4dabdbf6	human-differ
arms/A1/c05-recover-ref-ro/consumers.tsv	list-json	ae list	0	0	pass	empty-ok	974aabb31ca0f95763429752c1c23eb65906ecb36a1a8564197cceddfba591e0	68721ca91ce8dc7c8b71859582be718fc5a657668181081992694d4e4dabdbf6	digest-scored
arms/A1/c05-recover-ref-ro/consumers.tsv	list-all	ae list	0	0	differ	differ	974aabb31ca0f95763429752c1c23eb65906ecb36a1a8564197cceddfba591e0	68721ca91ce8dc7c8b71859582be718fc5a657668181081992694d4e4dabdbf6	human-differ
arms/A1/c05-recover-ref-ro/consumers.tsv	list-all-json	ae list	0	0	pass	empty-ok	974aabb31ca0f95763429752c1c23eb65906ecb36a1a8564197cceddfba591e0	68721ca91ce8dc7c8b71859582be718fc5a657668181081992694d4e4dabdbf6	digest-scored
arms/A1/c05-recover-ref-ro/consumers.tsv	ls-alias	ae ls	0	0	differ	differ	974aabb31ca0f95763429752c1c23eb65906ecb36a1a8564197cceddfba591e0	68721ca91ce8dc7c8b71859582be718fc5a657668181081992694d4e4dabdbf6	human-differ
arms/A1/c05-recover-ref-ro/consumers.tsv	ls-alias-all	ae ls	0	0	differ	differ	974aabb31ca0f95763429752c1c23eb65906ecb36a1a8564197cceddfba591e0	68721ca91ce8dc7c8b71859582be718fc5a657668181081992694d4e4dabdbf6	human-differ
arms/A1/c05-recover-ref-ro/consumers.tsv	requests-all	helper:requests	0	-	unimplemented	unimplemented	-	68721ca91ce8dc7c8b71859582be718fc5a657668181081992694d4e4dabdbf6	helper-not-in-rust-cli
arms/A1/c05-recover-ref-ro/consumers.tsv	events-tail	helper:events-tail	143	-	unimplemented	unimplemented	-	68721ca91ce8dc7c8b71859582be718fc5a657668181081992694d4e4dabdbf6	helper-not-in-rust-cli
arms/A1/c05-recover-ref-rw/consumers.tsv	list	ae list	0	0	differ	differ	974aabb31ca0f95763429752c1c23eb65906ecb36a1a8564197cceddfba591e0	616f38cb9e59690b033ee07f6e8c95dacda1b70a72c9ea05f9a8570f2e92b10f	human-differ
arms/A1/c05-recover-ref-rw/consumers.tsv	list-json	ae list	0	0	pass	empty-ok	974aabb31ca0f95763429752c1c23eb65906ecb36a1a8564197cceddfba591e0	616f38cb9e59690b033ee07f6e8c95dacda1b70a72c9ea05f9a8570f2e92b10f	digest-scored
arms/A1/c05-recover-ref-rw/consumers.tsv	list-all	ae list	0	0	differ	differ	974aabb31ca0f95763429752c1c23eb65906ecb36a1a8564197cceddfba591e0	616f38cb9e59690b033ee07f6e8c95dacda1b70a72c9ea05f9a8570f2e92b10f	human-differ
arms/A1/c05-recover-ref-rw/consumers.tsv	list-all-json	ae list	0	0	pass	empty-ok	974aabb31ca0f95763429752c1c23eb65906ecb36a1a8564197cceddfba591e0	616f38cb9e59690b033ee07f6e8c95dacda1b70a72c9ea05f9a8570f2e92b10f	digest-scored
arms/A1/c05-recover-ref-rw/consumers.tsv	ls-alias	ae ls	0	0	differ	differ	974aabb31ca0f95763429752c1c23eb65906ecb36a1a8564197cceddfba591e0	616f38cb9e59690b033ee07f6e8c95dacda1b70a72c9ea05f9a8570f2e92b10f	human-differ
arms/A1/c05-recover-ref-rw/consumers.tsv	ls-alias-all	ae ls	0	0	differ	differ	974aabb31ca0f95763429752c1c23eb65906ecb36a1a8564197cceddfba591e0	616f38cb9e59690b033ee07f6e8c95dacda1b70a72c9ea05f9a8570f2e92b10f	human-differ
arms/A1/c05-recover-ref-rw/consumers.tsv	requests-all	helper:requests	0	-	unimplemented	unimplemented	-	616f38cb9e59690b033ee07f6e8c95dacda1b70a72c9ea05f9a8570f2e92b10f	helper-not-in-rust-cli
arms/A1/c05-recover-ref-rw/consumers.tsv	events-tail	helper:events-tail	143	-	unimplemented	unimplemented	-	616f38cb9e59690b033ee07f6e8c95dacda1b70a72c9ea05f9a8570f2e92b10f	helper-not-in-rust-cli
arms/A1/c06-escapes-ro/consumers.tsv	list	ae list	0	0	differ	differ	ab54ba0d4978a2857853c607ea01247d829d2ab56cd655a5ddea672b8332bfb9	b72f31d61edfe9bcec5aad8dfe1e53c69122edc2cd63c74332366d9d75ca534d	human-differ
arms/A1/c06-escapes-ro/consumers.tsv	list-json	ae list	0	0	pass	empty-ok	ab54ba0d4978a2857853c607ea01247d829d2ab56cd655a5ddea672b8332bfb9	b72f31d61edfe9bcec5aad8dfe1e53c69122edc2cd63c74332366d9d75ca534d	digest-scored
arms/A1/c06-escapes-ro/consumers.tsv	list-all	ae list	0	0	differ	differ	ab54ba0d4978a2857853c607ea01247d829d2ab56cd655a5ddea672b8332bfb9	b72f31d61edfe9bcec5aad8dfe1e53c69122edc2cd63c74332366d9d75ca534d	human-differ
arms/A1/c06-escapes-ro/consumers.tsv	list-all-json	ae list	0	0	pass	empty-ok	ab54ba0d4978a2857853c607ea01247d829d2ab56cd655a5ddea672b8332bfb9	b72f31d61edfe9bcec5aad8dfe1e53c69122edc2cd63c74332366d9d75ca534d	digest-scored
arms/A1/c06-escapes-ro/consumers.tsv	ls-alias	ae ls	0	0	differ	differ	ab54ba0d4978a2857853c607ea01247d829d2ab56cd655a5ddea672b8332bfb9	b72f31d61edfe9bcec5aad8dfe1e53c69122edc2cd63c74332366d9d75ca534d	human-differ
arms/A1/c06-escapes-ro/consumers.tsv	ls-alias-all	ae ls	0	0	differ	differ	ab54ba0d4978a2857853c607ea01247d829d2ab56cd655a5ddea672b8332bfb9	b72f31d61edfe9bcec5aad8dfe1e53c69122edc2cd63c74332366d9d75ca534d	human-differ
arms/A1/c06-escapes-ro/consumers.tsv	requests-all	helper:requests	0	-	unimplemented	unimplemented	-	b72f31d61edfe9bcec5aad8dfe1e53c69122edc2cd63c74332366d9d75ca534d	helper-not-in-rust-cli
arms/A1/c06-escapes-ro/consumers.tsv	events-tail	helper:events-tail	143	-	unimplemented	unimplemented	-	b72f31d61edfe9bcec5aad8dfe1e53c69122edc2cd63c74332366d9d75ca534d	helper-not-in-rust-cli
arms/A1/c06-escapes-rw/consumers.tsv	list	ae list	0	0	differ	differ	ab54ba0d4978a2857853c607ea01247d829d2ab56cd655a5ddea672b8332bfb9	9d5b086599c350ac99003dbe4baa0b326af0874c421a54e28c58ab8f042f77b0	human-differ
arms/A1/c06-escapes-rw/consumers.tsv	list-json	ae list	0	0	pass	empty-ok	ab54ba0d4978a2857853c607ea01247d829d2ab56cd655a5ddea672b8332bfb9	9d5b086599c350ac99003dbe4baa0b326af0874c421a54e28c58ab8f042f77b0	digest-scored
arms/A1/c06-escapes-rw/consumers.tsv	list-all	ae list	0	0	differ	differ	ab54ba0d4978a2857853c607ea01247d829d2ab56cd655a5ddea672b8332bfb9	9d5b086599c350ac99003dbe4baa0b326af0874c421a54e28c58ab8f042f77b0	human-differ
arms/A1/c06-escapes-rw/consumers.tsv	list-all-json	ae list	0	0	pass	empty-ok	ab54ba0d4978a2857853c607ea01247d829d2ab56cd655a5ddea672b8332bfb9	9d5b086599c350ac99003dbe4baa0b326af0874c421a54e28c58ab8f042f77b0	digest-scored
arms/A1/c06-escapes-rw/consumers.tsv	ls-alias	ae ls	0	0	differ	differ	ab54ba0d4978a2857853c607ea01247d829d2ab56cd655a5ddea672b8332bfb9	9d5b086599c350ac99003dbe4baa0b326af0874c421a54e28c58ab8f042f77b0	human-differ
arms/A1/c06-escapes-rw/consumers.tsv	ls-alias-all	ae ls	0	0	differ	differ	ab54ba0d4978a2857853c607ea01247d829d2ab56cd655a5ddea672b8332bfb9	9d5b086599c350ac99003dbe4baa0b326af0874c421a54e28c58ab8f042f77b0	human-differ
arms/A1/c06-escapes-rw/consumers.tsv	requests-all	helper:requests	0	-	unimplemented	unimplemented	-	9d5b086599c350ac99003dbe4baa0b326af0874c421a54e28c58ab8f042f77b0	helper-not-in-rust-cli
arms/A1/c06-escapes-rw/consumers.tsv	events-tail	helper:events-tail	143	-	unimplemented	unimplemented	-	9d5b086599c350ac99003dbe4baa0b326af0874c421a54e28c58ab8f042f77b0	helper-not-in-rust-cli
arms/A1/c07-dupkey-known-ro/consumers.tsv	list	ae list	0	0	differ	differ	a3cc3bbeb83ebe09473dd3d8f93c32fbf8e3ca24f4ea486206f9dc52c42c7599	588c8d7d688e6bcf90045320b63caf955423750525c9f7ffde870742c2223b10	human-differ
arms/A1/c07-dupkey-known-ro/consumers.tsv	list-json	ae list	0	0	pass	empty-ok	a3cc3bbeb83ebe09473dd3d8f93c32fbf8e3ca24f4ea486206f9dc52c42c7599	588c8d7d688e6bcf90045320b63caf955423750525c9f7ffde870742c2223b10	digest-scored
arms/A1/c07-dupkey-known-ro/consumers.tsv	list-all	ae list	0	0	differ	differ	a3cc3bbeb83ebe09473dd3d8f93c32fbf8e3ca24f4ea486206f9dc52c42c7599	588c8d7d688e6bcf90045320b63caf955423750525c9f7ffde870742c2223b10	human-differ
arms/A1/c07-dupkey-known-ro/consumers.tsv	list-all-json	ae list	0	0	pass	empty-ok	a3cc3bbeb83ebe09473dd3d8f93c32fbf8e3ca24f4ea486206f9dc52c42c7599	588c8d7d688e6bcf90045320b63caf955423750525c9f7ffde870742c2223b10	digest-scored
arms/A1/c07-dupkey-known-ro/consumers.tsv	ls-alias	ae ls	0	0	differ	differ	a3cc3bbeb83ebe09473dd3d8f93c32fbf8e3ca24f4ea486206f9dc52c42c7599	588c8d7d688e6bcf90045320b63caf955423750525c9f7ffde870742c2223b10	human-differ
arms/A1/c07-dupkey-known-ro/consumers.tsv	ls-alias-all	ae ls	0	0	differ	differ	a3cc3bbeb83ebe09473dd3d8f93c32fbf8e3ca24f4ea486206f9dc52c42c7599	588c8d7d688e6bcf90045320b63caf955423750525c9f7ffde870742c2223b10	human-differ
arms/A1/c07-dupkey-known-ro/consumers.tsv	requests-all	helper:requests	0	-	unimplemented	unimplemented	-	588c8d7d688e6bcf90045320b63caf955423750525c9f7ffde870742c2223b10	helper-not-in-rust-cli
arms/A1/c07-dupkey-known-ro/consumers.tsv	events-tail	helper:events-tail	143	-	unimplemented	unimplemented	-	588c8d7d688e6bcf90045320b63caf955423750525c9f7ffde870742c2223b10	helper-not-in-rust-cli
arms/A1/c07-dupkey-known-rw/consumers.tsv	list	ae list	0	0	differ	differ	a3cc3bbeb83ebe09473dd3d8f93c32fbf8e3ca24f4ea486206f9dc52c42c7599	bb8d8aeaefeae66e260f0950cca159ccb891b6c858ce7cd138a09e0e1e0135b4	human-differ
arms/A1/c07-dupkey-known-rw/consumers.tsv	list-json	ae list	0	0	pass	empty-ok	a3cc3bbeb83ebe09473dd3d8f93c32fbf8e3ca24f4ea486206f9dc52c42c7599	bb8d8aeaefeae66e260f0950cca159ccb891b6c858ce7cd138a09e0e1e0135b4	digest-scored
arms/A1/c07-dupkey-known-rw/consumers.tsv	list-all	ae list	0	0	differ	differ	a3cc3bbeb83ebe09473dd3d8f93c32fbf8e3ca24f4ea486206f9dc52c42c7599	bb8d8aeaefeae66e260f0950cca159ccb891b6c858ce7cd138a09e0e1e0135b4	human-differ
arms/A1/c07-dupkey-known-rw/consumers.tsv	list-all-json	ae list	0	0	pass	empty-ok	a3cc3bbeb83ebe09473dd3d8f93c32fbf8e3ca24f4ea486206f9dc52c42c7599	bb8d8aeaefeae66e260f0950cca159ccb891b6c858ce7cd138a09e0e1e0135b4	digest-scored
arms/A1/c07-dupkey-known-rw/consumers.tsv	ls-alias	ae ls	0	0	differ	differ	a3cc3bbeb83ebe09473dd3d8f93c32fbf8e3ca24f4ea486206f9dc52c42c7599	bb8d8aeaefeae66e260f0950cca159ccb891b6c858ce7cd138a09e0e1e0135b4	human-differ
arms/A1/c07-dupkey-known-rw/consumers.tsv	ls-alias-all	ae ls	0	0	differ	differ	a3cc3bbeb83ebe09473dd3d8f93c32fbf8e3ca24f4ea486206f9dc52c42c7599	bb8d8aeaefeae66e260f0950cca159ccb891b6c858ce7cd138a09e0e1e0135b4	human-differ
arms/A1/c07-dupkey-known-rw/consumers.tsv	requests-all	helper:requests	0	-	unimplemented	unimplemented	-	bb8d8aeaefeae66e260f0950cca159ccb891b6c858ce7cd138a09e0e1e0135b4	helper-not-in-rust-cli
arms/A1/c07-dupkey-known-rw/consumers.tsv	events-tail	helper:events-tail	143	-	unimplemented	unimplemented	-	bb8d8aeaefeae66e260f0950cca159ccb891b6c858ce7cd138a09e0e1e0135b4	helper-not-in-rust-cli
arms/A1/c08-dupkey-known-rev-ro/consumers.tsv	list	ae list	0	0	differ	differ	873aaa6731fc55e7e6d1b15ce9df6bb63f81d66c554c8e14c562b0cefb5bef5c	0d586ef284c2ea5502216f81c0310eefc345dfe389de39f3caf730d3fe15dd85	human-differ
arms/A1/c08-dupkey-known-rev-ro/consumers.tsv	list-json	ae list	0	0	pass	empty-ok	873aaa6731fc55e7e6d1b15ce9df6bb63f81d66c554c8e14c562b0cefb5bef5c	0d586ef284c2ea5502216f81c0310eefc345dfe389de39f3caf730d3fe15dd85	digest-scored
arms/A1/c08-dupkey-known-rev-ro/consumers.tsv	list-all	ae list	0	0	differ	differ	873aaa6731fc55e7e6d1b15ce9df6bb63f81d66c554c8e14c562b0cefb5bef5c	0d586ef284c2ea5502216f81c0310eefc345dfe389de39f3caf730d3fe15dd85	human-differ
arms/A1/c08-dupkey-known-rev-ro/consumers.tsv	list-all-json	ae list	0	0	pass	empty-ok	873aaa6731fc55e7e6d1b15ce9df6bb63f81d66c554c8e14c562b0cefb5bef5c	0d586ef284c2ea5502216f81c0310eefc345dfe389de39f3caf730d3fe15dd85	digest-scored
arms/A1/c08-dupkey-known-rev-ro/consumers.tsv	ls-alias	ae ls	0	0	differ	differ	873aaa6731fc55e7e6d1b15ce9df6bb63f81d66c554c8e14c562b0cefb5bef5c	0d586ef284c2ea5502216f81c0310eefc345dfe389de39f3caf730d3fe15dd85	human-differ
arms/A1/c08-dupkey-known-rev-ro/consumers.tsv	ls-alias-all	ae ls	0	0	differ	differ	873aaa6731fc55e7e6d1b15ce9df6bb63f81d66c554c8e14c562b0cefb5bef5c	0d586ef284c2ea5502216f81c0310eefc345dfe389de39f3caf730d3fe15dd85	human-differ
arms/A1/c08-dupkey-known-rev-ro/consumers.tsv	requests-all	helper:requests	0	-	unimplemented	unimplemented	-	0d586ef284c2ea5502216f81c0310eefc345dfe389de39f3caf730d3fe15dd85	helper-not-in-rust-cli
arms/A1/c08-dupkey-known-rev-ro/consumers.tsv	events-tail	helper:events-tail	143	-	unimplemented	unimplemented	-	0d586ef284c2ea5502216f81c0310eefc345dfe389de39f3caf730d3fe15dd85	helper-not-in-rust-cli
arms/A1/c08-dupkey-known-rev-rw/consumers.tsv	list	ae list	0	0	differ	differ	873aaa6731fc55e7e6d1b15ce9df6bb63f81d66c554c8e14c562b0cefb5bef5c	78d1edc6a255d058aa1ed83f46cb7956a9ba14779f16f871fcbdc571a995365b	human-differ
arms/A1/c08-dupkey-known-rev-rw/consumers.tsv	list-json	ae list	0	0	pass	empty-ok	873aaa6731fc55e7e6d1b15ce9df6bb63f81d66c554c8e14c562b0cefb5bef5c	78d1edc6a255d058aa1ed83f46cb7956a9ba14779f16f871fcbdc571a995365b	digest-scored
arms/A1/c08-dupkey-known-rev-rw/consumers.tsv	list-all	ae list	0	0	differ	differ	873aaa6731fc55e7e6d1b15ce9df6bb63f81d66c554c8e14c562b0cefb5bef5c	78d1edc6a255d058aa1ed83f46cb7956a9ba14779f16f871fcbdc571a995365b	human-differ
arms/A1/c08-dupkey-known-rev-rw/consumers.tsv	list-all-json	ae list	0	0	pass	empty-ok	873aaa6731fc55e7e6d1b15ce9df6bb63f81d66c554c8e14c562b0cefb5bef5c	78d1edc6a255d058aa1ed83f46cb7956a9ba14779f16f871fcbdc571a995365b	digest-scored
arms/A1/c08-dupkey-known-rev-rw/consumers.tsv	ls-alias	ae ls	0	0	differ	differ	873aaa6731fc55e7e6d1b15ce9df6bb63f81d66c554c8e14c562b0cefb5bef5c	78d1edc6a255d058aa1ed83f46cb7956a9ba14779f16f871fcbdc571a995365b	human-differ
arms/A1/c08-dupkey-known-rev-rw/consumers.tsv	ls-alias-all	ae ls	0	0	differ	differ	873aaa6731fc55e7e6d1b15ce9df6bb63f81d66c554c8e14c562b0cefb5bef5c	78d1edc6a255d058aa1ed83f46cb7956a9ba14779f16f871fcbdc571a995365b	human-differ
arms/A1/c08-dupkey-known-rev-rw/consumers.tsv	requests-all	helper:requests	0	-	unimplemented	unimplemented	-	78d1edc6a255d058aa1ed83f46cb7956a9ba14779f16f871fcbdc571a995365b	helper-not-in-rust-cli
arms/A1/c08-dupkey-known-rev-rw/consumers.tsv	events-tail	helper:events-tail	143	-	unimplemented	unimplemented	-	78d1edc6a255d058aa1ed83f46cb7956a9ba14779f16f871fcbdc571a995365b	helper-not-in-rust-cli
arms/A1/c09-dupkey-unknown-ro/consumers.tsv	list	ae list	0	0	differ	differ	ceb7980a5e73eb25104ca1d71c43d1e1d1f52b33c6ad82f52da73aed44fccabb	470da1778b62611b4c09fa61cc19c6d2e71af2e45aba7331c89edc22440ed804	human-differ
arms/A1/c09-dupkey-unknown-ro/consumers.tsv	list-json	ae list	0	0	pass	empty-ok	ceb7980a5e73eb25104ca1d71c43d1e1d1f52b33c6ad82f52da73aed44fccabb	470da1778b62611b4c09fa61cc19c6d2e71af2e45aba7331c89edc22440ed804	digest-scored
arms/A1/c09-dupkey-unknown-ro/consumers.tsv	list-all	ae list	0	0	differ	differ	ceb7980a5e73eb25104ca1d71c43d1e1d1f52b33c6ad82f52da73aed44fccabb	470da1778b62611b4c09fa61cc19c6d2e71af2e45aba7331c89edc22440ed804	human-differ
arms/A1/c09-dupkey-unknown-ro/consumers.tsv	list-all-json	ae list	0	0	pass	empty-ok	ceb7980a5e73eb25104ca1d71c43d1e1d1f52b33c6ad82f52da73aed44fccabb	470da1778b62611b4c09fa61cc19c6d2e71af2e45aba7331c89edc22440ed804	digest-scored
arms/A1/c09-dupkey-unknown-ro/consumers.tsv	ls-alias	ae ls	0	0	differ	differ	ceb7980a5e73eb25104ca1d71c43d1e1d1f52b33c6ad82f52da73aed44fccabb	470da1778b62611b4c09fa61cc19c6d2e71af2e45aba7331c89edc22440ed804	human-differ
arms/A1/c09-dupkey-unknown-ro/consumers.tsv	ls-alias-all	ae ls	0	0	differ	differ	ceb7980a5e73eb25104ca1d71c43d1e1d1f52b33c6ad82f52da73aed44fccabb	470da1778b62611b4c09fa61cc19c6d2e71af2e45aba7331c89edc22440ed804	human-differ
arms/A1/c09-dupkey-unknown-ro/consumers.tsv	requests-all	helper:requests	0	-	unimplemented	unimplemented	-	470da1778b62611b4c09fa61cc19c6d2e71af2e45aba7331c89edc22440ed804	helper-not-in-rust-cli
arms/A1/c09-dupkey-unknown-ro/consumers.tsv	events-tail	helper:events-tail	143	-	unimplemented	unimplemented	-	470da1778b62611b4c09fa61cc19c6d2e71af2e45aba7331c89edc22440ed804	helper-not-in-rust-cli
arms/A1/c09-dupkey-unknown-rw/consumers.tsv	list	ae list	0	0	differ	differ	ceb7980a5e73eb25104ca1d71c43d1e1d1f52b33c6ad82f52da73aed44fccabb	077199567900528338bcfd0cdb0f295ddfd29709bfdea0e5f2366adce18d15d9	human-differ
arms/A1/c09-dupkey-unknown-rw/consumers.tsv	list-json	ae list	0	0	pass	empty-ok	ceb7980a5e73eb25104ca1d71c43d1e1d1f52b33c6ad82f52da73aed44fccabb	077199567900528338bcfd0cdb0f295ddfd29709bfdea0e5f2366adce18d15d9	digest-scored
arms/A1/c09-dupkey-unknown-rw/consumers.tsv	list-all	ae list	0	0	differ	differ	ceb7980a5e73eb25104ca1d71c43d1e1d1f52b33c6ad82f52da73aed44fccabb	077199567900528338bcfd0cdb0f295ddfd29709bfdea0e5f2366adce18d15d9	human-differ
arms/A1/c09-dupkey-unknown-rw/consumers.tsv	list-all-json	ae list	0	0	pass	empty-ok	ceb7980a5e73eb25104ca1d71c43d1e1d1f52b33c6ad82f52da73aed44fccabb	077199567900528338bcfd0cdb0f295ddfd29709bfdea0e5f2366adce18d15d9	digest-scored
arms/A1/c09-dupkey-unknown-rw/consumers.tsv	ls-alias	ae ls	0	0	differ	differ	ceb7980a5e73eb25104ca1d71c43d1e1d1f52b33c6ad82f52da73aed44fccabb	077199567900528338bcfd0cdb0f295ddfd29709bfdea0e5f2366adce18d15d9	human-differ
arms/A1/c09-dupkey-unknown-rw/consumers.tsv	ls-alias-all	ae ls	0	0	differ	differ	ceb7980a5e73eb25104ca1d71c43d1e1d1f52b33c6ad82f52da73aed44fccabb	077199567900528338bcfd0cdb0f295ddfd29709bfdea0e5f2366adce18d15d9	human-differ
arms/A1/c09-dupkey-unknown-rw/consumers.tsv	requests-all	helper:requests	0	-	unimplemented	unimplemented	-	077199567900528338bcfd0cdb0f295ddfd29709bfdea0e5f2366adce18d15d9	helper-not-in-rust-cli
arms/A1/c09-dupkey-unknown-rw/consumers.tsv	events-tail	helper:events-tail	143	-	unimplemented	unimplemented	-	077199567900528338bcfd0cdb0f295ddfd29709bfdea0e5f2366adce18d15d9	helper-not-in-rust-cli
arms/A1/c10-dupkey-unknown-rev-ro/consumers.tsv	list	ae list	0	0	differ	differ	f41793fb2da20034640e80e9d001e0c8a040f4a2ea63a428ace7090d58898604	3a71a1286311ed968b85651dbfe2b6014f4e52e235cf900ea6f5dadb7889632a	human-differ
arms/A1/c10-dupkey-unknown-rev-ro/consumers.tsv	list-json	ae list	0	0	pass	empty-ok	f41793fb2da20034640e80e9d001e0c8a040f4a2ea63a428ace7090d58898604	3a71a1286311ed968b85651dbfe2b6014f4e52e235cf900ea6f5dadb7889632a	digest-scored
arms/A1/c10-dupkey-unknown-rev-ro/consumers.tsv	list-all	ae list	0	0	differ	differ	f41793fb2da20034640e80e9d001e0c8a040f4a2ea63a428ace7090d58898604	3a71a1286311ed968b85651dbfe2b6014f4e52e235cf900ea6f5dadb7889632a	human-differ
arms/A1/c10-dupkey-unknown-rev-ro/consumers.tsv	list-all-json	ae list	0	0	pass	empty-ok	f41793fb2da20034640e80e9d001e0c8a040f4a2ea63a428ace7090d58898604	3a71a1286311ed968b85651dbfe2b6014f4e52e235cf900ea6f5dadb7889632a	digest-scored
arms/A1/c10-dupkey-unknown-rev-ro/consumers.tsv	ls-alias	ae ls	0	0	differ	differ	f41793fb2da20034640e80e9d001e0c8a040f4a2ea63a428ace7090d58898604	3a71a1286311ed968b85651dbfe2b6014f4e52e235cf900ea6f5dadb7889632a	human-differ
arms/A1/c10-dupkey-unknown-rev-ro/consumers.tsv	ls-alias-all	ae ls	0	0	differ	differ	f41793fb2da20034640e80e9d001e0c8a040f4a2ea63a428ace7090d58898604	3a71a1286311ed968b85651dbfe2b6014f4e52e235cf900ea6f5dadb7889632a	human-differ
arms/A1/c10-dupkey-unknown-rev-ro/consumers.tsv	requests-all	helper:requests	0	-	unimplemented	unimplemented	-	3a71a1286311ed968b85651dbfe2b6014f4e52e235cf900ea6f5dadb7889632a	helper-not-in-rust-cli
arms/A1/c10-dupkey-unknown-rev-ro/consumers.tsv	events-tail	helper:events-tail	143	-	unimplemented	unimplemented	-	3a71a1286311ed968b85651dbfe2b6014f4e52e235cf900ea6f5dadb7889632a	helper-not-in-rust-cli
arms/A1/c10-dupkey-unknown-rev-rw/consumers.tsv	list	ae list	0	0	differ	differ	f41793fb2da20034640e80e9d001e0c8a040f4a2ea63a428ace7090d58898604	3fc90b2e6ace970f570a3c52f3c0c7bf5482745be24b311a99ab105455dd8f00	human-differ
arms/A1/c10-dupkey-unknown-rev-rw/consumers.tsv	list-json	ae list	0	0	pass	empty-ok	f41793fb2da20034640e80e9d001e0c8a040f4a2ea63a428ace7090d58898604	3fc90b2e6ace970f570a3c52f3c0c7bf5482745be24b311a99ab105455dd8f00	digest-scored
arms/A1/c10-dupkey-unknown-rev-rw/consumers.tsv	list-all	ae list	0	0	differ	differ	f41793fb2da20034640e80e9d001e0c8a040f4a2ea63a428ace7090d58898604	3fc90b2e6ace970f570a3c52f3c0c7bf5482745be24b311a99ab105455dd8f00	human-differ
arms/A1/c10-dupkey-unknown-rev-rw/consumers.tsv	list-all-json	ae list	0	0	pass	empty-ok	f41793fb2da20034640e80e9d001e0c8a040f4a2ea63a428ace7090d58898604	3fc90b2e6ace970f570a3c52f3c0c7bf5482745be24b311a99ab105455dd8f00	digest-scored
arms/A1/c10-dupkey-unknown-rev-rw/consumers.tsv	ls-alias	ae ls	0	0	differ	differ	f41793fb2da20034640e80e9d001e0c8a040f4a2ea63a428ace7090d58898604	3fc90b2e6ace970f570a3c52f3c0c7bf5482745be24b311a99ab105455dd8f00	human-differ
arms/A1/c10-dupkey-unknown-rev-rw/consumers.tsv	ls-alias-all	ae ls	0	0	differ	differ	f41793fb2da20034640e80e9d001e0c8a040f4a2ea63a428ace7090d58898604	3fc90b2e6ace970f570a3c52f3c0c7bf5482745be24b311a99ab105455dd8f00	human-differ
arms/A1/c10-dupkey-unknown-rev-rw/consumers.tsv	requests-all	helper:requests	0	-	unimplemented	unimplemented	-	3fc90b2e6ace970f570a3c52f3c0c7bf5482745be24b311a99ab105455dd8f00	helper-not-in-rust-cli
arms/A1/c10-dupkey-unknown-rev-rw/consumers.tsv	events-tail	helper:events-tail	143	-	unimplemented	unimplemented	-	3fc90b2e6ace970f570a3c52f3c0c7bf5482745be24b311a99ab105455dd8f00	helper-not-in-rust-cli
arms/A1/c11-routing-known-ro/consumers.tsv	list	ae list	0	0	differ	differ	9cdda075d02afa0d1acb75fa4bab894cf2a913bcf808b82caeb6d2504c75f5f0	fad76e71451d28616d5fee1fa330a6ab23bf5a5545b0ea12a3a748f04ad72205	human-differ
arms/A1/c11-routing-known-ro/consumers.tsv	list-json	ae list	0	0	pass	empty-ok	9cdda075d02afa0d1acb75fa4bab894cf2a913bcf808b82caeb6d2504c75f5f0	fad76e71451d28616d5fee1fa330a6ab23bf5a5545b0ea12a3a748f04ad72205	digest-scored
arms/A1/c11-routing-known-ro/consumers.tsv	list-all	ae list	0	0	differ	differ	9cdda075d02afa0d1acb75fa4bab894cf2a913bcf808b82caeb6d2504c75f5f0	fad76e71451d28616d5fee1fa330a6ab23bf5a5545b0ea12a3a748f04ad72205	human-differ
arms/A1/c11-routing-known-ro/consumers.tsv	list-all-json	ae list	0	0	pass	empty-ok	9cdda075d02afa0d1acb75fa4bab894cf2a913bcf808b82caeb6d2504c75f5f0	fad76e71451d28616d5fee1fa330a6ab23bf5a5545b0ea12a3a748f04ad72205	digest-scored
arms/A1/c11-routing-known-ro/consumers.tsv	ls-alias	ae ls	0	0	differ	differ	9cdda075d02afa0d1acb75fa4bab894cf2a913bcf808b82caeb6d2504c75f5f0	fad76e71451d28616d5fee1fa330a6ab23bf5a5545b0ea12a3a748f04ad72205	human-differ
arms/A1/c11-routing-known-ro/consumers.tsv	ls-alias-all	ae ls	0	0	differ	differ	9cdda075d02afa0d1acb75fa4bab894cf2a913bcf808b82caeb6d2504c75f5f0	fad76e71451d28616d5fee1fa330a6ab23bf5a5545b0ea12a3a748f04ad72205	human-differ
arms/A1/c11-routing-known-ro/consumers.tsv	requests-all	helper:requests	0	-	unimplemented	unimplemented	-	fad76e71451d28616d5fee1fa330a6ab23bf5a5545b0ea12a3a748f04ad72205	helper-not-in-rust-cli
arms/A1/c11-routing-known-ro/consumers.tsv	events-tail	helper:events-tail	143	-	unimplemented	unimplemented	-	fad76e71451d28616d5fee1fa330a6ab23bf5a5545b0ea12a3a748f04ad72205	helper-not-in-rust-cli
arms/A1/c11-routing-known-rw/consumers.tsv	list	ae list	0	0	differ	differ	9cdda075d02afa0d1acb75fa4bab894cf2a913bcf808b82caeb6d2504c75f5f0	28dc10300e4bb7b260b1e9273cf6bddf2189910ff4e783f4d8eb346436b4cc04	human-differ
arms/A1/c11-routing-known-rw/consumers.tsv	list-json	ae list	0	0	pass	empty-ok	9cdda075d02afa0d1acb75fa4bab894cf2a913bcf808b82caeb6d2504c75f5f0	28dc10300e4bb7b260b1e9273cf6bddf2189910ff4e783f4d8eb346436b4cc04	digest-scored
arms/A1/c11-routing-known-rw/consumers.tsv	list-all	ae list	0	0	differ	differ	9cdda075d02afa0d1acb75fa4bab894cf2a913bcf808b82caeb6d2504c75f5f0	28dc10300e4bb7b260b1e9273cf6bddf2189910ff4e783f4d8eb346436b4cc04	human-differ
arms/A1/c11-routing-known-rw/consumers.tsv	list-all-json	ae list	0	0	pass	empty-ok	9cdda075d02afa0d1acb75fa4bab894cf2a913bcf808b82caeb6d2504c75f5f0	28dc10300e4bb7b260b1e9273cf6bddf2189910ff4e783f4d8eb346436b4cc04	digest-scored
arms/A1/c11-routing-known-rw/consumers.tsv	ls-alias	ae ls	0	0	differ	differ	9cdda075d02afa0d1acb75fa4bab894cf2a913bcf808b82caeb6d2504c75f5f0	28dc10300e4bb7b260b1e9273cf6bddf2189910ff4e783f4d8eb346436b4cc04	human-differ
arms/A1/c11-routing-known-rw/consumers.tsv	ls-alias-all	ae ls	0	0	differ	differ	9cdda075d02afa0d1acb75fa4bab894cf2a913bcf808b82caeb6d2504c75f5f0	28dc10300e4bb7b260b1e9273cf6bddf2189910ff4e783f4d8eb346436b4cc04	human-differ
arms/A1/c11-routing-known-rw/consumers.tsv	requests-all	helper:requests	0	-	unimplemented	unimplemented	-	28dc10300e4bb7b260b1e9273cf6bddf2189910ff4e783f4d8eb346436b4cc04	helper-not-in-rust-cli
arms/A1/c11-routing-known-rw/consumers.tsv	events-tail	helper:events-tail	143	-	unimplemented	unimplemented	-	28dc10300e4bb7b260b1e9273cf6bddf2189910ff4e783f4d8eb346436b4cc04	helper-not-in-rust-cli
arms/A1/c12-routing-omitted-ro/consumers.tsv	list	ae list	0	0	differ	differ	44ae232de6576f5b09804903fd0717916de0049267c7831e989ef26389a543ab	d4852d1b4b5f683c55ebc400c4d3e9b316ae9f69d007c660a385d6a50ac13da8	human-differ
arms/A1/c12-routing-omitted-ro/consumers.tsv	list-json	ae list	0	0	pass	empty-ok	44ae232de6576f5b09804903fd0717916de0049267c7831e989ef26389a543ab	d4852d1b4b5f683c55ebc400c4d3e9b316ae9f69d007c660a385d6a50ac13da8	digest-scored
arms/A1/c12-routing-omitted-ro/consumers.tsv	list-all	ae list	0	0	differ	differ	44ae232de6576f5b09804903fd0717916de0049267c7831e989ef26389a543ab	d4852d1b4b5f683c55ebc400c4d3e9b316ae9f69d007c660a385d6a50ac13da8	human-differ
arms/A1/c12-routing-omitted-ro/consumers.tsv	list-all-json	ae list	0	0	pass	empty-ok	44ae232de6576f5b09804903fd0717916de0049267c7831e989ef26389a543ab	d4852d1b4b5f683c55ebc400c4d3e9b316ae9f69d007c660a385d6a50ac13da8	digest-scored
arms/A1/c12-routing-omitted-ro/consumers.tsv	ls-alias	ae ls	0	0	differ	differ	44ae232de6576f5b09804903fd0717916de0049267c7831e989ef26389a543ab	d4852d1b4b5f683c55ebc400c4d3e9b316ae9f69d007c660a385d6a50ac13da8	human-differ
arms/A1/c12-routing-omitted-ro/consumers.tsv	ls-alias-all	ae ls	0	0	differ	differ	44ae232de6576f5b09804903fd0717916de0049267c7831e989ef26389a543ab	d4852d1b4b5f683c55ebc400c4d3e9b316ae9f69d007c660a385d6a50ac13da8	human-differ
arms/A1/c12-routing-omitted-ro/consumers.tsv	requests-all	helper:requests	0	-	unimplemented	unimplemented	-	d4852d1b4b5f683c55ebc400c4d3e9b316ae9f69d007c660a385d6a50ac13da8	helper-not-in-rust-cli
arms/A1/c12-routing-omitted-ro/consumers.tsv	events-tail	helper:events-tail	143	-	unimplemented	unimplemented	-	d4852d1b4b5f683c55ebc400c4d3e9b316ae9f69d007c660a385d6a50ac13da8	helper-not-in-rust-cli
arms/A1/c12-routing-omitted-rw/consumers.tsv	list	ae list	0	0	differ	differ	44ae232de6576f5b09804903fd0717916de0049267c7831e989ef26389a543ab	7d3465fc653cabc05248dd804ef354cf535780acca5eceb43a025903e2e03f27	human-differ
arms/A1/c12-routing-omitted-rw/consumers.tsv	list-json	ae list	0	0	pass	empty-ok	44ae232de6576f5b09804903fd0717916de0049267c7831e989ef26389a543ab	7d3465fc653cabc05248dd804ef354cf535780acca5eceb43a025903e2e03f27	digest-scored
arms/A1/c12-routing-omitted-rw/consumers.tsv	list-all	ae list	0	0	differ	differ	44ae232de6576f5b09804903fd0717916de0049267c7831e989ef26389a543ab	7d3465fc653cabc05248dd804ef354cf535780acca5eceb43a025903e2e03f27	human-differ
arms/A1/c12-routing-omitted-rw/consumers.tsv	list-all-json	ae list	0	0	pass	empty-ok	44ae232de6576f5b09804903fd0717916de0049267c7831e989ef26389a543ab	7d3465fc653cabc05248dd804ef354cf535780acca5eceb43a025903e2e03f27	digest-scored
arms/A1/c12-routing-omitted-rw/consumers.tsv	ls-alias	ae ls	0	0	differ	differ	44ae232de6576f5b09804903fd0717916de0049267c7831e989ef26389a543ab	7d3465fc653cabc05248dd804ef354cf535780acca5eceb43a025903e2e03f27	human-differ
arms/A1/c12-routing-omitted-rw/consumers.tsv	ls-alias-all	ae ls	0	0	differ	differ	44ae232de6576f5b09804903fd0717916de0049267c7831e989ef26389a543ab	7d3465fc653cabc05248dd804ef354cf535780acca5eceb43a025903e2e03f27	human-differ
arms/A1/c12-routing-omitted-rw/consumers.tsv	requests-all	helper:requests	0	-	unimplemented	unimplemented	-	7d3465fc653cabc05248dd804ef354cf535780acca5eceb43a025903e2e03f27	helper-not-in-rust-cli
arms/A1/c12-routing-omitted-rw/consumers.tsv	events-tail	helper:events-tail	143	-	unimplemented	unimplemented	-	7d3465fc653cabc05248dd804ef354cf535780acca5eceb43a025903e2e03f27	helper-not-in-rust-cli
arms/A1/c13-same-display-routing-ro/consumers.tsv	list	ae list	0	0	differ	differ	453cf9be809c88a2559d74033e7ae6f2df630682d60d49f9ed9c7ee3a8facaa6	296b9224a4903e3b783484f69eb46c286716ce6f1ecd7c88cd479ac2b75cfb06	human-differ
arms/A1/c13-same-display-routing-ro/consumers.tsv	list-json	ae list	0	0	pass	empty-ok	453cf9be809c88a2559d74033e7ae6f2df630682d60d49f9ed9c7ee3a8facaa6	296b9224a4903e3b783484f69eb46c286716ce6f1ecd7c88cd479ac2b75cfb06	digest-scored
arms/A1/c13-same-display-routing-ro/consumers.tsv	list-all	ae list	0	0	differ	differ	453cf9be809c88a2559d74033e7ae6f2df630682d60d49f9ed9c7ee3a8facaa6	296b9224a4903e3b783484f69eb46c286716ce6f1ecd7c88cd479ac2b75cfb06	human-differ
arms/A1/c13-same-display-routing-ro/consumers.tsv	list-all-json	ae list	0	0	pass	empty-ok	453cf9be809c88a2559d74033e7ae6f2df630682d60d49f9ed9c7ee3a8facaa6	296b9224a4903e3b783484f69eb46c286716ce6f1ecd7c88cd479ac2b75cfb06	digest-scored
arms/A1/c13-same-display-routing-ro/consumers.tsv	ls-alias	ae ls	0	0	differ	differ	453cf9be809c88a2559d74033e7ae6f2df630682d60d49f9ed9c7ee3a8facaa6	296b9224a4903e3b783484f69eb46c286716ce6f1ecd7c88cd479ac2b75cfb06	human-differ
arms/A1/c13-same-display-routing-ro/consumers.tsv	ls-alias-all	ae ls	0	0	differ	differ	453cf9be809c88a2559d74033e7ae6f2df630682d60d49f9ed9c7ee3a8facaa6	296b9224a4903e3b783484f69eb46c286716ce6f1ecd7c88cd479ac2b75cfb06	human-differ
arms/A1/c13-same-display-routing-ro/consumers.tsv	requests-all	helper:requests	0	-	unimplemented	unimplemented	-	296b9224a4903e3b783484f69eb46c286716ce6f1ecd7c88cd479ac2b75cfb06	helper-not-in-rust-cli
arms/A1/c13-same-display-routing-ro/consumers.tsv	events-tail	helper:events-tail	143	-	unimplemented	unimplemented	-	296b9224a4903e3b783484f69eb46c286716ce6f1ecd7c88cd479ac2b75cfb06	helper-not-in-rust-cli
arms/A1/c13-same-display-routing-rw/consumers.tsv	list	ae list	0	0	differ	differ	453cf9be809c88a2559d74033e7ae6f2df630682d60d49f9ed9c7ee3a8facaa6	285cd5137c196a605e32088c6ad4657096e6da8375fda6afc2fdf8bd88ed9785	human-differ
arms/A1/c13-same-display-routing-rw/consumers.tsv	list-json	ae list	0	0	pass	empty-ok	453cf9be809c88a2559d74033e7ae6f2df630682d60d49f9ed9c7ee3a8facaa6	285cd5137c196a605e32088c6ad4657096e6da8375fda6afc2fdf8bd88ed9785	digest-scored
arms/A1/c13-same-display-routing-rw/consumers.tsv	list-all	ae list	0	0	differ	differ	453cf9be809c88a2559d74033e7ae6f2df630682d60d49f9ed9c7ee3a8facaa6	285cd5137c196a605e32088c6ad4657096e6da8375fda6afc2fdf8bd88ed9785	human-differ
arms/A1/c13-same-display-routing-rw/consumers.tsv	list-all-json	ae list	0	0	pass	empty-ok	453cf9be809c88a2559d74033e7ae6f2df630682d60d49f9ed9c7ee3a8facaa6	285cd5137c196a605e32088c6ad4657096e6da8375fda6afc2fdf8bd88ed9785	digest-scored
arms/A1/c13-same-display-routing-rw/consumers.tsv	ls-alias	ae ls	0	0	differ	differ	453cf9be809c88a2559d74033e7ae6f2df630682d60d49f9ed9c7ee3a8facaa6	285cd5137c196a605e32088c6ad4657096e6da8375fda6afc2fdf8bd88ed9785	human-differ
arms/A1/c13-same-display-routing-rw/consumers.tsv	ls-alias-all	ae ls	0	0	differ	differ	453cf9be809c88a2559d74033e7ae6f2df630682d60d49f9ed9c7ee3a8facaa6	285cd5137c196a605e32088c6ad4657096e6da8375fda6afc2fdf8bd88ed9785	human-differ
arms/A1/c13-same-display-routing-rw/consumers.tsv	requests-all	helper:requests	0	-	unimplemented	unimplemented	-	285cd5137c196a605e32088c6ad4657096e6da8375fda6afc2fdf8bd88ed9785	helper-not-in-rust-cli
arms/A1/c13-same-display-routing-rw/consumers.tsv	events-tail	helper:events-tail	143	-	unimplemented	unimplemented	-	285cd5137c196a605e32088c6ad4657096e6da8375fda6afc2fdf8bd88ed9785	helper-not-in-rust-cli
arms/A1/c14-display-only-legacy-ro/consumers.tsv	list	ae list	0	0	differ	differ	94f045ece57a30f2828243fd6854b6de35731b4fd1ea67c255fea02b579281a1	6d2ecd219feb5a0e2f77a46f9bee6b2ea5bf01e6841a438e6e096b3a9fe05d52	human-differ
arms/A1/c14-display-only-legacy-ro/consumers.tsv	list-json	ae list	0	0	pass	empty-ok	94f045ece57a30f2828243fd6854b6de35731b4fd1ea67c255fea02b579281a1	6d2ecd219feb5a0e2f77a46f9bee6b2ea5bf01e6841a438e6e096b3a9fe05d52	digest-scored
arms/A1/c14-display-only-legacy-ro/consumers.tsv	list-all	ae list	0	0	differ	differ	94f045ece57a30f2828243fd6854b6de35731b4fd1ea67c255fea02b579281a1	6d2ecd219feb5a0e2f77a46f9bee6b2ea5bf01e6841a438e6e096b3a9fe05d52	human-differ
arms/A1/c14-display-only-legacy-ro/consumers.tsv	list-all-json	ae list	0	0	pass	empty-ok	94f045ece57a30f2828243fd6854b6de35731b4fd1ea67c255fea02b579281a1	6d2ecd219feb5a0e2f77a46f9bee6b2ea5bf01e6841a438e6e096b3a9fe05d52	digest-scored
arms/A1/c14-display-only-legacy-ro/consumers.tsv	ls-alias	ae ls	0	0	differ	differ	94f045ece57a30f2828243fd6854b6de35731b4fd1ea67c255fea02b579281a1	6d2ecd219feb5a0e2f77a46f9bee6b2ea5bf01e6841a438e6e096b3a9fe05d52	human-differ
arms/A1/c14-display-only-legacy-ro/consumers.tsv	ls-alias-all	ae ls	0	0	differ	differ	94f045ece57a30f2828243fd6854b6de35731b4fd1ea67c255fea02b579281a1	6d2ecd219feb5a0e2f77a46f9bee6b2ea5bf01e6841a438e6e096b3a9fe05d52	human-differ
arms/A1/c14-display-only-legacy-ro/consumers.tsv	requests-all	helper:requests	0	-	unimplemented	unimplemented	-	6d2ecd219feb5a0e2f77a46f9bee6b2ea5bf01e6841a438e6e096b3a9fe05d52	helper-not-in-rust-cli
arms/A1/c14-display-only-legacy-ro/consumers.tsv	events-tail	helper:events-tail	143	-	unimplemented	unimplemented	-	6d2ecd219feb5a0e2f77a46f9bee6b2ea5bf01e6841a438e6e096b3a9fe05d52	helper-not-in-rust-cli
arms/A1/c14-display-only-legacy-rw/consumers.tsv	list	ae list	0	0	differ	differ	94f045ece57a30f2828243fd6854b6de35731b4fd1ea67c255fea02b579281a1	6de723ca980e505cb9833c1931ce95474c17192b8aea051cbc906b7fdb78de98	human-differ
arms/A1/c14-display-only-legacy-rw/consumers.tsv	list-json	ae list	0	0	pass	empty-ok	94f045ece57a30f2828243fd6854b6de35731b4fd1ea67c255fea02b579281a1	6de723ca980e505cb9833c1931ce95474c17192b8aea051cbc906b7fdb78de98	digest-scored
arms/A1/c14-display-only-legacy-rw/consumers.tsv	list-all	ae list	0	0	differ	differ	94f045ece57a30f2828243fd6854b6de35731b4fd1ea67c255fea02b579281a1	6de723ca980e505cb9833c1931ce95474c17192b8aea051cbc906b7fdb78de98	human-differ
arms/A1/c14-display-only-legacy-rw/consumers.tsv	list-all-json	ae list	0	0	pass	empty-ok	94f045ece57a30f2828243fd6854b6de35731b4fd1ea67c255fea02b579281a1	6de723ca980e505cb9833c1931ce95474c17192b8aea051cbc906b7fdb78de98	digest-scored
arms/A1/c14-display-only-legacy-rw/consumers.tsv	ls-alias	ae ls	0	0	differ	differ	94f045ece57a30f2828243fd6854b6de35731b4fd1ea67c255fea02b579281a1	6de723ca980e505cb9833c1931ce95474c17192b8aea051cbc906b7fdb78de98	human-differ
arms/A1/c14-display-only-legacy-rw/consumers.tsv	ls-alias-all	ae ls	0	0	differ	differ	94f045ece57a30f2828243fd6854b6de35731b4fd1ea67c255fea02b579281a1	6de723ca980e505cb9833c1931ce95474c17192b8aea051cbc906b7fdb78de98	human-differ
arms/A1/c14-display-only-legacy-rw/consumers.tsv	requests-all	helper:requests	0	-	unimplemented	unimplemented	-	6de723ca980e505cb9833c1931ce95474c17192b8aea051cbc906b7fdb78de98	helper-not-in-rust-cli
arms/A1/c14-display-only-legacy-rw/consumers.tsv	events-tail	helper:events-tail	143	-	unimplemented	unimplemented	-	6de723ca980e505cb9833c1931ce95474c17192b8aea051cbc906b7fdb78de98	helper-not-in-rust-cli
arms/A1/c15-meta-unknown-keys-ro/consumers.tsv	list	ae list	0	0	differ	differ	d98f367c888f1536a27f2642db30c25bed7ba377bd17bdb0b67f9bb69470fb66	e8f8e99e3976a7de9e597dc9bd76de02766171f21908b147d514c13821b97c20	human-differ
arms/A1/c15-meta-unknown-keys-ro/consumers.tsv	list-json	ae list	0	0	pass	empty-ok	d98f367c888f1536a27f2642db30c25bed7ba377bd17bdb0b67f9bb69470fb66	e8f8e99e3976a7de9e597dc9bd76de02766171f21908b147d514c13821b97c20	digest-scored
arms/A1/c15-meta-unknown-keys-ro/consumers.tsv	list-all	ae list	0	0	differ	differ	d98f367c888f1536a27f2642db30c25bed7ba377bd17bdb0b67f9bb69470fb66	e8f8e99e3976a7de9e597dc9bd76de02766171f21908b147d514c13821b97c20	human-differ
arms/A1/c15-meta-unknown-keys-ro/consumers.tsv	list-all-json	ae list	0	0	pass	empty-ok	d98f367c888f1536a27f2642db30c25bed7ba377bd17bdb0b67f9bb69470fb66	e8f8e99e3976a7de9e597dc9bd76de02766171f21908b147d514c13821b97c20	digest-scored
arms/A1/c15-meta-unknown-keys-ro/consumers.tsv	ls-alias	ae ls	0	0	differ	differ	d98f367c888f1536a27f2642db30c25bed7ba377bd17bdb0b67f9bb69470fb66	e8f8e99e3976a7de9e597dc9bd76de02766171f21908b147d514c13821b97c20	human-differ
arms/A1/c15-meta-unknown-keys-ro/consumers.tsv	ls-alias-all	ae ls	0	0	differ	differ	d98f367c888f1536a27f2642db30c25bed7ba377bd17bdb0b67f9bb69470fb66	e8f8e99e3976a7de9e597dc9bd76de02766171f21908b147d514c13821b97c20	human-differ
arms/A1/c15-meta-unknown-keys-ro/consumers.tsv	requests-all	helper:requests	0	-	unimplemented	unimplemented	-	e8f8e99e3976a7de9e597dc9bd76de02766171f21908b147d514c13821b97c20	helper-not-in-rust-cli
arms/A1/c15-meta-unknown-keys-ro/consumers.tsv	events-tail	helper:events-tail	143	-	unimplemented	unimplemented	-	e8f8e99e3976a7de9e597dc9bd76de02766171f21908b147d514c13821b97c20	helper-not-in-rust-cli
arms/A1/c15-meta-unknown-keys-rw/consumers.tsv	list	ae list	0	0	differ	differ	d98f367c888f1536a27f2642db30c25bed7ba377bd17bdb0b67f9bb69470fb66	2e6d148627736058c398bdeb40169c564a61e784ab51cadb22eb2f62547ffa50	human-differ
arms/A1/c15-meta-unknown-keys-rw/consumers.tsv	list-json	ae list	0	0	pass	empty-ok	d98f367c888f1536a27f2642db30c25bed7ba377bd17bdb0b67f9bb69470fb66	2e6d148627736058c398bdeb40169c564a61e784ab51cadb22eb2f62547ffa50	digest-scored
arms/A1/c15-meta-unknown-keys-rw/consumers.tsv	list-all	ae list	0	0	differ	differ	d98f367c888f1536a27f2642db30c25bed7ba377bd17bdb0b67f9bb69470fb66	2e6d148627736058c398bdeb40169c564a61e784ab51cadb22eb2f62547ffa50	human-differ
arms/A1/c15-meta-unknown-keys-rw/consumers.tsv	list-all-json	ae list	0	0	pass	empty-ok	d98f367c888f1536a27f2642db30c25bed7ba377bd17bdb0b67f9bb69470fb66	2e6d148627736058c398bdeb40169c564a61e784ab51cadb22eb2f62547ffa50	digest-scored
arms/A1/c15-meta-unknown-keys-rw/consumers.tsv	ls-alias	ae ls	0	0	differ	differ	d98f367c888f1536a27f2642db30c25bed7ba377bd17bdb0b67f9bb69470fb66	2e6d148627736058c398bdeb40169c564a61e784ab51cadb22eb2f62547ffa50	human-differ
arms/A1/c15-meta-unknown-keys-rw/consumers.tsv	ls-alias-all	ae ls	0	0	differ	differ	d98f367c888f1536a27f2642db30c25bed7ba377bd17bdb0b67f9bb69470fb66	2e6d148627736058c398bdeb40169c564a61e784ab51cadb22eb2f62547ffa50	human-differ
arms/A1/c15-meta-unknown-keys-rw/consumers.tsv	requests-all	helper:requests	0	-	unimplemented	unimplemented	-	2e6d148627736058c398bdeb40169c564a61e784ab51cadb22eb2f62547ffa50	helper-not-in-rust-cli
arms/A1/c15-meta-unknown-keys-rw/consumers.tsv	events-tail	helper:events-tail	143	-	unimplemented	unimplemented	-	2e6d148627736058c398bdeb40169c564a61e784ab51cadb22eb2f62547ffa50	helper-not-in-rust-cli
arms/A1/c16-events-unknown-keys-ro/consumers.tsv	list	ae list	0	0	differ	differ	e51113e9ec65b0d511fbe1885367cc155660ef4de7cd5f7b16c0b896d8682975	27f3dcb2d61df9482caab93330f5d4373842007e7d223ad1a8a114627f2c4495	human-differ
arms/A1/c16-events-unknown-keys-ro/consumers.tsv	list-json	ae list	0	0	pass	empty-ok	e51113e9ec65b0d511fbe1885367cc155660ef4de7cd5f7b16c0b896d8682975	27f3dcb2d61df9482caab93330f5d4373842007e7d223ad1a8a114627f2c4495	digest-scored
arms/A1/c16-events-unknown-keys-ro/consumers.tsv	list-all	ae list	0	0	differ	differ	e51113e9ec65b0d511fbe1885367cc155660ef4de7cd5f7b16c0b896d8682975	27f3dcb2d61df9482caab93330f5d4373842007e7d223ad1a8a114627f2c4495	human-differ
arms/A1/c16-events-unknown-keys-ro/consumers.tsv	list-all-json	ae list	0	0	pass	empty-ok	e51113e9ec65b0d511fbe1885367cc155660ef4de7cd5f7b16c0b896d8682975	27f3dcb2d61df9482caab93330f5d4373842007e7d223ad1a8a114627f2c4495	digest-scored
arms/A1/c16-events-unknown-keys-ro/consumers.tsv	ls-alias	ae ls	0	0	differ	differ	e51113e9ec65b0d511fbe1885367cc155660ef4de7cd5f7b16c0b896d8682975	27f3dcb2d61df9482caab93330f5d4373842007e7d223ad1a8a114627f2c4495	human-differ
arms/A1/c16-events-unknown-keys-ro/consumers.tsv	ls-alias-all	ae ls	0	0	differ	differ	e51113e9ec65b0d511fbe1885367cc155660ef4de7cd5f7b16c0b896d8682975	27f3dcb2d61df9482caab93330f5d4373842007e7d223ad1a8a114627f2c4495	human-differ
arms/A1/c16-events-unknown-keys-ro/consumers.tsv	requests-all	helper:requests	0	-	unimplemented	unimplemented	-	27f3dcb2d61df9482caab93330f5d4373842007e7d223ad1a8a114627f2c4495	helper-not-in-rust-cli
arms/A1/c16-events-unknown-keys-ro/consumers.tsv	events-tail	helper:events-tail	143	-	unimplemented	unimplemented	-	27f3dcb2d61df9482caab93330f5d4373842007e7d223ad1a8a114627f2c4495	helper-not-in-rust-cli
arms/A1/c16-events-unknown-keys-rw/consumers.tsv	list	ae list	0	0	differ	differ	e51113e9ec65b0d511fbe1885367cc155660ef4de7cd5f7b16c0b896d8682975	b6bf1820d37210e25d00a91fbc70d8b8117a6430cbde58ce5bac9f12851a318d	human-differ
arms/A1/c16-events-unknown-keys-rw/consumers.tsv	list-json	ae list	0	0	pass	empty-ok	e51113e9ec65b0d511fbe1885367cc155660ef4de7cd5f7b16c0b896d8682975	b6bf1820d37210e25d00a91fbc70d8b8117a6430cbde58ce5bac9f12851a318d	digest-scored
arms/A1/c16-events-unknown-keys-rw/consumers.tsv	list-all	ae list	0	0	differ	differ	e51113e9ec65b0d511fbe1885367cc155660ef4de7cd5f7b16c0b896d8682975	b6bf1820d37210e25d00a91fbc70d8b8117a6430cbde58ce5bac9f12851a318d	human-differ
arms/A1/c16-events-unknown-keys-rw/consumers.tsv	list-all-json	ae list	0	0	pass	empty-ok	e51113e9ec65b0d511fbe1885367cc155660ef4de7cd5f7b16c0b896d8682975	b6bf1820d37210e25d00a91fbc70d8b8117a6430cbde58ce5bac9f12851a318d	digest-scored
arms/A1/c16-events-unknown-keys-rw/consumers.tsv	ls-alias	ae ls	0	0	differ	differ	e51113e9ec65b0d511fbe1885367cc155660ef4de7cd5f7b16c0b896d8682975	b6bf1820d37210e25d00a91fbc70d8b8117a6430cbde58ce5bac9f12851a318d	human-differ
arms/A1/c16-events-unknown-keys-rw/consumers.tsv	ls-alias-all	ae ls	0	0	differ	differ	e51113e9ec65b0d511fbe1885367cc155660ef4de7cd5f7b16c0b896d8682975	b6bf1820d37210e25d00a91fbc70d8b8117a6430cbde58ce5bac9f12851a318d	human-differ
arms/A1/c16-events-unknown-keys-rw/consumers.tsv	requests-all	helper:requests	0	-	unimplemented	unimplemented	-	b6bf1820d37210e25d00a91fbc70d8b8117a6430cbde58ce5bac9f12851a318d	helper-not-in-rust-cli
arms/A1/c16-events-unknown-keys-rw/consumers.tsv	events-tail	helper:events-tail	143	-	unimplemented	unimplemented	-	b6bf1820d37210e25d00a91fbc70d8b8117a6430cbde58ce5bac9f12851a318d	helper-not-in-rust-cli
arms/A1/c17-unknown-action-ro/consumers.tsv	list	ae list	0	0	differ	differ	85e6fb59cd59dbef7aebbd6cbef7f6c242bab73ab7cade8a9c8d96382ad4b776	9d39d69a507af1f96ebec0443ecc78cb6c6c19e7ee784fb291b23099807dcb0f	human-differ
arms/A1/c17-unknown-action-ro/consumers.tsv	list-json	ae list	0	0	pass	empty-ok	85e6fb59cd59dbef7aebbd6cbef7f6c242bab73ab7cade8a9c8d96382ad4b776	9d39d69a507af1f96ebec0443ecc78cb6c6c19e7ee784fb291b23099807dcb0f	digest-scored
arms/A1/c17-unknown-action-ro/consumers.tsv	list-all	ae list	0	0	differ	differ	85e6fb59cd59dbef7aebbd6cbef7f6c242bab73ab7cade8a9c8d96382ad4b776	9d39d69a507af1f96ebec0443ecc78cb6c6c19e7ee784fb291b23099807dcb0f	human-differ
arms/A1/c17-unknown-action-ro/consumers.tsv	list-all-json	ae list	0	0	pass	empty-ok	85e6fb59cd59dbef7aebbd6cbef7f6c242bab73ab7cade8a9c8d96382ad4b776	9d39d69a507af1f96ebec0443ecc78cb6c6c19e7ee784fb291b23099807dcb0f	digest-scored
arms/A1/c17-unknown-action-ro/consumers.tsv	ls-alias	ae ls	0	0	differ	differ	85e6fb59cd59dbef7aebbd6cbef7f6c242bab73ab7cade8a9c8d96382ad4b776	9d39d69a507af1f96ebec0443ecc78cb6c6c19e7ee784fb291b23099807dcb0f	human-differ
arms/A1/c17-unknown-action-ro/consumers.tsv	ls-alias-all	ae ls	0	0	differ	differ	85e6fb59cd59dbef7aebbd6cbef7f6c242bab73ab7cade8a9c8d96382ad4b776	9d39d69a507af1f96ebec0443ecc78cb6c6c19e7ee784fb291b23099807dcb0f	human-differ
arms/A1/c17-unknown-action-ro/consumers.tsv	requests-all	helper:requests	0	-	unimplemented	unimplemented	-	9d39d69a507af1f96ebec0443ecc78cb6c6c19e7ee784fb291b23099807dcb0f	helper-not-in-rust-cli
arms/A1/c17-unknown-action-ro/consumers.tsv	events-tail	helper:events-tail	143	-	unimplemented	unimplemented	-	9d39d69a507af1f96ebec0443ecc78cb6c6c19e7ee784fb291b23099807dcb0f	helper-not-in-rust-cli
arms/A1/c17-unknown-action-rw/consumers.tsv	list	ae list	0	0	differ	differ	85e6fb59cd59dbef7aebbd6cbef7f6c242bab73ab7cade8a9c8d96382ad4b776	e1f8c849e17e3ea93939c281aaab642c365b7392ac53fdc6d8bb84719b1d4e52	human-differ
arms/A1/c17-unknown-action-rw/consumers.tsv	list-json	ae list	0	0	pass	empty-ok	85e6fb59cd59dbef7aebbd6cbef7f6c242bab73ab7cade8a9c8d96382ad4b776	e1f8c849e17e3ea93939c281aaab642c365b7392ac53fdc6d8bb84719b1d4e52	digest-scored
arms/A1/c17-unknown-action-rw/consumers.tsv	list-all	ae list	0	0	differ	differ	85e6fb59cd59dbef7aebbd6cbef7f6c242bab73ab7cade8a9c8d96382ad4b776	e1f8c849e17e3ea93939c281aaab642c365b7392ac53fdc6d8bb84719b1d4e52	human-differ
arms/A1/c17-unknown-action-rw/consumers.tsv	list-all-json	ae list	0	0	pass	empty-ok	85e6fb59cd59dbef7aebbd6cbef7f6c242bab73ab7cade8a9c8d96382ad4b776	e1f8c849e17e3ea93939c281aaab642c365b7392ac53fdc6d8bb84719b1d4e52	digest-scored
arms/A1/c17-unknown-action-rw/consumers.tsv	ls-alias	ae ls	0	0	differ	differ	85e6fb59cd59dbef7aebbd6cbef7f6c242bab73ab7cade8a9c8d96382ad4b776	e1f8c849e17e3ea93939c281aaab642c365b7392ac53fdc6d8bb84719b1d4e52	human-differ
arms/A1/c17-unknown-action-rw/consumers.tsv	ls-alias-all	ae ls	0	0	differ	differ	85e6fb59cd59dbef7aebbd6cbef7f6c242bab73ab7cade8a9c8d96382ad4b776	e1f8c849e17e3ea93939c281aaab642c365b7392ac53fdc6d8bb84719b1d4e52	human-differ
arms/A1/c17-unknown-action-rw/consumers.tsv	requests-all	helper:requests	0	-	unimplemented	unimplemented	-	e1f8c849e17e3ea93939c281aaab642c365b7392ac53fdc6d8bb84719b1d4e52	helper-not-in-rust-cli
arms/A1/c17-unknown-action-rw/consumers.tsv	events-tail	helper:events-tail	143	-	unimplemented	unimplemented	-	e1f8c849e17e3ea93939c281aaab642c365b7392ac53fdc6d8bb84719b1d4e52	helper-not-in-rust-cli
arms/A1/c18-no-trailing-newline-ro/consumers.tsv	list	ae list	0	0	differ	differ	1c0c7eb896f8cc514bc16965faff03108b4ded4160356bff3b9456a5c56a730b	d644c1fc58dbfb2769cc2f06ddbf1aaab2d004a8300e8ead920ea1b0688d7b16	human-differ
arms/A1/c18-no-trailing-newline-ro/consumers.tsv	list-json	ae list	0	0	pass	empty-ok	1c0c7eb896f8cc514bc16965faff03108b4ded4160356bff3b9456a5c56a730b	d644c1fc58dbfb2769cc2f06ddbf1aaab2d004a8300e8ead920ea1b0688d7b16	digest-scored
arms/A1/c18-no-trailing-newline-ro/consumers.tsv	list-all	ae list	0	0	differ	differ	1c0c7eb896f8cc514bc16965faff03108b4ded4160356bff3b9456a5c56a730b	d644c1fc58dbfb2769cc2f06ddbf1aaab2d004a8300e8ead920ea1b0688d7b16	human-differ
arms/A1/c18-no-trailing-newline-ro/consumers.tsv	list-all-json	ae list	0	0	pass	empty-ok	1c0c7eb896f8cc514bc16965faff03108b4ded4160356bff3b9456a5c56a730b	d644c1fc58dbfb2769cc2f06ddbf1aaab2d004a8300e8ead920ea1b0688d7b16	digest-scored
arms/A1/c18-no-trailing-newline-ro/consumers.tsv	ls-alias	ae ls	0	0	differ	differ	1c0c7eb896f8cc514bc16965faff03108b4ded4160356bff3b9456a5c56a730b	d644c1fc58dbfb2769cc2f06ddbf1aaab2d004a8300e8ead920ea1b0688d7b16	human-differ
arms/A1/c18-no-trailing-newline-ro/consumers.tsv	ls-alias-all	ae ls	0	0	differ	differ	1c0c7eb896f8cc514bc16965faff03108b4ded4160356bff3b9456a5c56a730b	d644c1fc58dbfb2769cc2f06ddbf1aaab2d004a8300e8ead920ea1b0688d7b16	human-differ
arms/A1/c18-no-trailing-newline-ro/consumers.tsv	requests-all	helper:requests	0	-	unimplemented	unimplemented	-	d644c1fc58dbfb2769cc2f06ddbf1aaab2d004a8300e8ead920ea1b0688d7b16	helper-not-in-rust-cli
arms/A1/c18-no-trailing-newline-ro/consumers.tsv	events-tail	helper:events-tail	143	-	unimplemented	unimplemented	-	d644c1fc58dbfb2769cc2f06ddbf1aaab2d004a8300e8ead920ea1b0688d7b16	helper-not-in-rust-cli
arms/A1/c18-no-trailing-newline-rw/consumers.tsv	list	ae list	0	0	differ	differ	1c0c7eb896f8cc514bc16965faff03108b4ded4160356bff3b9456a5c56a730b	5ad4e8108ee97ba2d72176a1053be7f06d44f7967a47e400881d991b47e3091e	human-differ
arms/A1/c18-no-trailing-newline-rw/consumers.tsv	list-json	ae list	0	0	pass	empty-ok	1c0c7eb896f8cc514bc16965faff03108b4ded4160356bff3b9456a5c56a730b	5ad4e8108ee97ba2d72176a1053be7f06d44f7967a47e400881d991b47e3091e	digest-scored
arms/A1/c18-no-trailing-newline-rw/consumers.tsv	list-all	ae list	0	0	differ	differ	1c0c7eb896f8cc514bc16965faff03108b4ded4160356bff3b9456a5c56a730b	5ad4e8108ee97ba2d72176a1053be7f06d44f7967a47e400881d991b47e3091e	human-differ
arms/A1/c18-no-trailing-newline-rw/consumers.tsv	list-all-json	ae list	0	0	pass	empty-ok	1c0c7eb896f8cc514bc16965faff03108b4ded4160356bff3b9456a5c56a730b	5ad4e8108ee97ba2d72176a1053be7f06d44f7967a47e400881d991b47e3091e	digest-scored
arms/A1/c18-no-trailing-newline-rw/consumers.tsv	ls-alias	ae ls	0	0	differ	differ	1c0c7eb896f8cc514bc16965faff03108b4ded4160356bff3b9456a5c56a730b	5ad4e8108ee97ba2d72176a1053be7f06d44f7967a47e400881d991b47e3091e	human-differ
arms/A1/c18-no-trailing-newline-rw/consumers.tsv	ls-alias-all	ae ls	0	0	differ	differ	1c0c7eb896f8cc514bc16965faff03108b4ded4160356bff3b9456a5c56a730b	5ad4e8108ee97ba2d72176a1053be7f06d44f7967a47e400881d991b47e3091e	human-differ
arms/A1/c18-no-trailing-newline-rw/consumers.tsv	requests-all	helper:requests	0	-	unimplemented	unimplemented	-	5ad4e8108ee97ba2d72176a1053be7f06d44f7967a47e400881d991b47e3091e	helper-not-in-rust-cli
arms/A1/c18-no-trailing-newline-rw/consumers.tsv	events-tail	helper:events-tail	143	-	unimplemented	unimplemented	-	5ad4e8108ee97ba2d72176a1053be7f06d44f7967a47e400881d991b47e3091e	helper-not-in-rust-cli
arms/A1/c19-partial-tail-ro/consumers.tsv	list	ae list	0	0	differ	differ	16bb0d8557995192017f92953e414bfc7ef16cb9b64a92555a0850ce114dd41f	f75a4ebe46759eae10217f00cbe1a93b321ceb46f02bab401a791d98accb5b3d	human-differ
arms/A1/c19-partial-tail-ro/consumers.tsv	list-json	ae list	0	0	pass	empty-ok	16bb0d8557995192017f92953e414bfc7ef16cb9b64a92555a0850ce114dd41f	f75a4ebe46759eae10217f00cbe1a93b321ceb46f02bab401a791d98accb5b3d	digest-scored
arms/A1/c19-partial-tail-ro/consumers.tsv	list-all	ae list	0	0	differ	differ	16bb0d8557995192017f92953e414bfc7ef16cb9b64a92555a0850ce114dd41f	f75a4ebe46759eae10217f00cbe1a93b321ceb46f02bab401a791d98accb5b3d	human-differ
arms/A1/c19-partial-tail-ro/consumers.tsv	list-all-json	ae list	0	0	pass	empty-ok	16bb0d8557995192017f92953e414bfc7ef16cb9b64a92555a0850ce114dd41f	f75a4ebe46759eae10217f00cbe1a93b321ceb46f02bab401a791d98accb5b3d	digest-scored
arms/A1/c19-partial-tail-ro/consumers.tsv	ls-alias	ae ls	0	0	differ	differ	16bb0d8557995192017f92953e414bfc7ef16cb9b64a92555a0850ce114dd41f	f75a4ebe46759eae10217f00cbe1a93b321ceb46f02bab401a791d98accb5b3d	human-differ
arms/A1/c19-partial-tail-ro/consumers.tsv	ls-alias-all	ae ls	0	0	differ	differ	16bb0d8557995192017f92953e414bfc7ef16cb9b64a92555a0850ce114dd41f	f75a4ebe46759eae10217f00cbe1a93b321ceb46f02bab401a791d98accb5b3d	human-differ
arms/A1/c19-partial-tail-ro/consumers.tsv	requests-all	helper:requests	0	-	unimplemented	unimplemented	-	f75a4ebe46759eae10217f00cbe1a93b321ceb46f02bab401a791d98accb5b3d	helper-not-in-rust-cli
arms/A1/c19-partial-tail-ro/consumers.tsv	events-tail	helper:events-tail	143	-	unimplemented	unimplemented	-	f75a4ebe46759eae10217f00cbe1a93b321ceb46f02bab401a791d98accb5b3d	helper-not-in-rust-cli
arms/A1/c19-partial-tail-rw/consumers.tsv	list	ae list	0	0	differ	differ	16bb0d8557995192017f92953e414bfc7ef16cb9b64a92555a0850ce114dd41f	46ff5fa69ee89099188b7c4e72c59f460618f70c92eaf95aaa2910f7c2638b74	human-differ
arms/A1/c19-partial-tail-rw/consumers.tsv	list-json	ae list	0	0	pass	empty-ok	16bb0d8557995192017f92953e414bfc7ef16cb9b64a92555a0850ce114dd41f	46ff5fa69ee89099188b7c4e72c59f460618f70c92eaf95aaa2910f7c2638b74	digest-scored
arms/A1/c19-partial-tail-rw/consumers.tsv	list-all	ae list	0	0	differ	differ	16bb0d8557995192017f92953e414bfc7ef16cb9b64a92555a0850ce114dd41f	46ff5fa69ee89099188b7c4e72c59f460618f70c92eaf95aaa2910f7c2638b74	human-differ
arms/A1/c19-partial-tail-rw/consumers.tsv	list-all-json	ae list	0	0	pass	empty-ok	16bb0d8557995192017f92953e414bfc7ef16cb9b64a92555a0850ce114dd41f	46ff5fa69ee89099188b7c4e72c59f460618f70c92eaf95aaa2910f7c2638b74	digest-scored
arms/A1/c19-partial-tail-rw/consumers.tsv	ls-alias	ae ls	0	0	differ	differ	16bb0d8557995192017f92953e414bfc7ef16cb9b64a92555a0850ce114dd41f	46ff5fa69ee89099188b7c4e72c59f460618f70c92eaf95aaa2910f7c2638b74	human-differ
arms/A1/c19-partial-tail-rw/consumers.tsv	ls-alias-all	ae ls	0	0	differ	differ	16bb0d8557995192017f92953e414bfc7ef16cb9b64a92555a0850ce114dd41f	46ff5fa69ee89099188b7c4e72c59f460618f70c92eaf95aaa2910f7c2638b74	human-differ
arms/A1/c19-partial-tail-rw/consumers.tsv	requests-all	helper:requests	0	-	unimplemented	unimplemented	-	46ff5fa69ee89099188b7c4e72c59f460618f70c92eaf95aaa2910f7c2638b74	helper-not-in-rust-cli
arms/A1/c19-partial-tail-rw/consumers.tsv	events-tail	helper:events-tail	143	-	unimplemented	unimplemented	-	46ff5fa69ee89099188b7c4e72c59f460618f70c92eaf95aaa2910f7c2638b74	helper-not-in-rust-cli
arms/A1/c20-405k-live/consumers.tsv	s0-baseline/list	ae list	0	-	no-template	no-template	-		no-template
arms/A1/c20-405k-live/consumers.tsv	s0-baseline/list-json	ae list	0	-	no-template	no-template	-		no-template
arms/A1/c20-405k-live/consumers.tsv	s0-baseline/list-all	ae list	0	-	no-template	no-template	-		no-template
arms/A1/c20-405k-live/consumers.tsv	s0-baseline/requests-all	helper:requests	0	-	unimplemented	unimplemented	-		helper-not-in-rust-cli
arms/A1/c20-405k-live/consumers.tsv	s0-baseline-clocale/list	ae list	0	-	no-template	no-template	-		no-template
arms/A1/c20-405k-live/consumers.tsv	s0-baseline-clocale/list-json	ae list	0	-	no-template	no-template	-		no-template
arms/A1/c20-405k-live/consumers.tsv	s1-extra-pane/list	ae list	0	-	no-template	no-template	-		no-template
arms/A1/c20-405k-live/consumers.tsv	s1-extra-pane/list-json	ae list	0	-	no-template	no-template	-		no-template
arms/A1/c20-405k-live/consumers.tsv	s1-extra-pane/list-all	ae list	0	-	no-template	no-template	-		no-template
arms/A1/c20-405k-live/consumers.tsv	s1-extra-pane/requests-all	helper:requests	0	-	unimplemented	unimplemented	-		helper-not-in-rust-cli
arms/A1/c20-405k-live/consumers.tsv	s2-extra-pane-and-missing-roster-pane/list	ae list	0	-	no-template	no-template	-		no-template
arms/A1/c20-405k-live/consumers.tsv	s2-extra-pane-and-missing-roster-pane/list-json	ae list	0	-	no-template	no-template	-		no-template
arms/A1/c20-405k-live/consumers.tsv	s2-extra-pane-and-missing-roster-pane/list-all	ae list	0	-	no-template	no-template	-		no-template
arms/A1/c20-405k-live/consumers.tsv	s2-extra-pane-and-missing-roster-pane/requests-all	helper:requests	0	-	unimplemented	unimplemented	-		helper-not-in-rust-cli
arms/A2/c01-filters-ro/consumers.tsv	list	ae list	0	0	differ	differ	beb78777b5a4734e2c4c455e02a773e37e8e703d53d49159ff08050a30c468ab	30d1803e4b1dffb513cab1c409cbfda50033411f60e9eefc4e8fe02c1fb2311f	human-differ
arms/A2/c01-filters-ro/consumers.tsv	list_json	ae list	0	0	pass	empty-ok	beb78777b5a4734e2c4c455e02a773e37e8e703d53d49159ff08050a30c468ab	30d1803e4b1dffb513cab1c409cbfda50033411f60e9eefc4e8fe02c1fb2311f	digest-scored
arms/A2/c01-filters-ro/consumers.tsv	ls	ae ls	0	0	differ	differ	beb78777b5a4734e2c4c455e02a773e37e8e703d53d49159ff08050a30c468ab	30d1803e4b1dffb513cab1c409cbfda50033411f60e9eefc4e8fe02c1fb2311f	human-differ
arms/A2/c01-filters-ro/consumers.tsv	ls_json	ae ls	0	0	pass	empty-ok	beb78777b5a4734e2c4c455e02a773e37e8e703d53d49159ff08050a30c468ab	30d1803e4b1dffb513cab1c409cbfda50033411f60e9eefc4e8fe02c1fb2311f	digest-scored
arms/A2/c01-filters-ro/consumers.tsv	list_running	ae list	0	0	differ	differ	beb78777b5a4734e2c4c455e02a773e37e8e703d53d49159ff08050a30c468ab	30d1803e4b1dffb513cab1c409cbfda50033411f60e9eefc4e8fe02c1fb2311f	human-differ
arms/A2/c01-filters-ro/consumers.tsv	list_running_json	ae list	0	0	pass	empty-ok	beb78777b5a4734e2c4c455e02a773e37e8e703d53d49159ff08050a30c468ab	30d1803e4b1dffb513cab1c409cbfda50033411f60e9eefc4e8fe02c1fb2311f	digest-scored
arms/A2/c01-filters-ro/consumers.tsv	ls_running	ae ls	0	0	differ	differ	beb78777b5a4734e2c4c455e02a773e37e8e703d53d49159ff08050a30c468ab	30d1803e4b1dffb513cab1c409cbfda50033411f60e9eefc4e8fe02c1fb2311f	human-differ
arms/A2/c01-filters-ro/consumers.tsv	ls_running_json	ae ls	0	0	pass	empty-ok	beb78777b5a4734e2c4c455e02a773e37e8e703d53d49159ff08050a30c468ab	30d1803e4b1dffb513cab1c409cbfda50033411f60e9eefc4e8fe02c1fb2311f	digest-scored
arms/A2/c01-filters-ro/consumers.tsv	list_all	ae list	0	0	differ	differ	beb78777b5a4734e2c4c455e02a773e37e8e703d53d49159ff08050a30c468ab	30d1803e4b1dffb513cab1c409cbfda50033411f60e9eefc4e8fe02c1fb2311f	human-differ
arms/A2/c01-filters-ro/consumers.tsv	list_all_json	ae list	0	0	pass	empty-ok	beb78777b5a4734e2c4c455e02a773e37e8e703d53d49159ff08050a30c468ab	30d1803e4b1dffb513cab1c409cbfda50033411f60e9eefc4e8fe02c1fb2311f	digest-scored
arms/A2/c01-filters-ro/consumers.tsv	ls_all	ae ls	0	0	differ	differ	beb78777b5a4734e2c4c455e02a773e37e8e703d53d49159ff08050a30c468ab	30d1803e4b1dffb513cab1c409cbfda50033411f60e9eefc4e8fe02c1fb2311f	human-differ
arms/A2/c01-filters-ro/consumers.tsv	ls_all_json	ae ls	0	0	pass	empty-ok	beb78777b5a4734e2c4c455e02a773e37e8e703d53d49159ff08050a30c468ab	30d1803e4b1dffb513cab1c409cbfda50033411f60e9eefc4e8fe02c1fb2311f	digest-scored
arms/A2/c01-filters-ro/consumers.tsv	list_stopped	ae list	0	0	differ	differ	beb78777b5a4734e2c4c455e02a773e37e8e703d53d49159ff08050a30c468ab	30d1803e4b1dffb513cab1c409cbfda50033411f60e9eefc4e8fe02c1fb2311f	human-differ
arms/A2/c01-filters-ro/consumers.tsv	list_stopped_json	ae list	0	0	pass	empty-ok	beb78777b5a4734e2c4c455e02a773e37e8e703d53d49159ff08050a30c468ab	30d1803e4b1dffb513cab1c409cbfda50033411f60e9eefc4e8fe02c1fb2311f	digest-scored
arms/A2/c01-filters-ro/consumers.tsv	ls_stopped	ae ls	0	0	differ	differ	beb78777b5a4734e2c4c455e02a773e37e8e703d53d49159ff08050a30c468ab	30d1803e4b1dffb513cab1c409cbfda50033411f60e9eefc4e8fe02c1fb2311f	human-differ
arms/A2/c01-filters-ro/consumers.tsv	ls_stopped_json	ae ls	0	0	pass	empty-ok	beb78777b5a4734e2c4c455e02a773e37e8e703d53d49159ff08050a30c468ab	30d1803e4b1dffb513cab1c409cbfda50033411f60e9eefc4e8fe02c1fb2311f	digest-scored
arms/A2/c01-filters-ro/consumers.tsv	list_needsattn	ae list	0	0	differ	differ	beb78777b5a4734e2c4c455e02a773e37e8e703d53d49159ff08050a30c468ab	30d1803e4b1dffb513cab1c409cbfda50033411f60e9eefc4e8fe02c1fb2311f	human-differ
arms/A2/c01-filters-ro/consumers.tsv	list_needsattn_json	ae list	0	0	pass	empty-ok	beb78777b5a4734e2c4c455e02a773e37e8e703d53d49159ff08050a30c468ab	30d1803e4b1dffb513cab1c409cbfda50033411f60e9eefc4e8fe02c1fb2311f	digest-scored
arms/A2/c01-filters-ro/consumers.tsv	ls_needsattn	ae ls	0	0	differ	differ	beb78777b5a4734e2c4c455e02a773e37e8e703d53d49159ff08050a30c468ab	30d1803e4b1dffb513cab1c409cbfda50033411f60e9eefc4e8fe02c1fb2311f	human-differ
arms/A2/c01-filters-ro/consumers.tsv	ls_needsattn_json	ae ls	0	0	pass	empty-ok	beb78777b5a4734e2c4c455e02a773e37e8e703d53d49159ff08050a30c468ab	30d1803e4b1dffb513cab1c409cbfda50033411f60e9eefc4e8fe02c1fb2311f	digest-scored
arms/A2/c01-filters-ro/consumers.tsv	list_needsme	ae list	0	0	differ	differ	beb78777b5a4734e2c4c455e02a773e37e8e703d53d49159ff08050a30c468ab	30d1803e4b1dffb513cab1c409cbfda50033411f60e9eefc4e8fe02c1fb2311f	human-differ
arms/A2/c01-filters-ro/consumers.tsv	list_needsme_json	ae list	0	0	pass	empty-ok	beb78777b5a4734e2c4c455e02a773e37e8e703d53d49159ff08050a30c468ab	30d1803e4b1dffb513cab1c409cbfda50033411f60e9eefc4e8fe02c1fb2311f	digest-scored
arms/A2/c01-filters-ro/consumers.tsv	ls_needsme	ae ls	0	0	differ	differ	beb78777b5a4734e2c4c455e02a773e37e8e703d53d49159ff08050a30c468ab	30d1803e4b1dffb513cab1c409cbfda50033411f60e9eefc4e8fe02c1fb2311f	human-differ
arms/A2/c01-filters-ro/consumers.tsv	ls_needsme_json	ae ls	0	0	pass	empty-ok	beb78777b5a4734e2c4c455e02a773e37e8e703d53d49159ff08050a30c468ab	30d1803e4b1dffb513cab1c409cbfda50033411f60e9eefc4e8fe02c1fb2311f	digest-scored
arms/A2/c01-filters-ro/consumers.tsv	list_needs	ae list	0	0	differ	differ	beb78777b5a4734e2c4c455e02a773e37e8e703d53d49159ff08050a30c468ab	30d1803e4b1dffb513cab1c409cbfda50033411f60e9eefc4e8fe02c1fb2311f	human-differ
arms/A2/c01-filters-ro/consumers.tsv	list_needs_json	ae list	0	0	pass	empty-ok	beb78777b5a4734e2c4c455e02a773e37e8e703d53d49159ff08050a30c468ab	30d1803e4b1dffb513cab1c409cbfda50033411f60e9eefc4e8fe02c1fb2311f	digest-scored
arms/A2/c01-filters-ro/consumers.tsv	ls_needs	ae ls	0	0	differ	differ	beb78777b5a4734e2c4c455e02a773e37e8e703d53d49159ff08050a30c468ab	30d1803e4b1dffb513cab1c409cbfda50033411f60e9eefc4e8fe02c1fb2311f	human-differ
arms/A2/c01-filters-ro/consumers.tsv	ls_needs_json	ae ls	0	0	pass	empty-ok	beb78777b5a4734e2c4c455e02a773e37e8e703d53d49159ff08050a30c468ab	30d1803e4b1dffb513cab1c409cbfda50033411f60e9eefc4e8fe02c1fb2311f	digest-scored
arms/A2/c01-filters-ro/consumers.tsv	list_attn	ae list	0	0	differ	differ	beb78777b5a4734e2c4c455e02a773e37e8e703d53d49159ff08050a30c468ab	30d1803e4b1dffb513cab1c409cbfda50033411f60e9eefc4e8fe02c1fb2311f	human-differ
arms/A2/c01-filters-ro/consumers.tsv	list_attn_json	ae list	0	0	pass	empty-ok	beb78777b5a4734e2c4c455e02a773e37e8e703d53d49159ff08050a30c468ab	30d1803e4b1dffb513cab1c409cbfda50033411f60e9eefc4e8fe02c1fb2311f	digest-scored
arms/A2/c01-filters-ro/consumers.tsv	ls_attn	ae ls	0	0	differ	differ	beb78777b5a4734e2c4c455e02a773e37e8e703d53d49159ff08050a30c468ab	30d1803e4b1dffb513cab1c409cbfda50033411f60e9eefc4e8fe02c1fb2311f	human-differ
arms/A2/c01-filters-ro/consumers.tsv	ls_attn_json	ae ls	0	0	pass	empty-ok	beb78777b5a4734e2c4c455e02a773e37e8e703d53d49159ff08050a30c468ab	30d1803e4b1dffb513cab1c409cbfda50033411f60e9eefc4e8fe02c1fb2311f	digest-scored
arms/A2/c01-filters-ro/consumers.tsv	list_active	ae list	0	0	differ	differ	beb78777b5a4734e2c4c455e02a773e37e8e703d53d49159ff08050a30c468ab	30d1803e4b1dffb513cab1c409cbfda50033411f60e9eefc4e8fe02c1fb2311f	human-differ
arms/A2/c01-filters-ro/consumers.tsv	list_active_json	ae list	0	0	pass	empty-ok	beb78777b5a4734e2c4c455e02a773e37e8e703d53d49159ff08050a30c468ab	30d1803e4b1dffb513cab1c409cbfda50033411f60e9eefc4e8fe02c1fb2311f	digest-scored
arms/A2/c01-filters-ro/consumers.tsv	ls_active	ae ls	0	0	differ	differ	beb78777b5a4734e2c4c455e02a773e37e8e703d53d49159ff08050a30c468ab	30d1803e4b1dffb513cab1c409cbfda50033411f60e9eefc4e8fe02c1fb2311f	human-differ
arms/A2/c01-filters-ro/consumers.tsv	ls_active_json	ae ls	0	0	pass	empty-ok	beb78777b5a4734e2c4c455e02a773e37e8e703d53d49159ff08050a30c468ab	30d1803e4b1dffb513cab1c409cbfda50033411f60e9eefc4e8fe02c1fb2311f	digest-scored
arms/A2/c01-filters-ro/consumers.tsv	list_busy	ae list	0	0	differ	differ	beb78777b5a4734e2c4c455e02a773e37e8e703d53d49159ff08050a30c468ab	30d1803e4b1dffb513cab1c409cbfda50033411f60e9eefc4e8fe02c1fb2311f	human-differ
arms/A2/c01-filters-ro/consumers.tsv	list_busy_json	ae list	0	0	pass	empty-ok	beb78777b5a4734e2c4c455e02a773e37e8e703d53d49159ff08050a30c468ab	30d1803e4b1dffb513cab1c409cbfda50033411f60e9eefc4e8fe02c1fb2311f	digest-scored
arms/A2/c01-filters-ro/consumers.tsv	ls_busy	ae ls	0	0	differ	differ	beb78777b5a4734e2c4c455e02a773e37e8e703d53d49159ff08050a30c468ab	30d1803e4b1dffb513cab1c409cbfda50033411f60e9eefc4e8fe02c1fb2311f	human-differ
arms/A2/c01-filters-ro/consumers.tsv	ls_busy_json	ae ls	0	0	pass	empty-ok	beb78777b5a4734e2c4c455e02a773e37e8e703d53d49159ff08050a30c468ab	30d1803e4b1dffb513cab1c409cbfda50033411f60e9eefc4e8fe02c1fb2311f	digest-scored
arms/A2/c01-filters-ro/consumers.tsv	inter_needsattnall	ae list	0	0	differ	differ	beb78777b5a4734e2c4c455e02a773e37e8e703d53d49159ff08050a30c468ab	30d1803e4b1dffb513cab1c409cbfda50033411f60e9eefc4e8fe02c1fb2311f	human-differ
arms/A2/c01-filters-ro/consumers.tsv	inter_needsattnall_json	ae list	0	0	pass	empty-ok	beb78777b5a4734e2c4c455e02a773e37e8e703d53d49159ff08050a30c468ab	30d1803e4b1dffb513cab1c409cbfda50033411f60e9eefc4e8fe02c1fb2311f	digest-scored
arms/A2/c01-filters-ro/consumers.tsv	inter_allneedsattn	ae list	0	0	differ	differ	beb78777b5a4734e2c4c455e02a773e37e8e703d53d49159ff08050a30c468ab	30d1803e4b1dffb513cab1c409cbfda50033411f60e9eefc4e8fe02c1fb2311f	human-differ
arms/A2/c01-filters-ro/consumers.tsv	inter_allneedsattn_json	ae list	0	0	pass	empty-ok	beb78777b5a4734e2c4c455e02a773e37e8e703d53d49159ff08050a30c468ab	30d1803e4b1dffb513cab1c409cbfda50033411f60e9eefc4e8fe02c1fb2311f	digest-scored
arms/A2/c01-filters-ro/consumers.tsv	inter_activeall	ae list	0	0	differ	differ	beb78777b5a4734e2c4c455e02a773e37e8e703d53d49159ff08050a30c468ab	30d1803e4b1dffb513cab1c409cbfda50033411f60e9eefc4e8fe02c1fb2311f	human-differ
arms/A2/c01-filters-ro/consumers.tsv	inter_activeall_json	ae list	0	0	pass	empty-ok	beb78777b5a4734e2c4c455e02a773e37e8e703d53d49159ff08050a30c468ab	30d1803e4b1dffb513cab1c409cbfda50033411f60e9eefc4e8fe02c1fb2311f	digest-scored
arms/A2/c01-filters-ro/consumers.tsv	inter_allactive	ae list	0	0	differ	differ	beb78777b5a4734e2c4c455e02a773e37e8e703d53d49159ff08050a30c468ab	30d1803e4b1dffb513cab1c409cbfda50033411f60e9eefc4e8fe02c1fb2311f	human-differ
arms/A2/c01-filters-ro/consumers.tsv	inter_allactive_json	ae list	0	0	pass	empty-ok	beb78777b5a4734e2c4c455e02a773e37e8e703d53d49159ff08050a30c468ab	30d1803e4b1dffb513cab1c409cbfda50033411f60e9eefc4e8fe02c1fb2311f	digest-scored
arms/A2/c01-filters-ro/consumers.tsv	inter_needsattnstopped	ae list	0	0	differ	differ	beb78777b5a4734e2c4c455e02a773e37e8e703d53d49159ff08050a30c468ab	30d1803e4b1dffb513cab1c409cbfda50033411f60e9eefc4e8fe02c1fb2311f	human-differ
arms/A2/c01-filters-ro/consumers.tsv	inter_needsattnstopped_json	ae list	0	0	pass	empty-ok	beb78777b5a4734e2c4c455e02a773e37e8e703d53d49159ff08050a30c468ab	30d1803e4b1dffb513cab1c409cbfda50033411f60e9eefc4e8fe02c1fb2311f	digest-scored
arms/A2/c01-filters-ro/consumers.tsv	inter_activestopped	ae list	0	0	differ	differ	beb78777b5a4734e2c4c455e02a773e37e8e703d53d49159ff08050a30c468ab	30d1803e4b1dffb513cab1c409cbfda50033411f60e9eefc4e8fe02c1fb2311f	human-differ
arms/A2/c01-filters-ro/consumers.tsv	inter_activestopped_json	ae list	0	0	pass	empty-ok	beb78777b5a4734e2c4c455e02a773e37e8e703d53d49159ff08050a30c468ab	30d1803e4b1dffb513cab1c409cbfda50033411f60e9eefc4e8fe02c1fb2311f	digest-scored
arms/A2/c01-filters-ro/consumers.tsv	list_badflag	ae list	1	2	pass	differ	beb78777b5a4734e2c4c455e02a773e37e8e703d53d49159ff08050a30c468ab	30d1803e4b1dffb513cab1c409cbfda50033411f60e9eefc4e8fe02c1fb2311f	human-bytes
arms/A2/c01-filters-ro/consumers.tsv	list_help	ae list	0	2	pass	differ	beb78777b5a4734e2c4c455e02a773e37e8e703d53d49159ff08050a30c468ab	30d1803e4b1dffb513cab1c409cbfda50033411f60e9eefc4e8fe02c1fb2311f	human-bytes
arms/A2/c01-filters-ro/consumers.tsv	win_inside_list_active	ae list	0	0	differ	differ	beb78777b5a4734e2c4c455e02a773e37e8e703d53d49159ff08050a30c468ab	30d1803e4b1dffb513cab1c409cbfda50033411f60e9eefc4e8fe02c1fb2311f	human-differ
arms/A2/c01-filters-ro/consumers.tsv	win_inside_list_active_json	ae list	0	0	pass	empty-ok	beb78777b5a4734e2c4c455e02a773e37e8e703d53d49159ff08050a30c468ab	30d1803e4b1dffb513cab1c409cbfda50033411f60e9eefc4e8fe02c1fb2311f	digest-scored
arms/A2/c01-filters-ro/consumers.tsv	win_inside_list_busy	ae list	0	0	differ	differ	beb78777b5a4734e2c4c455e02a773e37e8e703d53d49159ff08050a30c468ab	30d1803e4b1dffb513cab1c409cbfda50033411f60e9eefc4e8fe02c1fb2311f	human-differ
arms/A2/c01-filters-ro/consumers.tsv	win_inside_active_all	ae list	0	0	differ	differ	beb78777b5a4734e2c4c455e02a773e37e8e703d53d49159ff08050a30c468ab	30d1803e4b1dffb513cab1c409cbfda50033411f60e9eefc4e8fe02c1fb2311f	human-differ
arms/A2/c01-filters-ro/consumers.tsv	win_inside_all_active	ae list	0	0	differ	differ	beb78777b5a4734e2c4c455e02a773e37e8e703d53d49159ff08050a30c468ab	30d1803e4b1dffb513cab1c409cbfda50033411f60e9eefc4e8fe02c1fb2311f	human-differ
arms/A2/c01-filters-ro/consumers.tsv	win_inside_active_stopped	ae list	0	0	differ	differ	beb78777b5a4734e2c4c455e02a773e37e8e703d53d49159ff08050a30c468ab	30d1803e4b1dffb513cab1c409cbfda50033411f60e9eefc4e8fe02c1fb2311f	human-differ
arms/A2/c01-filters-ro/consumers.tsv	win_inside_stopped_active	ae list	0	0	differ	differ	beb78777b5a4734e2c4c455e02a773e37e8e703d53d49159ff08050a30c468ab	30d1803e4b1dffb513cab1c409cbfda50033411f60e9eefc4e8fe02c1fb2311f	human-differ
arms/A2/c01-filters-ro/consumers.tsv	win_inside_needsattn_active	ae list	0	0	differ	differ	beb78777b5a4734e2c4c455e02a773e37e8e703d53d49159ff08050a30c468ab	30d1803e4b1dffb513cab1c409cbfda50033411f60e9eefc4e8fe02c1fb2311f	human-differ
arms/A2/c01-filters-ro/consumers.tsv	win_inside_active_needsattn	ae list	0	0	differ	differ	beb78777b5a4734e2c4c455e02a773e37e8e703d53d49159ff08050a30c468ab	30d1803e4b1dffb513cab1c409cbfda50033411f60e9eefc4e8fe02c1fb2311f	human-differ
arms/A2/c01-filters-ro/consumers.tsv	win_outside_list_active	ae list	0	0	differ	differ	beb78777b5a4734e2c4c455e02a773e37e8e703d53d49159ff08050a30c468ab	30d1803e4b1dffb513cab1c409cbfda50033411f60e9eefc4e8fe02c1fb2311f	human-differ
arms/A2/c01-filters-ro/consumers.tsv	win_outside_list_active_json	ae list	0	0	pass	empty-ok	beb78777b5a4734e2c4c455e02a773e37e8e703d53d49159ff08050a30c468ab	30d1803e4b1dffb513cab1c409cbfda50033411f60e9eefc4e8fe02c1fb2311f	digest-scored
arms/A2/c01-filters-ro/consumers.tsv	win_outside_list_busy	ae list	0	0	differ	differ	beb78777b5a4734e2c4c455e02a773e37e8e703d53d49159ff08050a30c468ab	30d1803e4b1dffb513cab1c409cbfda50033411f60e9eefc4e8fe02c1fb2311f	human-differ
arms/A2/c01-filters-ro/consumers.tsv	win_outside_active_all	ae list	0	0	differ	differ	beb78777b5a4734e2c4c455e02a773e37e8e703d53d49159ff08050a30c468ab	30d1803e4b1dffb513cab1c409cbfda50033411f60e9eefc4e8fe02c1fb2311f	human-differ
arms/A2/c01-filters-ro/consumers.tsv	win_outside_all_active	ae list	0	0	differ	differ	beb78777b5a4734e2c4c455e02a773e37e8e703d53d49159ff08050a30c468ab	30d1803e4b1dffb513cab1c409cbfda50033411f60e9eefc4e8fe02c1fb2311f	human-differ
arms/A2/c01-filters-ro/consumers.tsv	win_outside_active_stopped	ae list	0	0	differ	differ	beb78777b5a4734e2c4c455e02a773e37e8e703d53d49159ff08050a30c468ab	30d1803e4b1dffb513cab1c409cbfda50033411f60e9eefc4e8fe02c1fb2311f	human-differ
arms/A2/c01-filters-ro/consumers.tsv	win_outside_stopped_active	ae list	0	0	differ	differ	beb78777b5a4734e2c4c455e02a773e37e8e703d53d49159ff08050a30c468ab	30d1803e4b1dffb513cab1c409cbfda50033411f60e9eefc4e8fe02c1fb2311f	human-differ
arms/A2/c01-filters-ro/consumers.tsv	win_outside_needsattn_active	ae list	0	0	differ	differ	beb78777b5a4734e2c4c455e02a773e37e8e703d53d49159ff08050a30c468ab	30d1803e4b1dffb513cab1c409cbfda50033411f60e9eefc4e8fe02c1fb2311f	human-differ
arms/A2/c01-filters-ro/consumers.tsv	win_outside_active_needsattn	ae list	0	0	differ	differ	beb78777b5a4734e2c4c455e02a773e37e8e703d53d49159ff08050a30c468ab	30d1803e4b1dffb513cab1c409cbfda50033411f60e9eefc4e8fe02c1fb2311f	human-differ
arms/A2/c01-filters-rw/consumers.tsv	list	ae list	0	0	differ	differ	beb78777b5a4734e2c4c455e02a773e37e8e703d53d49159ff08050a30c468ab	a5b346582285e0b90f6aa3ebab5a5abf0faba841c384a077794b973ae95e4b0b	human-differ
arms/A2/c01-filters-rw/consumers.tsv	list_json	ae list	0	0	pass	empty-ok	beb78777b5a4734e2c4c455e02a773e37e8e703d53d49159ff08050a30c468ab	a5b346582285e0b90f6aa3ebab5a5abf0faba841c384a077794b973ae95e4b0b	digest-scored
arms/A2/c01-filters-rw/consumers.tsv	ls	ae ls	0	0	differ	differ	beb78777b5a4734e2c4c455e02a773e37e8e703d53d49159ff08050a30c468ab	a5b346582285e0b90f6aa3ebab5a5abf0faba841c384a077794b973ae95e4b0b	human-differ
arms/A2/c01-filters-rw/consumers.tsv	ls_json	ae ls	0	0	pass	empty-ok	beb78777b5a4734e2c4c455e02a773e37e8e703d53d49159ff08050a30c468ab	a5b346582285e0b90f6aa3ebab5a5abf0faba841c384a077794b973ae95e4b0b	digest-scored
arms/A2/c01-filters-rw/consumers.tsv	list_running	ae list	0	0	differ	differ	beb78777b5a4734e2c4c455e02a773e37e8e703d53d49159ff08050a30c468ab	a5b346582285e0b90f6aa3ebab5a5abf0faba841c384a077794b973ae95e4b0b	human-differ
arms/A2/c01-filters-rw/consumers.tsv	list_running_json	ae list	0	0	pass	empty-ok	beb78777b5a4734e2c4c455e02a773e37e8e703d53d49159ff08050a30c468ab	a5b346582285e0b90f6aa3ebab5a5abf0faba841c384a077794b973ae95e4b0b	digest-scored
arms/A2/c01-filters-rw/consumers.tsv	ls_running	ae ls	0	0	differ	differ	beb78777b5a4734e2c4c455e02a773e37e8e703d53d49159ff08050a30c468ab	a5b346582285e0b90f6aa3ebab5a5abf0faba841c384a077794b973ae95e4b0b	human-differ
arms/A2/c01-filters-rw/consumers.tsv	ls_running_json	ae ls	0	0	pass	empty-ok	beb78777b5a4734e2c4c455e02a773e37e8e703d53d49159ff08050a30c468ab	a5b346582285e0b90f6aa3ebab5a5abf0faba841c384a077794b973ae95e4b0b	digest-scored
arms/A2/c01-filters-rw/consumers.tsv	list_all	ae list	0	0	differ	differ	beb78777b5a4734e2c4c455e02a773e37e8e703d53d49159ff08050a30c468ab	a5b346582285e0b90f6aa3ebab5a5abf0faba841c384a077794b973ae95e4b0b	human-differ
arms/A2/c01-filters-rw/consumers.tsv	list_all_json	ae list	0	0	pass	empty-ok	beb78777b5a4734e2c4c455e02a773e37e8e703d53d49159ff08050a30c468ab	a5b346582285e0b90f6aa3ebab5a5abf0faba841c384a077794b973ae95e4b0b	digest-scored
arms/A2/c01-filters-rw/consumers.tsv	ls_all	ae ls	0	0	differ	differ	beb78777b5a4734e2c4c455e02a773e37e8e703d53d49159ff08050a30c468ab	a5b346582285e0b90f6aa3ebab5a5abf0faba841c384a077794b973ae95e4b0b	human-differ
arms/A2/c01-filters-rw/consumers.tsv	ls_all_json	ae ls	0	0	pass	empty-ok	beb78777b5a4734e2c4c455e02a773e37e8e703d53d49159ff08050a30c468ab	a5b346582285e0b90f6aa3ebab5a5abf0faba841c384a077794b973ae95e4b0b	digest-scored
arms/A2/c01-filters-rw/consumers.tsv	list_stopped	ae list	0	0	differ	differ	beb78777b5a4734e2c4c455e02a773e37e8e703d53d49159ff08050a30c468ab	a5b346582285e0b90f6aa3ebab5a5abf0faba841c384a077794b973ae95e4b0b	human-differ
arms/A2/c01-filters-rw/consumers.tsv	list_stopped_json	ae list	0	0	pass	empty-ok	beb78777b5a4734e2c4c455e02a773e37e8e703d53d49159ff08050a30c468ab	a5b346582285e0b90f6aa3ebab5a5abf0faba841c384a077794b973ae95e4b0b	digest-scored
arms/A2/c01-filters-rw/consumers.tsv	ls_stopped	ae ls	0	0	differ	differ	beb78777b5a4734e2c4c455e02a773e37e8e703d53d49159ff08050a30c468ab	a5b346582285e0b90f6aa3ebab5a5abf0faba841c384a077794b973ae95e4b0b	human-differ
arms/A2/c01-filters-rw/consumers.tsv	ls_stopped_json	ae ls	0	0	pass	empty-ok	beb78777b5a4734e2c4c455e02a773e37e8e703d53d49159ff08050a30c468ab	a5b346582285e0b90f6aa3ebab5a5abf0faba841c384a077794b973ae95e4b0b	digest-scored
arms/A2/c01-filters-rw/consumers.tsv	list_needsattn	ae list	0	0	differ	differ	beb78777b5a4734e2c4c455e02a773e37e8e703d53d49159ff08050a30c468ab	a5b346582285e0b90f6aa3ebab5a5abf0faba841c384a077794b973ae95e4b0b	human-differ
arms/A2/c01-filters-rw/consumers.tsv	list_needsattn_json	ae list	0	0	pass	empty-ok	beb78777b5a4734e2c4c455e02a773e37e8e703d53d49159ff08050a30c468ab	a5b346582285e0b90f6aa3ebab5a5abf0faba841c384a077794b973ae95e4b0b	digest-scored
arms/A2/c01-filters-rw/consumers.tsv	ls_needsattn	ae ls	0	0	differ	differ	beb78777b5a4734e2c4c455e02a773e37e8e703d53d49159ff08050a30c468ab	a5b346582285e0b90f6aa3ebab5a5abf0faba841c384a077794b973ae95e4b0b	human-differ
arms/A2/c01-filters-rw/consumers.tsv	ls_needsattn_json	ae ls	0	0	pass	empty-ok	beb78777b5a4734e2c4c455e02a773e37e8e703d53d49159ff08050a30c468ab	a5b346582285e0b90f6aa3ebab5a5abf0faba841c384a077794b973ae95e4b0b	digest-scored
arms/A2/c01-filters-rw/consumers.tsv	list_needsme	ae list	0	0	differ	differ	beb78777b5a4734e2c4c455e02a773e37e8e703d53d49159ff08050a30c468ab	a5b346582285e0b90f6aa3ebab5a5abf0faba841c384a077794b973ae95e4b0b	human-differ
arms/A2/c01-filters-rw/consumers.tsv	list_needsme_json	ae list	0	0	pass	empty-ok	beb78777b5a4734e2c4c455e02a773e37e8e703d53d49159ff08050a30c468ab	a5b346582285e0b90f6aa3ebab5a5abf0faba841c384a077794b973ae95e4b0b	digest-scored
arms/A2/c01-filters-rw/consumers.tsv	ls_needsme	ae ls	0	0	differ	differ	beb78777b5a4734e2c4c455e02a773e37e8e703d53d49159ff08050a30c468ab	a5b346582285e0b90f6aa3ebab5a5abf0faba841c384a077794b973ae95e4b0b	human-differ
arms/A2/c01-filters-rw/consumers.tsv	ls_needsme_json	ae ls	0	0	pass	empty-ok	beb78777b5a4734e2c4c455e02a773e37e8e703d53d49159ff08050a30c468ab	a5b346582285e0b90f6aa3ebab5a5abf0faba841c384a077794b973ae95e4b0b	digest-scored
arms/A2/c01-filters-rw/consumers.tsv	list_needs	ae list	0	0	differ	differ	beb78777b5a4734e2c4c455e02a773e37e8e703d53d49159ff08050a30c468ab	a5b346582285e0b90f6aa3ebab5a5abf0faba841c384a077794b973ae95e4b0b	human-differ
arms/A2/c01-filters-rw/consumers.tsv	list_needs_json	ae list	0	0	pass	empty-ok	beb78777b5a4734e2c4c455e02a773e37e8e703d53d49159ff08050a30c468ab	a5b346582285e0b90f6aa3ebab5a5abf0faba841c384a077794b973ae95e4b0b	digest-scored
arms/A2/c01-filters-rw/consumers.tsv	ls_needs	ae ls	0	0	differ	differ	beb78777b5a4734e2c4c455e02a773e37e8e703d53d49159ff08050a30c468ab	a5b346582285e0b90f6aa3ebab5a5abf0faba841c384a077794b973ae95e4b0b	human-differ
arms/A2/c01-filters-rw/consumers.tsv	ls_needs_json	ae ls	0	0	pass	empty-ok	beb78777b5a4734e2c4c455e02a773e37e8e703d53d49159ff08050a30c468ab	a5b346582285e0b90f6aa3ebab5a5abf0faba841c384a077794b973ae95e4b0b	digest-scored
arms/A2/c01-filters-rw/consumers.tsv	list_attn	ae list	0	0	differ	differ	beb78777b5a4734e2c4c455e02a773e37e8e703d53d49159ff08050a30c468ab	a5b346582285e0b90f6aa3ebab5a5abf0faba841c384a077794b973ae95e4b0b	human-differ
arms/A2/c01-filters-rw/consumers.tsv	list_attn_json	ae list	0	0	pass	empty-ok	beb78777b5a4734e2c4c455e02a773e37e8e703d53d49159ff08050a30c468ab	a5b346582285e0b90f6aa3ebab5a5abf0faba841c384a077794b973ae95e4b0b	digest-scored
arms/A2/c01-filters-rw/consumers.tsv	ls_attn	ae ls	0	0	differ	differ	beb78777b5a4734e2c4c455e02a773e37e8e703d53d49159ff08050a30c468ab	a5b346582285e0b90f6aa3ebab5a5abf0faba841c384a077794b973ae95e4b0b	human-differ
arms/A2/c01-filters-rw/consumers.tsv	ls_attn_json	ae ls	0	0	pass	empty-ok	beb78777b5a4734e2c4c455e02a773e37e8e703d53d49159ff08050a30c468ab	a5b346582285e0b90f6aa3ebab5a5abf0faba841c384a077794b973ae95e4b0b	digest-scored
arms/A2/c01-filters-rw/consumers.tsv	list_active	ae list	0	0	differ	differ	beb78777b5a4734e2c4c455e02a773e37e8e703d53d49159ff08050a30c468ab	a5b346582285e0b90f6aa3ebab5a5abf0faba841c384a077794b973ae95e4b0b	human-differ
arms/A2/c01-filters-rw/consumers.tsv	list_active_json	ae list	0	0	pass	empty-ok	beb78777b5a4734e2c4c455e02a773e37e8e703d53d49159ff08050a30c468ab	a5b346582285e0b90f6aa3ebab5a5abf0faba841c384a077794b973ae95e4b0b	digest-scored
arms/A2/c01-filters-rw/consumers.tsv	ls_active	ae ls	0	0	differ	differ	beb78777b5a4734e2c4c455e02a773e37e8e703d53d49159ff08050a30c468ab	a5b346582285e0b90f6aa3ebab5a5abf0faba841c384a077794b973ae95e4b0b	human-differ
arms/A2/c01-filters-rw/consumers.tsv	ls_active_json	ae ls	0	0	pass	empty-ok	beb78777b5a4734e2c4c455e02a773e37e8e703d53d49159ff08050a30c468ab	a5b346582285e0b90f6aa3ebab5a5abf0faba841c384a077794b973ae95e4b0b	digest-scored
arms/A2/c01-filters-rw/consumers.tsv	list_busy	ae list	0	0	differ	differ	beb78777b5a4734e2c4c455e02a773e37e8e703d53d49159ff08050a30c468ab	a5b346582285e0b90f6aa3ebab5a5abf0faba841c384a077794b973ae95e4b0b	human-differ
arms/A2/c01-filters-rw/consumers.tsv	list_busy_json	ae list	0	0	pass	empty-ok	beb78777b5a4734e2c4c455e02a773e37e8e703d53d49159ff08050a30c468ab	a5b346582285e0b90f6aa3ebab5a5abf0faba841c384a077794b973ae95e4b0b	digest-scored
arms/A2/c01-filters-rw/consumers.tsv	ls_busy	ae ls	0	0	differ	differ	beb78777b5a4734e2c4c455e02a773e37e8e703d53d49159ff08050a30c468ab	a5b346582285e0b90f6aa3ebab5a5abf0faba841c384a077794b973ae95e4b0b	human-differ
arms/A2/c01-filters-rw/consumers.tsv	ls_busy_json	ae ls	0	0	pass	empty-ok	beb78777b5a4734e2c4c455e02a773e37e8e703d53d49159ff08050a30c468ab	a5b346582285e0b90f6aa3ebab5a5abf0faba841c384a077794b973ae95e4b0b	digest-scored
arms/A2/c01-filters-rw/consumers.tsv	inter_needsattnall	ae list	0	0	differ	differ	beb78777b5a4734e2c4c455e02a773e37e8e703d53d49159ff08050a30c468ab	a5b346582285e0b90f6aa3ebab5a5abf0faba841c384a077794b973ae95e4b0b	human-differ
arms/A2/c01-filters-rw/consumers.tsv	inter_needsattnall_json	ae list	0	0	pass	empty-ok	beb78777b5a4734e2c4c455e02a773e37e8e703d53d49159ff08050a30c468ab	a5b346582285e0b90f6aa3ebab5a5abf0faba841c384a077794b973ae95e4b0b	digest-scored
arms/A2/c01-filters-rw/consumers.tsv	inter_allneedsattn	ae list	0	0	differ	differ	beb78777b5a4734e2c4c455e02a773e37e8e703d53d49159ff08050a30c468ab	a5b346582285e0b90f6aa3ebab5a5abf0faba841c384a077794b973ae95e4b0b	human-differ
arms/A2/c01-filters-rw/consumers.tsv	inter_allneedsattn_json	ae list	0	0	pass	empty-ok	beb78777b5a4734e2c4c455e02a773e37e8e703d53d49159ff08050a30c468ab	a5b346582285e0b90f6aa3ebab5a5abf0faba841c384a077794b973ae95e4b0b	digest-scored
arms/A2/c01-filters-rw/consumers.tsv	inter_activeall	ae list	0	0	differ	differ	beb78777b5a4734e2c4c455e02a773e37e8e703d53d49159ff08050a30c468ab	a5b346582285e0b90f6aa3ebab5a5abf0faba841c384a077794b973ae95e4b0b	human-differ
arms/A2/c01-filters-rw/consumers.tsv	inter_activeall_json	ae list	0	0	pass	empty-ok	beb78777b5a4734e2c4c455e02a773e37e8e703d53d49159ff08050a30c468ab	a5b346582285e0b90f6aa3ebab5a5abf0faba841c384a077794b973ae95e4b0b	digest-scored
arms/A2/c01-filters-rw/consumers.tsv	inter_allactive	ae list	0	0	differ	differ	beb78777b5a4734e2c4c455e02a773e37e8e703d53d49159ff08050a30c468ab	a5b346582285e0b90f6aa3ebab5a5abf0faba841c384a077794b973ae95e4b0b	human-differ
arms/A2/c01-filters-rw/consumers.tsv	inter_allactive_json	ae list	0	0	pass	empty-ok	beb78777b5a4734e2c4c455e02a773e37e8e703d53d49159ff08050a30c468ab	a5b346582285e0b90f6aa3ebab5a5abf0faba841c384a077794b973ae95e4b0b	digest-scored
arms/A2/c01-filters-rw/consumers.tsv	inter_needsattnstopped	ae list	0	0	differ	differ	beb78777b5a4734e2c4c455e02a773e37e8e703d53d49159ff08050a30c468ab	a5b346582285e0b90f6aa3ebab5a5abf0faba841c384a077794b973ae95e4b0b	human-differ
arms/A2/c01-filters-rw/consumers.tsv	inter_needsattnstopped_json	ae list	0	0	pass	empty-ok	beb78777b5a4734e2c4c455e02a773e37e8e703d53d49159ff08050a30c468ab	a5b346582285e0b90f6aa3ebab5a5abf0faba841c384a077794b973ae95e4b0b	digest-scored
arms/A2/c01-filters-rw/consumers.tsv	inter_activestopped	ae list	0	0	differ	differ	beb78777b5a4734e2c4c455e02a773e37e8e703d53d49159ff08050a30c468ab	a5b346582285e0b90f6aa3ebab5a5abf0faba841c384a077794b973ae95e4b0b	human-differ
arms/A2/c01-filters-rw/consumers.tsv	inter_activestopped_json	ae list	0	0	pass	empty-ok	beb78777b5a4734e2c4c455e02a773e37e8e703d53d49159ff08050a30c468ab	a5b346582285e0b90f6aa3ebab5a5abf0faba841c384a077794b973ae95e4b0b	digest-scored
arms/A2/c01-filters-rw/consumers.tsv	list_badflag	ae list	1	2	pass	differ	beb78777b5a4734e2c4c455e02a773e37e8e703d53d49159ff08050a30c468ab	a5b346582285e0b90f6aa3ebab5a5abf0faba841c384a077794b973ae95e4b0b	human-bytes
arms/A2/c01-filters-rw/consumers.tsv	list_help	ae list	0	2	pass	differ	beb78777b5a4734e2c4c455e02a773e37e8e703d53d49159ff08050a30c468ab	a5b346582285e0b90f6aa3ebab5a5abf0faba841c384a077794b973ae95e4b0b	human-bytes
arms/A2/c01-filters-rw/consumers.tsv	win_inside_list_active	ae list	0	0	differ	differ	beb78777b5a4734e2c4c455e02a773e37e8e703d53d49159ff08050a30c468ab	a5b346582285e0b90f6aa3ebab5a5abf0faba841c384a077794b973ae95e4b0b	human-differ
arms/A2/c01-filters-rw/consumers.tsv	win_inside_list_active_json	ae list	0	0	pass	empty-ok	beb78777b5a4734e2c4c455e02a773e37e8e703d53d49159ff08050a30c468ab	a5b346582285e0b90f6aa3ebab5a5abf0faba841c384a077794b973ae95e4b0b	digest-scored
arms/A2/c01-filters-rw/consumers.tsv	win_inside_list_busy	ae list	0	0	differ	differ	beb78777b5a4734e2c4c455e02a773e37e8e703d53d49159ff08050a30c468ab	a5b346582285e0b90f6aa3ebab5a5abf0faba841c384a077794b973ae95e4b0b	human-differ
arms/A2/c01-filters-rw/consumers.tsv	win_inside_active_all	ae list	0	0	differ	differ	beb78777b5a4734e2c4c455e02a773e37e8e703d53d49159ff08050a30c468ab	a5b346582285e0b90f6aa3ebab5a5abf0faba841c384a077794b973ae95e4b0b	human-differ
arms/A2/c01-filters-rw/consumers.tsv	win_inside_all_active	ae list	0	0	differ	differ	beb78777b5a4734e2c4c455e02a773e37e8e703d53d49159ff08050a30c468ab	a5b346582285e0b90f6aa3ebab5a5abf0faba841c384a077794b973ae95e4b0b	human-differ
arms/A2/c01-filters-rw/consumers.tsv	win_inside_active_stopped	ae list	0	0	differ	differ	beb78777b5a4734e2c4c455e02a773e37e8e703d53d49159ff08050a30c468ab	a5b346582285e0b90f6aa3ebab5a5abf0faba841c384a077794b973ae95e4b0b	human-differ
arms/A2/c01-filters-rw/consumers.tsv	win_inside_stopped_active	ae list	0	0	differ	differ	beb78777b5a4734e2c4c455e02a773e37e8e703d53d49159ff08050a30c468ab	a5b346582285e0b90f6aa3ebab5a5abf0faba841c384a077794b973ae95e4b0b	human-differ
arms/A2/c01-filters-rw/consumers.tsv	win_inside_needsattn_active	ae list	0	0	differ	differ	beb78777b5a4734e2c4c455e02a773e37e8e703d53d49159ff08050a30c468ab	a5b346582285e0b90f6aa3ebab5a5abf0faba841c384a077794b973ae95e4b0b	human-differ
arms/A2/c01-filters-rw/consumers.tsv	win_inside_active_needsattn	ae list	0	0	differ	differ	beb78777b5a4734e2c4c455e02a773e37e8e703d53d49159ff08050a30c468ab	a5b346582285e0b90f6aa3ebab5a5abf0faba841c384a077794b973ae95e4b0b	human-differ
arms/A2/c01-filters-rw/consumers.tsv	win_outside_list_active	ae list	0	0	differ	differ	beb78777b5a4734e2c4c455e02a773e37e8e703d53d49159ff08050a30c468ab	a5b346582285e0b90f6aa3ebab5a5abf0faba841c384a077794b973ae95e4b0b	human-differ
arms/A2/c01-filters-rw/consumers.tsv	win_outside_list_active_json	ae list	0	0	pass	empty-ok	beb78777b5a4734e2c4c455e02a773e37e8e703d53d49159ff08050a30c468ab	a5b346582285e0b90f6aa3ebab5a5abf0faba841c384a077794b973ae95e4b0b	digest-scored
arms/A2/c01-filters-rw/consumers.tsv	win_outside_list_busy	ae list	0	0	differ	differ	beb78777b5a4734e2c4c455e02a773e37e8e703d53d49159ff08050a30c468ab	a5b346582285e0b90f6aa3ebab5a5abf0faba841c384a077794b973ae95e4b0b	human-differ
arms/A2/c01-filters-rw/consumers.tsv	win_outside_active_all	ae list	0	0	differ	differ	beb78777b5a4734e2c4c455e02a773e37e8e703d53d49159ff08050a30c468ab	a5b346582285e0b90f6aa3ebab5a5abf0faba841c384a077794b973ae95e4b0b	human-differ
arms/A2/c01-filters-rw/consumers.tsv	win_outside_all_active	ae list	0	0	differ	differ	beb78777b5a4734e2c4c455e02a773e37e8e703d53d49159ff08050a30c468ab	a5b346582285e0b90f6aa3ebab5a5abf0faba841c384a077794b973ae95e4b0b	human-differ
arms/A2/c01-filters-rw/consumers.tsv	win_outside_active_stopped	ae list	0	0	differ	differ	beb78777b5a4734e2c4c455e02a773e37e8e703d53d49159ff08050a30c468ab	a5b346582285e0b90f6aa3ebab5a5abf0faba841c384a077794b973ae95e4b0b	human-differ
arms/A2/c01-filters-rw/consumers.tsv	win_outside_stopped_active	ae list	0	0	differ	differ	beb78777b5a4734e2c4c455e02a773e37e8e703d53d49159ff08050a30c468ab	a5b346582285e0b90f6aa3ebab5a5abf0faba841c384a077794b973ae95e4b0b	human-differ
arms/A2/c01-filters-rw/consumers.tsv	win_outside_needsattn_active	ae list	0	0	differ	differ	beb78777b5a4734e2c4c455e02a773e37e8e703d53d49159ff08050a30c468ab	a5b346582285e0b90f6aa3ebab5a5abf0faba841c384a077794b973ae95e4b0b	human-differ
arms/A2/c01-filters-rw/consumers.tsv	win_outside_active_needsattn	ae list	0	0	differ	differ	beb78777b5a4734e2c4c455e02a773e37e8e703d53d49159ff08050a30c468ab	a5b346582285e0b90f6aa3ebab5a5abf0faba841c384a077794b973ae95e4b0b	human-differ
arms/A3/c01-dead-ro/consumers.tsv	list	ae list	0	0	differ	differ	c1d9fc127c9bce6371bfd498f28c5333c10f5aedd45fabace229b744185d5c8d	eff60da558789b3fbac3ae2794105894d058faeeace5bd8399348d31d3b359f5	human-differ
arms/A3/c01-dead-ro/consumers.tsv	list-json	ae list	0	0	pass	empty-ok	c1d9fc127c9bce6371bfd498f28c5333c10f5aedd45fabace229b744185d5c8d	eff60da558789b3fbac3ae2794105894d058faeeace5bd8399348d31d3b359f5	digest-scored
arms/A3/c01-dead-ro/consumers.tsv	list-all-json	ae list	0	0	pass	empty-ok	c1d9fc127c9bce6371bfd498f28c5333c10f5aedd45fabace229b744185d5c8d	eff60da558789b3fbac3ae2794105894d058faeeace5bd8399348d31d3b359f5	digest-scored
arms/A3/c01-dead-ro/consumers.tsv	list-needsattn	ae list	0	0	differ	differ	c1d9fc127c9bce6371bfd498f28c5333c10f5aedd45fabace229b744185d5c8d	eff60da558789b3fbac3ae2794105894d058faeeace5bd8399348d31d3b359f5	human-differ
arms/A3/c01-dead-ro/consumers.tsv	list-needsattn-json	ae list	0	0	pass	empty-ok	c1d9fc127c9bce6371bfd498f28c5333c10f5aedd45fabace229b744185d5c8d	eff60da558789b3fbac3ae2794105894d058faeeace5bd8399348d31d3b359f5	digest-scored
arms/A3/c01-dead-ro/consumers.tsv	list-active	ae list	0	0	differ	differ	c1d9fc127c9bce6371bfd498f28c5333c10f5aedd45fabace229b744185d5c8d	eff60da558789b3fbac3ae2794105894d058faeeace5bd8399348d31d3b359f5	human-differ
arms/A3/c01-dead-ro/consumers.tsv	list-active-json	ae list	0	0	pass	empty-ok	c1d9fc127c9bce6371bfd498f28c5333c10f5aedd45fabace229b744185d5c8d	eff60da558789b3fbac3ae2794105894d058faeeace5bd8399348d31d3b359f5	digest-scored
arms/A3/c01-dead-ro/consumers.tsv	requests-all	helper:requests	0	-	unimplemented	unimplemented	-	eff60da558789b3fbac3ae2794105894d058faeeace5bd8399348d31d3b359f5	helper-not-in-rust-cli
arms/A3/c01-dead-rw/consumers.tsv	list	ae list	0	0	differ	differ	c1d9fc127c9bce6371bfd498f28c5333c10f5aedd45fabace229b744185d5c8d	cd8a3a64cd530850f5ad8641ab8209344d0afa4ad50b6414cec489255792cb53	human-differ
arms/A3/c01-dead-rw/consumers.tsv	list-json	ae list	0	0	pass	empty-ok	c1d9fc127c9bce6371bfd498f28c5333c10f5aedd45fabace229b744185d5c8d	cd8a3a64cd530850f5ad8641ab8209344d0afa4ad50b6414cec489255792cb53	digest-scored
arms/A3/c01-dead-rw/consumers.tsv	list-all-json	ae list	0	0	pass	empty-ok	c1d9fc127c9bce6371bfd498f28c5333c10f5aedd45fabace229b744185d5c8d	cd8a3a64cd530850f5ad8641ab8209344d0afa4ad50b6414cec489255792cb53	digest-scored
arms/A3/c01-dead-rw/consumers.tsv	list-needsattn	ae list	0	0	differ	differ	c1d9fc127c9bce6371bfd498f28c5333c10f5aedd45fabace229b744185d5c8d	cd8a3a64cd530850f5ad8641ab8209344d0afa4ad50b6414cec489255792cb53	human-differ
arms/A3/c01-dead-rw/consumers.tsv	list-needsattn-json	ae list	0	0	pass	empty-ok	c1d9fc127c9bce6371bfd498f28c5333c10f5aedd45fabace229b744185d5c8d	cd8a3a64cd530850f5ad8641ab8209344d0afa4ad50b6414cec489255792cb53	digest-scored
arms/A3/c01-dead-rw/consumers.tsv	list-active	ae list	0	0	differ	differ	c1d9fc127c9bce6371bfd498f28c5333c10f5aedd45fabace229b744185d5c8d	cd8a3a64cd530850f5ad8641ab8209344d0afa4ad50b6414cec489255792cb53	human-differ
arms/A3/c01-dead-rw/consumers.tsv	list-active-json	ae list	0	0	pass	empty-ok	c1d9fc127c9bce6371bfd498f28c5333c10f5aedd45fabace229b744185d5c8d	cd8a3a64cd530850f5ad8641ab8209344d0afa4ad50b6414cec489255792cb53	digest-scored
arms/A3/c01-dead-rw/consumers.tsv	requests-all	helper:requests	0	-	unimplemented	unimplemented	-	cd8a3a64cd530850f5ad8641ab8209344d0afa4ad50b6414cec489255792cb53	helper-not-in-rust-cli
arms/A3/c02-stale-ro/consumers.tsv	list	ae list	0	0	differ	differ	abbe6a8843b3ba0656d5327ddbfa9491216a3cc48465fe3a8b9938309db3cc8e	c533c47b12dfb72506a60cf5361b55c0fc0adb1cab8a954fb82ed83f91669eb9	human-differ
arms/A3/c02-stale-ro/consumers.tsv	list-json	ae list	0	0	pass	empty-ok	abbe6a8843b3ba0656d5327ddbfa9491216a3cc48465fe3a8b9938309db3cc8e	c533c47b12dfb72506a60cf5361b55c0fc0adb1cab8a954fb82ed83f91669eb9	digest-scored
arms/A3/c02-stale-ro/consumers.tsv	list-all-json	ae list	0	0	pass	empty-ok	abbe6a8843b3ba0656d5327ddbfa9491216a3cc48465fe3a8b9938309db3cc8e	c533c47b12dfb72506a60cf5361b55c0fc0adb1cab8a954fb82ed83f91669eb9	digest-scored
arms/A3/c02-stale-ro/consumers.tsv	list-needsattn	ae list	0	0	differ	differ	abbe6a8843b3ba0656d5327ddbfa9491216a3cc48465fe3a8b9938309db3cc8e	c533c47b12dfb72506a60cf5361b55c0fc0adb1cab8a954fb82ed83f91669eb9	human-differ
arms/A3/c02-stale-ro/consumers.tsv	list-needsattn-json	ae list	0	0	pass	empty-ok	abbe6a8843b3ba0656d5327ddbfa9491216a3cc48465fe3a8b9938309db3cc8e	c533c47b12dfb72506a60cf5361b55c0fc0adb1cab8a954fb82ed83f91669eb9	digest-scored
arms/A3/c02-stale-ro/consumers.tsv	list-active	ae list	0	0	differ	differ	abbe6a8843b3ba0656d5327ddbfa9491216a3cc48465fe3a8b9938309db3cc8e	c533c47b12dfb72506a60cf5361b55c0fc0adb1cab8a954fb82ed83f91669eb9	human-differ
arms/A3/c02-stale-ro/consumers.tsv	list-active-json	ae list	0	0	pass	empty-ok	abbe6a8843b3ba0656d5327ddbfa9491216a3cc48465fe3a8b9938309db3cc8e	c533c47b12dfb72506a60cf5361b55c0fc0adb1cab8a954fb82ed83f91669eb9	digest-scored
arms/A3/c02-stale-ro/consumers.tsv	requests-all	helper:requests	0	-	unimplemented	unimplemented	-	c533c47b12dfb72506a60cf5361b55c0fc0adb1cab8a954fb82ed83f91669eb9	helper-not-in-rust-cli
arms/A3/c02-stale-rw/consumers.tsv	list	ae list	0	0	differ	differ	abbe6a8843b3ba0656d5327ddbfa9491216a3cc48465fe3a8b9938309db3cc8e	c6085b8190566df8e823fc1189356879e7c183ed925ea5b9329c9a9c33df665a	human-differ
arms/A3/c02-stale-rw/consumers.tsv	list-json	ae list	0	0	pass	empty-ok	abbe6a8843b3ba0656d5327ddbfa9491216a3cc48465fe3a8b9938309db3cc8e	c6085b8190566df8e823fc1189356879e7c183ed925ea5b9329c9a9c33df665a	digest-scored
arms/A3/c02-stale-rw/consumers.tsv	list-all-json	ae list	0	0	pass	empty-ok	abbe6a8843b3ba0656d5327ddbfa9491216a3cc48465fe3a8b9938309db3cc8e	c6085b8190566df8e823fc1189356879e7c183ed925ea5b9329c9a9c33df665a	digest-scored
arms/A3/c02-stale-rw/consumers.tsv	list-needsattn	ae list	0	0	differ	differ	abbe6a8843b3ba0656d5327ddbfa9491216a3cc48465fe3a8b9938309db3cc8e	c6085b8190566df8e823fc1189356879e7c183ed925ea5b9329c9a9c33df665a	human-differ
arms/A3/c02-stale-rw/consumers.tsv	list-needsattn-json	ae list	0	0	pass	empty-ok	abbe6a8843b3ba0656d5327ddbfa9491216a3cc48465fe3a8b9938309db3cc8e	c6085b8190566df8e823fc1189356879e7c183ed925ea5b9329c9a9c33df665a	digest-scored
arms/A3/c02-stale-rw/consumers.tsv	list-active	ae list	0	0	differ	differ	abbe6a8843b3ba0656d5327ddbfa9491216a3cc48465fe3a8b9938309db3cc8e	c6085b8190566df8e823fc1189356879e7c183ed925ea5b9329c9a9c33df665a	human-differ
arms/A3/c02-stale-rw/consumers.tsv	list-active-json	ae list	0	0	pass	empty-ok	abbe6a8843b3ba0656d5327ddbfa9491216a3cc48465fe3a8b9938309db3cc8e	c6085b8190566df8e823fc1189356879e7c183ed925ea5b9329c9a9c33df665a	digest-scored
arms/A3/c02-stale-rw/consumers.tsv	requests-all	helper:requests	0	-	unimplemented	unimplemented	-	c6085b8190566df8e823fc1189356879e7c183ed925ea5b9329c9a9c33df665a	helper-not-in-rust-cli
arms/A3/c03-throttled-ro/consumers.tsv	list	ae list	0	0	differ	differ	767922eac53da20afa2a92bec2e09669563133e08b5a386808540758dc38f992	23c0a792899cf4bb169a391cdbf1ed1adf7fb2e8df5a2232f37e17c9152a3dc2	human-differ
arms/A3/c03-throttled-ro/consumers.tsv	list-json	ae list	0	0	pass	empty-ok	767922eac53da20afa2a92bec2e09669563133e08b5a386808540758dc38f992	23c0a792899cf4bb169a391cdbf1ed1adf7fb2e8df5a2232f37e17c9152a3dc2	digest-scored
arms/A3/c03-throttled-ro/consumers.tsv	list-all-json	ae list	0	0	pass	empty-ok	767922eac53da20afa2a92bec2e09669563133e08b5a386808540758dc38f992	23c0a792899cf4bb169a391cdbf1ed1adf7fb2e8df5a2232f37e17c9152a3dc2	digest-scored
arms/A3/c03-throttled-ro/consumers.tsv	list-needsattn	ae list	0	0	differ	differ	767922eac53da20afa2a92bec2e09669563133e08b5a386808540758dc38f992	23c0a792899cf4bb169a391cdbf1ed1adf7fb2e8df5a2232f37e17c9152a3dc2	human-differ
arms/A3/c03-throttled-ro/consumers.tsv	list-needsattn-json	ae list	0	0	pass	empty-ok	767922eac53da20afa2a92bec2e09669563133e08b5a386808540758dc38f992	23c0a792899cf4bb169a391cdbf1ed1adf7fb2e8df5a2232f37e17c9152a3dc2	digest-scored
arms/A3/c03-throttled-ro/consumers.tsv	list-active	ae list	0	0	differ	differ	767922eac53da20afa2a92bec2e09669563133e08b5a386808540758dc38f992	23c0a792899cf4bb169a391cdbf1ed1adf7fb2e8df5a2232f37e17c9152a3dc2	human-differ
arms/A3/c03-throttled-ro/consumers.tsv	list-active-json	ae list	0	0	pass	empty-ok	767922eac53da20afa2a92bec2e09669563133e08b5a386808540758dc38f992	23c0a792899cf4bb169a391cdbf1ed1adf7fb2e8df5a2232f37e17c9152a3dc2	digest-scored
arms/A3/c03-throttled-ro/consumers.tsv	requests-all	helper:requests	0	-	unimplemented	unimplemented	-	23c0a792899cf4bb169a391cdbf1ed1adf7fb2e8df5a2232f37e17c9152a3dc2	helper-not-in-rust-cli
arms/A3/c03-throttled-rw/consumers.tsv	list	ae list	0	0	differ	differ	767922eac53da20afa2a92bec2e09669563133e08b5a386808540758dc38f992	5d3bae39c512c4415200e3729347171f62e8a6a9d95efbcd498313d5f8718fff	human-differ
arms/A3/c03-throttled-rw/consumers.tsv	list-json	ae list	0	0	pass	empty-ok	767922eac53da20afa2a92bec2e09669563133e08b5a386808540758dc38f992	5d3bae39c512c4415200e3729347171f62e8a6a9d95efbcd498313d5f8718fff	digest-scored
arms/A3/c03-throttled-rw/consumers.tsv	list-all-json	ae list	0	0	pass	empty-ok	767922eac53da20afa2a92bec2e09669563133e08b5a386808540758dc38f992	5d3bae39c512c4415200e3729347171f62e8a6a9d95efbcd498313d5f8718fff	digest-scored
arms/A3/c03-throttled-rw/consumers.tsv	list-needsattn	ae list	0	0	differ	differ	767922eac53da20afa2a92bec2e09669563133e08b5a386808540758dc38f992	5d3bae39c512c4415200e3729347171f62e8a6a9d95efbcd498313d5f8718fff	human-differ
arms/A3/c03-throttled-rw/consumers.tsv	list-needsattn-json	ae list	0	0	pass	empty-ok	767922eac53da20afa2a92bec2e09669563133e08b5a386808540758dc38f992	5d3bae39c512c4415200e3729347171f62e8a6a9d95efbcd498313d5f8718fff	digest-scored
arms/A3/c03-throttled-rw/consumers.tsv	list-active	ae list	0	0	differ	differ	767922eac53da20afa2a92bec2e09669563133e08b5a386808540758dc38f992	5d3bae39c512c4415200e3729347171f62e8a6a9d95efbcd498313d5f8718fff	human-differ
arms/A3/c03-throttled-rw/consumers.tsv	list-active-json	ae list	0	0	pass	empty-ok	767922eac53da20afa2a92bec2e09669563133e08b5a386808540758dc38f992	5d3bae39c512c4415200e3729347171f62e8a6a9d95efbcd498313d5f8718fff	digest-scored
arms/A3/c03-throttled-rw/consumers.tsv	requests-all	helper:requests	0	-	unimplemented	unimplemented	-	5d3bae39c512c4415200e3729347171f62e8a6a9d95efbcd498313d5f8718fff	helper-not-in-rust-cli
arms/A3/c04-waiting-user-ro/consumers.tsv	list	ae list	0	0	differ	differ	ed2763122a6185d49567251aab806a3edc49d00e6849253b434616b02c174aad	bc93e334397500ba409957e952ae7d502ca3ca0cdb66f6467293fb54d4815570	human-differ
arms/A3/c04-waiting-user-ro/consumers.tsv	list-json	ae list	0	0	pass	empty-ok	ed2763122a6185d49567251aab806a3edc49d00e6849253b434616b02c174aad	bc93e334397500ba409957e952ae7d502ca3ca0cdb66f6467293fb54d4815570	digest-scored
arms/A3/c04-waiting-user-ro/consumers.tsv	list-all-json	ae list	0	0	pass	empty-ok	ed2763122a6185d49567251aab806a3edc49d00e6849253b434616b02c174aad	bc93e334397500ba409957e952ae7d502ca3ca0cdb66f6467293fb54d4815570	digest-scored
arms/A3/c04-waiting-user-ro/consumers.tsv	list-needsattn	ae list	0	0	differ	differ	ed2763122a6185d49567251aab806a3edc49d00e6849253b434616b02c174aad	bc93e334397500ba409957e952ae7d502ca3ca0cdb66f6467293fb54d4815570	human-differ
arms/A3/c04-waiting-user-ro/consumers.tsv	list-needsattn-json	ae list	0	0	pass	empty-ok	ed2763122a6185d49567251aab806a3edc49d00e6849253b434616b02c174aad	bc93e334397500ba409957e952ae7d502ca3ca0cdb66f6467293fb54d4815570	digest-scored
arms/A3/c04-waiting-user-ro/consumers.tsv	list-active	ae list	0	0	differ	differ	ed2763122a6185d49567251aab806a3edc49d00e6849253b434616b02c174aad	bc93e334397500ba409957e952ae7d502ca3ca0cdb66f6467293fb54d4815570	human-differ
arms/A3/c04-waiting-user-ro/consumers.tsv	list-active-json	ae list	0	0	pass	empty-ok	ed2763122a6185d49567251aab806a3edc49d00e6849253b434616b02c174aad	bc93e334397500ba409957e952ae7d502ca3ca0cdb66f6467293fb54d4815570	digest-scored
arms/A3/c04-waiting-user-ro/consumers.tsv	requests-all	helper:requests	0	-	unimplemented	unimplemented	-	bc93e334397500ba409957e952ae7d502ca3ca0cdb66f6467293fb54d4815570	helper-not-in-rust-cli
arms/A3/c04-waiting-user-rw/consumers.tsv	list	ae list	0	0	differ	differ	ed2763122a6185d49567251aab806a3edc49d00e6849253b434616b02c174aad	c32946b6a4cb67d93fcbc31a82124ee24873a8c59119b253dc655394532f06c7	human-differ
arms/A3/c04-waiting-user-rw/consumers.tsv	list-json	ae list	0	0	pass	empty-ok	ed2763122a6185d49567251aab806a3edc49d00e6849253b434616b02c174aad	c32946b6a4cb67d93fcbc31a82124ee24873a8c59119b253dc655394532f06c7	digest-scored
arms/A3/c04-waiting-user-rw/consumers.tsv	list-all-json	ae list	0	0	pass	empty-ok	ed2763122a6185d49567251aab806a3edc49d00e6849253b434616b02c174aad	c32946b6a4cb67d93fcbc31a82124ee24873a8c59119b253dc655394532f06c7	digest-scored
arms/A3/c04-waiting-user-rw/consumers.tsv	list-needsattn	ae list	0	0	differ	differ	ed2763122a6185d49567251aab806a3edc49d00e6849253b434616b02c174aad	c32946b6a4cb67d93fcbc31a82124ee24873a8c59119b253dc655394532f06c7	human-differ
arms/A3/c04-waiting-user-rw/consumers.tsv	list-needsattn-json	ae list	0	0	pass	empty-ok	ed2763122a6185d49567251aab806a3edc49d00e6849253b434616b02c174aad	c32946b6a4cb67d93fcbc31a82124ee24873a8c59119b253dc655394532f06c7	digest-scored
arms/A3/c04-waiting-user-rw/consumers.tsv	list-active	ae list	0	0	differ	differ	ed2763122a6185d49567251aab806a3edc49d00e6849253b434616b02c174aad	c32946b6a4cb67d93fcbc31a82124ee24873a8c59119b253dc655394532f06c7	human-differ
arms/A3/c04-waiting-user-rw/consumers.tsv	list-active-json	ae list	0	0	pass	empty-ok	ed2763122a6185d49567251aab806a3edc49d00e6849253b434616b02c174aad	c32946b6a4cb67d93fcbc31a82124ee24873a8c59119b253dc655394532f06c7	digest-scored
arms/A3/c04-waiting-user-rw/consumers.tsv	requests-all	helper:requests	0	-	unimplemented	unimplemented	-	c32946b6a4cb67d93fcbc31a82124ee24873a8c59119b253dc655394532f06c7	helper-not-in-rust-cli
arms/A3/c05-blocked-ro/consumers.tsv	list	ae list	0	0	differ	differ	7dc6cb5414c9975eeb84ba729ba1dd36d89294dda6a712bbdcacca6ff5bb26f1	66b8da9282e05e7cb61c70d354d3db1b4abf2d9c2d9e7fd18f4d5b5785d52a51	human-differ
arms/A3/c05-blocked-ro/consumers.tsv	list-json	ae list	0	0	pass	empty-ok	7dc6cb5414c9975eeb84ba729ba1dd36d89294dda6a712bbdcacca6ff5bb26f1	66b8da9282e05e7cb61c70d354d3db1b4abf2d9c2d9e7fd18f4d5b5785d52a51	digest-scored
arms/A3/c05-blocked-ro/consumers.tsv	list-all-json	ae list	0	0	pass	empty-ok	7dc6cb5414c9975eeb84ba729ba1dd36d89294dda6a712bbdcacca6ff5bb26f1	66b8da9282e05e7cb61c70d354d3db1b4abf2d9c2d9e7fd18f4d5b5785d52a51	digest-scored
arms/A3/c05-blocked-ro/consumers.tsv	list-needsattn	ae list	0	0	differ	differ	7dc6cb5414c9975eeb84ba729ba1dd36d89294dda6a712bbdcacca6ff5bb26f1	66b8da9282e05e7cb61c70d354d3db1b4abf2d9c2d9e7fd18f4d5b5785d52a51	human-differ
arms/A3/c05-blocked-ro/consumers.tsv	list-needsattn-json	ae list	0	0	pass	empty-ok	7dc6cb5414c9975eeb84ba729ba1dd36d89294dda6a712bbdcacca6ff5bb26f1	66b8da9282e05e7cb61c70d354d3db1b4abf2d9c2d9e7fd18f4d5b5785d52a51	digest-scored
arms/A3/c05-blocked-ro/consumers.tsv	list-active	ae list	0	0	differ	differ	7dc6cb5414c9975eeb84ba729ba1dd36d89294dda6a712bbdcacca6ff5bb26f1	66b8da9282e05e7cb61c70d354d3db1b4abf2d9c2d9e7fd18f4d5b5785d52a51	human-differ
arms/A3/c05-blocked-ro/consumers.tsv	list-active-json	ae list	0	0	pass	empty-ok	7dc6cb5414c9975eeb84ba729ba1dd36d89294dda6a712bbdcacca6ff5bb26f1	66b8da9282e05e7cb61c70d354d3db1b4abf2d9c2d9e7fd18f4d5b5785d52a51	digest-scored
arms/A3/c05-blocked-ro/consumers.tsv	requests-all	helper:requests	0	-	unimplemented	unimplemented	-	66b8da9282e05e7cb61c70d354d3db1b4abf2d9c2d9e7fd18f4d5b5785d52a51	helper-not-in-rust-cli
arms/A3/c05-blocked-rw/consumers.tsv	list	ae list	0	0	differ	differ	7dc6cb5414c9975eeb84ba729ba1dd36d89294dda6a712bbdcacca6ff5bb26f1	e8fd157ab8249d2f8cf0edbf33301acfd3d2dc53e11a3ddecdf7171965767087	human-differ
arms/A3/c05-blocked-rw/consumers.tsv	list-json	ae list	0	0	pass	empty-ok	7dc6cb5414c9975eeb84ba729ba1dd36d89294dda6a712bbdcacca6ff5bb26f1	e8fd157ab8249d2f8cf0edbf33301acfd3d2dc53e11a3ddecdf7171965767087	digest-scored
arms/A3/c05-blocked-rw/consumers.tsv	list-all-json	ae list	0	0	pass	empty-ok	7dc6cb5414c9975eeb84ba729ba1dd36d89294dda6a712bbdcacca6ff5bb26f1	e8fd157ab8249d2f8cf0edbf33301acfd3d2dc53e11a3ddecdf7171965767087	digest-scored
arms/A3/c05-blocked-rw/consumers.tsv	list-needsattn	ae list	0	0	differ	differ	7dc6cb5414c9975eeb84ba729ba1dd36d89294dda6a712bbdcacca6ff5bb26f1	e8fd157ab8249d2f8cf0edbf33301acfd3d2dc53e11a3ddecdf7171965767087	human-differ
arms/A3/c05-blocked-rw/consumers.tsv	list-needsattn-json	ae list	0	0	pass	empty-ok	7dc6cb5414c9975eeb84ba729ba1dd36d89294dda6a712bbdcacca6ff5bb26f1	e8fd157ab8249d2f8cf0edbf33301acfd3d2dc53e11a3ddecdf7171965767087	digest-scored
arms/A3/c05-blocked-rw/consumers.tsv	list-active	ae list	0	0	differ	differ	7dc6cb5414c9975eeb84ba729ba1dd36d89294dda6a712bbdcacca6ff5bb26f1	e8fd157ab8249d2f8cf0edbf33301acfd3d2dc53e11a3ddecdf7171965767087	human-differ
arms/A3/c05-blocked-rw/consumers.tsv	list-active-json	ae list	0	0	pass	empty-ok	7dc6cb5414c9975eeb84ba729ba1dd36d89294dda6a712bbdcacca6ff5bb26f1	e8fd157ab8249d2f8cf0edbf33301acfd3d2dc53e11a3ddecdf7171965767087	digest-scored
arms/A3/c05-blocked-rw/consumers.tsv	requests-all	helper:requests	0	-	unimplemented	unimplemented	-	e8fd157ab8249d2f8cf0edbf33301acfd3d2dc53e11a3ddecdf7171965767087	helper-not-in-rust-cli
arms/A3/c06-unanswered-ro/consumers.tsv	list	ae list	0	0	differ	differ	296db8425a9903a783dd1a7ce0a4cd76c5b40d5d082c3c62d6519c2e434910dd	82949f5e4b21565eef74b5e446c9d10723eabe3148c14b19fa15e9b739e262ab	human-differ
arms/A3/c06-unanswered-ro/consumers.tsv	list-json	ae list	0	0	pass	empty-ok	296db8425a9903a783dd1a7ce0a4cd76c5b40d5d082c3c62d6519c2e434910dd	82949f5e4b21565eef74b5e446c9d10723eabe3148c14b19fa15e9b739e262ab	digest-scored
arms/A3/c06-unanswered-ro/consumers.tsv	list-all-json	ae list	0	0	pass	empty-ok	296db8425a9903a783dd1a7ce0a4cd76c5b40d5d082c3c62d6519c2e434910dd	82949f5e4b21565eef74b5e446c9d10723eabe3148c14b19fa15e9b739e262ab	digest-scored
arms/A3/c06-unanswered-ro/consumers.tsv	list-needsattn	ae list	0	0	differ	differ	296db8425a9903a783dd1a7ce0a4cd76c5b40d5d082c3c62d6519c2e434910dd	82949f5e4b21565eef74b5e446c9d10723eabe3148c14b19fa15e9b739e262ab	human-differ
arms/A3/c06-unanswered-ro/consumers.tsv	list-needsattn-json	ae list	0	0	pass	empty-ok	296db8425a9903a783dd1a7ce0a4cd76c5b40d5d082c3c62d6519c2e434910dd	82949f5e4b21565eef74b5e446c9d10723eabe3148c14b19fa15e9b739e262ab	digest-scored
arms/A3/c06-unanswered-ro/consumers.tsv	list-active	ae list	0	0	differ	differ	296db8425a9903a783dd1a7ce0a4cd76c5b40d5d082c3c62d6519c2e434910dd	82949f5e4b21565eef74b5e446c9d10723eabe3148c14b19fa15e9b739e262ab	human-differ
arms/A3/c06-unanswered-ro/consumers.tsv	list-active-json	ae list	0	0	pass	empty-ok	296db8425a9903a783dd1a7ce0a4cd76c5b40d5d082c3c62d6519c2e434910dd	82949f5e4b21565eef74b5e446c9d10723eabe3148c14b19fa15e9b739e262ab	digest-scored
arms/A3/c06-unanswered-ro/consumers.tsv	requests-all	helper:requests	0	-	unimplemented	unimplemented	-	82949f5e4b21565eef74b5e446c9d10723eabe3148c14b19fa15e9b739e262ab	helper-not-in-rust-cli
arms/A3/c06-unanswered-rw/consumers.tsv	list	ae list	0	0	differ	differ	296db8425a9903a783dd1a7ce0a4cd76c5b40d5d082c3c62d6519c2e434910dd	e3b001a06f56b2635329ae424bbd55ce13e796a091ff11df9099ba5be8388981	human-differ
arms/A3/c06-unanswered-rw/consumers.tsv	list-json	ae list	0	0	pass	empty-ok	296db8425a9903a783dd1a7ce0a4cd76c5b40d5d082c3c62d6519c2e434910dd	e3b001a06f56b2635329ae424bbd55ce13e796a091ff11df9099ba5be8388981	digest-scored
arms/A3/c06-unanswered-rw/consumers.tsv	list-all-json	ae list	0	0	pass	empty-ok	296db8425a9903a783dd1a7ce0a4cd76c5b40d5d082c3c62d6519c2e434910dd	e3b001a06f56b2635329ae424bbd55ce13e796a091ff11df9099ba5be8388981	digest-scored
arms/A3/c06-unanswered-rw/consumers.tsv	list-needsattn	ae list	0	0	differ	differ	296db8425a9903a783dd1a7ce0a4cd76c5b40d5d082c3c62d6519c2e434910dd	e3b001a06f56b2635329ae424bbd55ce13e796a091ff11df9099ba5be8388981	human-differ
arms/A3/c06-unanswered-rw/consumers.tsv	list-needsattn-json	ae list	0	0	pass	empty-ok	296db8425a9903a783dd1a7ce0a4cd76c5b40d5d082c3c62d6519c2e434910dd	e3b001a06f56b2635329ae424bbd55ce13e796a091ff11df9099ba5be8388981	digest-scored
arms/A3/c06-unanswered-rw/consumers.tsv	list-active	ae list	0	0	differ	differ	296db8425a9903a783dd1a7ce0a4cd76c5b40d5d082c3c62d6519c2e434910dd	e3b001a06f56b2635329ae424bbd55ce13e796a091ff11df9099ba5be8388981	human-differ
arms/A3/c06-unanswered-rw/consumers.tsv	list-active-json	ae list	0	0	pass	empty-ok	296db8425a9903a783dd1a7ce0a4cd76c5b40d5d082c3c62d6519c2e434910dd	e3b001a06f56b2635329ae424bbd55ce13e796a091ff11df9099ba5be8388981	digest-scored
arms/A3/c06-unanswered-rw/consumers.tsv	requests-all	helper:requests	0	-	unimplemented	unimplemented	-	e3b001a06f56b2635329ae424bbd55ce13e796a091ff11df9099ba5be8388981	helper-not-in-rust-cli
arms/A3/c07-competing-ro/consumers.tsv	list	ae list	0	0	differ	differ	5e91437f4728ecd94c150882ad0bf7d2a45dfe609b725407ffe3b1e106b658e6	57f784caf0acc08884823490f6242c82d9f002fa3547f4e5e8a06397f89f9a86	human-differ
arms/A3/c07-competing-ro/consumers.tsv	list-json	ae list	0	0	pass	empty-ok	5e91437f4728ecd94c150882ad0bf7d2a45dfe609b725407ffe3b1e106b658e6	57f784caf0acc08884823490f6242c82d9f002fa3547f4e5e8a06397f89f9a86	digest-scored
arms/A3/c07-competing-ro/consumers.tsv	list-all-json	ae list	0	0	pass	empty-ok	5e91437f4728ecd94c150882ad0bf7d2a45dfe609b725407ffe3b1e106b658e6	57f784caf0acc08884823490f6242c82d9f002fa3547f4e5e8a06397f89f9a86	digest-scored
arms/A3/c07-competing-ro/consumers.tsv	list-needsattn	ae list	0	0	differ	differ	5e91437f4728ecd94c150882ad0bf7d2a45dfe609b725407ffe3b1e106b658e6	57f784caf0acc08884823490f6242c82d9f002fa3547f4e5e8a06397f89f9a86	human-differ
arms/A3/c07-competing-ro/consumers.tsv	list-needsattn-json	ae list	0	0	pass	empty-ok	5e91437f4728ecd94c150882ad0bf7d2a45dfe609b725407ffe3b1e106b658e6	57f784caf0acc08884823490f6242c82d9f002fa3547f4e5e8a06397f89f9a86	digest-scored
arms/A3/c07-competing-ro/consumers.tsv	list-active	ae list	0	0	differ	differ	5e91437f4728ecd94c150882ad0bf7d2a45dfe609b725407ffe3b1e106b658e6	57f784caf0acc08884823490f6242c82d9f002fa3547f4e5e8a06397f89f9a86	human-differ
arms/A3/c07-competing-ro/consumers.tsv	list-active-json	ae list	0	0	pass	empty-ok	5e91437f4728ecd94c150882ad0bf7d2a45dfe609b725407ffe3b1e106b658e6	57f784caf0acc08884823490f6242c82d9f002fa3547f4e5e8a06397f89f9a86	digest-scored
arms/A3/c07-competing-ro/consumers.tsv	requests-all	helper:requests	0	-	unimplemented	unimplemented	-	57f784caf0acc08884823490f6242c82d9f002fa3547f4e5e8a06397f89f9a86	helper-not-in-rust-cli
arms/A3/c07-competing-rw/consumers.tsv	list	ae list	0	0	differ	differ	5e91437f4728ecd94c150882ad0bf7d2a45dfe609b725407ffe3b1e106b658e6	0d7df5c73481c9aa92d568ac64990a0563e1f59dcce651b5a7237bd6d5c6debe	human-differ
arms/A3/c07-competing-rw/consumers.tsv	list-json	ae list	0	0	pass	empty-ok	5e91437f4728ecd94c150882ad0bf7d2a45dfe609b725407ffe3b1e106b658e6	0d7df5c73481c9aa92d568ac64990a0563e1f59dcce651b5a7237bd6d5c6debe	digest-scored
arms/A3/c07-competing-rw/consumers.tsv	list-all-json	ae list	0	0	pass	empty-ok	5e91437f4728ecd94c150882ad0bf7d2a45dfe609b725407ffe3b1e106b658e6	0d7df5c73481c9aa92d568ac64990a0563e1f59dcce651b5a7237bd6d5c6debe	digest-scored
arms/A3/c07-competing-rw/consumers.tsv	list-needsattn	ae list	0	0	differ	differ	5e91437f4728ecd94c150882ad0bf7d2a45dfe609b725407ffe3b1e106b658e6	0d7df5c73481c9aa92d568ac64990a0563e1f59dcce651b5a7237bd6d5c6debe	human-differ
arms/A3/c07-competing-rw/consumers.tsv	list-needsattn-json	ae list	0	0	pass	empty-ok	5e91437f4728ecd94c150882ad0bf7d2a45dfe609b725407ffe3b1e106b658e6	0d7df5c73481c9aa92d568ac64990a0563e1f59dcce651b5a7237bd6d5c6debe	digest-scored
arms/A3/c07-competing-rw/consumers.tsv	list-active	ae list	0	0	differ	differ	5e91437f4728ecd94c150882ad0bf7d2a45dfe609b725407ffe3b1e106b658e6	0d7df5c73481c9aa92d568ac64990a0563e1f59dcce651b5a7237bd6d5c6debe	human-differ
arms/A3/c07-competing-rw/consumers.tsv	list-active-json	ae list	0	0	pass	empty-ok	5e91437f4728ecd94c150882ad0bf7d2a45dfe609b725407ffe3b1e106b658e6	0d7df5c73481c9aa92d568ac64990a0563e1f59dcce651b5a7237bd6d5c6debe	digest-scored
arms/A3/c07-competing-rw/consumers.tsv	requests-all	helper:requests	0	-	unimplemented	unimplemented	-	0d7df5c73481c9aa92d568ac64990a0563e1f59dcce651b5a7237bd6d5c6debe	helper-not-in-rust-cli
arms/A3/c08-unanswered-vs-agent-owned-ro/consumers.tsv	list	ae list	0	0	differ	differ	e8963f914663410ae73b598af2d9e4231fed76684394b212a1185352edea7abe	ccd721fb59bb9799c11e2a55bcec9906946400408aeb7f3610394a999763edcd	human-differ
arms/A3/c08-unanswered-vs-agent-owned-ro/consumers.tsv	list-json	ae list	0	0	pass	empty-ok	e8963f914663410ae73b598af2d9e4231fed76684394b212a1185352edea7abe	ccd721fb59bb9799c11e2a55bcec9906946400408aeb7f3610394a999763edcd	digest-scored
arms/A3/c08-unanswered-vs-agent-owned-ro/consumers.tsv	list-all-json	ae list	0	0	pass	empty-ok	e8963f914663410ae73b598af2d9e4231fed76684394b212a1185352edea7abe	ccd721fb59bb9799c11e2a55bcec9906946400408aeb7f3610394a999763edcd	digest-scored
arms/A3/c08-unanswered-vs-agent-owned-ro/consumers.tsv	list-needsattn	ae list	0	0	differ	differ	e8963f914663410ae73b598af2d9e4231fed76684394b212a1185352edea7abe	ccd721fb59bb9799c11e2a55bcec9906946400408aeb7f3610394a999763edcd	human-differ
arms/A3/c08-unanswered-vs-agent-owned-ro/consumers.tsv	list-needsattn-json	ae list	0	0	pass	empty-ok	e8963f914663410ae73b598af2d9e4231fed76684394b212a1185352edea7abe	ccd721fb59bb9799c11e2a55bcec9906946400408aeb7f3610394a999763edcd	digest-scored
arms/A3/c08-unanswered-vs-agent-owned-ro/consumers.tsv	list-active	ae list	0	0	differ	differ	e8963f914663410ae73b598af2d9e4231fed76684394b212a1185352edea7abe	ccd721fb59bb9799c11e2a55bcec9906946400408aeb7f3610394a999763edcd	human-differ
arms/A3/c08-unanswered-vs-agent-owned-ro/consumers.tsv	list-active-json	ae list	0	0	pass	empty-ok	e8963f914663410ae73b598af2d9e4231fed76684394b212a1185352edea7abe	ccd721fb59bb9799c11e2a55bcec9906946400408aeb7f3610394a999763edcd	digest-scored
arms/A3/c08-unanswered-vs-agent-owned-ro/consumers.tsv	requests-all	helper:requests	0	-	unimplemented	unimplemented	-	ccd721fb59bb9799c11e2a55bcec9906946400408aeb7f3610394a999763edcd	helper-not-in-rust-cli
arms/A3/c08-unanswered-vs-agent-owned-rw/consumers.tsv	list	ae list	0	0	differ	differ	e8963f914663410ae73b598af2d9e4231fed76684394b212a1185352edea7abe	5a610303e96ad18a7ddbed4245e68e94617184336a290f4c276846e978b9375b	human-differ
arms/A3/c08-unanswered-vs-agent-owned-rw/consumers.tsv	list-json	ae list	0	0	pass	empty-ok	e8963f914663410ae73b598af2d9e4231fed76684394b212a1185352edea7abe	5a610303e96ad18a7ddbed4245e68e94617184336a290f4c276846e978b9375b	digest-scored
arms/A3/c08-unanswered-vs-agent-owned-rw/consumers.tsv	list-all-json	ae list	0	0	pass	empty-ok	e8963f914663410ae73b598af2d9e4231fed76684394b212a1185352edea7abe	5a610303e96ad18a7ddbed4245e68e94617184336a290f4c276846e978b9375b	digest-scored
arms/A3/c08-unanswered-vs-agent-owned-rw/consumers.tsv	list-needsattn	ae list	0	0	differ	differ	e8963f914663410ae73b598af2d9e4231fed76684394b212a1185352edea7abe	5a610303e96ad18a7ddbed4245e68e94617184336a290f4c276846e978b9375b	human-differ
arms/A3/c08-unanswered-vs-agent-owned-rw/consumers.tsv	list-needsattn-json	ae list	0	0	pass	empty-ok	e8963f914663410ae73b598af2d9e4231fed76684394b212a1185352edea7abe	5a610303e96ad18a7ddbed4245e68e94617184336a290f4c276846e978b9375b	digest-scored
arms/A3/c08-unanswered-vs-agent-owned-rw/consumers.tsv	list-active	ae list	0	0	differ	differ	e8963f914663410ae73b598af2d9e4231fed76684394b212a1185352edea7abe	5a610303e96ad18a7ddbed4245e68e94617184336a290f4c276846e978b9375b	human-differ
arms/A3/c08-unanswered-vs-agent-owned-rw/consumers.tsv	list-active-json	ae list	0	0	pass	empty-ok	e8963f914663410ae73b598af2d9e4231fed76684394b212a1185352edea7abe	5a610303e96ad18a7ddbed4245e68e94617184336a290f4c276846e978b9375b	digest-scored
arms/A3/c08-unanswered-vs-agent-owned-rw/consumers.tsv	requests-all	helper:requests	0	-	unimplemented	unimplemented	-	5a610303e96ad18a7ddbed4245e68e94617184336a290f4c276846e978b9375b	helper-not-in-rust-cli
arms/A3/c09-524a-future-ts-ordinary-mtime-ro/consumers.tsv	list	ae list	0	0	differ	differ	ee11eefced29096232b2c02a3f8af2fa78483b029234b54a62bf6722326928d7	d56b99e4b85163d19d3967874a21d66f6397225e823a0053596bf459f24dd49b	human-differ
arms/A3/c09-524a-future-ts-ordinary-mtime-ro/consumers.tsv	list-json	ae list	0	0	pass	empty-ok	ee11eefced29096232b2c02a3f8af2fa78483b029234b54a62bf6722326928d7	d56b99e4b85163d19d3967874a21d66f6397225e823a0053596bf459f24dd49b	digest-scored
arms/A3/c09-524a-future-ts-ordinary-mtime-ro/consumers.tsv	list-all-json	ae list	0	0	pass	empty-ok	ee11eefced29096232b2c02a3f8af2fa78483b029234b54a62bf6722326928d7	d56b99e4b85163d19d3967874a21d66f6397225e823a0053596bf459f24dd49b	digest-scored
arms/A3/c09-524a-future-ts-ordinary-mtime-ro/consumers.tsv	list-needsattn	ae list	0	0	differ	differ	ee11eefced29096232b2c02a3f8af2fa78483b029234b54a62bf6722326928d7	d56b99e4b85163d19d3967874a21d66f6397225e823a0053596bf459f24dd49b	human-differ
arms/A3/c09-524a-future-ts-ordinary-mtime-ro/consumers.tsv	list-needsattn-json	ae list	0	0	pass	empty-ok	ee11eefced29096232b2c02a3f8af2fa78483b029234b54a62bf6722326928d7	d56b99e4b85163d19d3967874a21d66f6397225e823a0053596bf459f24dd49b	digest-scored
arms/A3/c09-524a-future-ts-ordinary-mtime-ro/consumers.tsv	list-active	ae list	0	0	differ	differ	ee11eefced29096232b2c02a3f8af2fa78483b029234b54a62bf6722326928d7	d56b99e4b85163d19d3967874a21d66f6397225e823a0053596bf459f24dd49b	human-differ
arms/A3/c09-524a-future-ts-ordinary-mtime-ro/consumers.tsv	list-active-json	ae list	0	0	pass	empty-ok	ee11eefced29096232b2c02a3f8af2fa78483b029234b54a62bf6722326928d7	d56b99e4b85163d19d3967874a21d66f6397225e823a0053596bf459f24dd49b	digest-scored
arms/A3/c09-524a-future-ts-ordinary-mtime-ro/consumers.tsv	requests-all	helper:requests	0	-	unimplemented	unimplemented	-	d56b99e4b85163d19d3967874a21d66f6397225e823a0053596bf459f24dd49b	helper-not-in-rust-cli
arms/A3/c09-524a-future-ts-ordinary-mtime-rw/consumers.tsv	list	ae list	0	0	differ	differ	ee11eefced29096232b2c02a3f8af2fa78483b029234b54a62bf6722326928d7	fe7dac214fc310d387f7d983bc5d1e8d17bc272a519efc8efc53b2d14152c49a	human-differ
arms/A3/c09-524a-future-ts-ordinary-mtime-rw/consumers.tsv	list-json	ae list	0	0	pass	empty-ok	ee11eefced29096232b2c02a3f8af2fa78483b029234b54a62bf6722326928d7	fe7dac214fc310d387f7d983bc5d1e8d17bc272a519efc8efc53b2d14152c49a	digest-scored
arms/A3/c09-524a-future-ts-ordinary-mtime-rw/consumers.tsv	list-all-json	ae list	0	0	pass	empty-ok	ee11eefced29096232b2c02a3f8af2fa78483b029234b54a62bf6722326928d7	fe7dac214fc310d387f7d983bc5d1e8d17bc272a519efc8efc53b2d14152c49a	digest-scored
arms/A3/c09-524a-future-ts-ordinary-mtime-rw/consumers.tsv	list-needsattn	ae list	0	0	differ	differ	ee11eefced29096232b2c02a3f8af2fa78483b029234b54a62bf6722326928d7	fe7dac214fc310d387f7d983bc5d1e8d17bc272a519efc8efc53b2d14152c49a	human-differ
arms/A3/c09-524a-future-ts-ordinary-mtime-rw/consumers.tsv	list-needsattn-json	ae list	0	0	pass	empty-ok	ee11eefced29096232b2c02a3f8af2fa78483b029234b54a62bf6722326928d7	fe7dac214fc310d387f7d983bc5d1e8d17bc272a519efc8efc53b2d14152c49a	digest-scored
arms/A3/c09-524a-future-ts-ordinary-mtime-rw/consumers.tsv	list-active	ae list	0	0	differ	differ	ee11eefced29096232b2c02a3f8af2fa78483b029234b54a62bf6722326928d7	fe7dac214fc310d387f7d983bc5d1e8d17bc272a519efc8efc53b2d14152c49a	human-differ
arms/A3/c09-524a-future-ts-ordinary-mtime-rw/consumers.tsv	list-active-json	ae list	0	0	pass	empty-ok	ee11eefced29096232b2c02a3f8af2fa78483b029234b54a62bf6722326928d7	fe7dac214fc310d387f7d983bc5d1e8d17bc272a519efc8efc53b2d14152c49a	digest-scored
arms/A3/c09-524a-future-ts-ordinary-mtime-rw/consumers.tsv	requests-all	helper:requests	0	-	unimplemented	unimplemented	-	fe7dac214fc310d387f7d983bc5d1e8d17bc272a519efc8efc53b2d14152c49a	helper-not-in-rust-cli
arms/A3/c10-524b-ordinary-ts-future-mtime-ro/consumers.tsv	list	ae list	0	0	differ	differ	2f1b2ea3f8bfcc3a950686c788aed33b4fb91eae0699b0304f28784ebd0cd8e8	c940ecaed0bba78bb6b78f7a286ed3c65f601aa18f5a0babda6d2910aa062f18	human-differ
arms/A3/c10-524b-ordinary-ts-future-mtime-ro/consumers.tsv	list-json	ae list	0	0	pass	empty-ok	2f1b2ea3f8bfcc3a950686c788aed33b4fb91eae0699b0304f28784ebd0cd8e8	c940ecaed0bba78bb6b78f7a286ed3c65f601aa18f5a0babda6d2910aa062f18	digest-scored
arms/A3/c10-524b-ordinary-ts-future-mtime-ro/consumers.tsv	list-all-json	ae list	0	0	pass	empty-ok	2f1b2ea3f8bfcc3a950686c788aed33b4fb91eae0699b0304f28784ebd0cd8e8	c940ecaed0bba78bb6b78f7a286ed3c65f601aa18f5a0babda6d2910aa062f18	digest-scored
arms/A3/c10-524b-ordinary-ts-future-mtime-ro/consumers.tsv	list-needsattn	ae list	0	0	differ	differ	2f1b2ea3f8bfcc3a950686c788aed33b4fb91eae0699b0304f28784ebd0cd8e8	c940ecaed0bba78bb6b78f7a286ed3c65f601aa18f5a0babda6d2910aa062f18	human-differ
arms/A3/c10-524b-ordinary-ts-future-mtime-ro/consumers.tsv	list-needsattn-json	ae list	0	0	pass	empty-ok	2f1b2ea3f8bfcc3a950686c788aed33b4fb91eae0699b0304f28784ebd0cd8e8	c940ecaed0bba78bb6b78f7a286ed3c65f601aa18f5a0babda6d2910aa062f18	digest-scored
arms/A3/c10-524b-ordinary-ts-future-mtime-ro/consumers.tsv	list-active	ae list	0	0	differ	differ	2f1b2ea3f8bfcc3a950686c788aed33b4fb91eae0699b0304f28784ebd0cd8e8	c940ecaed0bba78bb6b78f7a286ed3c65f601aa18f5a0babda6d2910aa062f18	human-differ
arms/A3/c10-524b-ordinary-ts-future-mtime-ro/consumers.tsv	list-active-json	ae list	0	0	pass	empty-ok	2f1b2ea3f8bfcc3a950686c788aed33b4fb91eae0699b0304f28784ebd0cd8e8	c940ecaed0bba78bb6b78f7a286ed3c65f601aa18f5a0babda6d2910aa062f18	digest-scored
arms/A3/c10-524b-ordinary-ts-future-mtime-ro/consumers.tsv	requests-all	helper:requests	0	-	unimplemented	unimplemented	-	c940ecaed0bba78bb6b78f7a286ed3c65f601aa18f5a0babda6d2910aa062f18	helper-not-in-rust-cli
arms/A3/c10-524b-ordinary-ts-future-mtime-rw/consumers.tsv	list	ae list	0	0	differ	differ	2f1b2ea3f8bfcc3a950686c788aed33b4fb91eae0699b0304f28784ebd0cd8e8	075d5a2c2b065c8511193a8b16ee9d7785ae91ce8d9ba3020d7bc40a171ff667	human-differ
arms/A3/c10-524b-ordinary-ts-future-mtime-rw/consumers.tsv	list-json	ae list	0	0	pass	empty-ok	2f1b2ea3f8bfcc3a950686c788aed33b4fb91eae0699b0304f28784ebd0cd8e8	075d5a2c2b065c8511193a8b16ee9d7785ae91ce8d9ba3020d7bc40a171ff667	digest-scored
arms/A3/c10-524b-ordinary-ts-future-mtime-rw/consumers.tsv	list-all-json	ae list	0	0	pass	empty-ok	2f1b2ea3f8bfcc3a950686c788aed33b4fb91eae0699b0304f28784ebd0cd8e8	075d5a2c2b065c8511193a8b16ee9d7785ae91ce8d9ba3020d7bc40a171ff667	digest-scored
arms/A3/c10-524b-ordinary-ts-future-mtime-rw/consumers.tsv	list-needsattn	ae list	0	0	differ	differ	2f1b2ea3f8bfcc3a950686c788aed33b4fb91eae0699b0304f28784ebd0cd8e8	075d5a2c2b065c8511193a8b16ee9d7785ae91ce8d9ba3020d7bc40a171ff667	human-differ
arms/A3/c10-524b-ordinary-ts-future-mtime-rw/consumers.tsv	list-needsattn-json	ae list	0	0	pass	empty-ok	2f1b2ea3f8bfcc3a950686c788aed33b4fb91eae0699b0304f28784ebd0cd8e8	075d5a2c2b065c8511193a8b16ee9d7785ae91ce8d9ba3020d7bc40a171ff667	digest-scored
arms/A3/c10-524b-ordinary-ts-future-mtime-rw/consumers.tsv	list-active	ae list	0	0	differ	differ	2f1b2ea3f8bfcc3a950686c788aed33b4fb91eae0699b0304f28784ebd0cd8e8	075d5a2c2b065c8511193a8b16ee9d7785ae91ce8d9ba3020d7bc40a171ff667	human-differ
arms/A3/c10-524b-ordinary-ts-future-mtime-rw/consumers.tsv	list-active-json	ae list	0	0	pass	empty-ok	2f1b2ea3f8bfcc3a950686c788aed33b4fb91eae0699b0304f28784ebd0cd8e8	075d5a2c2b065c8511193a8b16ee9d7785ae91ce8d9ba3020d7bc40a171ff667	digest-scored
arms/A3/c10-524b-ordinary-ts-future-mtime-rw/consumers.tsv	requests-all	helper:requests	0	-	unimplemented	unimplemented	-	075d5a2c2b065c8511193a8b16ee9d7785ae91ce8d9ba3020d7bc40a171ff667	helper-not-in-rust-cli
arms/A3b/c01-dead-over-stale-ro/consumers.tsv	list	ae list	0	0	differ	differ	ca018e3d10dfd95ba470798584977d3f59aa3373513ad7f2b07bc676efcfbdaf	1e9c59a0ad58d77bb1c092229671c1d33d5903d09d48dc1f135ef099782ad420	human-differ
arms/A3b/c01-dead-over-stale-ro/consumers.tsv	list-json	ae list	0	0	pass	empty-ok	ca018e3d10dfd95ba470798584977d3f59aa3373513ad7f2b07bc676efcfbdaf	1e9c59a0ad58d77bb1c092229671c1d33d5903d09d48dc1f135ef099782ad420	digest-scored
arms/A3b/c01-dead-over-stale-ro/consumers.tsv	list-all-json	ae list	0	0	pass	empty-ok	ca018e3d10dfd95ba470798584977d3f59aa3373513ad7f2b07bc676efcfbdaf	1e9c59a0ad58d77bb1c092229671c1d33d5903d09d48dc1f135ef099782ad420	digest-scored
arms/A3b/c01-dead-over-stale-ro/consumers.tsv	list-needsattn	ae list	0	0	differ	differ	ca018e3d10dfd95ba470798584977d3f59aa3373513ad7f2b07bc676efcfbdaf	1e9c59a0ad58d77bb1c092229671c1d33d5903d09d48dc1f135ef099782ad420	human-differ
arms/A3b/c01-dead-over-stale-ro/consumers.tsv	list-needsattn-json	ae list	0	0	pass	empty-ok	ca018e3d10dfd95ba470798584977d3f59aa3373513ad7f2b07bc676efcfbdaf	1e9c59a0ad58d77bb1c092229671c1d33d5903d09d48dc1f135ef099782ad420	digest-scored
arms/A3b/c01-dead-over-stale-ro/consumers.tsv	list-active	ae list	0	0	differ	differ	ca018e3d10dfd95ba470798584977d3f59aa3373513ad7f2b07bc676efcfbdaf	1e9c59a0ad58d77bb1c092229671c1d33d5903d09d48dc1f135ef099782ad420	human-differ
arms/A3b/c01-dead-over-stale-ro/consumers.tsv	list-active-json	ae list	0	0	pass	empty-ok	ca018e3d10dfd95ba470798584977d3f59aa3373513ad7f2b07bc676efcfbdaf	1e9c59a0ad58d77bb1c092229671c1d33d5903d09d48dc1f135ef099782ad420	digest-scored
arms/A3b/c01-dead-over-stale-ro/consumers.tsv	requests-all	helper:requests	0	-	unimplemented	unimplemented	-	1e9c59a0ad58d77bb1c092229671c1d33d5903d09d48dc1f135ef099782ad420	helper-not-in-rust-cli
arms/A3b/c01-dead-over-stale-rw/consumers.tsv	list	ae list	0	0	differ	differ	ca018e3d10dfd95ba470798584977d3f59aa3373513ad7f2b07bc676efcfbdaf	4529353c588016259b7b6b7dd7e0af3d2769d64f85959a2a7fb3c95df063430a	human-differ
arms/A3b/c01-dead-over-stale-rw/consumers.tsv	list-json	ae list	0	0	pass	empty-ok	ca018e3d10dfd95ba470798584977d3f59aa3373513ad7f2b07bc676efcfbdaf	4529353c588016259b7b6b7dd7e0af3d2769d64f85959a2a7fb3c95df063430a	digest-scored
arms/A3b/c01-dead-over-stale-rw/consumers.tsv	list-all-json	ae list	0	0	pass	empty-ok	ca018e3d10dfd95ba470798584977d3f59aa3373513ad7f2b07bc676efcfbdaf	4529353c588016259b7b6b7dd7e0af3d2769d64f85959a2a7fb3c95df063430a	digest-scored
arms/A3b/c01-dead-over-stale-rw/consumers.tsv	list-needsattn	ae list	0	0	differ	differ	ca018e3d10dfd95ba470798584977d3f59aa3373513ad7f2b07bc676efcfbdaf	4529353c588016259b7b6b7dd7e0af3d2769d64f85959a2a7fb3c95df063430a	human-differ
arms/A3b/c01-dead-over-stale-rw/consumers.tsv	list-needsattn-json	ae list	0	0	pass	empty-ok	ca018e3d10dfd95ba470798584977d3f59aa3373513ad7f2b07bc676efcfbdaf	4529353c588016259b7b6b7dd7e0af3d2769d64f85959a2a7fb3c95df063430a	digest-scored
arms/A3b/c01-dead-over-stale-rw/consumers.tsv	list-active	ae list	0	0	differ	differ	ca018e3d10dfd95ba470798584977d3f59aa3373513ad7f2b07bc676efcfbdaf	4529353c588016259b7b6b7dd7e0af3d2769d64f85959a2a7fb3c95df063430a	human-differ
arms/A3b/c01-dead-over-stale-rw/consumers.tsv	list-active-json	ae list	0	0	pass	empty-ok	ca018e3d10dfd95ba470798584977d3f59aa3373513ad7f2b07bc676efcfbdaf	4529353c588016259b7b6b7dd7e0af3d2769d64f85959a2a7fb3c95df063430a	digest-scored
arms/A3b/c01-dead-over-stale-rw/consumers.tsv	requests-all	helper:requests	0	-	unimplemented	unimplemented	-	4529353c588016259b7b6b7dd7e0af3d2769d64f85959a2a7fb3c95df063430a	helper-not-in-rust-cli
arms/A3b/c02-stale-over-waitinguser-ro/consumers.tsv	list	ae list	0	0	differ	differ	aa18330c7e3808455d50eb73f0ac86a8232e6bcfc7ecadc8344305308c353dc5	979b9bdcfe49d9f3763975aa321c3de596c4d292cdfdc1553299ffa875e3a48e	human-differ
arms/A3b/c02-stale-over-waitinguser-ro/consumers.tsv	list-json	ae list	0	0	pass	empty-ok	aa18330c7e3808455d50eb73f0ac86a8232e6bcfc7ecadc8344305308c353dc5	979b9bdcfe49d9f3763975aa321c3de596c4d292cdfdc1553299ffa875e3a48e	digest-scored
arms/A3b/c02-stale-over-waitinguser-ro/consumers.tsv	list-all-json	ae list	0	0	pass	empty-ok	aa18330c7e3808455d50eb73f0ac86a8232e6bcfc7ecadc8344305308c353dc5	979b9bdcfe49d9f3763975aa321c3de596c4d292cdfdc1553299ffa875e3a48e	digest-scored
arms/A3b/c02-stale-over-waitinguser-ro/consumers.tsv	list-needsattn	ae list	0	0	differ	differ	aa18330c7e3808455d50eb73f0ac86a8232e6bcfc7ecadc8344305308c353dc5	979b9bdcfe49d9f3763975aa321c3de596c4d292cdfdc1553299ffa875e3a48e	human-differ
arms/A3b/c02-stale-over-waitinguser-ro/consumers.tsv	list-needsattn-json	ae list	0	0	pass	empty-ok	aa18330c7e3808455d50eb73f0ac86a8232e6bcfc7ecadc8344305308c353dc5	979b9bdcfe49d9f3763975aa321c3de596c4d292cdfdc1553299ffa875e3a48e	digest-scored
arms/A3b/c02-stale-over-waitinguser-ro/consumers.tsv	list-active	ae list	0	0	differ	differ	aa18330c7e3808455d50eb73f0ac86a8232e6bcfc7ecadc8344305308c353dc5	979b9bdcfe49d9f3763975aa321c3de596c4d292cdfdc1553299ffa875e3a48e	human-differ
arms/A3b/c02-stale-over-waitinguser-ro/consumers.tsv	list-active-json	ae list	0	0	pass	empty-ok	aa18330c7e3808455d50eb73f0ac86a8232e6bcfc7ecadc8344305308c353dc5	979b9bdcfe49d9f3763975aa321c3de596c4d292cdfdc1553299ffa875e3a48e	digest-scored
arms/A3b/c02-stale-over-waitinguser-ro/consumers.tsv	requests-all	helper:requests	0	-	unimplemented	unimplemented	-	979b9bdcfe49d9f3763975aa321c3de596c4d292cdfdc1553299ffa875e3a48e	helper-not-in-rust-cli
arms/A3b/c02-stale-over-waitinguser-rw/consumers.tsv	list	ae list	0	0	differ	differ	aa18330c7e3808455d50eb73f0ac86a8232e6bcfc7ecadc8344305308c353dc5	1a4b9cce376ac21bb359117a452b6c0955f9623dd82ace1576c6d80b2f0714b4	human-differ
arms/A3b/c02-stale-over-waitinguser-rw/consumers.tsv	list-json	ae list	0	0	pass	empty-ok	aa18330c7e3808455d50eb73f0ac86a8232e6bcfc7ecadc8344305308c353dc5	1a4b9cce376ac21bb359117a452b6c0955f9623dd82ace1576c6d80b2f0714b4	digest-scored
arms/A3b/c02-stale-over-waitinguser-rw/consumers.tsv	list-all-json	ae list	0	0	pass	empty-ok	aa18330c7e3808455d50eb73f0ac86a8232e6bcfc7ecadc8344305308c353dc5	1a4b9cce376ac21bb359117a452b6c0955f9623dd82ace1576c6d80b2f0714b4	digest-scored
arms/A3b/c02-stale-over-waitinguser-rw/consumers.tsv	list-needsattn	ae list	0	0	differ	differ	aa18330c7e3808455d50eb73f0ac86a8232e6bcfc7ecadc8344305308c353dc5	1a4b9cce376ac21bb359117a452b6c0955f9623dd82ace1576c6d80b2f0714b4	human-differ
arms/A3b/c02-stale-over-waitinguser-rw/consumers.tsv	list-needsattn-json	ae list	0	0	pass	empty-ok	aa18330c7e3808455d50eb73f0ac86a8232e6bcfc7ecadc8344305308c353dc5	1a4b9cce376ac21bb359117a452b6c0955f9623dd82ace1576c6d80b2f0714b4	digest-scored
arms/A3b/c02-stale-over-waitinguser-rw/consumers.tsv	list-active	ae list	0	0	differ	differ	aa18330c7e3808455d50eb73f0ac86a8232e6bcfc7ecadc8344305308c353dc5	1a4b9cce376ac21bb359117a452b6c0955f9623dd82ace1576c6d80b2f0714b4	human-differ
arms/A3b/c02-stale-over-waitinguser-rw/consumers.tsv	list-active-json	ae list	0	0	pass	empty-ok	aa18330c7e3808455d50eb73f0ac86a8232e6bcfc7ecadc8344305308c353dc5	1a4b9cce376ac21bb359117a452b6c0955f9623dd82ace1576c6d80b2f0714b4	digest-scored
arms/A3b/c02-stale-over-waitinguser-rw/consumers.tsv	requests-all	helper:requests	0	-	unimplemented	unimplemented	-	1a4b9cce376ac21bb359117a452b6c0955f9623dd82ace1576c6d80b2f0714b4	helper-not-in-rust-cli
arms/A3b/c03-waitinguser-over-blocked-ro/consumers.tsv	list	ae list	0	0	differ	differ	7bacacbdae42db9f59bc4f71ab4626bfd96d38afbcd339f0d9385c7d6abedb6a	b31945ae8c4612964f2eacc9dddacebe1e90917c836467012618355c0e53825e	human-differ
arms/A3b/c03-waitinguser-over-blocked-ro/consumers.tsv	list-json	ae list	0	0	pass	empty-ok	7bacacbdae42db9f59bc4f71ab4626bfd96d38afbcd339f0d9385c7d6abedb6a	b31945ae8c4612964f2eacc9dddacebe1e90917c836467012618355c0e53825e	digest-scored
arms/A3b/c03-waitinguser-over-blocked-ro/consumers.tsv	list-all-json	ae list	0	0	pass	empty-ok	7bacacbdae42db9f59bc4f71ab4626bfd96d38afbcd339f0d9385c7d6abedb6a	b31945ae8c4612964f2eacc9dddacebe1e90917c836467012618355c0e53825e	digest-scored
arms/A3b/c03-waitinguser-over-blocked-ro/consumers.tsv	list-needsattn	ae list	0	0	differ	differ	7bacacbdae42db9f59bc4f71ab4626bfd96d38afbcd339f0d9385c7d6abedb6a	b31945ae8c4612964f2eacc9dddacebe1e90917c836467012618355c0e53825e	human-differ
arms/A3b/c03-waitinguser-over-blocked-ro/consumers.tsv	list-needsattn-json	ae list	0	0	pass	empty-ok	7bacacbdae42db9f59bc4f71ab4626bfd96d38afbcd339f0d9385c7d6abedb6a	b31945ae8c4612964f2eacc9dddacebe1e90917c836467012618355c0e53825e	digest-scored
arms/A3b/c03-waitinguser-over-blocked-ro/consumers.tsv	list-active	ae list	0	0	differ	differ	7bacacbdae42db9f59bc4f71ab4626bfd96d38afbcd339f0d9385c7d6abedb6a	b31945ae8c4612964f2eacc9dddacebe1e90917c836467012618355c0e53825e	human-differ
arms/A3b/c03-waitinguser-over-blocked-ro/consumers.tsv	list-active-json	ae list	0	0	pass	empty-ok	7bacacbdae42db9f59bc4f71ab4626bfd96d38afbcd339f0d9385c7d6abedb6a	b31945ae8c4612964f2eacc9dddacebe1e90917c836467012618355c0e53825e	digest-scored
arms/A3b/c03-waitinguser-over-blocked-ro/consumers.tsv	requests-all	helper:requests	0	-	unimplemented	unimplemented	-	b31945ae8c4612964f2eacc9dddacebe1e90917c836467012618355c0e53825e	helper-not-in-rust-cli
arms/A3b/c03-waitinguser-over-blocked-rw/consumers.tsv	list	ae list	0	0	differ	differ	7bacacbdae42db9f59bc4f71ab4626bfd96d38afbcd339f0d9385c7d6abedb6a	211b69861f9f331b9664bf277abfe1cd007296067f08aad64fd2de7601561a3e	human-differ
arms/A3b/c03-waitinguser-over-blocked-rw/consumers.tsv	list-json	ae list	0	0	pass	empty-ok	7bacacbdae42db9f59bc4f71ab4626bfd96d38afbcd339f0d9385c7d6abedb6a	211b69861f9f331b9664bf277abfe1cd007296067f08aad64fd2de7601561a3e	digest-scored
arms/A3b/c03-waitinguser-over-blocked-rw/consumers.tsv	list-all-json	ae list	0	0	pass	empty-ok	7bacacbdae42db9f59bc4f71ab4626bfd96d38afbcd339f0d9385c7d6abedb6a	211b69861f9f331b9664bf277abfe1cd007296067f08aad64fd2de7601561a3e	digest-scored
arms/A3b/c03-waitinguser-over-blocked-rw/consumers.tsv	list-needsattn	ae list	0	0	differ	differ	7bacacbdae42db9f59bc4f71ab4626bfd96d38afbcd339f0d9385c7d6abedb6a	211b69861f9f331b9664bf277abfe1cd007296067f08aad64fd2de7601561a3e	human-differ
arms/A3b/c03-waitinguser-over-blocked-rw/consumers.tsv	list-needsattn-json	ae list	0	0	pass	empty-ok	7bacacbdae42db9f59bc4f71ab4626bfd96d38afbcd339f0d9385c7d6abedb6a	211b69861f9f331b9664bf277abfe1cd007296067f08aad64fd2de7601561a3e	digest-scored
arms/A3b/c03-waitinguser-over-blocked-rw/consumers.tsv	list-active	ae list	0	0	differ	differ	7bacacbdae42db9f59bc4f71ab4626bfd96d38afbcd339f0d9385c7d6abedb6a	211b69861f9f331b9664bf277abfe1cd007296067f08aad64fd2de7601561a3e	human-differ
arms/A3b/c03-waitinguser-over-blocked-rw/consumers.tsv	list-active-json	ae list	0	0	pass	empty-ok	7bacacbdae42db9f59bc4f71ab4626bfd96d38afbcd339f0d9385c7d6abedb6a	211b69861f9f331b9664bf277abfe1cd007296067f08aad64fd2de7601561a3e	digest-scored
arms/A3b/c03-waitinguser-over-blocked-rw/consumers.tsv	requests-all	helper:requests	0	-	unimplemented	unimplemented	-	211b69861f9f331b9664bf277abfe1cd007296067f08aad64fd2de7601561a3e	helper-not-in-rust-cli
arms/A3b/c04-blocked-over-throttled-ro/consumers.tsv	list	ae list	0	0	differ	differ	908241912138b5f7058257872b7c8abf8f77dc8e69ab46909d0d3157a9fcd735	bb7441fd113cd9dad8e2442b7a734809d57ae824a7826d412b24664e8019cde5	human-differ
arms/A3b/c04-blocked-over-throttled-ro/consumers.tsv	list-json	ae list	0	0	pass	empty-ok	908241912138b5f7058257872b7c8abf8f77dc8e69ab46909d0d3157a9fcd735	bb7441fd113cd9dad8e2442b7a734809d57ae824a7826d412b24664e8019cde5	digest-scored
arms/A3b/c04-blocked-over-throttled-ro/consumers.tsv	list-all-json	ae list	0	0	pass	empty-ok	908241912138b5f7058257872b7c8abf8f77dc8e69ab46909d0d3157a9fcd735	bb7441fd113cd9dad8e2442b7a734809d57ae824a7826d412b24664e8019cde5	digest-scored
arms/A3b/c04-blocked-over-throttled-ro/consumers.tsv	list-needsattn	ae list	0	0	differ	differ	908241912138b5f7058257872b7c8abf8f77dc8e69ab46909d0d3157a9fcd735	bb7441fd113cd9dad8e2442b7a734809d57ae824a7826d412b24664e8019cde5	human-differ
arms/A3b/c04-blocked-over-throttled-ro/consumers.tsv	list-needsattn-json	ae list	0	0	pass	empty-ok	908241912138b5f7058257872b7c8abf8f77dc8e69ab46909d0d3157a9fcd735	bb7441fd113cd9dad8e2442b7a734809d57ae824a7826d412b24664e8019cde5	digest-scored
arms/A3b/c04-blocked-over-throttled-ro/consumers.tsv	list-active	ae list	0	0	differ	differ	908241912138b5f7058257872b7c8abf8f77dc8e69ab46909d0d3157a9fcd735	bb7441fd113cd9dad8e2442b7a734809d57ae824a7826d412b24664e8019cde5	human-differ
arms/A3b/c04-blocked-over-throttled-ro/consumers.tsv	list-active-json	ae list	0	0	pass	empty-ok	908241912138b5f7058257872b7c8abf8f77dc8e69ab46909d0d3157a9fcd735	bb7441fd113cd9dad8e2442b7a734809d57ae824a7826d412b24664e8019cde5	digest-scored
arms/A3b/c04-blocked-over-throttled-ro/consumers.tsv	requests-all	helper:requests	0	-	unimplemented	unimplemented	-	bb7441fd113cd9dad8e2442b7a734809d57ae824a7826d412b24664e8019cde5	helper-not-in-rust-cli
arms/A3b/c04-blocked-over-throttled-rw/consumers.tsv	list	ae list	0	0	differ	differ	908241912138b5f7058257872b7c8abf8f77dc8e69ab46909d0d3157a9fcd735	b0db024203d8a13b3e326daf1cb9b7214f0fc9d1d41fb3f508e5e83758f487df	human-differ
arms/A3b/c04-blocked-over-throttled-rw/consumers.tsv	list-json	ae list	0	0	pass	empty-ok	908241912138b5f7058257872b7c8abf8f77dc8e69ab46909d0d3157a9fcd735	b0db024203d8a13b3e326daf1cb9b7214f0fc9d1d41fb3f508e5e83758f487df	digest-scored
arms/A3b/c04-blocked-over-throttled-rw/consumers.tsv	list-all-json	ae list	0	0	pass	empty-ok	908241912138b5f7058257872b7c8abf8f77dc8e69ab46909d0d3157a9fcd735	b0db024203d8a13b3e326daf1cb9b7214f0fc9d1d41fb3f508e5e83758f487df	digest-scored
arms/A3b/c04-blocked-over-throttled-rw/consumers.tsv	list-needsattn	ae list	0	0	differ	differ	908241912138b5f7058257872b7c8abf8f77dc8e69ab46909d0d3157a9fcd735	b0db024203d8a13b3e326daf1cb9b7214f0fc9d1d41fb3f508e5e83758f487df	human-differ
arms/A3b/c04-blocked-over-throttled-rw/consumers.tsv	list-needsattn-json	ae list	0	0	pass	empty-ok	908241912138b5f7058257872b7c8abf8f77dc8e69ab46909d0d3157a9fcd735	b0db024203d8a13b3e326daf1cb9b7214f0fc9d1d41fb3f508e5e83758f487df	digest-scored
arms/A3b/c04-blocked-over-throttled-rw/consumers.tsv	list-active	ae list	0	0	differ	differ	908241912138b5f7058257872b7c8abf8f77dc8e69ab46909d0d3157a9fcd735	b0db024203d8a13b3e326daf1cb9b7214f0fc9d1d41fb3f508e5e83758f487df	human-differ
arms/A3b/c04-blocked-over-throttled-rw/consumers.tsv	list-active-json	ae list	0	0	pass	empty-ok	908241912138b5f7058257872b7c8abf8f77dc8e69ab46909d0d3157a9fcd735	b0db024203d8a13b3e326daf1cb9b7214f0fc9d1d41fb3f508e5e83758f487df	digest-scored
arms/A3b/c04-blocked-over-throttled-rw/consumers.tsv	requests-all	helper:requests	0	-	unimplemented	unimplemented	-	b0db024203d8a13b3e326daf1cb9b7214f0fc9d1d41fb3f508e5e83758f487df	helper-not-in-rust-cli
arms/A3b/c05-throttled-over-unanswered-ro/consumers.tsv	list	ae list	0	0	differ	differ	aad4e8d2cfd241215ce3f10cd79dbee88ccd9ddfddf8790025677620598fb262	e39eaf585b474db0f93ff670efe4de5c1b54a6333daa3d559e15c3d48cd15591	human-differ
arms/A3b/c05-throttled-over-unanswered-ro/consumers.tsv	list-json	ae list	0	0	pass	empty-ok	aad4e8d2cfd241215ce3f10cd79dbee88ccd9ddfddf8790025677620598fb262	e39eaf585b474db0f93ff670efe4de5c1b54a6333daa3d559e15c3d48cd15591	digest-scored
arms/A3b/c05-throttled-over-unanswered-ro/consumers.tsv	list-all-json	ae list	0	0	pass	empty-ok	aad4e8d2cfd241215ce3f10cd79dbee88ccd9ddfddf8790025677620598fb262	e39eaf585b474db0f93ff670efe4de5c1b54a6333daa3d559e15c3d48cd15591	digest-scored
arms/A3b/c05-throttled-over-unanswered-ro/consumers.tsv	list-needsattn	ae list	0	0	differ	differ	aad4e8d2cfd241215ce3f10cd79dbee88ccd9ddfddf8790025677620598fb262	e39eaf585b474db0f93ff670efe4de5c1b54a6333daa3d559e15c3d48cd15591	human-differ
arms/A3b/c05-throttled-over-unanswered-ro/consumers.tsv	list-needsattn-json	ae list	0	0	pass	empty-ok	aad4e8d2cfd241215ce3f10cd79dbee88ccd9ddfddf8790025677620598fb262	e39eaf585b474db0f93ff670efe4de5c1b54a6333daa3d559e15c3d48cd15591	digest-scored
arms/A3b/c05-throttled-over-unanswered-ro/consumers.tsv	list-active	ae list	0	0	differ	differ	aad4e8d2cfd241215ce3f10cd79dbee88ccd9ddfddf8790025677620598fb262	e39eaf585b474db0f93ff670efe4de5c1b54a6333daa3d559e15c3d48cd15591	human-differ
arms/A3b/c05-throttled-over-unanswered-ro/consumers.tsv	list-active-json	ae list	0	0	pass	empty-ok	aad4e8d2cfd241215ce3f10cd79dbee88ccd9ddfddf8790025677620598fb262	e39eaf585b474db0f93ff670efe4de5c1b54a6333daa3d559e15c3d48cd15591	digest-scored
arms/A3b/c05-throttled-over-unanswered-ro/consumers.tsv	requests-all	helper:requests	0	-	unimplemented	unimplemented	-	e39eaf585b474db0f93ff670efe4de5c1b54a6333daa3d559e15c3d48cd15591	helper-not-in-rust-cli
arms/A3b/c05-throttled-over-unanswered-rw/consumers.tsv	list	ae list	0	0	differ	differ	aad4e8d2cfd241215ce3f10cd79dbee88ccd9ddfddf8790025677620598fb262	f397a68bc00ca03191655de0ec6207b07787c3f7149dc5695928c65f8e4afc64	human-differ
arms/A3b/c05-throttled-over-unanswered-rw/consumers.tsv	list-json	ae list	0	0	pass	empty-ok	aad4e8d2cfd241215ce3f10cd79dbee88ccd9ddfddf8790025677620598fb262	f397a68bc00ca03191655de0ec6207b07787c3f7149dc5695928c65f8e4afc64	digest-scored
arms/A3b/c05-throttled-over-unanswered-rw/consumers.tsv	list-all-json	ae list	0	0	pass	empty-ok	aad4e8d2cfd241215ce3f10cd79dbee88ccd9ddfddf8790025677620598fb262	f397a68bc00ca03191655de0ec6207b07787c3f7149dc5695928c65f8e4afc64	digest-scored
arms/A3b/c05-throttled-over-unanswered-rw/consumers.tsv	list-needsattn	ae list	0	0	differ	differ	aad4e8d2cfd241215ce3f10cd79dbee88ccd9ddfddf8790025677620598fb262	f397a68bc00ca03191655de0ec6207b07787c3f7149dc5695928c65f8e4afc64	human-differ
arms/A3b/c05-throttled-over-unanswered-rw/consumers.tsv	list-needsattn-json	ae list	0	0	pass	empty-ok	aad4e8d2cfd241215ce3f10cd79dbee88ccd9ddfddf8790025677620598fb262	f397a68bc00ca03191655de0ec6207b07787c3f7149dc5695928c65f8e4afc64	digest-scored
arms/A3b/c05-throttled-over-unanswered-rw/consumers.tsv	list-active	ae list	0	0	differ	differ	aad4e8d2cfd241215ce3f10cd79dbee88ccd9ddfddf8790025677620598fb262	f397a68bc00ca03191655de0ec6207b07787c3f7149dc5695928c65f8e4afc64	human-differ
arms/A3b/c05-throttled-over-unanswered-rw/consumers.tsv	list-active-json	ae list	0	0	pass	empty-ok	aad4e8d2cfd241215ce3f10cd79dbee88ccd9ddfddf8790025677620598fb262	f397a68bc00ca03191655de0ec6207b07787c3f7149dc5695928c65f8e4afc64	digest-scored
arms/A3b/c05-throttled-over-unanswered-rw/consumers.tsv	requests-all	helper:requests	0	-	unimplemented	unimplemented	-	f397a68bc00ca03191655de0ec6207b07787c3f7149dc5695928c65f8e4afc64	helper-not-in-rust-cli
arms/A3b/c06-competing-noclear-ro/consumers.tsv	list	ae list	0	0	differ	differ	8de9b73703f0e1284fbf7223eb33b052deba03e8a86c335116f5207fd513ec7b	7596649ff596114dc7e375f6d8cc4648a4355a9ff48bdb81ae5b8c293a049166	human-differ
arms/A3b/c06-competing-noclear-ro/consumers.tsv	list-json	ae list	0	0	pass	empty-ok	8de9b73703f0e1284fbf7223eb33b052deba03e8a86c335116f5207fd513ec7b	7596649ff596114dc7e375f6d8cc4648a4355a9ff48bdb81ae5b8c293a049166	digest-scored
arms/A3b/c06-competing-noclear-ro/consumers.tsv	list-all-json	ae list	0	0	pass	empty-ok	8de9b73703f0e1284fbf7223eb33b052deba03e8a86c335116f5207fd513ec7b	7596649ff596114dc7e375f6d8cc4648a4355a9ff48bdb81ae5b8c293a049166	digest-scored
arms/A3b/c06-competing-noclear-ro/consumers.tsv	list-needsattn	ae list	0	0	differ	differ	8de9b73703f0e1284fbf7223eb33b052deba03e8a86c335116f5207fd513ec7b	7596649ff596114dc7e375f6d8cc4648a4355a9ff48bdb81ae5b8c293a049166	human-differ
arms/A3b/c06-competing-noclear-ro/consumers.tsv	list-needsattn-json	ae list	0	0	pass	empty-ok	8de9b73703f0e1284fbf7223eb33b052deba03e8a86c335116f5207fd513ec7b	7596649ff596114dc7e375f6d8cc4648a4355a9ff48bdb81ae5b8c293a049166	digest-scored
arms/A3b/c06-competing-noclear-ro/consumers.tsv	list-active	ae list	0	0	differ	differ	8de9b73703f0e1284fbf7223eb33b052deba03e8a86c335116f5207fd513ec7b	7596649ff596114dc7e375f6d8cc4648a4355a9ff48bdb81ae5b8c293a049166	human-differ
arms/A3b/c06-competing-noclear-ro/consumers.tsv	list-active-json	ae list	0	0	pass	empty-ok	8de9b73703f0e1284fbf7223eb33b052deba03e8a86c335116f5207fd513ec7b	7596649ff596114dc7e375f6d8cc4648a4355a9ff48bdb81ae5b8c293a049166	digest-scored
arms/A3b/c06-competing-noclear-ro/consumers.tsv	requests-all	helper:requests	0	-	unimplemented	unimplemented	-	7596649ff596114dc7e375f6d8cc4648a4355a9ff48bdb81ae5b8c293a049166	helper-not-in-rust-cli
arms/A3b/c06-competing-noclear-rw/consumers.tsv	list	ae list	0	0	differ	differ	8de9b73703f0e1284fbf7223eb33b052deba03e8a86c335116f5207fd513ec7b	47bbcb7b8c71b6a6bcb3762879d8a5ddf6444885d18e090bb4d8813e0a09bdbd	human-differ
arms/A3b/c06-competing-noclear-rw/consumers.tsv	list-json	ae list	0	0	pass	empty-ok	8de9b73703f0e1284fbf7223eb33b052deba03e8a86c335116f5207fd513ec7b	47bbcb7b8c71b6a6bcb3762879d8a5ddf6444885d18e090bb4d8813e0a09bdbd	digest-scored
arms/A3b/c06-competing-noclear-rw/consumers.tsv	list-all-json	ae list	0	0	pass	empty-ok	8de9b73703f0e1284fbf7223eb33b052deba03e8a86c335116f5207fd513ec7b	47bbcb7b8c71b6a6bcb3762879d8a5ddf6444885d18e090bb4d8813e0a09bdbd	digest-scored
arms/A3b/c06-competing-noclear-rw/consumers.tsv	list-needsattn	ae list	0	0	differ	differ	8de9b73703f0e1284fbf7223eb33b052deba03e8a86c335116f5207fd513ec7b	47bbcb7b8c71b6a6bcb3762879d8a5ddf6444885d18e090bb4d8813e0a09bdbd	human-differ
arms/A3b/c06-competing-noclear-rw/consumers.tsv	list-needsattn-json	ae list	0	0	pass	empty-ok	8de9b73703f0e1284fbf7223eb33b052deba03e8a86c335116f5207fd513ec7b	47bbcb7b8c71b6a6bcb3762879d8a5ddf6444885d18e090bb4d8813e0a09bdbd	digest-scored
arms/A3b/c06-competing-noclear-rw/consumers.tsv	list-active	ae list	0	0	differ	differ	8de9b73703f0e1284fbf7223eb33b052deba03e8a86c335116f5207fd513ec7b	47bbcb7b8c71b6a6bcb3762879d8a5ddf6444885d18e090bb4d8813e0a09bdbd	human-differ
arms/A3b/c06-competing-noclear-rw/consumers.tsv	list-active-json	ae list	0	0	pass	empty-ok	8de9b73703f0e1284fbf7223eb33b052deba03e8a86c335116f5207fd513ec7b	47bbcb7b8c71b6a6bcb3762879d8a5ddf6444885d18e090bb4d8813e0a09bdbd	digest-scored
arms/A3b/c06-competing-noclear-rw/consumers.tsv	requests-all	helper:requests	0	-	unimplemented	unimplemented	-	47bbcb7b8c71b6a6bcb3762879d8a5ddf6444885d18e090bb4d8813e0a09bdbd	helper-not-in-rust-cli
arms/A4/c01-status-live-live/consumers.tsv	list	ae list	0	-	no-template	no-template	-		no-template
arms/A4/c01-status-live-live/consumers.tsv	list-json	ae list	0	-	no-template	no-template	-		no-template
arms/A4/c02-status-016b-live/consumers.tsv	list	ae list	0	-	no-template	no-template	-		no-template
arms/A4/c02-status-016b-live/consumers.tsv	list-json	ae list	0	-	no-template	no-template	-		no-template
arms/A4/c03-next-noattach-ro/consumers.tsv	list-needsattn-json	ae list	0	0	pass	empty-ok	beb78777b5a4734e2c4c455e02a773e37e8e703d53d49159ff08050a30c468ab	30d1803e4b1dffb513cab1c409cbfda50033411f60e9eefc4e8fe02c1fb2311f	digest-scored
arms/A4/c03-next-noattach-rw/consumers.tsv	list-needsattn-json	ae list	0	0	pass	empty-ok	beb78777b5a4734e2c4c455e02a773e37e8e703d53d49159ff08050a30c468ab	a5b346582285e0b90f6aa3ebab5a5abf0faba841c384a077794b973ae95e4b0b	digest-scored
arms/A6/a6-c01-m1-control-ro/consumers.tsv	requests-all	helper:requests	0	-	unimplemented	unimplemented	-	fad76e71451d28616d5fee1fa330a6ab23bf5a5545b0ea12a3a748f04ad72205	helper-not-in-rust-cli
arms/A6/a6-c01-m1-control-ro/consumers.tsv	requests-mine	helper:requests	1	-	unimplemented	unimplemented	-	fad76e71451d28616d5fee1fa330a6ab23bf5a5545b0ea12a3a748f04ad72205	helper-not-in-rust-cli
arms/A6/a6-c01-m1-control-ro/consumers.tsv	requests-inbox	helper:requests	1	-	unimplemented	unimplemented	-	fad76e71451d28616d5fee1fa330a6ab23bf5a5545b0ea12a3a748f04ad72205	helper-not-in-rust-cli
arms/A6/a6-c01-m1-control-ro/consumers.tsv	list-json	ae list	0	0	pass	empty-ok	9cdda075d02afa0d1acb75fa4bab894cf2a913bcf808b82caeb6d2504c75f5f0	fad76e71451d28616d5fee1fa330a6ab23bf5a5545b0ea12a3a748f04ad72205	digest-scored
arms/A6/a6-c01-m1-control-rw/consumers.tsv	requests-all	helper:requests	0	-	unimplemented	unimplemented	-	28dc10300e4bb7b260b1e9273cf6bddf2189910ff4e783f4d8eb346436b4cc04	helper-not-in-rust-cli
arms/A6/a6-c01-m1-control-rw/consumers.tsv	requests-mine	helper:requests	1	-	unimplemented	unimplemented	-	28dc10300e4bb7b260b1e9273cf6bddf2189910ff4e783f4d8eb346436b4cc04	helper-not-in-rust-cli
arms/A6/a6-c01-m1-control-rw/consumers.tsv	requests-inbox	helper:requests	1	-	unimplemented	unimplemented	-	28dc10300e4bb7b260b1e9273cf6bddf2189910ff4e783f4d8eb346436b4cc04	helper-not-in-rust-cli
arms/A6/a6-c01-m1-control-rw/consumers.tsv	list-json	ae list	0	0	pass	empty-ok	9cdda075d02afa0d1acb75fa4bab894cf2a913bcf808b82caeb6d2504c75f5f0	28dc10300e4bb7b260b1e9273cf6bddf2189910ff4e783f4d8eb346436b4cc04	digest-scored
arms/A6/a6-c02-m2-wrong-ref-ro/consumers.tsv	requests-all	helper:requests	0	-	unimplemented	unimplemented	-	779e7deb29e2138092219022404412d7dab0582d8f826ed41d93697fc2efa394	helper-not-in-rust-cli
arms/A6/a6-c02-m2-wrong-ref-ro/consumers.tsv	requests-mine	helper:requests	1	-	unimplemented	unimplemented	-	779e7deb29e2138092219022404412d7dab0582d8f826ed41d93697fc2efa394	helper-not-in-rust-cli
arms/A6/a6-c02-m2-wrong-ref-ro/consumers.tsv	requests-inbox	helper:requests	1	-	unimplemented	unimplemented	-	779e7deb29e2138092219022404412d7dab0582d8f826ed41d93697fc2efa394	helper-not-in-rust-cli
arms/A6/a6-c02-m2-wrong-ref-ro/consumers.tsv	list-json	ae list	0	0	pass	empty-ok	2628f12cb4ff9cbde27e4bdc2e68df29e569c1a31ec79d26cd56008c3314422e	779e7deb29e2138092219022404412d7dab0582d8f826ed41d93697fc2efa394	digest-scored
arms/A6/a6-c02-m2-wrong-ref-rw/consumers.tsv	requests-all	helper:requests	0	-	unimplemented	unimplemented	-	886e4cca0949bf281e58e287359141b652ab8456c5c92bff9556a9b1b3c0cab1	helper-not-in-rust-cli
arms/A6/a6-c02-m2-wrong-ref-rw/consumers.tsv	requests-mine	helper:requests	1	-	unimplemented	unimplemented	-	886e4cca0949bf281e58e287359141b652ab8456c5c92bff9556a9b1b3c0cab1	helper-not-in-rust-cli
arms/A6/a6-c02-m2-wrong-ref-rw/consumers.tsv	requests-inbox	helper:requests	1	-	unimplemented	unimplemented	-	886e4cca0949bf281e58e287359141b652ab8456c5c92bff9556a9b1b3c0cab1	helper-not-in-rust-cli
arms/A6/a6-c02-m2-wrong-ref-rw/consumers.tsv	list-json	ae list	0	0	pass	empty-ok	2628f12cb4ff9cbde27e4bdc2e68df29e569c1a31ec79d26cd56008c3314422e	886e4cca0949bf281e58e287359141b652ab8456c5c92bff9556a9b1b3c0cab1	digest-scored
arms/A6/a6-c03-m3-wrong-actor-ro/consumers.tsv	requests-all	helper:requests	0	-	unimplemented	unimplemented	-	8b6e96f784a004283d32a4dfa03ba9e306af305c0616e333460b461f22e2a8e3	helper-not-in-rust-cli
arms/A6/a6-c03-m3-wrong-actor-ro/consumers.tsv	requests-mine	helper:requests	1	-	unimplemented	unimplemented	-	8b6e96f784a004283d32a4dfa03ba9e306af305c0616e333460b461f22e2a8e3	helper-not-in-rust-cli
arms/A6/a6-c03-m3-wrong-actor-ro/consumers.tsv	requests-inbox	helper:requests	1	-	unimplemented	unimplemented	-	8b6e96f784a004283d32a4dfa03ba9e306af305c0616e333460b461f22e2a8e3	helper-not-in-rust-cli
arms/A6/a6-c03-m3-wrong-actor-ro/consumers.tsv	list-json	ae list	0	0	pass	empty-ok	f2f4a9a1d92d9582ff749a046804277a4f943c5bb6005f5e9a893681dc6eb4b3	8b6e96f784a004283d32a4dfa03ba9e306af305c0616e333460b461f22e2a8e3	digest-scored
arms/A6/a6-c03-m3-wrong-actor-rw/consumers.tsv	requests-all	helper:requests	0	-	unimplemented	unimplemented	-	6757b54db877496486ca4a89d86b0ed084bbad6183bb0bf8d89baf44cd65d257	helper-not-in-rust-cli
arms/A6/a6-c03-m3-wrong-actor-rw/consumers.tsv	requests-mine	helper:requests	1	-	unimplemented	unimplemented	-	6757b54db877496486ca4a89d86b0ed084bbad6183bb0bf8d89baf44cd65d257	helper-not-in-rust-cli
arms/A6/a6-c03-m3-wrong-actor-rw/consumers.tsv	requests-inbox	helper:requests	1	-	unimplemented	unimplemented	-	6757b54db877496486ca4a89d86b0ed084bbad6183bb0bf8d89baf44cd65d257	helper-not-in-rust-cli
arms/A6/a6-c03-m3-wrong-actor-rw/consumers.tsv	list-json	ae list	0	0	pass	empty-ok	f2f4a9a1d92d9582ff749a046804277a4f943c5bb6005f5e9a893681dc6eb4b3	6757b54db877496486ca4a89d86b0ed084bbad6183bb0bf8d89baf44cd65d257	digest-scored
arms/A6/a6-c04-m4-wrong-target-ro/consumers.tsv	requests-all	helper:requests	0	-	unimplemented	unimplemented	-	7910a388cbfd7619f5fdce05d44707214a8d83adf4fa1dbfc9e04b983860eaaf	helper-not-in-rust-cli
arms/A6/a6-c04-m4-wrong-target-ro/consumers.tsv	requests-mine	helper:requests	1	-	unimplemented	unimplemented	-	7910a388cbfd7619f5fdce05d44707214a8d83adf4fa1dbfc9e04b983860eaaf	helper-not-in-rust-cli
arms/A6/a6-c04-m4-wrong-target-ro/consumers.tsv	requests-inbox	helper:requests	1	-	unimplemented	unimplemented	-	7910a388cbfd7619f5fdce05d44707214a8d83adf4fa1dbfc9e04b983860eaaf	helper-not-in-rust-cli
arms/A6/a6-c04-m4-wrong-target-ro/consumers.tsv	list-json	ae list	0	0	pass	empty-ok	2089fc33e8d9d1390e3e035fbf4ef0abdcd49322051767ecd0d7bff13c8b7828	7910a388cbfd7619f5fdce05d44707214a8d83adf4fa1dbfc9e04b983860eaaf	digest-scored
arms/A6/a6-c04-m4-wrong-target-rw/consumers.tsv	requests-all	helper:requests	0	-	unimplemented	unimplemented	-	b39dd916d0937584e0bc0e88afb8f206c0ba8dceded78ae69fb83c3f6c8b76ae	helper-not-in-rust-cli
arms/A6/a6-c04-m4-wrong-target-rw/consumers.tsv	requests-mine	helper:requests	1	-	unimplemented	unimplemented	-	b39dd916d0937584e0bc0e88afb8f206c0ba8dceded78ae69fb83c3f6c8b76ae	helper-not-in-rust-cli
arms/A6/a6-c04-m4-wrong-target-rw/consumers.tsv	requests-inbox	helper:requests	1	-	unimplemented	unimplemented	-	b39dd916d0937584e0bc0e88afb8f206c0ba8dceded78ae69fb83c3f6c8b76ae	helper-not-in-rust-cli
arms/A6/a6-c04-m4-wrong-target-rw/consumers.tsv	list-json	ae list	0	0	pass	empty-ok	2089fc33e8d9d1390e3e035fbf4ef0abdcd49322051767ecd0d7bff13c8b7828	b39dd916d0937584e0bc0e88afb8f206c0ba8dceded78ae69fb83c3f6c8b76ae	digest-scored
arms/A6/a6-c05-m5-routed-vs-routed-mismatch-ro/consumers.tsv	requests-all	helper:requests	0	-	unimplemented	unimplemented	-	3c8cf713fd7ca99b4ad30c3c99ab08259dbd7d0f6c9a47cfc44cb88d63526b95	helper-not-in-rust-cli
arms/A6/a6-c05-m5-routed-vs-routed-mismatch-ro/consumers.tsv	requests-mine	helper:requests	1	-	unimplemented	unimplemented	-	3c8cf713fd7ca99b4ad30c3c99ab08259dbd7d0f6c9a47cfc44cb88d63526b95	helper-not-in-rust-cli
arms/A6/a6-c05-m5-routed-vs-routed-mismatch-ro/consumers.tsv	requests-inbox	helper:requests	1	-	unimplemented	unimplemented	-	3c8cf713fd7ca99b4ad30c3c99ab08259dbd7d0f6c9a47cfc44cb88d63526b95	helper-not-in-rust-cli
arms/A6/a6-c05-m5-routed-vs-routed-mismatch-ro/consumers.tsv	list-json	ae list	0	0	pass	empty-ok	ed218e5f5201b575eb40f2b3261800aaa2dcccc324e28c6e31bb657e26ffb9b0	3c8cf713fd7ca99b4ad30c3c99ab08259dbd7d0f6c9a47cfc44cb88d63526b95	digest-scored
arms/A6/a6-c05-m5-routed-vs-routed-mismatch-rw/consumers.tsv	requests-all	helper:requests	0	-	unimplemented	unimplemented	-	99b236f7fa50620ae90d18c88252257a32db3478d74f7567496751f83c5a36af	helper-not-in-rust-cli
arms/A6/a6-c05-m5-routed-vs-routed-mismatch-rw/consumers.tsv	requests-mine	helper:requests	1	-	unimplemented	unimplemented	-	99b236f7fa50620ae90d18c88252257a32db3478d74f7567496751f83c5a36af	helper-not-in-rust-cli
arms/A6/a6-c05-m5-routed-vs-routed-mismatch-rw/consumers.tsv	requests-inbox	helper:requests	1	-	unimplemented	unimplemented	-	99b236f7fa50620ae90d18c88252257a32db3478d74f7567496751f83c5a36af	helper-not-in-rust-cli
arms/A6/a6-c05-m5-routed-vs-routed-mismatch-rw/consumers.tsv	list-json	ae list	0	0	pass	empty-ok	ed218e5f5201b575eb40f2b3261800aaa2dcccc324e28c6e31bb657e26ffb9b0	99b236f7fa50620ae90d18c88252257a32db3478d74f7567496751f83c5a36af	digest-scored
arms/A6/a6-c06-m6-mixed-routed-display-ro/consumers.tsv	requests-all	helper:requests	0	-	unimplemented	unimplemented	-	3683b2d418628bc0a004d576a7e3de39752aa4350002aae24a61991358277edc	helper-not-in-rust-cli
arms/A6/a6-c06-m6-mixed-routed-display-ro/consumers.tsv	requests-mine	helper:requests	1	-	unimplemented	unimplemented	-	3683b2d418628bc0a004d576a7e3de39752aa4350002aae24a61991358277edc	helper-not-in-rust-cli
arms/A6/a6-c06-m6-mixed-routed-display-ro/consumers.tsv	requests-inbox	helper:requests	1	-	unimplemented	unimplemented	-	3683b2d418628bc0a004d576a7e3de39752aa4350002aae24a61991358277edc	helper-not-in-rust-cli
arms/A6/a6-c06-m6-mixed-routed-display-ro/consumers.tsv	list-json	ae list	0	0	pass	empty-ok	d8185070809efdab9a1ebc44b38053be5487ea9556b17a96f4ecb3ed58384284	3683b2d418628bc0a004d576a7e3de39752aa4350002aae24a61991358277edc	digest-scored
arms/A6/a6-c06-m6-mixed-routed-display-rw/consumers.tsv	requests-all	helper:requests	0	-	unimplemented	unimplemented	-	dc659e622fd3217bf5276223336db604bc1f14cfd704dd64c38abc3fb4f05078	helper-not-in-rust-cli
arms/A6/a6-c06-m6-mixed-routed-display-rw/consumers.tsv	requests-mine	helper:requests	1	-	unimplemented	unimplemented	-	dc659e622fd3217bf5276223336db604bc1f14cfd704dd64c38abc3fb4f05078	helper-not-in-rust-cli
arms/A6/a6-c06-m6-mixed-routed-display-rw/consumers.tsv	requests-inbox	helper:requests	1	-	unimplemented	unimplemented	-	dc659e622fd3217bf5276223336db604bc1f14cfd704dd64c38abc3fb4f05078	helper-not-in-rust-cli
arms/A6/a6-c06-m6-mixed-routed-display-rw/consumers.tsv	list-json	ae list	0	0	pass	empty-ok	d8185070809efdab9a1ebc44b38053be5487ea9556b17a96f4ecb3ed58384284	dc659e622fd3217bf5276223336db604bc1f14cfd704dd64c38abc3fb4f05078	digest-scored
arms/A6/a6-threshold-fixed-clock/consumers.tsv	age10_list_json	ae list	0	0	pass	empty-ok	296db8425a9903a783dd1a7ce0a4cd76c5b40d5d082c3c62d6519c2e434910dd	e3b001a06f56b2635329ae424bbd55ce13e796a091ff11df9099ba5be8388981	digest-scored
arms/A6/a6-threshold-fixed-clock/consumers.tsv	age10_list_needsattn	ae list	0	0	differ	differ	296db8425a9903a783dd1a7ce0a4cd76c5b40d5d082c3c62d6519c2e434910dd	e3b001a06f56b2635329ae424bbd55ce13e796a091ff11df9099ba5be8388981	human-differ
arms/A6/a6-threshold-fixed-clock/consumers.tsv	age1799_list_json	ae list	0	0	pass	empty-ok	296db8425a9903a783dd1a7ce0a4cd76c5b40d5d082c3c62d6519c2e434910dd	e3b001a06f56b2635329ae424bbd55ce13e796a091ff11df9099ba5be8388981	digest-scored
arms/A6/a6-threshold-fixed-clock/consumers.tsv	age1799_list_needsattn	ae list	0	0	differ	differ	296db8425a9903a783dd1a7ce0a4cd76c5b40d5d082c3c62d6519c2e434910dd	e3b001a06f56b2635329ae424bbd55ce13e796a091ff11df9099ba5be8388981	human-differ
arms/A6/a6-threshold-fixed-clock/consumers.tsv	age1800_list_json	ae list	0	0	pass	empty-ok	296db8425a9903a783dd1a7ce0a4cd76c5b40d5d082c3c62d6519c2e434910dd	e3b001a06f56b2635329ae424bbd55ce13e796a091ff11df9099ba5be8388981	digest-scored
arms/A6/a6-threshold-fixed-clock/consumers.tsv	age1800_list_needsattn	ae list	0	0	differ	differ	296db8425a9903a783dd1a7ce0a4cd76c5b40d5d082c3c62d6519c2e434910dd	e3b001a06f56b2635329ae424bbd55ce13e796a091ff11df9099ba5be8388981	human-differ
arms/A6/a6-threshold-fixed-clock/consumers.tsv	age1801_list_json	ae list	0	0	pass	empty-ok	296db8425a9903a783dd1a7ce0a4cd76c5b40d5d082c3c62d6519c2e434910dd	e3b001a06f56b2635329ae424bbd55ce13e796a091ff11df9099ba5be8388981	digest-scored
arms/A6/a6-threshold-fixed-clock/consumers.tsv	age1801_list_needsattn	ae list	0	0	differ	differ	296db8425a9903a783dd1a7ce0a4cd76c5b40d5d082c3c62d6519c2e434910dd	e3b001a06f56b2635329ae424bbd55ce13e796a091ff11df9099ba5be8388981	human-differ
arms/A6/a6-threshold-fixed-clock/consumers.tsv	age100000_list_json	ae list	0	0	pass	empty-ok	296db8425a9903a783dd1a7ce0a4cd76c5b40d5d082c3c62d6519c2e434910dd	e3b001a06f56b2635329ae424bbd55ce13e796a091ff11df9099ba5be8388981	digest-scored
arms/A6/a6-threshold-fixed-clock/consumers.tsv	age100000_list_needsattn	ae list	0	0	differ	differ	296db8425a9903a783dd1a7ce0a4cd76c5b40d5d082c3c62d6519c2e434910dd	e3b001a06f56b2635329ae424bbd55ce13e796a091ff11df9099ba5be8388981	human-differ
arms/A6/a6-threshold-fixed-clock/consumers.tsv	env_unset_list_json	ae list	0	0	pass	empty-ok	296db8425a9903a783dd1a7ce0a4cd76c5b40d5d082c3c62d6519c2e434910dd	e3b001a06f56b2635329ae424bbd55ce13e796a091ff11df9099ba5be8388981	digest-scored
arms/A6/a6-threshold-fixed-clock/consumers.tsv	env_500_list_json	ae list	0	0	pass	empty-ok	296db8425a9903a783dd1a7ce0a4cd76c5b40d5d082c3c62d6519c2e434910dd	e3b001a06f56b2635329ae424bbd55ce13e796a091ff11df9099ba5be8388981	digest-scored
arms/A6/a6-threshold-fixed-clock/consumers.tsv	env_900x_list_json	ae list	0	0	pass	empty-ok	296db8425a9903a783dd1a7ce0a4cd76c5b40d5d082c3c62d6519c2e434910dd	e3b001a06f56b2635329ae424bbd55ce13e796a091ff11df9099ba5be8388981	digest-scored
arms/A7/a7-c01-meta-multi-equals-ro/consumers.tsv	list	ae list	0	0	differ	differ	8e37df2e1e7c7975de6d1fc3de436fc594e5cd7855899233438355e1fb418628	cc25fcd22ba8a493f0899c15fe4ad217e4b2adffbb8be69494ee4975ab3da260	human-differ
arms/A7/a7-c01-meta-multi-equals-ro/consumers.tsv	list-json	ae list	0	0	pass	empty-ok	8e37df2e1e7c7975de6d1fc3de436fc594e5cd7855899233438355e1fb418628	cc25fcd22ba8a493f0899c15fe4ad217e4b2adffbb8be69494ee4975ab3da260	digest-scored
arms/A7/a7-c01-meta-multi-equals-ro/consumers.tsv	list-all	ae list	0	0	differ	differ	8e37df2e1e7c7975de6d1fc3de436fc594e5cd7855899233438355e1fb418628	cc25fcd22ba8a493f0899c15fe4ad217e4b2adffbb8be69494ee4975ab3da260	human-differ
arms/A7/a7-c01-meta-multi-equals-ro/consumers.tsv	list-all-json	ae list	0	0	pass	empty-ok	8e37df2e1e7c7975de6d1fc3de436fc594e5cd7855899233438355e1fb418628	cc25fcd22ba8a493f0899c15fe4ad217e4b2adffbb8be69494ee4975ab3da260	digest-scored
arms/A7/a7-c01-meta-multi-equals-ro/consumers.tsv	requests-all	helper:requests	0	-	unimplemented	unimplemented	-	cc25fcd22ba8a493f0899c15fe4ad217e4b2adffbb8be69494ee4975ab3da260	helper-not-in-rust-cli
arms/A7/a7-c01-meta-multi-equals-rw/consumers.tsv	list	ae list	0	0	differ	differ	8e37df2e1e7c7975de6d1fc3de436fc594e5cd7855899233438355e1fb418628	7a8388b0822834920abe2242895c92f46c92079c7aeb6f2aa6a545a419220fd8	human-differ
arms/A7/a7-c01-meta-multi-equals-rw/consumers.tsv	list-json	ae list	0	0	pass	empty-ok	8e37df2e1e7c7975de6d1fc3de436fc594e5cd7855899233438355e1fb418628	7a8388b0822834920abe2242895c92f46c92079c7aeb6f2aa6a545a419220fd8	digest-scored
arms/A7/a7-c01-meta-multi-equals-rw/consumers.tsv	list-all	ae list	0	0	differ	differ	8e37df2e1e7c7975de6d1fc3de436fc594e5cd7855899233438355e1fb418628	7a8388b0822834920abe2242895c92f46c92079c7aeb6f2aa6a545a419220fd8	human-differ
arms/A7/a7-c01-meta-multi-equals-rw/consumers.tsv	list-all-json	ae list	0	0	pass	empty-ok	8e37df2e1e7c7975de6d1fc3de436fc594e5cd7855899233438355e1fb418628	7a8388b0822834920abe2242895c92f46c92079c7aeb6f2aa6a545a419220fd8	digest-scored
arms/A7/a7-c01-meta-multi-equals-rw/consumers.tsv	requests-all	helper:requests	0	-	unimplemented	unimplemented	-	7a8388b0822834920abe2242895c92f46c92079c7aeb6f2aa6a545a419220fd8	helper-not-in-rust-cli
arms/A7/a7-c02-meta-duplicate-key-ro/consumers.tsv	list	ae list	0	0	differ	differ	272e1d08eda6e62381875ea3416be17f03eddc44268a4b03b949454f46a97f07	4845e6721e72b08ad0b55e7af3379f64a95ff67960976a1bd0810d375b508ff0	human-differ
arms/A7/a7-c02-meta-duplicate-key-ro/consumers.tsv	list-json	ae list	0	0	pass	empty-ok	272e1d08eda6e62381875ea3416be17f03eddc44268a4b03b949454f46a97f07	4845e6721e72b08ad0b55e7af3379f64a95ff67960976a1bd0810d375b508ff0	digest-scored
arms/A7/a7-c02-meta-duplicate-key-ro/consumers.tsv	list-all	ae list	0	0	differ	differ	272e1d08eda6e62381875ea3416be17f03eddc44268a4b03b949454f46a97f07	4845e6721e72b08ad0b55e7af3379f64a95ff67960976a1bd0810d375b508ff0	human-differ
arms/A7/a7-c02-meta-duplicate-key-ro/consumers.tsv	list-all-json	ae list	0	0	pass	empty-ok	272e1d08eda6e62381875ea3416be17f03eddc44268a4b03b949454f46a97f07	4845e6721e72b08ad0b55e7af3379f64a95ff67960976a1bd0810d375b508ff0	digest-scored
arms/A7/a7-c02-meta-duplicate-key-ro/consumers.tsv	requests-all	helper:requests	0	-	unimplemented	unimplemented	-	4845e6721e72b08ad0b55e7af3379f64a95ff67960976a1bd0810d375b508ff0	helper-not-in-rust-cli
arms/A7/a7-c02-meta-duplicate-key-rw/consumers.tsv	list	ae list	0	0	differ	differ	272e1d08eda6e62381875ea3416be17f03eddc44268a4b03b949454f46a97f07	98a22d1c6c5cf97cdac15ffa3278293c0feb3d05bb37d77e3764eb163a476321	human-differ
arms/A7/a7-c02-meta-duplicate-key-rw/consumers.tsv	list-json	ae list	0	0	pass	empty-ok	272e1d08eda6e62381875ea3416be17f03eddc44268a4b03b949454f46a97f07	98a22d1c6c5cf97cdac15ffa3278293c0feb3d05bb37d77e3764eb163a476321	digest-scored
arms/A7/a7-c02-meta-duplicate-key-rw/consumers.tsv	list-all	ae list	0	0	differ	differ	272e1d08eda6e62381875ea3416be17f03eddc44268a4b03b949454f46a97f07	98a22d1c6c5cf97cdac15ffa3278293c0feb3d05bb37d77e3764eb163a476321	human-differ
arms/A7/a7-c02-meta-duplicate-key-rw/consumers.tsv	list-all-json	ae list	0	0	pass	empty-ok	272e1d08eda6e62381875ea3416be17f03eddc44268a4b03b949454f46a97f07	98a22d1c6c5cf97cdac15ffa3278293c0feb3d05bb37d77e3764eb163a476321	digest-scored
arms/A7/a7-c02-meta-duplicate-key-rw/consumers.tsv	requests-all	helper:requests	0	-	unimplemented	unimplemented	-	98a22d1c6c5cf97cdac15ffa3278293c0feb3d05bb37d77e3764eb163a476321	helper-not-in-rust-cli
arms/A7/a7-c03-meta-unknown-keys-ro/consumers.tsv	list	ae list	0	0	differ	differ	d98f367c888f1536a27f2642db30c25bed7ba377bd17bdb0b67f9bb69470fb66	e8f8e99e3976a7de9e597dc9bd76de02766171f21908b147d514c13821b97c20	human-differ
arms/A7/a7-c03-meta-unknown-keys-ro/consumers.tsv	list-json	ae list	0	0	pass	empty-ok	d98f367c888f1536a27f2642db30c25bed7ba377bd17bdb0b67f9bb69470fb66	e8f8e99e3976a7de9e597dc9bd76de02766171f21908b147d514c13821b97c20	digest-scored
arms/A7/a7-c03-meta-unknown-keys-ro/consumers.tsv	list-all	ae list	0	0	differ	differ	d98f367c888f1536a27f2642db30c25bed7ba377bd17bdb0b67f9bb69470fb66	e8f8e99e3976a7de9e597dc9bd76de02766171f21908b147d514c13821b97c20	human-differ
arms/A7/a7-c03-meta-unknown-keys-ro/consumers.tsv	list-all-json	ae list	0	0	pass	empty-ok	d98f367c888f1536a27f2642db30c25bed7ba377bd17bdb0b67f9bb69470fb66	e8f8e99e3976a7de9e597dc9bd76de02766171f21908b147d514c13821b97c20	digest-scored
arms/A7/a7-c03-meta-unknown-keys-ro/consumers.tsv	requests-all	helper:requests	0	-	unimplemented	unimplemented	-	e8f8e99e3976a7de9e597dc9bd76de02766171f21908b147d514c13821b97c20	helper-not-in-rust-cli
arms/A7/a7-c03-meta-unknown-keys-rw/consumers.tsv	list	ae list	0	0	differ	differ	d98f367c888f1536a27f2642db30c25bed7ba377bd17bdb0b67f9bb69470fb66	2e6d148627736058c398bdeb40169c564a61e784ab51cadb22eb2f62547ffa50	human-differ
arms/A7/a7-c03-meta-unknown-keys-rw/consumers.tsv	list-json	ae list	0	0	pass	empty-ok	d98f367c888f1536a27f2642db30c25bed7ba377bd17bdb0b67f9bb69470fb66	2e6d148627736058c398bdeb40169c564a61e784ab51cadb22eb2f62547ffa50	digest-scored
arms/A7/a7-c03-meta-unknown-keys-rw/consumers.tsv	list-all	ae list	0	0	differ	differ	d98f367c888f1536a27f2642db30c25bed7ba377bd17bdb0b67f9bb69470fb66	2e6d148627736058c398bdeb40169c564a61e784ab51cadb22eb2f62547ffa50	human-differ
arms/A7/a7-c03-meta-unknown-keys-rw/consumers.tsv	list-all-json	ae list	0	0	pass	empty-ok	d98f367c888f1536a27f2642db30c25bed7ba377bd17bdb0b67f9bb69470fb66	2e6d148627736058c398bdeb40169c564a61e784ab51cadb22eb2f62547ffa50	digest-scored
arms/A7/a7-c03-meta-unknown-keys-rw/consumers.tsv	requests-all	helper:requests	0	-	unimplemented	unimplemented	-	2e6d148627736058c398bdeb40169c564a61e784ab51cadb22eb2f62547ffa50	helper-not-in-rust-cli
arms/A7/a7-c04-healthy-baseline-ro/consumers.tsv	list	ae list	0	0	differ	differ	2f1b2ea3f8bfcc3a950686c788aed33b4fb91eae0699b0304f28784ebd0cd8e8	c940ecaed0bba78bb6b78f7a286ed3c65f601aa18f5a0babda6d2910aa062f18	human-differ
arms/A7/a7-c04-healthy-baseline-ro/consumers.tsv	list-json	ae list	0	0	pass	empty-ok	2f1b2ea3f8bfcc3a950686c788aed33b4fb91eae0699b0304f28784ebd0cd8e8	c940ecaed0bba78bb6b78f7a286ed3c65f601aa18f5a0babda6d2910aa062f18	digest-scored
arms/A7/a7-c04-healthy-baseline-ro/consumers.tsv	list-all	ae list	0	0	differ	differ	2f1b2ea3f8bfcc3a950686c788aed33b4fb91eae0699b0304f28784ebd0cd8e8	c940ecaed0bba78bb6b78f7a286ed3c65f601aa18f5a0babda6d2910aa062f18	human-differ
arms/A7/a7-c04-healthy-baseline-ro/consumers.tsv	list-all-json	ae list	0	0	pass	empty-ok	2f1b2ea3f8bfcc3a950686c788aed33b4fb91eae0699b0304f28784ebd0cd8e8	c940ecaed0bba78bb6b78f7a286ed3c65f601aa18f5a0babda6d2910aa062f18	digest-scored
arms/A7/a7-c04-healthy-baseline-ro/consumers.tsv	requests-all	helper:requests	0	-	unimplemented	unimplemented	-	c940ecaed0bba78bb6b78f7a286ed3c65f601aa18f5a0babda6d2910aa062f18	helper-not-in-rust-cli
arms/A7/a7-c04-healthy-baseline-rw/consumers.tsv	list	ae list	0	0	differ	differ	2f1b2ea3f8bfcc3a950686c788aed33b4fb91eae0699b0304f28784ebd0cd8e8	075d5a2c2b065c8511193a8b16ee9d7785ae91ce8d9ba3020d7bc40a171ff667	human-differ
arms/A7/a7-c04-healthy-baseline-rw/consumers.tsv	list-json	ae list	0	0	pass	empty-ok	2f1b2ea3f8bfcc3a950686c788aed33b4fb91eae0699b0304f28784ebd0cd8e8	075d5a2c2b065c8511193a8b16ee9d7785ae91ce8d9ba3020d7bc40a171ff667	digest-scored
arms/A7/a7-c04-healthy-baseline-rw/consumers.tsv	list-all	ae list	0	0	differ	differ	2f1b2ea3f8bfcc3a950686c788aed33b4fb91eae0699b0304f28784ebd0cd8e8	075d5a2c2b065c8511193a8b16ee9d7785ae91ce8d9ba3020d7bc40a171ff667	human-differ
arms/A7/a7-c04-healthy-baseline-rw/consumers.tsv	list-all-json	ae list	0	0	pass	empty-ok	2f1b2ea3f8bfcc3a950686c788aed33b4fb91eae0699b0304f28784ebd0cd8e8	075d5a2c2b065c8511193a8b16ee9d7785ae91ce8d9ba3020d7bc40a171ff667	digest-scored
arms/A7/a7-c04-healthy-baseline-rw/consumers.tsv	requests-all	helper:requests	0	-	unimplemented	unimplemented	-	075d5a2c2b065c8511193a8b16ee9d7785ae91ce8d9ba3020d7bc40a171ff667	helper-not-in-rust-cli
arms/A7/a7-c05-meta-mode-000-ro/consumers.tsv	list	ae list	0	0	differ	empty-ok	683f025c6304b8a4a8fe6d4ce16280c020246b0410841945ce7df68acc61795f	167845758dd6755ea404ebbb53bef4abc3ecdc8e0511d90ed566dd9c0169180f	human-differ
arms/A7/a7-c05-meta-mode-000-ro/consumers.tsv	list-json	ae list	0	0	pass	empty-ok	683f025c6304b8a4a8fe6d4ce16280c020246b0410841945ce7df68acc61795f	167845758dd6755ea404ebbb53bef4abc3ecdc8e0511d90ed566dd9c0169180f	digest-scored
arms/A7/a7-c05-meta-mode-000-ro/consumers.tsv	list-all	ae list	0	0	differ	differ	683f025c6304b8a4a8fe6d4ce16280c020246b0410841945ce7df68acc61795f	167845758dd6755ea404ebbb53bef4abc3ecdc8e0511d90ed566dd9c0169180f	human-differ
arms/A7/a7-c05-meta-mode-000-ro/consumers.tsv	list-all-json	ae list	0	0	pass	differ	683f025c6304b8a4a8fe6d4ce16280c020246b0410841945ce7df68acc61795f	167845758dd6755ea404ebbb53bef4abc3ecdc8e0511d90ed566dd9c0169180f	digest-scored
arms/A7/a7-c05-meta-mode-000-ro/consumers.tsv	requests-all	helper:requests	0	-	unimplemented	unimplemented	-	167845758dd6755ea404ebbb53bef4abc3ecdc8e0511d90ed566dd9c0169180f	helper-not-in-rust-cli
arms/A7/a7-c05-meta-mode-000-rw/consumers.tsv	list	ae list	0	0	differ	empty-ok	683f025c6304b8a4a8fe6d4ce16280c020246b0410841945ce7df68acc61795f	03fc645781ec224d20f5f6d11b0c87280197126af028f6047893d7dc8354a8f6	human-differ
arms/A7/a7-c05-meta-mode-000-rw/consumers.tsv	list-json	ae list	0	0	pass	empty-ok	683f025c6304b8a4a8fe6d4ce16280c020246b0410841945ce7df68acc61795f	03fc645781ec224d20f5f6d11b0c87280197126af028f6047893d7dc8354a8f6	digest-scored
arms/A7/a7-c05-meta-mode-000-rw/consumers.tsv	list-all	ae list	0	0	differ	differ	683f025c6304b8a4a8fe6d4ce16280c020246b0410841945ce7df68acc61795f	03fc645781ec224d20f5f6d11b0c87280197126af028f6047893d7dc8354a8f6	human-differ
arms/A7/a7-c05-meta-mode-000-rw/consumers.tsv	list-all-json	ae list	0	0	pass	differ	683f025c6304b8a4a8fe6d4ce16280c020246b0410841945ce7df68acc61795f	03fc645781ec224d20f5f6d11b0c87280197126af028f6047893d7dc8354a8f6	digest-scored
arms/A7/a7-c05-meta-mode-000-rw/consumers.tsv	requests-all	helper:requests	0	-	unimplemented	unimplemented	-	03fc645781ec224d20f5f6d11b0c87280197126af028f6047893d7dc8354a8f6	helper-not-in-rust-cli
arms/A7/a7-c06-goal-order-opposed-ro/consumers.tsv	list	ae list	0	0	differ	differ	38bbfd37f50e3850c93ba003f5e23e7d9f43706c389de36e61d59876704e1e99	3fcccfcdb884cee041ab947a94ef971763226ab1b05660c93727c1de4a1a8a2b	human-differ
arms/A7/a7-c06-goal-order-opposed-ro/consumers.tsv	list-json	ae list	0	0	pass	empty-ok	38bbfd37f50e3850c93ba003f5e23e7d9f43706c389de36e61d59876704e1e99	3fcccfcdb884cee041ab947a94ef971763226ab1b05660c93727c1de4a1a8a2b	digest-scored
arms/A7/a7-c06-goal-order-opposed-ro/consumers.tsv	list-all	ae list	0	0	differ	differ	38bbfd37f50e3850c93ba003f5e23e7d9f43706c389de36e61d59876704e1e99	3fcccfcdb884cee041ab947a94ef971763226ab1b05660c93727c1de4a1a8a2b	human-differ
arms/A7/a7-c06-goal-order-opposed-ro/consumers.tsv	list-all-json	ae list	0	0	pass	empty-ok	38bbfd37f50e3850c93ba003f5e23e7d9f43706c389de36e61d59876704e1e99	3fcccfcdb884cee041ab947a94ef971763226ab1b05660c93727c1de4a1a8a2b	digest-scored
arms/A7/a7-c06-goal-order-opposed-ro/consumers.tsv	requests-all	helper:requests	0	-	unimplemented	unimplemented	-	3fcccfcdb884cee041ab947a94ef971763226ab1b05660c93727c1de4a1a8a2b	helper-not-in-rust-cli
arms/A7/a7-c06-goal-order-opposed-rw/consumers.tsv	list	ae list	0	0	differ	differ	38bbfd37f50e3850c93ba003f5e23e7d9f43706c389de36e61d59876704e1e99	b42f26403913bdbb3995a40b3bf5ce750e65bab5bb1b93747d162e73f9855e89	human-differ
arms/A7/a7-c06-goal-order-opposed-rw/consumers.tsv	list-json	ae list	0	0	pass	empty-ok	38bbfd37f50e3850c93ba003f5e23e7d9f43706c389de36e61d59876704e1e99	b42f26403913bdbb3995a40b3bf5ce750e65bab5bb1b93747d162e73f9855e89	digest-scored
arms/A7/a7-c06-goal-order-opposed-rw/consumers.tsv	list-all	ae list	0	0	differ	differ	38bbfd37f50e3850c93ba003f5e23e7d9f43706c389de36e61d59876704e1e99	b42f26403913bdbb3995a40b3bf5ce750e65bab5bb1b93747d162e73f9855e89	human-differ
arms/A7/a7-c06-goal-order-opposed-rw/consumers.tsv	list-all-json	ae list	0	0	pass	empty-ok	38bbfd37f50e3850c93ba003f5e23e7d9f43706c389de36e61d59876704e1e99	b42f26403913bdbb3995a40b3bf5ce750e65bab5bb1b93747d162e73f9855e89	digest-scored
arms/A7/a7-c06-goal-order-opposed-rw/consumers.tsv	requests-all	helper:requests	0	-	unimplemented	unimplemented	-	b42f26403913bdbb3995a40b3bf5ce750e65bab5bb1b93747d162e73f9855e89	helper-not-in-rust-cli
arms/A7/a7-c07-goal-order-agreeing-ro/consumers.tsv	list	ae list	0	0	differ	differ	4f7b318c8cda4894b41b08545ea92c11b19348421925036cff0b9e70edff207f	21ea2c61d47b9df9d16e991a6bb34e3d9a4a9ce4dff439bdaabd606d8bcd5f07	human-differ
arms/A7/a7-c07-goal-order-agreeing-ro/consumers.tsv	list-json	ae list	0	0	pass	empty-ok	4f7b318c8cda4894b41b08545ea92c11b19348421925036cff0b9e70edff207f	21ea2c61d47b9df9d16e991a6bb34e3d9a4a9ce4dff439bdaabd606d8bcd5f07	digest-scored
arms/A7/a7-c07-goal-order-agreeing-ro/consumers.tsv	list-all	ae list	0	0	differ	differ	4f7b318c8cda4894b41b08545ea92c11b19348421925036cff0b9e70edff207f	21ea2c61d47b9df9d16e991a6bb34e3d9a4a9ce4dff439bdaabd606d8bcd5f07	human-differ
arms/A7/a7-c07-goal-order-agreeing-ro/consumers.tsv	list-all-json	ae list	0	0	pass	empty-ok	4f7b318c8cda4894b41b08545ea92c11b19348421925036cff0b9e70edff207f	21ea2c61d47b9df9d16e991a6bb34e3d9a4a9ce4dff439bdaabd606d8bcd5f07	digest-scored
arms/A7/a7-c07-goal-order-agreeing-ro/consumers.tsv	requests-all	helper:requests	0	-	unimplemented	unimplemented	-	21ea2c61d47b9df9d16e991a6bb34e3d9a4a9ce4dff439bdaabd606d8bcd5f07	helper-not-in-rust-cli
arms/A7/a7-c07-goal-order-agreeing-rw/consumers.tsv	list	ae list	0	0	differ	differ	4f7b318c8cda4894b41b08545ea92c11b19348421925036cff0b9e70edff207f	8c4c952f273938065279c801e64025e429b5b8b3003185c3c743e326a819e757	human-differ
arms/A7/a7-c07-goal-order-agreeing-rw/consumers.tsv	list-json	ae list	0	0	pass	empty-ok	4f7b318c8cda4894b41b08545ea92c11b19348421925036cff0b9e70edff207f	8c4c952f273938065279c801e64025e429b5b8b3003185c3c743e326a819e757	digest-scored
arms/A7/a7-c07-goal-order-agreeing-rw/consumers.tsv	list-all	ae list	0	0	differ	differ	4f7b318c8cda4894b41b08545ea92c11b19348421925036cff0b9e70edff207f	8c4c952f273938065279c801e64025e429b5b8b3003185c3c743e326a819e757	human-differ
arms/A7/a7-c07-goal-order-agreeing-rw/consumers.tsv	list-all-json	ae list	0	0	pass	empty-ok	4f7b318c8cda4894b41b08545ea92c11b19348421925036cff0b9e70edff207f	8c4c952f273938065279c801e64025e429b5b8b3003185c3c743e326a819e757	digest-scored
arms/A7/a7-c07-goal-order-agreeing-rw/consumers.tsv	requests-all	helper:requests	0	-	unimplemented	unimplemented	-	8c4c952f273938065279c801e64025e429b5b8b3003185c3c743e326a819e757	helper-not-in-rust-cli
arms/A7/a7-c08-goal-order-single-ro/consumers.tsv	list	ae list	0	0	differ	differ	be9b723dcf4aeb61671c03e20f3c26dfc45c50fbf92d97598565c27c010068d1	85821f2e87914324545ef84f7bf472fa2e9845d5bf341d9a3d0f5921df8c1f25	human-differ
arms/A7/a7-c08-goal-order-single-ro/consumers.tsv	list-json	ae list	0	0	pass	empty-ok	be9b723dcf4aeb61671c03e20f3c26dfc45c50fbf92d97598565c27c010068d1	85821f2e87914324545ef84f7bf472fa2e9845d5bf341d9a3d0f5921df8c1f25	digest-scored
arms/A7/a7-c08-goal-order-single-ro/consumers.tsv	list-all	ae list	0	0	differ	differ	be9b723dcf4aeb61671c03e20f3c26dfc45c50fbf92d97598565c27c010068d1	85821f2e87914324545ef84f7bf472fa2e9845d5bf341d9a3d0f5921df8c1f25	human-differ
arms/A7/a7-c08-goal-order-single-ro/consumers.tsv	list-all-json	ae list	0	0	pass	empty-ok	be9b723dcf4aeb61671c03e20f3c26dfc45c50fbf92d97598565c27c010068d1	85821f2e87914324545ef84f7bf472fa2e9845d5bf341d9a3d0f5921df8c1f25	digest-scored
arms/A7/a7-c08-goal-order-single-ro/consumers.tsv	requests-all	helper:requests	0	-	unimplemented	unimplemented	-	85821f2e87914324545ef84f7bf472fa2e9845d5bf341d9a3d0f5921df8c1f25	helper-not-in-rust-cli
arms/A7/a7-c08-goal-order-single-rw/consumers.tsv	list	ae list	0	0	differ	differ	be9b723dcf4aeb61671c03e20f3c26dfc45c50fbf92d97598565c27c010068d1	3ddc37471ae584993271329477a009edca01380bab9a6135a3a2d7d6270b303f	human-differ
arms/A7/a7-c08-goal-order-single-rw/consumers.tsv	list-json	ae list	0	0	pass	empty-ok	be9b723dcf4aeb61671c03e20f3c26dfc45c50fbf92d97598565c27c010068d1	3ddc37471ae584993271329477a009edca01380bab9a6135a3a2d7d6270b303f	digest-scored
arms/A7/a7-c08-goal-order-single-rw/consumers.tsv	list-all	ae list	0	0	differ	differ	be9b723dcf4aeb61671c03e20f3c26dfc45c50fbf92d97598565c27c010068d1	3ddc37471ae584993271329477a009edca01380bab9a6135a3a2d7d6270b303f	human-differ
arms/A7/a7-c08-goal-order-single-rw/consumers.tsv	list-all-json	ae list	0	0	pass	empty-ok	be9b723dcf4aeb61671c03e20f3c26dfc45c50fbf92d97598565c27c010068d1	3ddc37471ae584993271329477a009edca01380bab9a6135a3a2d7d6270b303f	digest-scored
arms/A7/a7-c08-goal-order-single-rw/consumers.tsv	requests-all	helper:requests	0	-	unimplemented	unimplemented	-	3ddc37471ae584993271329477a009edca01380bab9a6135a3a2d7d6270b303f	helper-not-in-rust-cli
arms/A7/a7-c09-goals-distinct-ts-ro/consumers.tsv	list	ae list	0	0	differ	differ	618c3340cb7ae196a17fd4528573b8aa8eb3b681391514e808c5c724cc0dc038	48f844ec7dd5cde59a576e706375875462e3a56833bec4f29df0d31b8fbcb808	human-differ
arms/A7/a7-c09-goals-distinct-ts-ro/consumers.tsv	list-json	ae list	0	0	pass	empty-ok	618c3340cb7ae196a17fd4528573b8aa8eb3b681391514e808c5c724cc0dc038	48f844ec7dd5cde59a576e706375875462e3a56833bec4f29df0d31b8fbcb808	digest-scored
arms/A7/a7-c09-goals-distinct-ts-ro/consumers.tsv	list-all	ae list	0	0	differ	differ	618c3340cb7ae196a17fd4528573b8aa8eb3b681391514e808c5c724cc0dc038	48f844ec7dd5cde59a576e706375875462e3a56833bec4f29df0d31b8fbcb808	human-differ
arms/A7/a7-c09-goals-distinct-ts-ro/consumers.tsv	list-all-json	ae list	0	0	pass	empty-ok	618c3340cb7ae196a17fd4528573b8aa8eb3b681391514e808c5c724cc0dc038	48f844ec7dd5cde59a576e706375875462e3a56833bec4f29df0d31b8fbcb808	digest-scored
arms/A7/a7-c09-goals-distinct-ts-ro/consumers.tsv	requests-all	helper:requests	0	-	unimplemented	unimplemented	-	48f844ec7dd5cde59a576e706375875462e3a56833bec4f29df0d31b8fbcb808	helper-not-in-rust-cli
arms/A7/a7-c09-goals-distinct-ts-rw/consumers.tsv	list	ae list	0	0	differ	differ	618c3340cb7ae196a17fd4528573b8aa8eb3b681391514e808c5c724cc0dc038	d7e477f10f217dcd10e9ccd418aa9af79e80222cb0e718165c1a208ebd9e1b72	human-differ
arms/A7/a7-c09-goals-distinct-ts-rw/consumers.tsv	list-json	ae list	0	0	pass	empty-ok	618c3340cb7ae196a17fd4528573b8aa8eb3b681391514e808c5c724cc0dc038	d7e477f10f217dcd10e9ccd418aa9af79e80222cb0e718165c1a208ebd9e1b72	digest-scored
arms/A7/a7-c09-goals-distinct-ts-rw/consumers.tsv	list-all	ae list	0	0	differ	differ	618c3340cb7ae196a17fd4528573b8aa8eb3b681391514e808c5c724cc0dc038	d7e477f10f217dcd10e9ccd418aa9af79e80222cb0e718165c1a208ebd9e1b72	human-differ
arms/A7/a7-c09-goals-distinct-ts-rw/consumers.tsv	list-all-json	ae list	0	0	pass	empty-ok	618c3340cb7ae196a17fd4528573b8aa8eb3b681391514e808c5c724cc0dc038	d7e477f10f217dcd10e9ccd418aa9af79e80222cb0e718165c1a208ebd9e1b72	digest-scored
arms/A7/a7-c09-goals-distinct-ts-rw/consumers.tsv	requests-all	helper:requests	0	-	unimplemented	unimplemented	-	d7e477f10f217dcd10e9ccd418aa9af79e80222cb0e718165c1a208ebd9e1b72	helper-not-in-rust-cli
arms/A7/a7-c10-branch-live-ro/consumers.tsv	list	ae list	0	0	differ	differ	c1b85baf0578ce3deb8b129633d00cc6f7fed36bd627fea64d3913d65c587f58	3d0d67242624ee3f87cc1ac40810cd61898ffa404791d5e3a48431f0c2e26a55	human-differ
arms/A7/a7-c10-branch-live-ro/consumers.tsv	list-json	ae list	0	0	pass	empty-ok	c1b85baf0578ce3deb8b129633d00cc6f7fed36bd627fea64d3913d65c587f58	3d0d67242624ee3f87cc1ac40810cd61898ffa404791d5e3a48431f0c2e26a55	digest-scored
arms/A7/a7-c10-branch-live-ro/consumers.tsv	list-all	ae list	0	0	differ	differ	c1b85baf0578ce3deb8b129633d00cc6f7fed36bd627fea64d3913d65c587f58	3d0d67242624ee3f87cc1ac40810cd61898ffa404791d5e3a48431f0c2e26a55	human-differ
arms/A7/a7-c10-branch-live-ro/consumers.tsv	list-all-json	ae list	0	0	pass	empty-ok	c1b85baf0578ce3deb8b129633d00cc6f7fed36bd627fea64d3913d65c587f58	3d0d67242624ee3f87cc1ac40810cd61898ffa404791d5e3a48431f0c2e26a55	digest-scored
arms/A7/a7-c10-branch-live-ro/consumers.tsv	requests-all	helper:requests	0	-	unimplemented	unimplemented	-	3d0d67242624ee3f87cc1ac40810cd61898ffa404791d5e3a48431f0c2e26a55	helper-not-in-rust-cli
arms/A7/a7-c10-branch-live-rw/consumers.tsv	list	ae list	0	0	differ	differ	c1b85baf0578ce3deb8b129633d00cc6f7fed36bd627fea64d3913d65c587f58	cdec74d07c6366c0517b3bbb39b42280f2f94c2e506ea07447568a3a332d78cb	human-differ
arms/A7/a7-c10-branch-live-rw/consumers.tsv	list-json	ae list	0	0	pass	empty-ok	c1b85baf0578ce3deb8b129633d00cc6f7fed36bd627fea64d3913d65c587f58	cdec74d07c6366c0517b3bbb39b42280f2f94c2e506ea07447568a3a332d78cb	digest-scored
arms/A7/a7-c10-branch-live-rw/consumers.tsv	list-all	ae list	0	0	differ	differ	c1b85baf0578ce3deb8b129633d00cc6f7fed36bd627fea64d3913d65c587f58	cdec74d07c6366c0517b3bbb39b42280f2f94c2e506ea07447568a3a332d78cb	human-differ
arms/A7/a7-c10-branch-live-rw/consumers.tsv	list-all-json	ae list	0	0	pass	empty-ok	c1b85baf0578ce3deb8b129633d00cc6f7fed36bd627fea64d3913d65c587f58	cdec74d07c6366c0517b3bbb39b42280f2f94c2e506ea07447568a3a332d78cb	digest-scored
arms/A7/a7-c10-branch-live-rw/consumers.tsv	requests-all	helper:requests	0	-	unimplemented	unimplemented	-	cdec74d07c6366c0517b3bbb39b42280f2f94c2e506ea07447568a3a332d78cb	helper-not-in-rust-cli
arms/A7/a7-c11-branch-stopped-ro/consumers.tsv	list	ae list	0	0	differ	differ	c1b85baf0578ce3deb8b129633d00cc6f7fed36bd627fea64d3913d65c587f58	3d0d67242624ee3f87cc1ac40810cd61898ffa404791d5e3a48431f0c2e26a55	human-differ
arms/A7/a7-c11-branch-stopped-ro/consumers.tsv	list-json	ae list	0	0	pass	empty-ok	c1b85baf0578ce3deb8b129633d00cc6f7fed36bd627fea64d3913d65c587f58	3d0d67242624ee3f87cc1ac40810cd61898ffa404791d5e3a48431f0c2e26a55	digest-scored
arms/A7/a7-c11-branch-stopped-ro/consumers.tsv	list-all	ae list	0	0	differ	differ	c1b85baf0578ce3deb8b129633d00cc6f7fed36bd627fea64d3913d65c587f58	3d0d67242624ee3f87cc1ac40810cd61898ffa404791d5e3a48431f0c2e26a55	human-differ
arms/A7/a7-c11-branch-stopped-ro/consumers.tsv	list-all-json	ae list	0	0	pass	empty-ok	c1b85baf0578ce3deb8b129633d00cc6f7fed36bd627fea64d3913d65c587f58	3d0d67242624ee3f87cc1ac40810cd61898ffa404791d5e3a48431f0c2e26a55	digest-scored
arms/A7/a7-c11-branch-stopped-ro/consumers.tsv	requests-all	helper:requests	0	-	unimplemented	unimplemented	-	3d0d67242624ee3f87cc1ac40810cd61898ffa404791d5e3a48431f0c2e26a55	helper-not-in-rust-cli
arms/A7/a7-c11-branch-stopped-rw/consumers.tsv	list	ae list	0	0	differ	differ	c1b85baf0578ce3deb8b129633d00cc6f7fed36bd627fea64d3913d65c587f58	cdec74d07c6366c0517b3bbb39b42280f2f94c2e506ea07447568a3a332d78cb	human-differ
arms/A7/a7-c11-branch-stopped-rw/consumers.tsv	list-json	ae list	0	0	pass	empty-ok	c1b85baf0578ce3deb8b129633d00cc6f7fed36bd627fea64d3913d65c587f58	cdec74d07c6366c0517b3bbb39b42280f2f94c2e506ea07447568a3a332d78cb	digest-scored
arms/A7/a7-c11-branch-stopped-rw/consumers.tsv	list-all	ae list	0	0	differ	differ	c1b85baf0578ce3deb8b129633d00cc6f7fed36bd627fea64d3913d65c587f58	cdec74d07c6366c0517b3bbb39b42280f2f94c2e506ea07447568a3a332d78cb	human-differ
arms/A7/a7-c11-branch-stopped-rw/consumers.tsv	list-all-json	ae list	0	0	pass	empty-ok	c1b85baf0578ce3deb8b129633d00cc6f7fed36bd627fea64d3913d65c587f58	cdec74d07c6366c0517b3bbb39b42280f2f94c2e506ea07447568a3a332d78cb	digest-scored
arms/A7/a7-c11-branch-stopped-rw/consumers.tsv	requests-all	helper:requests	0	-	unimplemented	unimplemented	-	cdec74d07c6366c0517b3bbb39b42280f2f94c2e506ea07447568a3a332d78cb	helper-not-in-rust-cli
arms/A7/a7-c12-405j-pair-full-fresh-ro/consumers.tsv	list	ae list	0	0	differ	differ	9cdda075d02afa0d1acb75fa4bab894cf2a913bcf808b82caeb6d2504c75f5f0	fad76e71451d28616d5fee1fa330a6ab23bf5a5545b0ea12a3a748f04ad72205	human-differ
arms/A7/a7-c12-405j-pair-full-fresh-ro/consumers.tsv	list-json	ae list	0	0	pass	empty-ok	9cdda075d02afa0d1acb75fa4bab894cf2a913bcf808b82caeb6d2504c75f5f0	fad76e71451d28616d5fee1fa330a6ab23bf5a5545b0ea12a3a748f04ad72205	digest-scored
arms/A7/a7-c12-405j-pair-full-fresh-ro/consumers.tsv	list-all	ae list	0	0	differ	differ	9cdda075d02afa0d1acb75fa4bab894cf2a913bcf808b82caeb6d2504c75f5f0	fad76e71451d28616d5fee1fa330a6ab23bf5a5545b0ea12a3a748f04ad72205	human-differ
arms/A7/a7-c12-405j-pair-full-fresh-ro/consumers.tsv	list-all-json	ae list	0	0	pass	empty-ok	9cdda075d02afa0d1acb75fa4bab894cf2a913bcf808b82caeb6d2504c75f5f0	fad76e71451d28616d5fee1fa330a6ab23bf5a5545b0ea12a3a748f04ad72205	digest-scored
arms/A7/a7-c12-405j-pair-full-fresh-ro/consumers.tsv	requests-all	helper:requests	0	-	unimplemented	unimplemented	-	fad76e71451d28616d5fee1fa330a6ab23bf5a5545b0ea12a3a748f04ad72205	helper-not-in-rust-cli
arms/A7/a7-c12-405j-pair-full-fresh-rw/consumers.tsv	list	ae list	0	0	differ	differ	9cdda075d02afa0d1acb75fa4bab894cf2a913bcf808b82caeb6d2504c75f5f0	28dc10300e4bb7b260b1e9273cf6bddf2189910ff4e783f4d8eb346436b4cc04	human-differ
arms/A7/a7-c12-405j-pair-full-fresh-rw/consumers.tsv	list-json	ae list	0	0	pass	empty-ok	9cdda075d02afa0d1acb75fa4bab894cf2a913bcf808b82caeb6d2504c75f5f0	28dc10300e4bb7b260b1e9273cf6bddf2189910ff4e783f4d8eb346436b4cc04	digest-scored
arms/A7/a7-c12-405j-pair-full-fresh-rw/consumers.tsv	list-all	ae list	0	0	differ	differ	9cdda075d02afa0d1acb75fa4bab894cf2a913bcf808b82caeb6d2504c75f5f0	28dc10300e4bb7b260b1e9273cf6bddf2189910ff4e783f4d8eb346436b4cc04	human-differ
arms/A7/a7-c12-405j-pair-full-fresh-rw/consumers.tsv	list-all-json	ae list	0	0	pass	empty-ok	9cdda075d02afa0d1acb75fa4bab894cf2a913bcf808b82caeb6d2504c75f5f0	28dc10300e4bb7b260b1e9273cf6bddf2189910ff4e783f4d8eb346436b4cc04	digest-scored
arms/A7/a7-c12-405j-pair-full-fresh-rw/consumers.tsv	requests-all	helper:requests	0	-	unimplemented	unimplemented	-	28dc10300e4bb7b260b1e9273cf6bddf2189910ff4e783f4d8eb346436b4cc04	helper-not-in-rust-cli
arms/A7/a7-c13-405j-pair-stale-keys-ro/consumers.tsv	list	ae list	0	0	differ	differ	7d771b2c1a041f910501a21817a68323d59d7cd848b5a75cc1a92c9b302ae707	0c1c8e59b9254ea5603eb5002edf689382c36abe05e92ab3fcdfe041479eb28d	human-differ
arms/A7/a7-c13-405j-pair-stale-keys-ro/consumers.tsv	list-json	ae list	0	0	pass	empty-ok	7d771b2c1a041f910501a21817a68323d59d7cd848b5a75cc1a92c9b302ae707	0c1c8e59b9254ea5603eb5002edf689382c36abe05e92ab3fcdfe041479eb28d	digest-scored
arms/A7/a7-c13-405j-pair-stale-keys-ro/consumers.tsv	list-all	ae list	0	0	differ	differ	7d771b2c1a041f910501a21817a68323d59d7cd848b5a75cc1a92c9b302ae707	0c1c8e59b9254ea5603eb5002edf689382c36abe05e92ab3fcdfe041479eb28d	human-differ
arms/A7/a7-c13-405j-pair-stale-keys-ro/consumers.tsv	list-all-json	ae list	0	0	pass	empty-ok	7d771b2c1a041f910501a21817a68323d59d7cd848b5a75cc1a92c9b302ae707	0c1c8e59b9254ea5603eb5002edf689382c36abe05e92ab3fcdfe041479eb28d	digest-scored
arms/A7/a7-c13-405j-pair-stale-keys-ro/consumers.tsv	requests-all	helper:requests	0	-	unimplemented	unimplemented	-	0c1c8e59b9254ea5603eb5002edf689382c36abe05e92ab3fcdfe041479eb28d	helper-not-in-rust-cli
arms/A7/a7-c13-405j-pair-stale-keys-rw/consumers.tsv	list	ae list	0	0	differ	differ	7d771b2c1a041f910501a21817a68323d59d7cd848b5a75cc1a92c9b302ae707	7d7e17f85e00f9ce46652c542964ba71b1227839d5414f17d64befc3f4cd56f9	human-differ
arms/A7/a7-c13-405j-pair-stale-keys-rw/consumers.tsv	list-json	ae list	0	0	pass	empty-ok	7d771b2c1a041f910501a21817a68323d59d7cd848b5a75cc1a92c9b302ae707	7d7e17f85e00f9ce46652c542964ba71b1227839d5414f17d64befc3f4cd56f9	digest-scored
arms/A7/a7-c13-405j-pair-stale-keys-rw/consumers.tsv	list-all	ae list	0	0	differ	differ	7d771b2c1a041f910501a21817a68323d59d7cd848b5a75cc1a92c9b302ae707	7d7e17f85e00f9ce46652c542964ba71b1227839d5414f17d64befc3f4cd56f9	human-differ
arms/A7/a7-c13-405j-pair-stale-keys-rw/consumers.tsv	list-all-json	ae list	0	0	pass	empty-ok	7d771b2c1a041f910501a21817a68323d59d7cd848b5a75cc1a92c9b302ae707	7d7e17f85e00f9ce46652c542964ba71b1227839d5414f17d64befc3f4cd56f9	digest-scored
arms/A7/a7-c13-405j-pair-stale-keys-rw/consumers.tsv	requests-all	helper:requests	0	-	unimplemented	unimplemented	-	7d7e17f85e00f9ce46652c542964ba71b1227839d5414f17d64befc3f4cd56f9	helper-not-in-rust-cli
arms/A7/a7-c14-405j-pair-slot-only-ro/consumers.tsv	list	ae list	0	0	differ	differ	cad2cfc76a4250f1b80f264d9d1e28ca64b9343fc458629efba08da784bfe52d	f03746c23eb5f84c41e22672f6beb99dffb6d1ae68a74348e21e8ba747f92fe6	human-differ
arms/A7/a7-c14-405j-pair-slot-only-ro/consumers.tsv	list-json	ae list	0	0	pass	empty-ok	cad2cfc76a4250f1b80f264d9d1e28ca64b9343fc458629efba08da784bfe52d	f03746c23eb5f84c41e22672f6beb99dffb6d1ae68a74348e21e8ba747f92fe6	digest-scored
arms/A7/a7-c14-405j-pair-slot-only-ro/consumers.tsv	list-all	ae list	0	0	differ	differ	cad2cfc76a4250f1b80f264d9d1e28ca64b9343fc458629efba08da784bfe52d	f03746c23eb5f84c41e22672f6beb99dffb6d1ae68a74348e21e8ba747f92fe6	human-differ
arms/A7/a7-c14-405j-pair-slot-only-ro/consumers.tsv	list-all-json	ae list	0	0	pass	empty-ok	cad2cfc76a4250f1b80f264d9d1e28ca64b9343fc458629efba08da784bfe52d	f03746c23eb5f84c41e22672f6beb99dffb6d1ae68a74348e21e8ba747f92fe6	digest-scored
arms/A7/a7-c14-405j-pair-slot-only-ro/consumers.tsv	requests-all	helper:requests	0	-	unimplemented	unimplemented	-	f03746c23eb5f84c41e22672f6beb99dffb6d1ae68a74348e21e8ba747f92fe6	helper-not-in-rust-cli
arms/A7/a7-c14-405j-pair-slot-only-rw/consumers.tsv	list	ae list	0	0	differ	differ	cad2cfc76a4250f1b80f264d9d1e28ca64b9343fc458629efba08da784bfe52d	b5e8c248faaa292a1aab9ed5198015e30b81ebd5ae718b3e300ed5bcfb0493d8	human-differ
arms/A7/a7-c14-405j-pair-slot-only-rw/consumers.tsv	list-json	ae list	0	0	pass	empty-ok	cad2cfc76a4250f1b80f264d9d1e28ca64b9343fc458629efba08da784bfe52d	b5e8c248faaa292a1aab9ed5198015e30b81ebd5ae718b3e300ed5bcfb0493d8	digest-scored
arms/A7/a7-c14-405j-pair-slot-only-rw/consumers.tsv	list-all	ae list	0	0	differ	differ	cad2cfc76a4250f1b80f264d9d1e28ca64b9343fc458629efba08da784bfe52d	b5e8c248faaa292a1aab9ed5198015e30b81ebd5ae718b3e300ed5bcfb0493d8	human-differ
arms/A7/a7-c14-405j-pair-slot-only-rw/consumers.tsv	list-all-json	ae list	0	0	pass	empty-ok	cad2cfc76a4250f1b80f264d9d1e28ca64b9343fc458629efba08da784bfe52d	b5e8c248faaa292a1aab9ed5198015e30b81ebd5ae718b3e300ed5bcfb0493d8	digest-scored
arms/A7/a7-c14-405j-pair-slot-only-rw/consumers.tsv	requests-all	helper:requests	0	-	unimplemented	unimplemented	-	b5e8c248faaa292a1aab9ed5198015e30b81ebd5ae718b3e300ed5bcfb0493d8	helper-not-in-rust-cli
arms/A7/a7-c15-405j-pair-session-only-ro/consumers.tsv	list	ae list	0	0	differ	differ	89296ef32cb9f02797df21c8a888cb76a2059298efdfe0da87d22ca5a6dc8f09	08b1dd9a9112a345b10ba396c85888cc20af22a95ed70a43b1c6af8a3f031b15	human-differ
arms/A7/a7-c15-405j-pair-session-only-ro/consumers.tsv	list-json	ae list	0	0	pass	empty-ok	89296ef32cb9f02797df21c8a888cb76a2059298efdfe0da87d22ca5a6dc8f09	08b1dd9a9112a345b10ba396c85888cc20af22a95ed70a43b1c6af8a3f031b15	digest-scored
arms/A7/a7-c15-405j-pair-session-only-ro/consumers.tsv	list-all	ae list	0	0	differ	differ	89296ef32cb9f02797df21c8a888cb76a2059298efdfe0da87d22ca5a6dc8f09	08b1dd9a9112a345b10ba396c85888cc20af22a95ed70a43b1c6af8a3f031b15	human-differ
arms/A7/a7-c15-405j-pair-session-only-ro/consumers.tsv	list-all-json	ae list	0	0	pass	empty-ok	89296ef32cb9f02797df21c8a888cb76a2059298efdfe0da87d22ca5a6dc8f09	08b1dd9a9112a345b10ba396c85888cc20af22a95ed70a43b1c6af8a3f031b15	digest-scored
arms/A7/a7-c15-405j-pair-session-only-ro/consumers.tsv	requests-all	helper:requests	0	-	unimplemented	unimplemented	-	08b1dd9a9112a345b10ba396c85888cc20af22a95ed70a43b1c6af8a3f031b15	helper-not-in-rust-cli
arms/A7/a7-c15-405j-pair-session-only-rw/consumers.tsv	list	ae list	0	0	differ	differ	89296ef32cb9f02797df21c8a888cb76a2059298efdfe0da87d22ca5a6dc8f09	95d1ad38acd838a216f08101742d37092660b0e92aae7d1fd6691e48fd61d659	human-differ
arms/A7/a7-c15-405j-pair-session-only-rw/consumers.tsv	list-json	ae list	0	0	pass	empty-ok	89296ef32cb9f02797df21c8a888cb76a2059298efdfe0da87d22ca5a6dc8f09	95d1ad38acd838a216f08101742d37092660b0e92aae7d1fd6691e48fd61d659	digest-scored
arms/A7/a7-c15-405j-pair-session-only-rw/consumers.tsv	list-all	ae list	0	0	differ	differ	89296ef32cb9f02797df21c8a888cb76a2059298efdfe0da87d22ca5a6dc8f09	95d1ad38acd838a216f08101742d37092660b0e92aae7d1fd6691e48fd61d659	human-differ
arms/A7/a7-c15-405j-pair-session-only-rw/consumers.tsv	list-all-json	ae list	0	0	pass	empty-ok	89296ef32cb9f02797df21c8a888cb76a2059298efdfe0da87d22ca5a6dc8f09	95d1ad38acd838a216f08101742d37092660b0e92aae7d1fd6691e48fd61d659	digest-scored
arms/A7/a7-c15-405j-pair-session-only-rw/consumers.tsv	requests-all	helper:requests	0	-	unimplemented	unimplemented	-	95d1ad38acd838a216f08101742d37092660b0e92aae7d1fd6691e48fd61d659	helper-not-in-rust-cli
arms/A7/a7-c16-405j-pair-keyless-ro/consumers.tsv	list	ae list	0	0	differ	differ	d8185070809efdab9a1ebc44b38053be5487ea9556b17a96f4ecb3ed58384284	3683b2d418628bc0a004d576a7e3de39752aa4350002aae24a61991358277edc	human-differ
arms/A7/a7-c16-405j-pair-keyless-ro/consumers.tsv	list-json	ae list	0	0	pass	empty-ok	d8185070809efdab9a1ebc44b38053be5487ea9556b17a96f4ecb3ed58384284	3683b2d418628bc0a004d576a7e3de39752aa4350002aae24a61991358277edc	digest-scored
arms/A7/a7-c16-405j-pair-keyless-ro/consumers.tsv	list-all	ae list	0	0	differ	differ	d8185070809efdab9a1ebc44b38053be5487ea9556b17a96f4ecb3ed58384284	3683b2d418628bc0a004d576a7e3de39752aa4350002aae24a61991358277edc	human-differ
arms/A7/a7-c16-405j-pair-keyless-ro/consumers.tsv	list-all-json	ae list	0	0	pass	empty-ok	d8185070809efdab9a1ebc44b38053be5487ea9556b17a96f4ecb3ed58384284	3683b2d418628bc0a004d576a7e3de39752aa4350002aae24a61991358277edc	digest-scored
arms/A7/a7-c16-405j-pair-keyless-ro/consumers.tsv	requests-all	helper:requests	0	-	unimplemented	unimplemented	-	3683b2d418628bc0a004d576a7e3de39752aa4350002aae24a61991358277edc	helper-not-in-rust-cli
arms/A7/a7-c16-405j-pair-keyless-rw/consumers.tsv	list	ae list	0	0	differ	differ	d8185070809efdab9a1ebc44b38053be5487ea9556b17a96f4ecb3ed58384284	dc659e622fd3217bf5276223336db604bc1f14cfd704dd64c38abc3fb4f05078	human-differ
arms/A7/a7-c16-405j-pair-keyless-rw/consumers.tsv	list-json	ae list	0	0	pass	empty-ok	d8185070809efdab9a1ebc44b38053be5487ea9556b17a96f4ecb3ed58384284	dc659e622fd3217bf5276223336db604bc1f14cfd704dd64c38abc3fb4f05078	digest-scored
arms/A7/a7-c16-405j-pair-keyless-rw/consumers.tsv	list-all	ae list	0	0	differ	differ	d8185070809efdab9a1ebc44b38053be5487ea9556b17a96f4ecb3ed58384284	dc659e622fd3217bf5276223336db604bc1f14cfd704dd64c38abc3fb4f05078	human-differ
arms/A7/a7-c16-405j-pair-keyless-rw/consumers.tsv	list-all-json	ae list	0	0	pass	empty-ok	d8185070809efdab9a1ebc44b38053be5487ea9556b17a96f4ecb3ed58384284	dc659e622fd3217bf5276223336db604bc1f14cfd704dd64c38abc3fb4f05078	digest-scored
arms/A7/a7-c16-405j-pair-keyless-rw/consumers.tsv	requests-all	helper:requests	0	-	unimplemented	unimplemented	-	dc659e622fd3217bf5276223336db604bc1f14cfd704dd64c38abc3fb4f05078	helper-not-in-rust-cli
arms/A7/a7-c17-405j-pair-one-empty-ro/consumers.tsv	list	ae list	0	0	differ	differ	27d49a4ea118b996bf9549a3e47098dacb89d58443dc7155198c4466734ec03e	534a95fe54e26dc67a29395b82cf592fe7ce4b24cab5ce48f9f06be67328d781	human-differ
arms/A7/a7-c17-405j-pair-one-empty-ro/consumers.tsv	list-json	ae list	0	0	pass	empty-ok	27d49a4ea118b996bf9549a3e47098dacb89d58443dc7155198c4466734ec03e	534a95fe54e26dc67a29395b82cf592fe7ce4b24cab5ce48f9f06be67328d781	digest-scored
arms/A7/a7-c17-405j-pair-one-empty-ro/consumers.tsv	list-all	ae list	0	0	differ	differ	27d49a4ea118b996bf9549a3e47098dacb89d58443dc7155198c4466734ec03e	534a95fe54e26dc67a29395b82cf592fe7ce4b24cab5ce48f9f06be67328d781	human-differ
arms/A7/a7-c17-405j-pair-one-empty-ro/consumers.tsv	list-all-json	ae list	0	0	pass	empty-ok	27d49a4ea118b996bf9549a3e47098dacb89d58443dc7155198c4466734ec03e	534a95fe54e26dc67a29395b82cf592fe7ce4b24cab5ce48f9f06be67328d781	digest-scored
arms/A7/a7-c17-405j-pair-one-empty-ro/consumers.tsv	requests-all	helper:requests	0	-	unimplemented	unimplemented	-	534a95fe54e26dc67a29395b82cf592fe7ce4b24cab5ce48f9f06be67328d781	helper-not-in-rust-cli
arms/A7/a7-c17-405j-pair-one-empty-rw/consumers.tsv	list	ae list	0	0	differ	differ	27d49a4ea118b996bf9549a3e47098dacb89d58443dc7155198c4466734ec03e	d56194e44fbe8e622f25657b3c51abfff8732715884fe820f7808ded2427312e	human-differ
arms/A7/a7-c17-405j-pair-one-empty-rw/consumers.tsv	list-json	ae list	0	0	pass	empty-ok	27d49a4ea118b996bf9549a3e47098dacb89d58443dc7155198c4466734ec03e	d56194e44fbe8e622f25657b3c51abfff8732715884fe820f7808ded2427312e	digest-scored
arms/A7/a7-c17-405j-pair-one-empty-rw/consumers.tsv	list-all	ae list	0	0	differ	differ	27d49a4ea118b996bf9549a3e47098dacb89d58443dc7155198c4466734ec03e	d56194e44fbe8e622f25657b3c51abfff8732715884fe820f7808ded2427312e	human-differ
arms/A7/a7-c17-405j-pair-one-empty-rw/consumers.tsv	list-all-json	ae list	0	0	pass	empty-ok	27d49a4ea118b996bf9549a3e47098dacb89d58443dc7155198c4466734ec03e	d56194e44fbe8e622f25657b3c51abfff8732715884fe820f7808ded2427312e	digest-scored
arms/A7/a7-c17-405j-pair-one-empty-rw/consumers.tsv	requests-all	helper:requests	0	-	unimplemented	unimplemented	-	d56194e44fbe8e622f25657b3c51abfff8732715884fe820f7808ded2427312e	helper-not-in-rust-cli
arms/A7/a7-c18-405j-pair-all-empty-ro/consumers.tsv	list	ae list	0	0	differ	differ	35f550a8b2296bd3d2ba43ac0830183bfdac7c1b5cbedb8ad25e6eb9cfa8f6de	1a819a2878388c1e3450110792d2c35e199f6e7399c7a3236adebaf86cc6fa48	human-differ
arms/A7/a7-c18-405j-pair-all-empty-ro/consumers.tsv	list-json	ae list	0	0	pass	empty-ok	35f550a8b2296bd3d2ba43ac0830183bfdac7c1b5cbedb8ad25e6eb9cfa8f6de	1a819a2878388c1e3450110792d2c35e199f6e7399c7a3236adebaf86cc6fa48	digest-scored
arms/A7/a7-c18-405j-pair-all-empty-ro/consumers.tsv	list-all	ae list	0	0	differ	differ	35f550a8b2296bd3d2ba43ac0830183bfdac7c1b5cbedb8ad25e6eb9cfa8f6de	1a819a2878388c1e3450110792d2c35e199f6e7399c7a3236adebaf86cc6fa48	human-differ
arms/A7/a7-c18-405j-pair-all-empty-ro/consumers.tsv	list-all-json	ae list	0	0	pass	empty-ok	35f550a8b2296bd3d2ba43ac0830183bfdac7c1b5cbedb8ad25e6eb9cfa8f6de	1a819a2878388c1e3450110792d2c35e199f6e7399c7a3236adebaf86cc6fa48	digest-scored
arms/A7/a7-c18-405j-pair-all-empty-ro/consumers.tsv	requests-all	helper:requests	0	-	unimplemented	unimplemented	-	1a819a2878388c1e3450110792d2c35e199f6e7399c7a3236adebaf86cc6fa48	helper-not-in-rust-cli
arms/A7/a7-c18-405j-pair-all-empty-rw/consumers.tsv	list	ae list	0	0	differ	differ	35f550a8b2296bd3d2ba43ac0830183bfdac7c1b5cbedb8ad25e6eb9cfa8f6de	d3c2c20f1a0e16decb11d7911134e3e6af9c45544718f2acb651618d7c6d10b7	human-differ
arms/A7/a7-c18-405j-pair-all-empty-rw/consumers.tsv	list-json	ae list	0	0	pass	empty-ok	35f550a8b2296bd3d2ba43ac0830183bfdac7c1b5cbedb8ad25e6eb9cfa8f6de	d3c2c20f1a0e16decb11d7911134e3e6af9c45544718f2acb651618d7c6d10b7	digest-scored
arms/A7/a7-c18-405j-pair-all-empty-rw/consumers.tsv	list-all	ae list	0	0	differ	differ	35f550a8b2296bd3d2ba43ac0830183bfdac7c1b5cbedb8ad25e6eb9cfa8f6de	d3c2c20f1a0e16decb11d7911134e3e6af9c45544718f2acb651618d7c6d10b7	human-differ
arms/A7/a7-c18-405j-pair-all-empty-rw/consumers.tsv	list-all-json	ae list	0	0	pass	empty-ok	35f550a8b2296bd3d2ba43ac0830183bfdac7c1b5cbedb8ad25e6eb9cfa8f6de	d3c2c20f1a0e16decb11d7911134e3e6af9c45544718f2acb651618d7c6d10b7	digest-scored
arms/A7/a7-c18-405j-pair-all-empty-rw/consumers.tsv	requests-all	helper:requests	0	-	unimplemented	unimplemented	-	d3c2c20f1a0e16decb11d7911134e3e6af9c45544718f2acb651618d7c6d10b7	helper-not-in-rust-cli
arms/A9/a9-c01-no-events-ro-noserver/consumers.tsv	list	ae list	0	0	differ	differ	9ed9971b0bcbce3cb04e3eabd7ed43c142b2b5dd8af4bccdad0c0d5870963df7	dfce9e3f5e9a4d7b1fa5c26e4080109521702b9eb6f3c0cfdc5722485638e4dc	human-differ
arms/A9/a9-c01-no-events-ro-noserver/consumers.tsv	list-json	ae list	0	0	pass	empty-ok	9ed9971b0bcbce3cb04e3eabd7ed43c142b2b5dd8af4bccdad0c0d5870963df7	dfce9e3f5e9a4d7b1fa5c26e4080109521702b9eb6f3c0cfdc5722485638e4dc	digest-scored
arms/A9/a9-c01-no-events-ro-noserver/consumers.tsv	list-all	ae list	0	0	differ	differ	9ed9971b0bcbce3cb04e3eabd7ed43c142b2b5dd8af4bccdad0c0d5870963df7	dfce9e3f5e9a4d7b1fa5c26e4080109521702b9eb6f3c0cfdc5722485638e4dc	human-differ
arms/A9/a9-c01-no-events-ro-noserver/consumers.tsv	list-all-json	ae list	0	0	pass	empty-ok	9ed9971b0bcbce3cb04e3eabd7ed43c142b2b5dd8af4bccdad0c0d5870963df7	dfce9e3f5e9a4d7b1fa5c26e4080109521702b9eb6f3c0cfdc5722485638e4dc	digest-scored
arms/A9/a9-c01-no-events-ro-noserver/consumers.tsv	requests-all	helper:requests	0	-	unimplemented	unimplemented	-	dfce9e3f5e9a4d7b1fa5c26e4080109521702b9eb6f3c0cfdc5722485638e4dc	helper-not-in-rust-cli
arms/A9/a9-c01-no-events-ro/consumers.tsv	list	ae list	0	0	differ	differ	9ed9971b0bcbce3cb04e3eabd7ed43c142b2b5dd8af4bccdad0c0d5870963df7	dfce9e3f5e9a4d7b1fa5c26e4080109521702b9eb6f3c0cfdc5722485638e4dc	human-differ
arms/A9/a9-c01-no-events-ro/consumers.tsv	list-json	ae list	0	0	pass	empty-ok	9ed9971b0bcbce3cb04e3eabd7ed43c142b2b5dd8af4bccdad0c0d5870963df7	dfce9e3f5e9a4d7b1fa5c26e4080109521702b9eb6f3c0cfdc5722485638e4dc	digest-scored
arms/A9/a9-c01-no-events-ro/consumers.tsv	list-all	ae list	0	0	differ	differ	9ed9971b0bcbce3cb04e3eabd7ed43c142b2b5dd8af4bccdad0c0d5870963df7	dfce9e3f5e9a4d7b1fa5c26e4080109521702b9eb6f3c0cfdc5722485638e4dc	human-differ
arms/A9/a9-c01-no-events-ro/consumers.tsv	list-all-json	ae list	0	0	pass	empty-ok	9ed9971b0bcbce3cb04e3eabd7ed43c142b2b5dd8af4bccdad0c0d5870963df7	dfce9e3f5e9a4d7b1fa5c26e4080109521702b9eb6f3c0cfdc5722485638e4dc	digest-scored
arms/A9/a9-c01-no-events-ro/consumers.tsv	requests-all	helper:requests	0	-	unimplemented	unimplemented	-	dfce9e3f5e9a4d7b1fa5c26e4080109521702b9eb6f3c0cfdc5722485638e4dc	helper-not-in-rust-cli
arms/A9/a9-c01-no-events-rw/consumers.tsv	list	ae list	0	0	differ	differ	9ed9971b0bcbce3cb04e3eabd7ed43c142b2b5dd8af4bccdad0c0d5870963df7	a248386e82ffad7f33cb3ef015c058d4098cdc9b8e409e14cc5f70a982f0efed	human-differ
arms/A9/a9-c01-no-events-rw/consumers.tsv	list-json	ae list	0	0	pass	empty-ok	9ed9971b0bcbce3cb04e3eabd7ed43c142b2b5dd8af4bccdad0c0d5870963df7	a248386e82ffad7f33cb3ef015c058d4098cdc9b8e409e14cc5f70a982f0efed	digest-scored
arms/A9/a9-c01-no-events-rw/consumers.tsv	list-all	ae list	0	0	differ	differ	9ed9971b0bcbce3cb04e3eabd7ed43c142b2b5dd8af4bccdad0c0d5870963df7	a248386e82ffad7f33cb3ef015c058d4098cdc9b8e409e14cc5f70a982f0efed	human-differ
arms/A9/a9-c01-no-events-rw/consumers.tsv	list-all-json	ae list	0	0	pass	empty-ok	9ed9971b0bcbce3cb04e3eabd7ed43c142b2b5dd8af4bccdad0c0d5870963df7	a248386e82ffad7f33cb3ef015c058d4098cdc9b8e409e14cc5f70a982f0efed	digest-scored
arms/A9/a9-c01-no-events-rw/consumers.tsv	requests-all	helper:requests	0	-	unimplemented	unimplemented	-	a248386e82ffad7f33cb3ef015c058d4098cdc9b8e409e14cc5f70a982f0efed	helper-not-in-rust-cli
arms/A9/a9-c02-zero-byte-events-ro-noserver/consumers.tsv	list	ae list	0	0	differ	differ	c349e56c0ac366548b6c76a181db3b70c397fe846cfb913e206fdb5465a48ee8	17ebdc098212cbd2459353d53f67b7dbab1284b852a1b14cc37685b5a4c0cdba	human-differ
arms/A9/a9-c02-zero-byte-events-ro-noserver/consumers.tsv	list-json	ae list	0	0	pass	empty-ok	c349e56c0ac366548b6c76a181db3b70c397fe846cfb913e206fdb5465a48ee8	17ebdc098212cbd2459353d53f67b7dbab1284b852a1b14cc37685b5a4c0cdba	digest-scored
arms/A9/a9-c02-zero-byte-events-ro-noserver/consumers.tsv	list-all	ae list	0	0	differ	differ	c349e56c0ac366548b6c76a181db3b70c397fe846cfb913e206fdb5465a48ee8	17ebdc098212cbd2459353d53f67b7dbab1284b852a1b14cc37685b5a4c0cdba	human-differ
arms/A9/a9-c02-zero-byte-events-ro-noserver/consumers.tsv	list-all-json	ae list	0	0	pass	empty-ok	c349e56c0ac366548b6c76a181db3b70c397fe846cfb913e206fdb5465a48ee8	17ebdc098212cbd2459353d53f67b7dbab1284b852a1b14cc37685b5a4c0cdba	digest-scored
arms/A9/a9-c02-zero-byte-events-ro-noserver/consumers.tsv	requests-all	helper:requests	0	-	unimplemented	unimplemented	-	17ebdc098212cbd2459353d53f67b7dbab1284b852a1b14cc37685b5a4c0cdba	helper-not-in-rust-cli
arms/A9/a9-c02-zero-byte-events-ro/consumers.tsv	list	ae list	0	0	differ	differ	c349e56c0ac366548b6c76a181db3b70c397fe846cfb913e206fdb5465a48ee8	17ebdc098212cbd2459353d53f67b7dbab1284b852a1b14cc37685b5a4c0cdba	human-differ
arms/A9/a9-c02-zero-byte-events-ro/consumers.tsv	list-json	ae list	0	0	pass	empty-ok	c349e56c0ac366548b6c76a181db3b70c397fe846cfb913e206fdb5465a48ee8	17ebdc098212cbd2459353d53f67b7dbab1284b852a1b14cc37685b5a4c0cdba	digest-scored
arms/A9/a9-c02-zero-byte-events-ro/consumers.tsv	list-all	ae list	0	0	differ	differ	c349e56c0ac366548b6c76a181db3b70c397fe846cfb913e206fdb5465a48ee8	17ebdc098212cbd2459353d53f67b7dbab1284b852a1b14cc37685b5a4c0cdba	human-differ
arms/A9/a9-c02-zero-byte-events-ro/consumers.tsv	list-all-json	ae list	0	0	pass	empty-ok	c349e56c0ac366548b6c76a181db3b70c397fe846cfb913e206fdb5465a48ee8	17ebdc098212cbd2459353d53f67b7dbab1284b852a1b14cc37685b5a4c0cdba	digest-scored
arms/A9/a9-c02-zero-byte-events-ro/consumers.tsv	requests-all	helper:requests	0	-	unimplemented	unimplemented	-	17ebdc098212cbd2459353d53f67b7dbab1284b852a1b14cc37685b5a4c0cdba	helper-not-in-rust-cli
arms/A9/a9-c02-zero-byte-events-rw/consumers.tsv	list	ae list	0	0	differ	differ	c349e56c0ac366548b6c76a181db3b70c397fe846cfb913e206fdb5465a48ee8	98d0044246b078b8bbcadb4459b2ebdfd8a47b0e7ff8fe40c625528523cc9463	human-differ
arms/A9/a9-c02-zero-byte-events-rw/consumers.tsv	list-json	ae list	0	0	pass	empty-ok	c349e56c0ac366548b6c76a181db3b70c397fe846cfb913e206fdb5465a48ee8	98d0044246b078b8bbcadb4459b2ebdfd8a47b0e7ff8fe40c625528523cc9463	digest-scored
arms/A9/a9-c02-zero-byte-events-rw/consumers.tsv	list-all	ae list	0	0	differ	differ	c349e56c0ac366548b6c76a181db3b70c397fe846cfb913e206fdb5465a48ee8	98d0044246b078b8bbcadb4459b2ebdfd8a47b0e7ff8fe40c625528523cc9463	human-differ
arms/A9/a9-c02-zero-byte-events-rw/consumers.tsv	list-all-json	ae list	0	0	pass	empty-ok	c349e56c0ac366548b6c76a181db3b70c397fe846cfb913e206fdb5465a48ee8	98d0044246b078b8bbcadb4459b2ebdfd8a47b0e7ff8fe40c625528523cc9463	digest-scored
arms/A9/a9-c02-zero-byte-events-rw/consumers.tsv	requests-all	helper:requests	0	-	unimplemented	unimplemented	-	98d0044246b078b8bbcadb4459b2ebdfd8a47b0e7ff8fe40c625528523cc9463	helper-not-in-rust-cli
arms/A9/a9-c03-meta-mode-000-ro-noserver/consumers.tsv	list	ae list	0	0	differ	empty-ok	683f025c6304b8a4a8fe6d4ce16280c020246b0410841945ce7df68acc61795f	167845758dd6755ea404ebbb53bef4abc3ecdc8e0511d90ed566dd9c0169180f	human-differ
arms/A9/a9-c03-meta-mode-000-ro-noserver/consumers.tsv	list-json	ae list	0	0	pass	empty-ok	683f025c6304b8a4a8fe6d4ce16280c020246b0410841945ce7df68acc61795f	167845758dd6755ea404ebbb53bef4abc3ecdc8e0511d90ed566dd9c0169180f	digest-scored
arms/A9/a9-c03-meta-mode-000-ro-noserver/consumers.tsv	list-all	ae list	0	0	differ	differ	683f025c6304b8a4a8fe6d4ce16280c020246b0410841945ce7df68acc61795f	167845758dd6755ea404ebbb53bef4abc3ecdc8e0511d90ed566dd9c0169180f	human-differ
arms/A9/a9-c03-meta-mode-000-ro-noserver/consumers.tsv	list-all-json	ae list	0	0	pass	differ	683f025c6304b8a4a8fe6d4ce16280c020246b0410841945ce7df68acc61795f	167845758dd6755ea404ebbb53bef4abc3ecdc8e0511d90ed566dd9c0169180f	digest-scored
arms/A9/a9-c03-meta-mode-000-ro-noserver/consumers.tsv	requests-all	helper:requests	0	-	unimplemented	unimplemented	-	167845758dd6755ea404ebbb53bef4abc3ecdc8e0511d90ed566dd9c0169180f	helper-not-in-rust-cli
arms/A9/a9-c03-meta-mode-000-ro/consumers.tsv	list	ae list	0	0	differ	differ	683f025c6304b8a4a8fe6d4ce16280c020246b0410841945ce7df68acc61795f	167845758dd6755ea404ebbb53bef4abc3ecdc8e0511d90ed566dd9c0169180f	human-differ
arms/A9/a9-c03-meta-mode-000-ro/consumers.tsv	list-json	ae list	0	0	pass	differ	683f025c6304b8a4a8fe6d4ce16280c020246b0410841945ce7df68acc61795f	167845758dd6755ea404ebbb53bef4abc3ecdc8e0511d90ed566dd9c0169180f	digest-scored
arms/A9/a9-c03-meta-mode-000-ro/consumers.tsv	list-all	ae list	0	0	differ	differ	683f025c6304b8a4a8fe6d4ce16280c020246b0410841945ce7df68acc61795f	167845758dd6755ea404ebbb53bef4abc3ecdc8e0511d90ed566dd9c0169180f	human-differ
arms/A9/a9-c03-meta-mode-000-ro/consumers.tsv	list-all-json	ae list	0	0	pass	differ	683f025c6304b8a4a8fe6d4ce16280c020246b0410841945ce7df68acc61795f	167845758dd6755ea404ebbb53bef4abc3ecdc8e0511d90ed566dd9c0169180f	digest-scored
arms/A9/a9-c03-meta-mode-000-ro/consumers.tsv	requests-all	helper:requests	0	-	unimplemented	unimplemented	-	167845758dd6755ea404ebbb53bef4abc3ecdc8e0511d90ed566dd9c0169180f	helper-not-in-rust-cli
arms/A9/a9-c03-meta-mode-000-rw/consumers.tsv	list	ae list	0	0	differ	differ	683f025c6304b8a4a8fe6d4ce16280c020246b0410841945ce7df68acc61795f	03fc645781ec224d20f5f6d11b0c87280197126af028f6047893d7dc8354a8f6	human-differ
arms/A9/a9-c03-meta-mode-000-rw/consumers.tsv	list-json	ae list	0	0	pass	differ	683f025c6304b8a4a8fe6d4ce16280c020246b0410841945ce7df68acc61795f	03fc645781ec224d20f5f6d11b0c87280197126af028f6047893d7dc8354a8f6	digest-scored
arms/A9/a9-c03-meta-mode-000-rw/consumers.tsv	list-all	ae list	0	0	differ	differ	683f025c6304b8a4a8fe6d4ce16280c020246b0410841945ce7df68acc61795f	03fc645781ec224d20f5f6d11b0c87280197126af028f6047893d7dc8354a8f6	human-differ
arms/A9/a9-c03-meta-mode-000-rw/consumers.tsv	list-all-json	ae list	0	0	pass	differ	683f025c6304b8a4a8fe6d4ce16280c020246b0410841945ce7df68acc61795f	03fc645781ec224d20f5f6d11b0c87280197126af028f6047893d7dc8354a8f6	digest-scored
arms/A9/a9-c03-meta-mode-000-rw/consumers.tsv	requests-all	helper:requests	0	-	unimplemented	unimplemented	-	03fc645781ec224d20f5f6d11b0c87280197126af028f6047893d7dc8354a8f6	helper-not-in-rust-cli
arms/A9/a9-c04-malformed-event-ro-noserver/consumers.tsv	list	ae list	0	0	differ	differ	39e769bdbbbaf578250c9f7c32a3adf3e81dc69fe270218d77ba016210dfe8a6	0be46cd1df0d89453f7ac919c28afc96373c24d4a67ad8aaf41461ecfc20aaa4	human-differ
arms/A9/a9-c04-malformed-event-ro-noserver/consumers.tsv	list-json	ae list	0	0	pass	empty-ok	39e769bdbbbaf578250c9f7c32a3adf3e81dc69fe270218d77ba016210dfe8a6	0be46cd1df0d89453f7ac919c28afc96373c24d4a67ad8aaf41461ecfc20aaa4	digest-scored
arms/A9/a9-c04-malformed-event-ro-noserver/consumers.tsv	list-all	ae list	0	0	differ	differ	39e769bdbbbaf578250c9f7c32a3adf3e81dc69fe270218d77ba016210dfe8a6	0be46cd1df0d89453f7ac919c28afc96373c24d4a67ad8aaf41461ecfc20aaa4	human-differ
arms/A9/a9-c04-malformed-event-ro-noserver/consumers.tsv	list-all-json	ae list	0	0	pass	empty-ok	39e769bdbbbaf578250c9f7c32a3adf3e81dc69fe270218d77ba016210dfe8a6	0be46cd1df0d89453f7ac919c28afc96373c24d4a67ad8aaf41461ecfc20aaa4	digest-scored
arms/A9/a9-c04-malformed-event-ro-noserver/consumers.tsv	requests-all	helper:requests	0	-	unimplemented	unimplemented	-	0be46cd1df0d89453f7ac919c28afc96373c24d4a67ad8aaf41461ecfc20aaa4	helper-not-in-rust-cli
arms/A9/a9-c04-malformed-event-ro/consumers.tsv	list	ae list	0	0	differ	differ	39e769bdbbbaf578250c9f7c32a3adf3e81dc69fe270218d77ba016210dfe8a6	0be46cd1df0d89453f7ac919c28afc96373c24d4a67ad8aaf41461ecfc20aaa4	human-differ
arms/A9/a9-c04-malformed-event-ro/consumers.tsv	list-json	ae list	0	0	pass	empty-ok	39e769bdbbbaf578250c9f7c32a3adf3e81dc69fe270218d77ba016210dfe8a6	0be46cd1df0d89453f7ac919c28afc96373c24d4a67ad8aaf41461ecfc20aaa4	digest-scored
arms/A9/a9-c04-malformed-event-ro/consumers.tsv	list-all	ae list	0	0	differ	differ	39e769bdbbbaf578250c9f7c32a3adf3e81dc69fe270218d77ba016210dfe8a6	0be46cd1df0d89453f7ac919c28afc96373c24d4a67ad8aaf41461ecfc20aaa4	human-differ
arms/A9/a9-c04-malformed-event-ro/consumers.tsv	list-all-json	ae list	0	0	pass	empty-ok	39e769bdbbbaf578250c9f7c32a3adf3e81dc69fe270218d77ba016210dfe8a6	0be46cd1df0d89453f7ac919c28afc96373c24d4a67ad8aaf41461ecfc20aaa4	digest-scored
arms/A9/a9-c04-malformed-event-ro/consumers.tsv	requests-all	helper:requests	0	-	unimplemented	unimplemented	-	0be46cd1df0d89453f7ac919c28afc96373c24d4a67ad8aaf41461ecfc20aaa4	helper-not-in-rust-cli
arms/A9/a9-c04-malformed-event-rw/consumers.tsv	list	ae list	0	0	differ	differ	39e769bdbbbaf578250c9f7c32a3adf3e81dc69fe270218d77ba016210dfe8a6	d10d3366168f38c4cbd6004ccef66ccecd3f7b244c84757f1fa8b7c5436b48fc	human-differ
arms/A9/a9-c04-malformed-event-rw/consumers.tsv	list-json	ae list	0	0	pass	empty-ok	39e769bdbbbaf578250c9f7c32a3adf3e81dc69fe270218d77ba016210dfe8a6	d10d3366168f38c4cbd6004ccef66ccecd3f7b244c84757f1fa8b7c5436b48fc	digest-scored
arms/A9/a9-c04-malformed-event-rw/consumers.tsv	list-all	ae list	0	0	differ	differ	39e769bdbbbaf578250c9f7c32a3adf3e81dc69fe270218d77ba016210dfe8a6	d10d3366168f38c4cbd6004ccef66ccecd3f7b244c84757f1fa8b7c5436b48fc	human-differ
arms/A9/a9-c04-malformed-event-rw/consumers.tsv	list-all-json	ae list	0	0	pass	empty-ok	39e769bdbbbaf578250c9f7c32a3adf3e81dc69fe270218d77ba016210dfe8a6	d10d3366168f38c4cbd6004ccef66ccecd3f7b244c84757f1fa8b7c5436b48fc	digest-scored
arms/A9/a9-c04-malformed-event-rw/consumers.tsv	requests-all	helper:requests	0	-	unimplemented	unimplemented	-	d10d3366168f38c4cbd6004ccef66ccecd3f7b244c84757f1fa8b7c5436b48fc	helper-not-in-rust-cli
arms/A9/a9-c05-meta-absent-ro-noserver/consumers.tsv	list	ae list	0	0	differ	empty-ok	0788336a1c3fcaabd90e25053792917cca6c125f3fd8de857e28fdd15a033917	6a3a42033033f4ac1cffb9cda365c7a12f9ae28afef301ceed93de4f4cbf19f9	human-differ
arms/A9/a9-c05-meta-absent-ro-noserver/consumers.tsv	list-json	ae list	0	0	pass	empty-ok	0788336a1c3fcaabd90e25053792917cca6c125f3fd8de857e28fdd15a033917	6a3a42033033f4ac1cffb9cda365c7a12f9ae28afef301ceed93de4f4cbf19f9	digest-scored
arms/A9/a9-c05-meta-absent-ro-noserver/consumers.tsv	list-all	ae list	0	0	differ	empty-ok	0788336a1c3fcaabd90e25053792917cca6c125f3fd8de857e28fdd15a033917	6a3a42033033f4ac1cffb9cda365c7a12f9ae28afef301ceed93de4f4cbf19f9	human-differ
arms/A9/a9-c05-meta-absent-ro-noserver/consumers.tsv	list-all-json	ae list	0	0	pass	empty-ok	0788336a1c3fcaabd90e25053792917cca6c125f3fd8de857e28fdd15a033917	6a3a42033033f4ac1cffb9cda365c7a12f9ae28afef301ceed93de4f4cbf19f9	digest-scored
arms/A9/a9-c05-meta-absent-ro-noserver/consumers.tsv	requests-all	helper:requests	0	-	unimplemented	unimplemented	-	6a3a42033033f4ac1cffb9cda365c7a12f9ae28afef301ceed93de4f4cbf19f9	helper-not-in-rust-cli
arms/A9/a9-c05-meta-absent-ro/consumers.tsv	list	ae list	0	0	differ	empty-ok	0788336a1c3fcaabd90e25053792917cca6c125f3fd8de857e28fdd15a033917	6a3a42033033f4ac1cffb9cda365c7a12f9ae28afef301ceed93de4f4cbf19f9	human-differ
arms/A9/a9-c05-meta-absent-ro/consumers.tsv	list-json	ae list	0	0	pass	empty-ok	0788336a1c3fcaabd90e25053792917cca6c125f3fd8de857e28fdd15a033917	6a3a42033033f4ac1cffb9cda365c7a12f9ae28afef301ceed93de4f4cbf19f9	digest-scored
arms/A9/a9-c05-meta-absent-ro/consumers.tsv	list-all	ae list	0	0	differ	empty-ok	0788336a1c3fcaabd90e25053792917cca6c125f3fd8de857e28fdd15a033917	6a3a42033033f4ac1cffb9cda365c7a12f9ae28afef301ceed93de4f4cbf19f9	human-differ
arms/A9/a9-c05-meta-absent-ro/consumers.tsv	list-all-json	ae list	0	0	pass	empty-ok	0788336a1c3fcaabd90e25053792917cca6c125f3fd8de857e28fdd15a033917	6a3a42033033f4ac1cffb9cda365c7a12f9ae28afef301ceed93de4f4cbf19f9	digest-scored
arms/A9/a9-c05-meta-absent-ro/consumers.tsv	requests-all	helper:requests	0	-	unimplemented	unimplemented	-	6a3a42033033f4ac1cffb9cda365c7a12f9ae28afef301ceed93de4f4cbf19f9	helper-not-in-rust-cli
arms/A9/a9-c05-meta-absent-rw/consumers.tsv	list	ae list	0	0	differ	empty-ok	0788336a1c3fcaabd90e25053792917cca6c125f3fd8de857e28fdd15a033917	dec54789c607dba7abb9e3ce2bc561675e8adcb2671e46308aa1de003ba69a3e	human-differ
arms/A9/a9-c05-meta-absent-rw/consumers.tsv	list-json	ae list	0	0	pass	empty-ok	0788336a1c3fcaabd90e25053792917cca6c125f3fd8de857e28fdd15a033917	dec54789c607dba7abb9e3ce2bc561675e8adcb2671e46308aa1de003ba69a3e	digest-scored
arms/A9/a9-c05-meta-absent-rw/consumers.tsv	list-all	ae list	0	0	differ	empty-ok	0788336a1c3fcaabd90e25053792917cca6c125f3fd8de857e28fdd15a033917	dec54789c607dba7abb9e3ce2bc561675e8adcb2671e46308aa1de003ba69a3e	human-differ
arms/A9/a9-c05-meta-absent-rw/consumers.tsv	list-all-json	ae list	0	0	pass	empty-ok	0788336a1c3fcaabd90e25053792917cca6c125f3fd8de857e28fdd15a033917	dec54789c607dba7abb9e3ce2bc561675e8adcb2671e46308aa1de003ba69a3e	digest-scored
arms/A9/a9-c05-meta-absent-rw/consumers.tsv	requests-all	helper:requests	0	-	unimplemented	unimplemented	-	dec54789c607dba7abb9e3ce2bc561675e8adcb2671e46308aa1de003ba69a3e	helper-not-in-rust-cli
arms/A9/a9-c06-healthy-control-ro-noserver/consumers.tsv	list	ae list	0	0	differ	differ	2f1b2ea3f8bfcc3a950686c788aed33b4fb91eae0699b0304f28784ebd0cd8e8	c940ecaed0bba78bb6b78f7a286ed3c65f601aa18f5a0babda6d2910aa062f18	human-differ
arms/A9/a9-c06-healthy-control-ro-noserver/consumers.tsv	list-json	ae list	0	0	pass	empty-ok	2f1b2ea3f8bfcc3a950686c788aed33b4fb91eae0699b0304f28784ebd0cd8e8	c940ecaed0bba78bb6b78f7a286ed3c65f601aa18f5a0babda6d2910aa062f18	digest-scored
arms/A9/a9-c06-healthy-control-ro-noserver/consumers.tsv	list-all	ae list	0	0	differ	differ	2f1b2ea3f8bfcc3a950686c788aed33b4fb91eae0699b0304f28784ebd0cd8e8	c940ecaed0bba78bb6b78f7a286ed3c65f601aa18f5a0babda6d2910aa062f18	human-differ
arms/A9/a9-c06-healthy-control-ro-noserver/consumers.tsv	list-all-json	ae list	0	0	pass	empty-ok	2f1b2ea3f8bfcc3a950686c788aed33b4fb91eae0699b0304f28784ebd0cd8e8	c940ecaed0bba78bb6b78f7a286ed3c65f601aa18f5a0babda6d2910aa062f18	digest-scored
arms/A9/a9-c06-healthy-control-ro-noserver/consumers.tsv	requests-all	helper:requests	0	-	unimplemented	unimplemented	-	c940ecaed0bba78bb6b78f7a286ed3c65f601aa18f5a0babda6d2910aa062f18	helper-not-in-rust-cli
arms/A9/a9-c06-healthy-control-ro/consumers.tsv	list	ae list	0	0	differ	differ	2f1b2ea3f8bfcc3a950686c788aed33b4fb91eae0699b0304f28784ebd0cd8e8	c940ecaed0bba78bb6b78f7a286ed3c65f601aa18f5a0babda6d2910aa062f18	human-differ
arms/A9/a9-c06-healthy-control-ro/consumers.tsv	list-json	ae list	0	0	pass	empty-ok	2f1b2ea3f8bfcc3a950686c788aed33b4fb91eae0699b0304f28784ebd0cd8e8	c940ecaed0bba78bb6b78f7a286ed3c65f601aa18f5a0babda6d2910aa062f18	digest-scored
arms/A9/a9-c06-healthy-control-ro/consumers.tsv	list-all	ae list	0	0	differ	differ	2f1b2ea3f8bfcc3a950686c788aed33b4fb91eae0699b0304f28784ebd0cd8e8	c940ecaed0bba78bb6b78f7a286ed3c65f601aa18f5a0babda6d2910aa062f18	human-differ
arms/A9/a9-c06-healthy-control-ro/consumers.tsv	list-all-json	ae list	0	0	pass	empty-ok	2f1b2ea3f8bfcc3a950686c788aed33b4fb91eae0699b0304f28784ebd0cd8e8	c940ecaed0bba78bb6b78f7a286ed3c65f601aa18f5a0babda6d2910aa062f18	digest-scored
arms/A9/a9-c06-healthy-control-ro/consumers.tsv	requests-all	helper:requests	0	-	unimplemented	unimplemented	-	c940ecaed0bba78bb6b78f7a286ed3c65f601aa18f5a0babda6d2910aa062f18	helper-not-in-rust-cli
arms/A9/a9-c06-healthy-control-rw/consumers.tsv	list	ae list	0	0	differ	differ	2f1b2ea3f8bfcc3a950686c788aed33b4fb91eae0699b0304f28784ebd0cd8e8	075d5a2c2b065c8511193a8b16ee9d7785ae91ce8d9ba3020d7bc40a171ff667	human-differ
arms/A9/a9-c06-healthy-control-rw/consumers.tsv	list-json	ae list	0	0	pass	empty-ok	2f1b2ea3f8bfcc3a950686c788aed33b4fb91eae0699b0304f28784ebd0cd8e8	075d5a2c2b065c8511193a8b16ee9d7785ae91ce8d9ba3020d7bc40a171ff667	digest-scored
arms/A9/a9-c06-healthy-control-rw/consumers.tsv	list-all	ae list	0	0	differ	differ	2f1b2ea3f8bfcc3a950686c788aed33b4fb91eae0699b0304f28784ebd0cd8e8	075d5a2c2b065c8511193a8b16ee9d7785ae91ce8d9ba3020d7bc40a171ff667	human-differ
arms/A9/a9-c06-healthy-control-rw/consumers.tsv	list-all-json	ae list	0	0	pass	empty-ok	2f1b2ea3f8bfcc3a950686c788aed33b4fb91eae0699b0304f28784ebd0cd8e8	075d5a2c2b065c8511193a8b16ee9d7785ae91ce8d9ba3020d7bc40a171ff667	digest-scored
arms/A9/a9-c06-healthy-control-rw/consumers.tsv	requests-all	helper:requests	0	-	unimplemented	unimplemented	-	075d5a2c2b065c8511193a8b16ee9d7785ae91ce8d9ba3020d7bc40a171ff667	helper-not-in-rust-cli
arms/D/d01-controller-only-twin-twin/consumers.tsv	baseline-list-json	ae list	0	0	pass	empty-ok	2f1b2ea3f8bfcc3a950686c788aed33b4fb91eae0699b0304f28784ebd0cd8e8	075d5a2c2b065c8511193a8b16ee9d7785ae91ce8d9ba3020d7bc40a171ff667	digest-scored
arms/D/d01-controller-only-twin-twin/consumers.tsv	rerun-list-json	ae list	0	0	pass	empty-ok	2f1b2ea3f8bfcc3a950686c788aed33b4fb91eae0699b0304f28784ebd0cd8e8	075d5a2c2b065c8511193a8b16ee9d7785ae91ce8d9ba3020d7bc40a171ff667	digest-scored
arms/D/d01-list-vs-goal-writer-barrier/consumers.tsv	baseline-list-json	ae list	0	0	pass	empty-ok	2f1b2ea3f8bfcc3a950686c788aed33b4fb91eae0699b0304f28784ebd0cd8e8	075d5a2c2b065c8511193a8b16ee9d7785ae91ce8d9ba3020d7bc40a171ff667	digest-scored
arms/D/d01-list-vs-goal-writer-barrier/consumers.tsv	barrier-list-json	ae list	0	0	pass	empty-ok	2f1b2ea3f8bfcc3a950686c788aed33b4fb91eae0699b0304f28784ebd0cd8e8	075d5a2c2b065c8511193a8b16ee9d7785ae91ce8d9ba3020d7bc40a171ff667	digest-scored
arms/D/d01-list-vs-goal-writer-barrier/consumers.tsv	rerun-list-json	ae list	0	0	pass	empty-ok	2f1b2ea3f8bfcc3a950686c788aed33b4fb91eae0699b0304f28784ebd0cd8e8	075d5a2c2b065c8511193a8b16ee9d7785ae91ce8d9ba3020d7bc40a171ff667	digest-scored
arms/D/d02-controller-only-twin-twin/consumers.tsv	baseline-requests	helper:requests	0	-	unimplemented	unimplemented	-	c5a47d626ffaf77aed1dcfd551e1c945a71d612f3ee9ffaa8d16aa40e8192f14	helper-not-in-rust-cli
arms/D/d02-controller-only-twin-twin/consumers.tsv	clean-rerun-requests	helper:requests	0	-	unimplemented	unimplemented	-	c5a47d626ffaf77aed1dcfd551e1c945a71d612f3ee9ffaa8d16aa40e8192f14	helper-not-in-rust-cli
arms/D/d02-requests-vs-reply-writer-barrier/consumers.tsv	baseline-requests	helper:requests	0	-	unimplemented	unimplemented	-	c5a47d626ffaf77aed1dcfd551e1c945a71d612f3ee9ffaa8d16aa40e8192f14	helper-not-in-rust-cli
arms/D/d02-requests-vs-reply-writer-barrier/consumers.tsv	barrier-requests	helper:requests	0	-	unimplemented	unimplemented	-	c5a47d626ffaf77aed1dcfd551e1c945a71d612f3ee9ffaa8d16aa40e8192f14	helper-not-in-rust-cli
arms/D/d02-requests-vs-reply-writer-barrier/consumers.tsv	clean-rerun-requests	helper:requests	0	-	unimplemented	unimplemented	-	c5a47d626ffaf77aed1dcfd551e1c945a71d612f3ee9ffaa8d16aa40e8192f14	helper-not-in-rust-cli
