pid=63612 ppid=63580 AE_TMUX_SERVER=<unset> AE_TMUX_SERVER_KIND=<unset> argc=3 <has-session> <-t> <t1>
pid=63657 ppid=63580 AE_TMUX_SERVER=<unset> AE_TMUX_SERVER_KIND=<unset> argc=6 <new-session> <-d> <-s> <t1> <-c> </private/tmp/aelx/T-100/t100-C-blocked/w>
pid=63678 ppid=63580 AE_TMUX_SERVER=<unset> AE_TMUX_SERVER_KIND=<unset> argc=5 <set-environment> <-t> <t1> <-u> <CLAUDECODE>
pid=63689 ppid=63580 AE_TMUX_SERVER=<unset> AE_TMUX_SERVER_KIND=<unset> argc=5 <set-environment> <-t> <t1> <-u> <CLAUDE_CODE_SESSION>
pid=63693 ppid=63580 AE_TMUX_SERVER=<unset> AE_TMUX_SERVER_KIND=<unset> argc=5 <set-environment> <-t> <t1> <AE_SESSION> <1>
pid=63695 ppid=63580 AE_TMUX_SERVER=<unset> AE_TMUX_SERVER_KIND=<unset> argc=5 <set-environment> <-t> <t1> <AE_ORIGIN> </private/tmp/aelx/T-100/t100-C-blocked/w>
pid=63703 ppid=63580 AE_TMUX_SERVER=<unset> AE_TMUX_SERVER_KIND=<unset> argc=5 <set-environment> <-t> <t1> <AE_DIR> </private/tmp/aelx/T-100/t100-C-blocked/w>
pid=63706 ppid=63580 AE_TMUX_SERVER=<unset> AE_TMUX_SERVER_KIND=<unset> argc=5 <set-environment> <-t> <t1> <AE_MODE> <local>
pid=63708 ppid=63580 AE_TMUX_SERVER=<unset> AE_TMUX_SERVER_KIND=<unset> argc=5 <set-environment> <-t> <t1> <AE_HOME> </tmp/aelx/T-100/t100-C-blocked/h/.ae>
pid=63718 ppid=63580 AE_TMUX_SERVER=<unset> AE_TMUX_SERVER_KIND=<unset> argc=5 <set-option> <-t> <t1> <mouse> <on>
pid=63721 ppid=63580 AE_TMUX_SERVER=<unset> AE_TMUX_SERVER_KIND=<unset> argc=5 <set-option> <-t> <t1> <focus-events> <on>
pid=63727 ppid=63580 AE_TMUX_SERVER=<unset> AE_TMUX_SERVER_KIND=<unset> argc=5 <set-option> <-t> <t1> <history-limit> <50000>
pid=63733 ppid=63580 AE_TMUX_SERVER=<unset> AE_TMUX_SERVER_KIND=<unset> argc=5 <set-option> <-t> <t1> <pane-border-status> <top>
pid=63740 ppid=63580 AE_TMUX_SERVER=<unset> AE_TMUX_SERVER_KIND=<unset> argc=5 <set-option> <-t> <t1> <pane-border-format> < #{@ae_agent} >
pid=63742 ppid=63580 AE_TMUX_SERVER=<unset> AE_TMUX_SERVER_KIND=<unset> argc=3 <has-session> <-t> <t1>
pid=63746 ppid=63745 AE_TMUX_SERVER=<unset> AE_TMUX_SERVER_KIND=<unset> argc=3 <list-sessions> <-F> <#{session_id} #{session_name}>
pid=63765 ppid=63580 AE_TMUX_SERVER=<unset> AE_TMUX_SERVER_KIND=<unset> argc=5 <set-option> <-t> <$0> <status-left> <[ae t1] >
pid=63768 ppid=63580 AE_TMUX_SERVER=<unset> AE_TMUX_SERVER_KIND=<unset> argc=5 <set-option> <-t> <$0> <status-left-length> <40>
pid=63777 ppid=63580 AE_TMUX_SERVER=<unset> AE_TMUX_SERVER_KIND=<unset> argc=5 <set-option> <-t> <$0> <status-right> <[/private/tmp/aelx/T-100/t100-C-blocked/w#{@ae_branch_status}] #{@ae_watchdog_status}>
pid=63784 ppid=63580 AE_TMUX_SERVER=<unset> AE_TMUX_SERVER_KIND=<unset> argc=5 <set-option> <-t> <$0> <status-right-length> <100>
pid=63787 ppid=63580 AE_TMUX_SERVER=<unset> AE_TMUX_SERVER_KIND=<unset> argc=5 <set-option> <-t> <$0> <status-interval> <5>
pid=63796 ppid=63580 AE_TMUX_SERVER=<unset> AE_TMUX_SERVER_KIND=<unset> argc=5 <set-option> <-t> <$0> <status> <2>
pid=63800 ppid=63799 AE_TMUX_SERVER=<unset> AE_TMUX_SERVER_KIND=<unset> argc=3 <show-options> <-gv> <status-format[0]>
pid=63805 ppid=63580 AE_TMUX_SERVER=<unset> AE_TMUX_SERVER_KIND=<unset> argc=5 <set-option> <-t> <$0> <status-format[0]> <#[align=left range=left #{E:status-left-style}]#[push-default]#{T;=/#{status-left-length}:status-left}#[pop-default]#[norange default]#[list=on align=#{status-justify}]#[list=left-marker]<#[list=right-marker]>#[list=on]#{W:#[range=window|#{window_index} #{E:window-status-style}#{?#{&&:#{window_last_flag},#{!=:#{E:window-status-last-style},default}}, #{E:window-status-last-style},}#{?#{&&:#{window_bell_flag},#{!=:#{E:window-status-bell-style},default}}, #{E:window-status-bell-style},#{?#{&&:#{||:#{window_activity_flag},#{window_silence_flag}},#{!=:#{E:window-status-activity-style},default}}, #{E:window-status-activity-style},}}]#[push-default]#{T:window-status-format}#[pop-default]#[norange default]#{?loop_last_flag,,#{E:window-status-separator}},#[range=window|#{window_index} list=focus #{?#{!=:#{E:window-status-current-style},default},#{E:window-status-current-style},#{E:window-status-style}}#{?#{&&:#{window_last_flag},#{!=:#{E:window-status-last-style},default}}, #{E:window-status-last-style},}#{?#{&&:#{window_bell_flag},#{!=:#{E:window-status-bell-style},default}}, #{E:window-status-bell-style},#{?#{&&:#{||:#{window_activity_flag},#{window_silence_flag}},#{!=:#{E:window-status-activity-style},default}}, #{E:window-status-activity-style},}}]#[push-default]#{T:window-status-current-format}#[pop-default]#[norange list=on default]#{?loop_last_flag,,#{E:window-status-separator}}}#[nolist align=right range=right #{E:status-right-style}]#[push-default]#{T;=/#{status-right-length}:status-right}#[pop-default]#[norange default]>
pid=63808 ppid=63580 AE_TMUX_SERVER=<unset> AE_TMUX_SERVER_KIND=<unset> argc=5 <set-option> <-t> <$0> <status-format[1]> <#[align=left] #{@ae_agent}#[align=right]#{@ae_agents_status} >
pid=63811 ppid=63580 AE_TMUX_SERVER=<unset> AE_TMUX_SERVER_KIND=<unset> argc=5 <set-option> <-t> <$0> <window-status-format> <#I:#W#{@ae_window_status}#F>
pid=63813 ppid=63580 AE_TMUX_SERVER=<unset> AE_TMUX_SERVER_KIND=<unset> argc=5 <set-option> <-t> <$0> <window-status-current-format> <#I:#W#{@ae_window_status}#F>
pid=63815 ppid=63580 AE_TMUX_SERVER=<unset> AE_TMUX_SERVER_KIND=<unset> argc=5 <set-option> <-t> <t1> <automatic-rename> <off>
pid=63818 ppid=63580 AE_TMUX_SERVER=<unset> AE_TMUX_SERVER_KIND=<unset> argc=4 <rename-window> <-t> <t1> <t1>
pid=63821 ppid=63580 AE_TMUX_SERVER=<unset> AE_TMUX_SERVER_KIND=<unset> argc=5 <display-message> <-t> <t1> <-p> <#{pane_id}>
pid=63823 ppid=63580 AE_TMUX_SERVER=<unset> AE_TMUX_SERVER_KIND=<unset> argc=5 <select-pane> <-t> <%0> <-T> <ae:grok:grok>
pid=63825 ppid=63580 AE_TMUX_SERVER=<unset> AE_TMUX_SERVER_KIND=<unset> argc=6 <set-option> <-p> <-t> <%0> <@ae_agent> <grok:grok>
pid=63827 ppid=63580 AE_TMUX_SERVER=<unset> AE_TMUX_SERVER_KIND=<unset> argc=6 <set-option> <-p> <-t> <%0> <@ae_slot> <main>
pid=63849 ppid=63848 AE_TMUX_SERVER=<unset> AE_TMUX_SERVER_KIND=<unset> argc=3 <display-message> <-p> <#{socket_path}>
pid=63974 ppid=63580 AE_TMUX_SERVER=<unset> AE_TMUX_SERVER_KIND=<unset> argc=6 <list-panes> <-s> <-t> <t1> <-F> <#{pane_id}	#{@ae_agent}>
pid=63999 ppid=63998 AE_TMUX_SERVER=<unset> AE_TMUX_SERVER_KIND=<unset> argc=8 <-S> </private/tmp/aelx/T-100/t100-C-blocked/t/tmux-501/default> <list-panes> <-s> <-t> <t1> <-F> <#{pane_id}|#{@ae_slot}|#{@ae_agent}>
pid=64108 ppid=64106 AE_TMUX_SERVER=<unset> AE_TMUX_SERVER_KIND=<unset> argc=5 <display-message> <-p> <-t> <%0> <#{pane_current_command}>
pid=64111 ppid=63580 AE_TMUX_SERVER=<unset> AE_TMUX_SERVER_KIND=<unset> argc=4 <load-buffer> <-b> <ae-ps-63580-%0> <->
pid=64113 ppid=63580 AE_TMUX_SERVER=<unset> AE_TMUX_SERVER_KIND=<unset> argc=6 <paste-buffer> <-d> <-b> <ae-ps-63580-%0> <-t> <%0>
pid=64153 ppid=63580 AE_TMUX_SERVER=<unset> AE_TMUX_SERVER_KIND=<unset> argc=4 <send-keys> <-t> <%0> <Enter>
pid=64265 ppid=64263 AE_TMUX_SERVER=<unset> AE_TMUX_SERVER_KIND=<unset> argc=8 <-S> </private/tmp/aelx/T-100/t100-C-blocked/t/tmux-501/default> <list-panes> <-s> <-t> <t1> <-F> <#{pane_id} #{@ae_agent}>
pid=64269 ppid=64268 AE_TMUX_SERVER=<unset> AE_TMUX_SERVER_KIND=<unset> argc=12 <-S> </private/tmp/aelx/T-100/t100-C-blocked/t/tmux-501/default> <new-window> <-d> <-t> <t1:99> <-n> <ae-monitor> <-P> <-F> <#{pane_id}> </tmp/aelx/T-100/t100-C-blocked/h/.ae/sessions/t1/events-tail>
pid=64272 ppid=64209 AE_TMUX_SERVER=<unset> AE_TMUX_SERVER_KIND=<unset> argc=8 <-S> </private/tmp/aelx/T-100/t100-C-blocked/t/tmux-501/default> <set-option> <-p> <-t> <%1> <@ae_agent> <_events>
pid=64274 ppid=64209 AE_TMUX_SERVER=<unset> AE_TMUX_SERVER_KIND=<unset> argc=7 <-S> </private/tmp/aelx/T-100/t100-C-blocked/t/tmux-501/default> <select-pane> <-t> <%1> <-T> <ae events>
pid=64276 ppid=64209 AE_TMUX_SERVER=<unset> AE_TMUX_SERVER_KIND=<unset> argc=7 <-S> </private/tmp/aelx/T-100/t100-C-blocked/t/tmux-501/default> <set-window-option> <-t> <t1:ae-monitor> <pane-border-status> <top>
pid=64279 ppid=64209 AE_TMUX_SERVER=<unset> AE_TMUX_SERVER_KIND=<unset> argc=6 <-S> </private/tmp/aelx/T-100/t100-C-blocked/t/tmux-501/default> <select-pane> <-t> <%1> <-d>
pid=64319 ppid=64317 AE_TMUX_SERVER=<unset> AE_TMUX_SERVER_KIND=<unset> argc=8 <-S> </private/tmp/aelx/T-100/t100-C-blocked/t/tmux-501/default> <list-panes> <-s> <-t> <t1> <-F> <#{pane_id} #{@ae_agent}>
pid=64325 ppid=64323 AE_TMUX_SERVER=<unset> AE_TMUX_SERVER_KIND=<unset> argc=8 <-S> </private/tmp/aelx/T-100/t100-C-blocked/t/tmux-501/default> <list-panes> <-s> <-t> <t1> <-F> <#{pane_id} #{@ae_agent}>
pid=64332 ppid=64330 AE_TMUX_SERVER=<unset> AE_TMUX_SERVER_KIND=<unset> argc=8 <-S> </private/tmp/aelx/T-100/t100-C-blocked/t/tmux-501/default> <list-panes> <-s> <-t> <t1> <-F> <#{pane_id} #{@ae_agent}>
pid=64338 ppid=64337 AE_TMUX_SERVER=<unset> AE_TMUX_SERVER_KIND=<unset> argc=11 <-S> </private/tmp/aelx/T-100/t100-C-blocked/t/tmux-501/default> <split-window> <-v> <-b> <-t> <%1> <-P> <-F> <#{pane_id}> </tmp/aelx/T-100/t100-C-blocked/h/.ae/sessions/t1/watchdog _run>
pid=64341 ppid=64288 AE_TMUX_SERVER=<unset> AE_TMUX_SERVER_KIND=<unset> argc=8 <-S> </private/tmp/aelx/T-100/t100-C-blocked/t/tmux-501/default> <set-option> <-p> <-t> <%2> <@ae_agent> <_watchdog>
pid=64344 ppid=64288 AE_TMUX_SERVER=<unset> AE_TMUX_SERVER_KIND=<unset> argc=7 <-S> </private/tmp/aelx/T-100/t100-C-blocked/t/tmux-501/default> <select-pane> <-t> <%2> <-T> <ae watchdog>
pid=64354 ppid=64288 AE_TMUX_SERVER=<unset> AE_TMUX_SERVER_KIND=<unset> argc=6 <-S> </private/tmp/aelx/T-100/t100-C-blocked/t/tmux-501/default> <select-pane> <-t> <%2> <-d>
pid=64378 ppid=63580 AE_TMUX_SERVER=<unset> AE_TMUX_SERVER_KIND=<unset> argc=3 <select-pane> <-t> <%0>
pid=63580 ppid=63440 AE_TMUX_SERVER=<unset> AE_TMUX_SERVER_KIND=<unset> argc=3 <attach-session> <-t>pid=64383 ppid=64381 AE_TMUX_SERVER=<unset> AE_TMUX_SERVER_KIND=<unset> argc=5 <t1>
 <-S> </private/tmp/aelx/T-100/t100-C-blocked/t/tmux-501/default> <list-sessions> <-F> <#{session_id} #{session_name}>
pid=64387 ppid=64340 AE_TMUX_SERVER=<unset> AE_TMUX_SERVER_KIND=<unset> argc=7 <-S> </private/tmp/aelx/T-100/t100-C-blocked/t/tmux-501/default> <set-option> <-t> <$0> <@ae_watchdog_status> <[watch ◌ starting]>
pid=64404 ppid=64402 AE_TMUX_SERVER=<unset> AE_TMUX_SERVER_KIND=<unset> argc=5 <-S> </private/tmp/aelx/T-100/t100-C-blocked/t/tmux-501/default> <list-sessions> <-F> <#{session_id} #{session_name}>
pid=64407 ppid=64389 AE_TMUX_SERVER=<unset> AE_TMUX_SERVER_KIND=<unset> argc=7 <-S> </private/tmp/aelx/T-100/t100-C-blocked/t/tmux-501/default> <set-option> <-t> <$0> <@ae_branch_name> <main>
pid=64419 ppid=64417 AE_TMUX_SERVER=<unset> AE_TMUX_SERVER_KIND=<unset> argc=5 <-S> </private/tmp/aelx/T-100/t100-C-blocked/t/tmux-501/default> <list-sessions> <-F> <#{session_id} #{session_name}>
pid=64421 ppid=64340 AE_TMUX_SERVER=<unset> AE_TMUX_SERVER_KIND=<unset> argc=7 <-S> </private/tmp/aelx/T-100/t100-C-blocked/t/tmux-501/default> <set-option> <-t> <$0> <@ae_branch_status> < main>
pid=64423 ppid=64340 AE_TMUX_SERVER=<unset> AE_TMUX_SERVER_KIND=<unset> argc=5 <-S> </private/tmp/aelx/T-100/t100-C-blocked/t/tmux-501/default> <has-session> <-t> <t1>
pid=64431 ppid=64340 AE_TMUX_SERVER=<unset> AE_TMUX_SERVER_KIND=<unset> argc=8 <-S> </private/tmp/aelx/T-100/t100-C-blocked/t/tmux-501/default> <list-panes> <-s> <-t> <t1> <-F> <#{pane_id}|#{@ae_agent}|#{pane_current_command}|#{pane_pid}>
pid=64435 ppid=64434 AE_TMUX_SERVER=<unset> AE_TMUX_SERVER_KIND=<unset> argc=7 <-S> </private/tmp/aelx/T-100/t100-C-blocked/t/tmux-501/default> <display-message> <-p> <-t> <%0> <#{@ae_slot}>
pid=64439 ppid=64438 AE_TMUX_SERVER=<unset> AE_TMUX_SERVER_KIND=<unset> argc=11 <-S> </private/tmp/aelx/T-100/t100-C-blocked/t/tmux-501/default> <capture-pane> <-p> <-J> <-S> <-40> <-E> <-> <-t> <%0>
pid=64483 ppid=64481 AE_TMUX_SERVER=<unset> AE_TMUX_SERVER_KIND=<unset> argc=5 <-S> </private/tmp/aelx/T-100/t100-C-blocked/t/tmux-501/default> <list-sessions> <-F> <#{session_id} #{session_name}>
pid=64488 ppid=64340 AE_TMUX_SERVER=<unset> AE_TMUX_SERVER_KIND=<unset> argc=7 <-S> </private/tmp/aelx/T-100/t100-C-blocked/t/tmux-501/default> <set-option> <-t> <$0> <@ae_watchdog_status> <[watch ● 1/1]>
pid=64520 ppid=64518 AE_TMUX_SERVER=<unset> AE_TMUX_SERVER_KIND=<unset> argc=5 <-S> </private/tmp/aelx/T-100/t100-C-blocked/t/tmux-501/default> <list-sessions> <-F> <#{session_id} #{session_name}>
pid=64523 ppid=64496 AE_TMUX_SERVER=<unset> AE_TMUX_SERVER_KIND=<unset> argc=7 <-S> </private/tmp/aelx/T-100/t100-C-blocked/t/tmux-501/default> <set-option> <-t> <$0> <@ae_branch_name> <main>
pid=64534 ppid=64532 AE_TMUX_SERVER=<unset> AE_TMUX_SERVER_KIND=<unset> argc=5 <-S> </private/tmp/aelx/T-100/t100-C-blocked/t/tmux-501/default> <list-sessions> <-F> <#{session_id} #{session_name}>
pid=64536 ppid=64340 AE_TMUX_SERVER=<unset> AE_TMUX_SERVER_KIND=<unset> argc=7 <-S> </private/tmp/aelx/T-100/t100-C-blocked/t/tmux-501/default> <set-option> <-t> <$0> <@ae_branch_status> < main>
pid=64549 ppid=64547 AE_TMUX_SERVER=<unset> AE_TMUX_SERVER_KIND=<unset> argc=5 <-S> </private/tmp/aelx/T-100/t100-C-blocked/t/tmux-501/default> <list-sessions> <-F> <#{session_id} #{session_name}>
pid=64552 ppid=64340 AE_TMUX_SERVER=<unset> AE_TMUX_SERVER_KIND=<unset> argc=7 <-S> </private/tmp/aelx/T-100/t100-C-blocked/t/tmux-501/default> <set-option> <-t> <$0> <@ae_agents_status> <grok●>
pid=64559 ppid=64558 AE_TMUX_SERVER=<unset> AE_TMUX_SERVER_KIND=<unset> argc=8 <-S> </private/tmp/aelx/T-100/t100-C-blocked/t/tmux-501/default> <list-panes> <-s> <-t> <t1> <-F> <#{pane_id}|#{window_id}|#{@ae_agent}>
pid=64562 ppid=64340 AE_TMUX_SERVER=<unset> AE_TMUX_SERVER_KIND=<unset> argc=8 <-S> </private/tmp/aelx/T-100/t100-C-blocked/t/tmux-501/default> <set-option> <-w> <-t> <@0> <@ae_window_status> <●>
pid=64564 ppid=64340 AE_TMUX_SERVER=<unset> AE_TMUX_SERVER_KIND=<unset> argc=8 <-S> </private/tmp/aelx/T-100/t100-C-blocked/t/tmux-501/default> <set-option> <-w> <-t> <@1> <@ae_window_status> <>
pid=65854 ppid=64340 AE_TMUX_SERVER=<unset> AE_TMUX_SERVER_KIND=<unset> argc=5 <-S> </private/tmp/aelx/T-100/t100-C-blocked/t/tmux-501/default> <has-session> <-t> <t1>
pid=65874 ppid=64340 AE_TMUX_SERVER=<unset> AE_TMUX_SERVER_KIND=<unset> argc=8 <-S> </private/tmp/aelx/T-100/t100-C-blocked/t/tmux-501/default> <list-panes> <-s> <-t> <t1> <-F> <#{pane_id}|#{@ae_agent}|#{pane_current_command}|#{pane_pid}>
pid=65880 ppid=65878 AE_TMUX_SERVER=<unset> AE_TMUX_SERVER_KIND=<unset> argc=7 <-S> </private/tmp/aelx/T-100/t100-C-blocked/t/tmux-501/default> <display-message> <-p> <-t> <%0> <#{@ae_slot}>
pid=65887 ppid=65886 AE_TMUX_SERVER=<unset> AE_TMUX_SERVER_KIND=<unset> argc=11 <-S> </private/tmp/aelx/T-100/t100-C-blocked/t/tmux-501/default> <capture-pane> <-p> <-J> <-S> <-40> <-E> <-> <-t> <%0>
pid=65952 ppid=65950 AE_TMUX_SERVER=<unset> AE_TMUX_SERVER_KIND=<unset> argc=5 <-S> </private/tmp/aelx/T-100/t100-C-blocked/t/tmux-501/default> <list-sessions> <-F> <#{session_id} #{session_name}>
pid=65956 ppid=64340 AE_TMUX_SERVER=<unset> AE_TMUX_SERVER_KIND=<unset> argc=7 <-S> </private/tmp/aelx/T-100/t100-C-blocked/t/tmux-501/default> <set-option> <-t> <$0> <@ae_watchdog_status> <[watch ● 1/1]>
pid=65972 ppid=65970 AE_TMUX_SERVER=<unset> AE_TMUX_SERVER_KIND=<unset> argc=5 <-S> </private/tmp/aelx/T-100/t100-C-blocked/t/tmux-501/default> <list-sessions> <-F> <#{session_id} #{session_name}>
pid=65974 ppid=65958 AE_TMUX_SERVER=<unset> AE_TMUX_SERVER_KIND=<unset> argc=7 <-S> </private/tmp/aelx/T-100/t100-C-blocked/t/tmux-501/default> <set-option> <-t> <$0> <@ae_branch_name> <main>
pid=65985 ppid=65983 AE_TMUX_SERVER=<unset> AE_TMUX_SERVER_KIND=<unset> argc=5 <-S> </private/tmp/aelx/T-100/t100-C-blocked/t/tmux-501/default> <list-sessions> <-F> <#{session_id} #{session_name}>
pid=65987 ppid=64340 AE_TMUX_SERVER=<unset> AE_TMUX_SERVER_KIND=<unset> argc=7 <-S> </private/tmp/aelx/T-100/t100-C-blocked/t/tmux-501/default> <set-option> <-t> <$0> <@ae_branch_status> < main>
pid=66000 ppid=65998 AE_TMUX_SERVER=<unset> AE_TMUX_SERVER_KIND=<unset> argc=5 <-S> </private/tmp/aelx/T-100/t100-C-blocked/t/tmux-501/default> <list-sessions> <-F> <#{session_id} #{session_name}>
pid=66003 ppid=64340 AE_TMUX_SERVER=<unset> AE_TMUX_SERVER_KIND=<unset> argc=7 <-S> </private/tmp/aelx/T-100/t100-C-blocked/t/tmux-501/default> <set-option> <-t> <$0> <@ae_agents_status> <grok●>
pid=66009 ppid=66008 AE_TMUX_SERVER=<unset> AE_TMUX_SERVER_KIND=<unset> argc=8 <-S> </private/tmp/aelx/T-100/t100-C-blocked/t/tmux-501/default> <list-panes> <-s> <-t> <t1> <-F> <#{pane_id}|#{window_id}|#{@ae_agent}>
pid=66013 ppid=64340 AE_TMUX_SERVER=<unset> AE_TMUX_SERVER_KIND=<unset> argc=8 <-S> </private/tmp/aelx/T-100/t100-C-blocked/t/tmux-501/default> <set-option> <-w> <-t> <@0> <@ae_window_status> <●>
pid=66015 ppid=64340 AE_TMUX_SERVER=<unset> AE_TMUX_SERVER_KIND=<unset> argc=8 <-S> </private/tmp/aelx/T-100/t100-C-blocked/t/tmux-501/default> <set-option> <-w> <-t> <@1> <@ae_window_status> <>
pid=67848 ppid=64340 AE_TMUX_SERVER=<unset> AE_TMUX_SERVER_KIND=<unset> argc=5 <-S> </private/tmp/aelx/T-100/t100-C-blocked/t/tmux-501/default> <has-session> <-t> <t1>
pid=67856 ppid=64340 AE_TMUX_SERVER=<unset> AE_TMUX_SERVER_KIND=<unset> argc=8 <-S> </private/tmp/aelx/T-100/t100-C-blocked/t/tmux-501/default> <list-panes> <-s> <-t> <t1> <-F> <#{pane_id}|#{@ae_agent}|#{pane_current_command}|#{pane_pid}>
pid=67859 ppid=67858 AE_TMUX_SERVER=<unset> AE_TMUX_SERVER_KIND=<unset> argc=7 <-S> </private/tmp/aelx/T-100/t100-C-blocked/t/tmux-501/default> <display-message> <-p> <-t> <%0> <#{@ae_slot}>
pid=67864 ppid=67863 AE_TMUX_SERVER=<unset> AE_TMUX_SERVER_KIND=<unset> argc=11 <-S> </private/tmp/aelx/T-100/t100-C-blocked/t/tmux-501/default> <capture-pane> <-p> <-J> <-S> <-40> <-E> <-> <-t> <%0>
pid=67880 ppid=67879 AE_TMUX_SERVER=<unset> AE_TMUX_SERVER_KIND=<unset> argc=11 <-S> </private/tmp/aelx/T-100/t100-C-blocked/t/tmux-501/default> <capture-pane> <-p> <-J> <-S> <-40> <-E> <-> <-t> <%0>
pid=68074 ppid=68073 AE_TMUX_SERVER=<unset> AE_TMUX_SERVER_KIND=<unset> argc=11 <-S> </private/tmp/aelx/T-100/t100-C-blocked/t/tmux-501/default> <capture-pane> <-p> <-J> <-S> <-40> <-E> <-> <-t> <%0>
pid=68103 ppid=68101 AE_TMUX_SERVER=<unset> AE_TMUX_SERVER_KIND=<unset> argc=5 <-S> </private/tmp/aelx/T-100/t100-C-blocked/t/tmux-501/default> <list-sessions> <-F> <#{session_id} #{session_name}>
pid=68105 ppid=64340 AE_TMUX_SERVER=<unset> AE_TMUX_SERVER_KIND=<unset> argc=7 <-S> </private/tmp/aelx/T-100/t100-C-blocked/t/tmux-501/default> <set-option> <-t> <$0> <@ae_watchdog_status> <[watch ● 1/1]>
pid=68122 ppid=68120 AE_TMUX_SERVER=<unset> AE_TMUX_SERVER_KIND=<unset> argc=5 <-S> </private/tmp/aelx/T-100/t100-C-blocked/t/tmux-501/default> <list-sessions> <-F> <#{session_id} #{session_name}>
pid=68124 ppid=68108 AE_TMUX_SERVER=<unset> AE_TMUX_SERVER_KIND=<unset> argc=7 <-S> </private/tmp/aelx/T-100/t100-C-blocked/t/tmux-501/default> <set-option> <-t> <$0> <@ae_branch_name> <main>
pid=68134 ppid=68132 AE_TMUX_SERVER=<unset> AE_TMUX_SERVER_KIND=<unset> argc=5 <-S> </private/tmp/aelx/T-100/t100-C-blocked/t/tmux-501/default> <list-sessions> <-F> <#{session_id} #{session_name}>
pid=68137 ppid=64340 AE_TMUX_SERVER=<unset> AE_TMUX_SERVER_KIND=<unset> argc=7 <-S> </private/tmp/aelx/T-100/t100-C-blocked/t/tmux-501/default> <set-option> <-t> <$0> <@ae_branch_status> < main>
pid=68150 ppid=68148 AE_TMUX_SERVER=<unset> AE_TMUX_SERVER_KIND=<unset> argc=5 <-S> </private/tmp/aelx/T-100/t100-C-blocked/t/tmux-501/default> <list-sessions> <-F> <#{session_id} #{session_name}>
pid=68152 ppid=64340 AE_TMUX_SERVER=<unset> AE_TMUX_SERVER_KIND=<unset> argc=7 <-S> </private/tmp/aelx/T-100/t100-C-blocked/t/tmux-501/default> <set-option> <-t> <$0> <@ae_agents_status> <grok⛔>
pid=68159 ppid=68158 AE_TMUX_SERVER=<unset> AE_TMUX_SERVER_KIND=<unset> argc=8 <-S> </private/tmp/aelx/T-100/t100-C-blocked/t/tmux-501/default> <list-panes> <-s> <-t> <t1> <-F> <#{pane_id}|#{window_id}|#{@ae_agent}>
pid=68162 ppid=64340 AE_TMUX_SERVER=<unset> AE_TMUX_SERVER_KIND=<unset> argc=8 <-S> </private/tmp/aelx/T-100/t100-C-blocked/t/tmux-501/default> <set-option> <-w> <-t> <@0> <@ae_window_status> <⛔>
pid=68164 ppid=64340 AE_TMUX_SERVER=<unset> AE_TMUX_SERVER_KIND=<unset> argc=8 <-S> </private/tmp/aelx/T-100/t100-C-blocked/t/tmux-501/default> <set-option> <-w> <-t> <@1> <@ae_window_status> <>
pid=69550 ppid=64340 AE_TMUX_SERVER=<unset> AE_TMUX_SERVER_KIND=<unset> argc=5 <-S> </private/tmp/aelx/T-100/t100-C-blocked/t/tmux-501/default> <has-session> <-t> <t1>
pid=69558 ppid=64340 AE_TMUX_SERVER=<unset> AE_TMUX_SERVER_KIND=<unset> argc=8 <-S> </private/tmp/aelx/T-100/t100-C-blocked/t/tmux-501/default> <list-panes> <-s> <-t> <t1> <-F> <#{pane_id}|#{@ae_agent}|#{pane_current_command}|#{pane_pid}>
pid=69561 ppid=69560 AE_TMUX_SERVER=<unset> AE_TMUX_SERVER_KIND=<unset> argc=7 <-S> </private/tmp/aelx/T-100/t100-C-blocked/t/tmux-501/default> <display-message> <-p> <-t> <%0> <#{@ae_slot}>
pid=69566 ppid=69565 AE_TMUX_SERVER=<unset> AE_TMUX_SERVER_KIND=<unset> argc=11 <-S> </private/tmp/aelx/T-100/t100-C-blocked/t/tmux-501/default> <capture-pane> <-p> <-J> <-S> <-40> <-E> <-> <-t> <%0>
pid=69599 ppid=69597 AE_TMUX_SERVER=<unset> AE_TMUX_SERVER_KIND=<unset> argc=5 <-S> </private/tmp/aelx/T-100/t100-C-blocked/t/tmux-501/default> <list-sessions> <-F> <#{session_id} #{session_name}>
pid=69601 ppid=64340 AE_TMUX_SERVER=<unset> AE_TMUX_SERVER_KIND=<unset> argc=7 <-S> </private/tmp/aelx/T-100/t100-C-blocked/t/tmux-501/default> <set-option> <-t> <$0> <@ae_watchdog_status> <[watch ● 1/1]>
pid=69617 ppid=69615 AE_TMUX_SERVER=<unset> AE_TMUX_SERVER_KIND=<unset> argc=5 <-S> </private/tmp/aelx/T-100/t100-C-blocked/t/tmux-501/default> <list-sessions> <-F> <#{session_id} #{session_name}>
pid=69620 ppid=69603 AE_TMUX_SERVER=<unset> AE_TMUX_SERVER_KIND=<unset> argc=7 <-S> </private/tmp/aelx/T-100/t100-C-blocked/t/tmux-501/default> <set-option> <-t> <$0> <@ae_branch_name> <main>
pid=69630 ppid=69628 AE_TMUX_SERVER=<unset> AE_TMUX_SERVER_KIND=<unset> argc=5 <-S> </private/tmp/aelx/T-100/t100-C-blocked/t/tmux-501/default> <list-sessions> <-F> <#{session_id} #{session_name}>
pid=69633 ppid=64340 AE_TMUX_SERVER=<unset> AE_TMUX_SERVER_KIND=<unset> argc=7 <-S> </private/tmp/aelx/T-100/t100-C-blocked/t/tmux-501/default> <set-option> <-t> <$0> <@ae_branch_status> < main>
pid=69646 ppid=69644 AE_TMUX_SERVER=<unset> AE_TMUX_SERVER_KIND=<unset> argc=5 <-S> </private/tmp/aelx/T-100/t100-C-blocked/t/tmux-501/default> <list-sessions> <-F> <#{session_id} #{session_name}>
pid=69648 ppid=64340 AE_TMUX_SERVER=<unset> AE_TMUX_SERVER_KIND=<unset> argc=7 <-S> </private/tmp/aelx/T-100/t100-C-blocked/t/tmux-501/default> <set-option> <-t> <$0> <@ae_agents_status> <grok●>
pid=69655 ppid=69654 AE_TMUX_SERVER=<unset> AE_TMUX_SERVER_KIND=<unset> argc=8 <-S> </private/tmp/aelx/T-100/t100-C-blocked/t/tmux-501/default> <list-panes> <-s> <-t> <t1> <-F> <#{pane_id}|#{window_id}|#{@ae_agent}>
pid=69658 ppid=64340 AE_TMUX_SERVER=<unset> AE_TMUX_SERVER_KIND=<unset> argc=8 <-S> </private/tmp/aelx/T-100/t100-C-blocked/t/tmux-501/default> <set-option> <-w> <-t> <@0> <@ae_window_status> <●>
pid=69660 ppid=64340 AE_TMUX_SERVER=<unset> AE_TMUX_SERVER_KIND=<unset> argc=8 <-S> </private/tmp/aelx/T-100/t100-C-blocked/t/tmux-501/default> <set-option> <-w> <-t> <@1> <@ae_window_status> <>
pid=71190 ppid=64340 AE_TMUX_SERVER=<unset> AE_TMUX_SERVER_KIND=<unset> argc=5 <-S> </private/tmp/aelx/T-100/t100-C-blocked/t/tmux-501/default> <has-session> <-t> <t1>
pid=71198 ppid=64340 AE_TMUX_SERVER=<unset> AE_TMUX_SERVER_KIND=<unset> argc=8 <-S> </private/tmp/aelx/T-100/t100-C-blocked/t/tmux-501/default> <list-panes> <-s> <-t> <t1> <-F> <#{pane_id}|#{@ae_agent}|#{pane_current_command}|#{pane_pid}>
pid=71203 ppid=71202 AE_TMUX_SERVER=<unset> AE_TMUX_SERVER_KIND=<unset> argc=7 <-S> </private/tmp/aelx/T-100/t100-C-blocked/t/tmux-501/default> <display-message> <-p> <-t> <%0> <#{@ae_slot}>
pid=71207 ppid=71206 AE_TMUX_SERVER=<unset> AE_TMUX_SERVER_KIND=<unset> argc=11 <-S> </private/tmp/aelx/T-100/t100-C-blocked/t/tmux-501/default> <capture-pane> <-p> <-J> <-S> <-40> <-E> <-> <-t> <%0>
pid=71243 ppid=71241 AE_TMUX_SERVER=<unset> AE_TMUX_SERVER_KIND=<unset> argc=5 <-S> </private/tmp/aelx/T-100/t100-C-blocked/t/tmux-501/default> <list-sessions> <-F> <#{session_id} #{session_name}>
pid=71245 ppid=64340 AE_TMUX_SERVER=<unset> AE_TMUX_SERVER_KIND=<unset> argc=7 <-S> </private/tmp/aelx/T-100/t100-C-blocked/t/tmux-501/default> <set-option> <-t> <$0> <@ae_watchdog_status> <[watch ● 1/1]>
pid=71262 ppid=71259 AE_TMUX_SERVER=<unset> AE_TMUX_SERVER_KIND=<unset> argc=5 <-S> </private/tmp/aelx/T-100/t100-C-blocked/t/tmux-501/default> <list-sessions> <-F> <#{session_id} #{session_name}>
pid=71265 ppid=71247 AE_TMUX_SERVER=<unset> AE_TMUX_SERVER_KIND=<unset> argc=7 <-S> </private/tmp/aelx/T-100/t100-C-blocked/t/tmux-501/default> <set-option> <-t> <$0> <@ae_branch_name> <main>
pid=71275 ppid=71273 AE_TMUX_SERVER=<unset> AE_TMUX_SERVER_KIND=<unset> argc=5 <-S> </private/tmp/aelx/T-100/t100-C-blocked/t/tmux-501/default> <list-sessions> <-F> <#{session_id} #{session_name}>
pid=71277 ppid=64340 AE_TMUX_SERVER=<unset> AE_TMUX_SERVER_KIND=<unset> argc=7 <-S> </private/tmp/aelx/T-100/t100-C-blocked/t/tmux-501/default> <set-option> <-t> <$0> <@ae_branch_status> < main>
pid=71292 ppid=71289 AE_TMUX_SERVER=<unset> AE_TMUX_SERVER_KIND=<unset> argc=5 <-S> </private/tmp/aelx/T-100/t100-C-blocked/t/tmux-501/default> <list-sessions> <-F> <#{session_id} #{session_name}>
pid=71294 ppid=64340 AE_TMUX_SERVER=<unset> AE_TMUX_SERVER_KIND=<unset> argc=7 <-S> </private/tmp/aelx/T-100/t100-C-blocked/t/tmux-501/default> <set-option> <-t> <$0> <@ae_agents_status> <grok●>
pid=71300 ppid=71299 AE_TMUX_SERVER=<unset> AE_TMUX_SERVER_KIND=<unset> argc=8 <-S> </private/tmp/aelx/T-100/t100-C-blocked/t/tmux-501/default> <list-panes> <-s> <-t> <t1> <-F> <#{pane_id}|#{window_id}|#{@ae_agent}>
pid=71304 ppid=64340 AE_TMUX_SERVER=<unset> AE_TMUX_SERVER_KIND=<unset> argc=8 <-S> </private/tmp/aelx/T-100/t100-C-blocked/t/tmux-501/default> <set-option> <-w> <-t> <@0> <@ae_window_status> <●>
pid=71306 ppid=64340 AE_TMUX_SERVER=<unset> AE_TMUX_SERVER_KIND=<unset> argc=8 <-S> </private/tmp/aelx/T-100/t100-C-blocked/t/tmux-501/default> <set-option> <-w> <-t> <@1> <@ae_window_status> <>
pid=72667 ppid=64340 AE_TMUX_SERVER=<unset> AE_TMUX_SERVER_KIND=<unset> argc=5 <-S> </private/tmp/aelx/T-100/t100-C-blocked/t/tmux-501/default> <has-session> <-t> <t1>
pid=72675 ppid=64340 AE_TMUX_SERVER=<unset> AE_TMUX_SERVER_KIND=<unset> argc=8 <-S> </private/tmp/aelx/T-100/t100-C-blocked/t/tmux-501/default> <list-panes> <-s> <-t> <t1> <-F> <#{pane_id}|#{@ae_agent}|#{pane_current_command}|#{pane_pid}>
pid=72679 ppid=72678 AE_TMUX_SERVER=<unset> AE_TMUX_SERVER_KIND=<unset> argc=7 <-S> </private/tmp/aelx/T-100/t100-C-blocked/t/tmux-501/default> <display-message> <-p> <-t> <%0> <#{@ae_slot}>
pid=72683 ppid=72682 AE_TMUX_SERVER=<unset> AE_TMUX_SERVER_KIND=<unset> argc=11 <-S> </private/tmp/aelx/T-100/t100-C-blocked/t/tmux-501/default> <capture-pane> <-p> <-J> <-S> <-40> <-E> <-> <-t> <%0>
pid=72718 ppid=72716 AE_TMUX_SERVER=<unset> AE_TMUX_SERVER_KIND=<unset> argc=5 <-S> </private/tmp/aelx/T-100/t100-C-blocked/t/tmux-501/default> <list-sessions> <-F> <#{session_id} #{session_name}>
pid=72720 ppid=64340 AE_TMUX_SERVER=<unset> AE_TMUX_SERVER_KIND=<unset> argc=7 <-S> </private/tmp/aelx/T-100/t100-C-blocked/t/tmux-501/default> <set-option> <-t> <$0> <@ae_watchdog_status> <[watch ● 1/1]>
pid=72736 ppid=72734 AE_TMUX_SERVER=<unset> AE_TMUX_SERVER_KIND=<unset> argc=5 <-S> </private/tmp/aelx/T-100/t100-C-blocked/t/tmux-501/default> <list-sessions> <-F> <#{session_id} #{session_name}>
pid=72739 ppid=72723 AE_TMUX_SERVER=<unset> AE_TMUX_SERVER_KIND=<unset> argc=7 <-S> </private/tmp/aelx/T-100/t100-C-blocked/t/tmux-501/default> <set-option> <-t> <$0> <@ae_branch_name> <main>
pid=72749 ppid=72747 AE_TMUX_SERVER=<unset> AE_TMUX_SERVER_KIND=<unset> argc=5 <-S> </private/tmp/aelx/T-100/t100-C-blocked/t/tmux-501/default> <list-sessions> <-F> <#{session_id} #{session_name}>
pid=72751 ppid=64340 AE_TMUX_SERVER=<unset> AE_TMUX_SERVER_KIND=<unset> argc=7 <-S> </private/tmp/aelx/T-100/t100-C-blocked/t/tmux-501/default> <set-option> <-t> <$0> <@ae_branch_status> < main>
pid=72762 ppid=72760 AE_TMUX_SERVER=<unset> AE_TMUX_SERVER_KIND=<unset> argc=5 <-S> </private/tmp/aelx/T-100/t100-C-blocked/t/tmux-501/default> <list-sessions> <-F> <#{session_id} #{session_name}>
pid=72763 ppid=64340 AE_TMUX_SERVER=<unset> AE_TMUX_SERVER_KIND=<unset> argc=7 <-S> </private/tmp/aelx/T-100/t100-C-blocked/t/tmux-501/default> <set-option> <-t> <$0> <@ae_agents_status> <grok●>
pid=72769 ppid=72768 AE_TMUX_SERVER=<unset> AE_TMUX_SERVER_KIND=<unset> argc=8 <-S> </private/tmp/aelx/T-100/t100-C-blocked/t/tmux-501/default> <list-panes> <-s> <-t> <t1> <-F> <#{pane_id}|#{window_id}|#{@ae_agent}>
pid=72772 ppid=64340 AE_TMUX_SERVER=<unset> AE_TMUX_SERVER_KIND=<unset> argc=8 <-S> </private/tmp/aelx/T-100/t100-C-blocked/t/tmux-501/default> <set-option> <-w> <-t> <@0> <@ae_window_status> <●>
pid=72773 ppid=64340 AE_TMUX_SERVER=<unset> AE_TMUX_SERVER_KIND=<unset> argc=8 <-S> </private/tmp/aelx/T-100/t100-C-blocked/t/tmux-501/default> <set-option> <-w> <-t> <@1> <@ae_window_status> <>
pid=73656 ppid=64340 AE_TMUX_SERVER=<unset> AE_TMUX_SERVER_KIND=<unset> argc=5 <-S> </private/tmp/aelx/T-100/t100-C-blocked/t/tmux-501/default> <has-session> <-t> <t1>
pid=73662 ppid=64340 AE_TMUX_SERVER=<unset> AE_TMUX_SERVER_KIND=<unset> argc=8 <-S> </private/tmp/aelx/T-100/t100-C-blocked/t/tmux-501/default> <list-panes> <-s> <-t> <t1> <-F> <#{pane_id}|#{@ae_agent}|#{pane_current_command}|#{pane_pid}>
pid=73664 ppid=73663 AE_TMUX_SERVER=<unset> AE_TMUX_SERVER_KIND=<unset> argc=7 <-S> </private/tmp/aelx/T-100/t100-C-blocked/t/tmux-501/default> <display-message> <-p> <-t> <%0> <#{@ae_slot}>
pid=73667 ppid=73666 AE_TMUX_SERVER=<unset> AE_TMUX_SERVER_KIND=<unset> argc=11 <-S> </private/tmp/aelx/T-100/t100-C-blocked/t/tmux-501/default> <capture-pane> <-p> <-J> <-S> <-40> <-E> <-> <-t> <%0>
pid=73695 ppid=73693 AE_TMUX_SERVER=<unset> AE_TMUX_SERVER_KIND=<unset> argc=5 <-S> </private/tmp/aelx/T-100/t100-C-blocked/t/tmux-501/default> <list-sessions> <-F> <#{session_id} #{session_name}>
pid=73696 ppid=64340 AE_TMUX_SERVER=<unset> AE_TMUX_SERVER_KIND=<unset> argc=7 <-S> </private/tmp/aelx/T-100/t100-C-blocked/t/tmux-501/default> <set-option> <-t> <$0> <@ae_watchdog_status> <[watch ● 1/1]>
pid=73709 ppid=73707 AE_TMUX_SERVER=<unset> AE_TMUX_SERVER_KIND=<unset> argc=5 <-S> </private/tmp/aelx/T-100/t100-C-blocked/t/tmux-501/default> <list-sessions> <-F> <#{session_id} #{session_name}>
pid=73710 ppid=73697 AE_TMUX_SERVER=<unset> AE_TMUX_SERVER_KIND=<unset> argc=7 <-S> </private/tmp/aelx/T-100/t100-C-blocked/t/tmux-501/default> <set-option> <-t> <$0> <@ae_branch_name> <main>
pid=73718 ppid=73716 AE_TMUX_SERVER=<unset> AE_TMUX_SERVER_KIND=<unset> argc=5 <-S> </private/tmp/aelx/T-100/t100-C-blocked/t/tmux-501/default> <list-sessions> <-F> <#{session_id} #{session_name}>
pid=73719 ppid=64340 AE_TMUX_SERVER=<unset> AE_TMUX_SERVER_KIND=<unset> argc=7 <-S> </private/tmp/aelx/T-100/t100-C-blocked/t/tmux-501/default> <set-option> <-t> <$0> <@ae_branch_status> < main>
pid=73730 ppid=73728 AE_TMUX_SERVER=<unset> AE_TMUX_SERVER_KIND=<unset> argc=5 <-S> </private/tmp/aelx/T-100/t100-C-blocked/t/tmux-501/default> <list-sessions> <-F> <#{session_id} #{session_name}>
pid=73731 ppid=64340 AE_TMUX_SERVER=<unset> AE_TMUX_SERVER_KIND=<unset> argc=7 <-S> </private/tmp/aelx/T-100/t100-C-blocked/t/tmux-501/default> <set-option> <-t> <$0> <@ae_agents_status> <grok●>
pid=73736 ppid=73735 AE_TMUX_SERVER=<unset> AE_TMUX_SERVER_KIND=<unset> argc=8 <-S> </private/tmp/aelx/T-100/t100-C-blocked/t/tmux-501/default> <list-panes> <-s> <-t> <t1> <-F> <#{pane_id}|#{window_id}|#{@ae_agent}>
pid=73738 ppid=64340 AE_TMUX_SERVER=<unset> AE_TMUX_SERVER_KIND=<unset> argc=8 <-S> </private/tmp/aelx/T-100/t100-C-blocked/t/tmux-501/default> <set-option> <-w> <-t> <@0> <@ae_window_status> <●>
pid=73739 ppid=64340 AE_TMUX_SERVER=<unset> AE_TMUX_SERVER_KIND=<unset> argc=8 <-S> </private/tmp/aelx/T-100/t100-C-blocked/t/tmux-501/default> <set-option> <-w> <-t> <@1> <@ae_window_status> <>
pid=74118 ppid=64340 AE_TMUX_SERVER=<unset> AE_TMUX_SERVER_KIND=<unset> argc=5 <-S> </private/tmp/aelx/T-100/t100-C-blocked/t/tmux-501/default> <has-session> <-t> <t1>
pid=74124 ppid=64340 AE_TMUX_SERVER=<unset> AE_TMUX_SERVER_KIND=<unset> argc=8 <-S> </private/tmp/aelx/T-100/t100-C-blocked/t/tmux-501/default> <list-panes> <-s> <-t> <t1> <-F> <#{pane_id}|#{@ae_agent}|#{pane_current_command}|#{pane_pid}>
pid=74126 ppid=74125 AE_TMUX_SERVER=<unset> AE_TMUX_SERVER_KIND=<unset> argc=7 <-S> </private/tmp/aelx/T-100/t100-C-blocked/t/tmux-501/default> <display-message> <-p> <-t> <%0> <#{@ae_slot}>
pid=74129 ppid=74128 AE_TMUX_SERVER=<unset> AE_TMUX_SERVER_KIND=<unset> argc=11 <-S> </private/tmp/aelx/T-100/t100-C-blocked/t/tmux-501/default> <capture-pane> <-p> <-J> <-S> <-40> <-E> <-> <-t> <%0>
pid=74157 ppid=74155 AE_TMUX_SERVER=<unset> AE_TMUX_SERVER_KIND=<unset> argc=5 <-S> </private/tmp/aelx/T-100/t100-C-blocked/t/tmux-501/default> <list-sessions> <-F> <#{session_id} #{session_name}>
pid=74158 ppid=64340 AE_TMUX_SERVER=<unset> AE_TMUX_SERVER_KIND=<unset> argc=7 <-S> </private/tmp/aelx/T-100/t100-C-blocked/t/tmux-501/default> <set-option> <-t> <$0> <@ae_watchdog_status> <[watch ● 1/1]>
pid=74171 ppid=74169 AE_TMUX_SERVER=<unset> AE_TMUX_SERVER_KIND=<unset> argc=5 <-S> </private/tmp/aelx/T-100/t100-C-blocked/t/tmux-501/default> <list-sessions> <-F> <#{session_id} #{session_name}>
pid=74172 ppid=74159 AE_TMUX_SERVER=<unset> AE_TMUX_SERVER_KIND=<unset> argc=7 <-S> </private/tmp/aelx/T-100/t100-C-blocked/t/tmux-501/default> <set-option> <-t> <$0> <@ae_branch_name> <main>
pid=74180 ppid=74178 AE_TMUX_SERVER=<unset> AE_TMUX_SERVER_KIND=<unset> argc=5 <-S> </private/tmp/aelx/T-100/t100-C-blocked/t/tmux-501/default> <list-sessions> <-F> <#{session_id} #{session_name}>
pid=74181 ppid=64340 AE_TMUX_SERVER=<unset> AE_TMUX_SERVER_KIND=<unset> argc=7 <-S> </private/tmp/aelx/T-100/t100-C-blocked/t/tmux-501/default> <set-option> <-t> <$0> <@ae_branch_status> < main>
pid=74192 ppid=74190 AE_TMUX_SERVER=<unset> AE_TMUX_SERVER_KIND=<unset> argc=5 <-S> </private/tmp/aelx/T-100/t100-C-blocked/t/tmux-501/default> <list-sessions> <-F> <#{session_id} #{session_name}>
pid=74193 ppid=64340 AE_TMUX_SERVER=<unset> AE_TMUX_SERVER_KIND=<unset> argc=7 <-S> </private/tmp/aelx/T-100/t100-C-blocked/t/tmux-501/default> <set-option> <-t> <$0> <@ae_agents_status> <grok●>
pid=74204 ppid=74203 AE_TMUX_SERVER=<unset> AE_TMUX_SERVER_KIND=<unset> argc=8 <-S> </private/tmp/aelx/T-100/t100-C-blocked/t/tmux-501/default> <list-panes> <-s> <-t> <t1> <-F> <#{pane_id}|#{window_id}|#{@ae_agent}>
pid=74213 ppid=64340 AE_TMUX_SERVER=<unset> AE_TMUX_SERVER_KIND=<unset> argc=8 <-S> </private/tmp/aelx/T-100/t100-C-blocked/t/tmux-501/default> <set-option> <-w> <-t> <@0> <@ae_window_status> <●>
pid=74220 ppid=64340 AE_TMUX_SERVER=<unset> AE_TMUX_SERVER_KIND=<unset> argc=8 <-S> </private/tmp/aelx/T-100/t100-C-blocked/t/tmux-501/default> <set-option> <-w> <-t> <@1> <@ae_window_status> <>
pid=74832 ppid=64340 AE_TMUX_SERVER=<unset> AE_TMUX_SERVER_KIND=<unset> argc=5 <-S> </private/tmp/aelx/T-100/t100-C-blocked/t/tmux-501/default> <has-session> <-t> <t1>
pid=74838 ppid=64340 AE_TMUX_SERVER=<unset> AE_TMUX_SERVER_KIND=<unset> argc=8 <-S> </private/tmp/aelx/T-100/t100-C-blocked/t/tmux-501/default> <list-panes> <-s> <-t> <t1> <-F> <#{pane_id}|#{@ae_agent}|#{pane_current_command}|#{pane_pid}>
pid=74840 ppid=74839 AE_TMUX_SERVER=<unset> AE_TMUX_SERVER_KIND=<unset> argc=7 <-S> </private/tmp/aelx/T-100/t100-C-blocked/t/tmux-501/default> <display-message> <-p> <-t> <%0> <#{@ae_slot}>
pid=74843 ppid=74842 AE_TMUX_SERVER=<unset> AE_TMUX_SERVER_KIND=<unset> argc=11 <-S> </private/tmp/aelx/T-100/t100-C-blocked/t/tmux-501/default> <capture-pane> <-p> <-J> <-S> <-40> <-E> <-> <-t> <%0>
pid=74871 ppid=74869 AE_TMUX_SERVER=<unset> AE_TMUX_SERVER_KIND=<unset> argc=5 <-S> </private/tmp/aelx/T-100/t100-C-blocked/t/tmux-501/default> <list-sessions> <-F> <#{session_id} #{session_name}>
pid=74872 ppid=64340 AE_TMUX_SERVER=<unset> AE_TMUX_SERVER_KIND=<unset> argc=7 <-S> </private/tmp/aelx/T-100/t100-C-blocked/t/tmux-501/default> <set-option> <-t> <$0> <@ae_watchdog_status> <[watch ● 1/1]>
pid=74885 ppid=74883 AE_TMUX_SERVER=<unset> AE_TMUX_SERVER_KIND=<unset> argc=5 <-S> </private/tmp/aelx/T-100/t100-C-blocked/t/tmux-501/default> <list-sessions> <-F> <#{session_id} #{session_name}>
pid=74886 ppid=74873 AE_TMUX_SERVER=<unset> AE_TMUX_SERVER_KIND=<unset> argc=7 <-S> </private/tmp/aelx/T-100/t100-C-blocked/t/tmux-501/default> <set-option> <-t> <$0> <@ae_branch_name> <main>
pid=74894 ppid=74892 AE_TMUX_SERVER=<unset> AE_TMUX_SERVER_KIND=<unset> argc=5 <-S> </private/tmp/aelx/T-100/t100-C-blocked/t/tmux-501/default> <list-sessions> <-F> <#{session_id} #{session_name}>
pid=74895 ppid=64340 AE_TMUX_SERVER=<unset> AE_TMUX_SERVER_KIND=<unset> argc=7 <-S> </private/tmp/aelx/T-100/t100-C-blocked/t/tmux-501/default> <set-option> <-t> <$0> <@ae_branch_status> < main>
pid=74906 ppid=74904 AE_TMUX_SERVER=<unset> AE_TMUX_SERVER_KIND=<unset> argc=5 <-S> </private/tmp/aelx/T-100/t100-C-blocked/t/tmux-501/default> <list-sessions> <-F> <#{session_id} #{session_name}>
pid=74907 ppid=64340 AE_TMUX_SERVER=<unset> AE_TMUX_SERVER_KIND=<unset> argc=7 <-S> </private/tmp/aelx/T-100/t100-C-blocked/t/tmux-501/default> <set-option> <-t> <$0> <@ae_agents_status> <grok●>
pid=74912 ppid=74911 AE_TMUX_SERVER=<unset> AE_TMUX_SERVER_KIND=<unset> argc=8 <-S> </private/tmp/aelx/T-100/t100-C-blocked/t/tmux-501/default> <list-panes> <-s> <-t> <t1> <-F> <#{pane_id}|#{window_id}|#{@ae_agent}>
pid=74914 ppid=64340 AE_TMUX_SERVER=<unset> AE_TMUX_SERVER_KIND=<unset> argc=8 <-S> </private/tmp/aelx/T-100/t100-C-blocked/t/tmux-501/default> <set-option> <-w> <-t> <@0> <@ae_window_status> <●>
pid=74915 ppid=64340 AE_TMUX_SERVER=<unset> AE_TMUX_SERVER_KIND=<unset> argc=8 <-S> </private/tmp/aelx/T-100/t100-C-blocked/t/tmux-501/default> <set-option> <-w> <-t> <@1> <@ae_window_status> <>
pid=75858 ppid=64340 AE_TMUX_SERVER=<unset> AE_TMUX_SERVER_KIND=<unset> argc=5 <-S> </private/tmp/aelx/T-100/t100-C-blocked/t/tmux-501/default> <has-session> <-t> <t1>
pid=75867 ppid=64340 AE_TMUX_SERVER=<unset> AE_TMUX_SERVER_KIND=<unset> argc=8 <-S> </private/tmp/aelx/T-100/t100-C-blocked/t/tmux-501/default> <list-panes> <-s> <-t> <t1> <-F> <#{pane_id}|#{@ae_agent}|#{pane_current_command}|#{pane_pid}>
pid=75870 ppid=75869 AE_TMUX_SERVER=<unset> AE_TMUX_SERVER_KIND=<unset> argc=7 <-S> </private/tmp/aelx/T-100/t100-C-blocked/t/tmux-501/default> <display-message> <-p> <-t> <%0> <#{@ae_slot}>
pid=75875 ppid=75874 AE_TMUX_SERVER=<unset> AE_TMUX_SERVER_KIND=<unset> argc=11 <-S> </private/tmp/aelx/T-100/t100-C-blocked/t/tmux-501/default> <capture-pane> <-p> <-J> <-S> <-40> <-E> <-> <-t> <%0>
pid=75910 ppid=75908 AE_TMUX_SERVER=<unset> AE_TMUX_SERVER_KIND=<unset> argc=5 <-S> </private/tmp/aelx/T-100/t100-C-blocked/t/tmux-501/default> <list-sessions> <-F> <#{session_id} #{session_name}>
pid=75913 ppid=64340 AE_TMUX_SERVER=<unset> AE_TMUX_SERVER_KIND=<unset> argc=7 <-S> </private/tmp/aelx/T-100/t100-C-blocked/t/tmux-501/default> <set-option> <-t> <$0> <@ae_watchdog_status> <[watch ● 1/1]>
pid=75929 ppid=75927 AE_TMUX_SERVER=<unset> AE_TMUX_SERVER_KIND=<unset> argc=5 <-S> </private/tmp/aelx/T-100/t100-C-blocked/t/tmux-501/default> <list-sessions> <-F> <#{session_id} #{session_name}>
pid=75931 ppid=75915 AE_TMUX_SERVER=<unset> AE_TMUX_SERVER_KIND=<unset> argc=7 <-S> </private/tmp/aelx/T-100/t100-C-blocked/t/tmux-501/default> <set-option> <-t> <$0> <@ae_branch_name> <main>
pid=75942 ppid=75940 AE_TMUX_SERVER=<unset> AE_TMUX_SERVER_KIND=<unset> argc=5 <-S> </private/tmp/aelx/T-100/t100-C-blocked/t/tmux-501/default> <list-sessions> <-F> <#{session_id} #{session_name}>
pid=75949 ppid=64340 AE_TMUX_SERVER=<unset> AE_TMUX_SERVER_KIND=<unset> argc=7 <-S> </private/tmp/aelx/T-100/t100-C-blocked/t/tmux-501/default> <set-option> <-t> <$0> <@ae_branch_status> < main>
pid=75982 ppid=75980 AE_TMUX_SERVER=<unset> AE_TMUX_SERVER_KIND=<unset> argc=5 <-S> </private/tmp/aelx/T-100/t100-C-blocked/t/tmux-501/default> <list-sessions> <-F> <#{session_id} #{session_name}>
pid=75997 ppid=64340 AE_TMUX_SERVER=<unset> AE_TMUX_SERVER_KIND=<unset> argc=7 <-S> </private/tmp/aelx/T-100/t100-C-blocked/t/tmux-501/default> <set-option> <-t> <$0> <@ae_agents_status> <grok●>
pid=76023 ppid=76022 AE_TMUX_SERVER=<unset> AE_TMUX_SERVER_KIND=<unset> argc=8 <-S> </private/tmp/aelx/T-100/t100-C-blocked/t/tmux-501/default> <list-panes> <-s> <-t> <t1> <-F> <#{pane_id}|#{window_id}|#{@ae_agent}>
pid=76043 ppid=64340 AE_TMUX_SERVER=<unset> AE_TMUX_SERVER_KIND=<unset> argc=8 <-S> </private/tmp/aelx/T-100/t100-C-blocked/t/tmux-501/default> <set-option> <-w> <-t> <@0> <@ae_window_status> <●>
pid=76062 ppid=64340 AE_TMUX_SERVER=<unset> AE_TMUX_SERVER_KIND=<unset> argc=8 <-S> </private/tmp/aelx/T-100/t100-C-blocked/t/tmux-501/default> <set-option> <-w> <-t> <@1> <@ae_window_status> <>
pid=77220 ppid=64340 AE_TMUX_SERVER=<unset> AE_TMUX_SERVER_KIND=<unset> argc=5 <-S> </private/tmp/aelx/T-100/t100-C-blocked/t/tmux-501/default> <has-session> <-t> <t1>
pid=77228 ppid=64340 AE_TMUX_SERVER=<unset> AE_TMUX_SERVER_KIND=<unset> argc=8 <-S> </private/tmp/aelx/T-100/t100-C-blocked/t/tmux-501/default> <list-panes> <-s> <-t> <t1> <-F> <#{pane_id}|#{@ae_agent}|#{pane_current_command}|#{pane_pid}>
pid=77231 ppid=77230 AE_TMUX_SERVER=<unset> AE_TMUX_SERVER_KIND=<unset> argc=7 <-S> </private/tmp/aelx/T-100/t100-C-blocked/t/tmux-501/default> <display-message> <-p> <-t> <%0> <#{@ae_slot}>
pid=77236 ppid=77235 AE_TMUX_SERVER=<unset> AE_TMUX_SERVER_KIND=<unset> argc=11 <-S> </private/tmp/aelx/T-100/t100-C-blocked/t/tmux-501/default> <capture-pane> <-p> <-J> <-S> <-40> <-E> <-> <-t> <%0>
pid=77270 ppid=77268 AE_TMUX_SERVER=<unset> AE_TMUX_SERVER_KIND=<unset> argc=5 <-S> </private/tmp/aelx/T-100/t100-C-blocked/t/tmux-501/default> <list-sessions> <-F> <#{session_id} #{session_name}>
pid=77273 ppid=64340 AE_TMUX_SERVER=<unset> AE_TMUX_SERVER_KIND=<unset> argc=7 <-S> </private/tmp/aelx/T-100/t100-C-blocked/t/tmux-501/default> <set-option> <-t> <$0> <@ae_watchdog_status> <[watch ● 1/1]>
pid=77289 ppid=77287 AE_TMUX_SERVER=<unset> AE_TMUX_SERVER_KIND=<unset> argc=5 <-S> </private/tmp/aelx/T-100/t100-C-blocked/t/tmux-501/default> <list-sessions> <-F> <#{session_id} #{session_name}>
pid=77292 ppid=77275 AE_TMUX_SERVER=<unset> AE_TMUX_SERVER_KIND=<unset> argc=7 <-S> </private/tmp/aelx/T-100/t100-C-blocked/t/tmux-501/default> <set-option> <-t> <$0> <@ae_branch_name> <main>
pid=77302 ppid=77300 AE_TMUX_SERVER=<unset> AE_TMUX_SERVER_KIND=<unset> argc=5 <-S> </private/tmp/aelx/T-100/t100-C-blocked/t/tmux-501/default> <list-sessions> <-F> <#{session_id} #{session_name}>
pid=77304 ppid=64340 AE_TMUX_SERVER=<unset> AE_TMUX_SERVER_KIND=<unset> argc=7 <-S> </private/tmp/aelx/T-100/t100-C-blocked/t/tmux-501/default> <set-option> <-t> <$0> <@ae_branch_status> < main>
pid=77317 ppid=77315 AE_TMUX_SERVER=<unset> AE_TMUX_SERVER_KIND=<unset> argc=5 <-S> </private/tmp/aelx/T-100/t100-C-blocked/t/tmux-501/default> <list-sessions> <-F> <#{session_id} #{session_name}>
pid=77320 ppid=64340 AE_TMUX_SERVER=<unset> AE_TMUX_SERVER_KIND=<unset> argc=7 <-S> </private/tmp/aelx/T-100/t100-C-blocked/t/tmux-501/default> <set-option> <-t> <$0> <@ae_agents_status> <grok●>
pid=77327 ppid=77326 AE_TMUX_SERVER=<unset> AE_TMUX_SERVER_KIND=<unset> argc=8 <-S> </private/tmp/aelx/T-100/t100-C-blocked/t/tmux-501/default> <list-panes> <-s> <-t> <t1> <-F> <#{pane_id}|#{window_id}|#{@ae_agent}>
pid=77330 ppid=64340 AE_TMUX_SERVER=<unset> AE_TMUX_SERVER_KIND=<unset> argc=8 <-S> </private/tmp/aelx/T-100/t100-C-blocked/t/tmux-501/default> <set-option> <-w> <-t> <@0> <@ae_window_status> <●>
pid=77333 ppid=64340 AE_TMUX_SERVER=<unset> AE_TMUX_SERVER_KIND=<unset> argc=8 <-S> </private/tmp/aelx/T-100/t100-C-blocked/t/tmux-501/default> <set-option> <-w> <-t> <@1> <@ae_window_status> <>
pid=79042 ppid=64340 AE_TMUX_SERVER=<unset> AE_TMUX_SERVER_KIND=<unset> argc=5 <-S> </private/tmp/aelx/T-100/t100-C-blocked/t/tmux-501/default> <has-session> <-t> <t1>
pid=79050 ppid=64340 AE_TMUX_SERVER=<unset> AE_TMUX_SERVER_KIND=<unset> argc=8 <-S> </private/tmp/aelx/T-100/t100-C-blocked/t/tmux-501/default> <list-panes> <-s> <-t> <t1> <-F> <#{pane_id}|#{@ae_agent}|#{pane_current_command}|#{pane_pid}>
pid=79053 ppid=79052 AE_TMUX_SERVER=<unset> AE_TMUX_SERVER_KIND=<unset> argc=7 <-S> </private/tmp/aelx/T-100/t100-C-blocked/t/tmux-501/default> <display-message> <-p> <-t> <%0> <#{@ae_slot}>
pid=79058 ppid=79057 AE_TMUX_SERVER=<unset> AE_TMUX_SERVER_KIND=<unset> argc=11 <-S> </private/tmp/aelx/T-100/t100-C-blocked/t/tmux-501/default> <capture-pane> <-p> <-J> <-S> <-40> <-E> <-> <-t> <%0>
pid=79092 ppid=79090 AE_TMUX_SERVER=<unset> AE_TMUX_SERVER_KIND=<unset> argc=5 <-S> </private/tmp/aelx/T-100/t100-C-blocked/t/tmux-501/default> <list-sessions> <-F> <#{session_id} #{session_name}>
pid=79095 ppid=64340 AE_TMUX_SERVER=<unset> AE_TMUX_SERVER_KIND=<unset> argc=7 <-S> </private/tmp/aelx/T-100/t100-C-blocked/t/tmux-501/default> <set-option> <-t> <$0> <@ae_watchdog_status> <[watch ● 1/1]>
pid=79111 ppid=79109 AE_TMUX_SERVER=<unset> AE_TMUX_SERVER_KIND=<unset> argc=5 <-S> </private/tmp/aelx/T-100/t100-C-blocked/t/tmux-501/default> <list-sessions> <-F> <#{session_id} #{session_name}>
pid=79114 ppid=79097 AE_TMUX_SERVER=<unset> AE_TMUX_SERVER_KIND=<unset> argc=7 <-S> </private/tmp/aelx/T-100/t100-C-blocked/t/tmux-501/default> <set-option> <-t> <$0> <@ae_branch_name> <main>
pid=79124 ppid=79122 AE_TMUX_SERVER=<unset> AE_TMUX_SERVER_KIND=<unset> argc=5 <-S> </private/tmp/aelx/T-100/t100-C-blocked/t/tmux-501/default> <list-sessions> <-F> <#{session_id} #{session_name}>
pid=79127 ppid=64340 AE_TMUX_SERVER=<unset> AE_TMUX_SERVER_KIND=<unset> argc=7 <-S> </private/tmp/aelx/T-100/t100-C-blocked/t/tmux-501/default> <set-option> <-t> <$0> <@ae_branch_status> < main>
pid=79140 ppid=79138 AE_TMUX_SERVER=<unset> AE_TMUX_SERVER_KIND=<unset> argc=5 <-S> </private/tmp/aelx/T-100/t100-C-blocked/t/tmux-501/default> <list-sessions> <-F> <#{session_id} #{session_name}>
pid=79142 ppid=64340 AE_TMUX_SERVER=<unset> AE_TMUX_SERVER_KIND=<unset> argc=7 <-S> </private/tmp/aelx/T-100/t100-C-blocked/t/tmux-501/default> <set-option> <-t> <$0> <@ae_agents_status> <grok●>
pid=79148 ppid=79147 AE_TMUX_SERVER=<unset> AE_TMUX_SERVER_KIND=<unset> argc=8 <-S> </private/tmp/aelx/T-100/t100-C-blocked/t/tmux-501/default> <list-panes> <-s> <-t> <t1> <-F> <#{pane_id}|#{window_id}|#{@ae_agent}>
pid=79152 ppid=64340 AE_TMUX_SERVER=<unset> AE_TMUX_SERVER_KIND=<unset> argc=8 <-S> </private/tmp/aelx/T-100/t100-C-blocked/t/tmux-501/default> <set-option> <-w> <-t> <@0> <@ae_window_status> <●>
pid=79154 ppid=64340 AE_TMUX_SERVER=<unset> AE_TMUX_SERVER_KIND=<unset> argc=8 <-S> </private/tmp/aelx/T-100/t100-C-blocked/t/tmux-501/default> <set-option> <-w> <-t> <@1> <@ae_window_status> <>
pid=80351 ppid=64340 AE_TMUX_SERVER=<unset> AE_TMUX_SERVER_KIND=<unset> argc=5 <-S> </private/tmp/aelx/T-100/t100-C-blocked/t/tmux-501/default> <has-session> <-t> <t1>
pid=80359 ppid=64340 AE_TMUX_SERVER=<unset> AE_TMUX_SERVER_KIND=<unset> argc=8 <-S> </private/tmp/aelx/T-100/t100-C-blocked/t/tmux-501/default> <list-panes> <-s> <-t> <t1> <-F> <#{pane_id}|#{@ae_agent}|#{pane_current_command}|#{pane_pid}>
pid=80363 ppid=80362 AE_TMUX_SERVER=<unset> AE_TMUX_SERVER_KIND=<unset> argc=7 <-S> </private/tmp/aelx/T-100/t100-C-blocked/t/tmux-501/default> <display-message> <-p> <-t> <%0> <#{@ae_slot}>
pid=80367 ppid=80366 AE_TMUX_SERVER=<unset> AE_TMUX_SERVER_KIND=<unset> argc=11 <-S> </private/tmp/aelx/T-100/t100-C-blocked/t/tmux-501/default> <capture-pane> <-p> <-J> <-S> <-40> <-E> <-> <-t> <%0>
pid=80402 ppid=80400 AE_TMUX_SERVER=<unset> AE_TMUX_SERVER_KIND=<unset> argc=5 <-S> </private/tmp/aelx/T-100/t100-C-blocked/t/tmux-501/default> <list-sessions> <-F> <#{session_id} #{session_name}>
pid=80404 ppid=64340 AE_TMUX_SERVER=<unset> AE_TMUX_SERVER_KIND=<unset> argc=7 <-S> </private/tmp/aelx/T-100/t100-C-blocked/t/tmux-501/default> <set-option> <-t> <$0> <@ae_watchdog_status> <[watch ● 1/1]>
pid=80421 ppid=80419 AE_TMUX_SERVER=<unset> AE_TMUX_SERVER_KIND=<unset> argc=5 <-S> </private/tmp/aelx/T-100/t100-C-blocked/t/tmux-501/default> <list-sessions> <-F> <#{session_id} #{session_name}>
pid=80423 ppid=80407 AE_TMUX_SERVER=<unset> AE_TMUX_SERVER_KIND=<unset> argc=7 <-S> </private/tmp/aelx/T-100/t100-C-blocked/t/tmux-501/default> <set-option> <-t> <$0> <@ae_branch_name> <main>
pid=80434 ppid=80432 AE_TMUX_SERVER=<unset> AE_TMUX_SERVER_KIND=<unset> argc=5 <-S> </private/tmp/aelx/T-100/t100-C-blocked/t/tmux-501/default> <list-sessions> <-F> <#{session_id} #{session_name}>
pid=80436 ppid=64340 AE_TMUX_SERVER=<unset> AE_TMUX_SERVER_KIND=<unset> argc=7 <-S> </private/tmp/aelx/T-100/t100-C-blocked/t/tmux-501/default> <set-option> <-t> <$0> <@ae_branch_status> < main>
pid=80450 ppid=80448 AE_TMUX_SERVER=<unset> AE_TMUX_SERVER_KIND=<unset> argc=5 <-S> </private/tmp/aelx/T-100/t100-C-blocked/t/tmux-501/default> <list-sessions> <-F> <#{session_id} #{session_name}>
pid=80453 ppid=64340 AE_TMUX_SERVER=<unset> AE_TMUX_SERVER_KIND=<unset> argc=7 <-S> </private/tmp/aelx/T-100/t100-C-blocked/t/tmux-501/default> <set-option> <-t> <$0> <@ae_agents_status> <grok●>
pid=80459 ppid=80458 AE_TMUX_SERVER=<unset> AE_TMUX_SERVER_KIND=<unset> argc=8 <-S> </private/tmp/aelx/T-100/t100-C-blocked/t/tmux-501/default> <list-panes> <-s> <-t> <t1> <-F> <#{pane_id}|#{window_id}|#{@ae_agent}>
pid=80463 ppid=64340 AE_TMUX_SERVER=<unset> AE_TMUX_SERVER_KIND=<unset> argc=8 <-S> </private/tmp/aelx/T-100/t100-C-blocked/t/tmux-501/default> <set-option> <-w> <-t> <@0> <@ae_window_status> <●>
pid=80466 ppid=64340 AE_TMUX_SERVER=<unset> AE_TMUX_SERVER_KIND=<unset> argc=8 <-S> </private/tmp/aelx/T-100/t100-C-blocked/t/tmux-501/default> <set-option> <-w> <-t> <@1> <@ae_window_status> <>
pid=82268 ppid=64340 AE_TMUX_SERVER=<unset> AE_TMUX_SERVER_KIND=<unset> argc=5 <-S> </private/tmp/aelx/T-100/t100-C-blocked/t/tmux-501/default> <has-session> <-t> <t1>
pid=82276 ppid=64340 AE_TMUX_SERVER=<unset> AE_TMUX_SERVER_KIND=<unset> argc=8 <-S> </private/tmp/aelx/T-100/t100-C-blocked/t/tmux-501/default> <list-panes> <-s> <-t> <t1> <-F> <#{pane_id}|#{@ae_agent}|#{pane_current_command}|#{pane_pid}>
pid=82280 ppid=82279 AE_TMUX_SERVER=<unset> AE_TMUX_SERVER_KIND=<unset> argc=7 <-S> </private/tmp/aelx/T-100/t100-C-blocked/t/tmux-501/default> <display-message> <-p> <-t> <%0> <#{@ae_slot}>
pid=82284 ppid=82283 AE_TMUX_SERVER=<unset> AE_TMUX_SERVER_KIND=<unset> argc=11 <-S> </private/tmp/aelx/T-100/t100-C-blocked/t/tmux-501/default> <capture-pane> <-p> <-J> <-S> <-40> <-E> <-> <-t> <%0>
pid=82320 ppid=82318 AE_TMUX_SERVER=<unset> AE_TMUX_SERVER_KIND=<unset> argc=5 <-S> </private/tmp/aelx/T-100/t100-C-blocked/t/tmux-501/default> <list-sessions> <-F> <#{session_id} #{session_name}>
pid=82322 ppid=64340 AE_TMUX_SERVER=<unset> AE_TMUX_SERVER_KIND=<unset> argc=7 <-S> </private/tmp/aelx/T-100/t100-C-blocked/t/tmux-501/default> <set-option> <-t> <$0> <@ae_watchdog_status> <[watch ● 1/1]>
pid=82339 ppid=82337 AE_TMUX_SERVER=<unset> AE_TMUX_SERVER_KIND=<unset> argc=5 <-S> </private/tmp/aelx/T-100/t100-C-blocked/t/tmux-501/default> <list-sessions> <-F> <#{session_id} #{session_name}>
pid=82342 ppid=82325 AE_TMUX_SERVER=<unset> AE_TMUX_SERVER_KIND=<unset> argc=7 <-S> </private/tmp/aelx/T-100/t100-C-blocked/t/tmux-501/default> <set-option> <-t> <$0> <@ae_branch_name> <main>
pid=82352 ppid=82350 AE_TMUX_SERVER=<unset> AE_TMUX_SERVER_KIND=<unset> argc=5 <-S> </private/tmp/aelx/T-100/t100-C-blocked/t/tmux-501/default> <list-sessions> <-F> <#{session_id} #{session_name}>
pid=82355 ppid=64340 AE_TMUX_SERVER=<unset> AE_TMUX_SERVER_KIND=<unset> argc=7 <-S> </private/tmp/aelx/T-100/t100-C-blocked/t/tmux-501/default> <set-option> <-t> <$0> <@ae_branch_status> < main>
pid=82368 ppid=82366 AE_TMUX_SERVER=<unset> AE_TMUX_SERVER_KIND=<unset> argc=5 <-S> </private/tmp/aelx/T-100/t100-C-blocked/t/tmux-501/default> <list-sessions> <-F> <#{session_id} #{session_name}>
pid=82370 ppid=64340 AE_TMUX_SERVER=<unset> AE_TMUX_SERVER_KIND=<unset> argc=7 <-S> </private/tmp/aelx/T-100/t100-C-blocked/t/tmux-501/default> <set-option> <-t> <$0> <@ae_agents_status> <grok●>
pid=82377 ppid=82376 AE_TMUX_SERVER=<unset> AE_TMUX_SERVER_KIND=<unset> argc=8 <-S> </private/tmp/aelx/T-100/t100-C-blocked/t/tmux-501/default> <list-panes> <-s> <-t> <t1> <-F> <#{pane_id}|#{window_id}|#{@ae_agent}>
pid=82380 ppid=64340 AE_TMUX_SERVER=<unset> AE_TMUX_SERVER_KIND=<unset> argc=8 <-S> </private/tmp/aelx/T-100/t100-C-blocked/t/tmux-501/default> <set-option> <-w> <-t> <@0> <@ae_window_status> <●>
pid=82383 ppid=64340 AE_TMUX_SERVER=<unset> AE_TMUX_SERVER_KIND=<unset> argc=8 <-S> </private/tmp/aelx/T-100/t100-C-blocked/t/tmux-501/default> <set-option> <-w> <-t> <@1> <@ae_window_status> <>
pid=83593 ppid=64340 AE_TMUX_SERVER=<unset> AE_TMUX_SERVER_KIND=<unset> argc=5 <-S> </private/tmp/aelx/T-100/t100-C-blocked/t/tmux-501/default> <has-session> <-t> <t1>
pid=83602 ppid=64340 AE_TMUX_SERVER=<unset> AE_TMUX_SERVER_KIND=<unset> argc=8 <-S> </private/tmp/aelx/T-100/t100-C-blocked/t/tmux-501/default> <list-panes> <-s> <-t> <t1> <-F> <#{pane_id}|#{@ae_agent}|#{pane_current_command}|#{pane_pid}>
pid=83605 ppid=83604 AE_TMUX_SERVER=<unset> AE_TMUX_SERVER_KIND=<unset> argc=7 <-S> </private/tmp/aelx/T-100/t100-C-blocked/t/tmux-501/default> <display-message> <-p> <-t> <%0> <#{@ae_slot}>
pid=83610 ppid=83609 AE_TMUX_SERVER=<unset> AE_TMUX_SERVER_KIND=<unset> argc=11 <-S> </private/tmp/aelx/T-100/t100-C-blocked/t/tmux-501/default> <capture-pane> <-p> <-J> <-S> <-40> <-E> <-> <-t> <%0>
pid=83644 ppid=83642 AE_TMUX_SERVER=<unset> AE_TMUX_SERVER_KIND=<unset> argc=5 <-S> </private/tmp/aelx/T-100/t100-C-blocked/t/tmux-501/default> <list-sessions> <-F> <#{session_id} #{session_name}>
pid=83647 ppid=64340 AE_TMUX_SERVER=<unset> AE_TMUX_SERVER_KIND=<unset> argc=7 <-S> </private/tmp/aelx/T-100/t100-C-blocked/t/tmux-501/default> <set-option> <-t> <$0> <@ae_watchdog_status> <[watch ● 1/1]>
pid=83663 ppid=83661 AE_TMUX_SERVER=<unset> AE_TMUX_SERVER_KIND=<unset> argc=5 <-S> </private/tmp/aelx/T-100/t100-C-blocked/t/tmux-501/default> <list-sessions> <-F> <#{session_id} #{session_name}>
pid=83666 ppid=83649 AE_TMUX_SERVER=<unset> AE_TMUX_SERVER_KIND=<unset> argc=7 <-S> </private/tmp/aelx/T-100/t100-C-blocked/t/tmux-501/default> <set-option> <-t> <$0> <@ae_branch_name> <main>
pid=83676 ppid=83674 AE_TMUX_SERVER=<unset> AE_TMUX_SERVER_KIND=<unset> argc=5 <-S> </private/tmp/aelx/T-100/t100-C-blocked/t/tmux-501/default> <list-sessions> <-F> <#{session_id} #{session_name}>
pid=83678 ppid=64340 AE_TMUX_SERVER=<unset> AE_TMUX_SERVER_KIND=<unset> argc=7 <-S> </private/tmp/aelx/T-100/t100-C-blocked/t/tmux-501/default> <set-option> <-t> <$0> <@ae_branch_status> < main>
pid=83692 ppid=83690 AE_TMUX_SERVER=<unset> AE_TMUX_SERVER_KIND=<unset> argc=5 <-S> </private/tmp/aelx/T-100/t100-C-blocked/t/tmux-501/default> <list-sessions> <-F> <#{session_id} #{session_name}>
pid=83694 ppid=64340 AE_TMUX_SERVER=<unset> AE_TMUX_SERVER_KIND=<unset> argc=7 <-S> </private/tmp/aelx/T-100/t100-C-blocked/t/tmux-501/default> <set-option> <-t> <$0> <@ae_agents_status> <grok●>
pid=83700 ppid=83699 AE_TMUX_SERVER=<unset> AE_TMUX_SERVER_KIND=<unset> argc=8 <-S> </private/tmp/aelx/T-100/t100-C-blocked/t/tmux-501/default> <list-panes> <-s> <-t> <t1> <-F> <#{pane_id}|#{window_id}|#{@ae_agent}>
pid=83704 ppid=64340 AE_TMUX_SERVER=<unset> AE_TMUX_SERVER_KIND=<unset> argc=8 <-S> </private/tmp/aelx/T-100/t100-C-blocked/t/tmux-501/default> <set-option> <-w> <-t> <@0> <@ae_window_status> <●>
pid=83706 ppid=64340 AE_TMUX_SERVER=<unset> AE_TMUX_SERVER_KIND=<unset> argc=8 <-S> </private/tmp/aelx/T-100/t100-C-blocked/t/tmux-501/default> <set-option> <-w> <-t> <@1> <@ae_window_status> <>
pid=84996 ppid=64340 AE_TMUX_SERVER=<unset> AE_TMUX_SERVER_KIND=<unset> argc=5 <-S> </private/tmp/aelx/T-100/t100-C-blocked/t/tmux-501/default> <has-session> <-t> <t1>
pid=85018 ppid=64340 AE_TMUX_SERVER=<unset> AE_TMUX_SERVER_KIND=<unset> argc=8 <-S> </private/tmp/aelx/T-100/t100-C-blocked/t/tmux-501/default> <list-panes> <-s> <-t> <t1> <-F> <#{pane_id}|#{@ae_agent}|#{pane_current_command}|#{pane_pid}>
pid=85028 ppid=85027 AE_TMUX_SERVER=<unset> AE_TMUX_SERVER_KIND=<unset> argc=7 <-S> </private/tmp/aelx/T-100/t100-C-blocked/t/tmux-501/default> <display-message> <-p> <-t> <%0> <#{@ae_slot}>
pid=85043 ppid=85042 AE_TMUX_SERVER=<unset> AE_TMUX_SERVER_KIND=<unset> argc=11 <-S> </private/tmp/aelx/T-100/t100-C-blocked/t/tmux-501/default> <capture-pane> <-p> <-J> <-S> <-40> <-E> <-> <-t> <%0>
pid=85241 ppid=85096 AE_TMUX_SERVER=<unset> AE_TMUX_SERVER_KIND=<unset> argc=8 <-S> </private/tmp/aelx/T-100/t100-C-blocked/t/tmux-501/default> <list-panes> <-s> <-t> <t1> <-F> <#{pane_id}	#{@ae_agent}>
pid=85244 ppid=85243 AE_TMUX_SERVER=<unset> AE_TMUX_SERVER_KIND=<unset> argc=7 <-S> </private/tmp/aelx/T-100/t100-C-blocked/t/tmux-501/default> <display-message> <-p> <-t> <%0> <#{@ae_slot}>
pid=85247 ppid=85246 AE_TMUX_SERVER=<unset> AE_TMUX_SERVER_KIND=<unset> argc=7 <-S> </private/tmp/aelx/T-100/t100-C-blocked/t/tmux-501/default> <display-message> <-p> <-t> <%0> <#S>
pid=85250 ppid=85249 AE_TMUX_SERVER=<unset> AE_TMUX_SERVER_KIND=<unset> argc=7 <-S> </private/tmp/aelx/T-100/t100-C-blocked/t/tmux-501/default> <display-message> <-p> <-t> <%0> <#{pane_current_command}>
pid=85260 ppid=85258 AE_TMUX_SERVER=<unset> AE_TMUX_SERVER_KIND=<unset> argc=6 <-S> </private/tmp/aelx/T-100/t100-C-blocked/t/tmux-501/default> <list-panes> <-a> <-F> <#{pane_id}|#{@ae_agent}|#{pane_current_command}>
pid=85265 ppid=85264 AE_TMUX_SERVER=<unset> AE_TMUX_SERVER_KIND=<unset> argc=5 <-S> </private/tmp/aelx/T-100/t100-C-blocked/t/tmux-501/default> <list-clients> <-F> <#{pane_id}|#{client_activity}>
pid=85267 ppid=85096 AE_TMUX_SERVER=<unset> AE_TMUX_SERVER_KIND=<unset> argc=7 <-S> </private/tmp/aelx/T-100/t100-C-blocked/t/tmux-501/default> <send-keys> <-t> <%0> <-X> <cancel>
pid=85271 ppid=85270 AE_TMUX_SERVER=<unset> AE_TMUX_SERVER_KIND=<unset> argc=6 <-S> </private/tmp/aelx/T-100/t100-C-blocked/t/tmux-501/default> <load-buffer> <-b> <ae-send-85096> <->
pid=85274 ppid=85096 AE_TMUX_SERVER=<unset> AE_TMUX_SERVER_KIND=<unset> argc=8 <-S> </private/tmp/aelx/T-100/t100-C-blocked/t/tmux-501/default> <paste-buffer> <-d> <-b> <ae-send-85096> <-t> <%0>
pid=85312 ppid=85096 AE_TMUX_SERVER=<unset> AE_TMUX_SERVER_KIND=<unset> argc=6 <-S> </private/tmp/aelx/T-100/t100-C-blocked/t/tmux-501/default> <send-keys> <-t> <%0> <Enter>
pid=85455 ppid=85453 AE_TMUX_SERVER=<unset> AE_TMUX_SERVER_KIND=<unset> argc=5 <-S> </private/tmp/aelx/T-100/t100-C-blocked/t/tmux-501/default> <list-sessions> <-F> <#{session_id} #{session_name}>
pid=85457 ppid=64340 AE_TMUX_SERVER=<unset> AE_TMUX_SERVER_KIND=<unset> argc=7 <-S> </private/tmp/aelx/T-100/t100-C-blocked/t/tmux-501/default> <set-option> <-t> <$0> <@ae_watchdog_status> <[watch ⚠ 0/1]>
pid=85474 ppid=85472 AE_TMUX_SERVER=<unset> AE_TMUX_SERVER_KIND=<unset> argc=5 <-S> </private/tmp/aelx/T-100/t100-C-blocked/t/tmux-501/default> <list-sessions> <-F> <#{session_id} #{session_name}>
pid=85476 ppid=85460 AE_TMUX_SERVER=<unset> AE_TMUX_SERVER_KIND=<unset> argc=7 <-S> </private/tmp/aelx/T-100/t100-C-blocked/t/tmux-501/default> <set-option> <-t> <$0> <@ae_branch_name> <main>
pid=85487 ppid=85485 AE_TMUX_SERVER=<unset> AE_TMUX_SERVER_KIND=<unset> argc=5 <-S> </private/tmp/aelx/T-100/t100-C-blocked/t/tmux-501/default> <list-sessions> <-F> <#{session_id} #{session_name}>
pid=85489 ppid=64340 AE_TMUX_SERVER=<unset> AE_TMUX_SERVER_KIND=<unset> argc=7 <-S> </private/tmp/aelx/T-100/t100-C-blocked/t/tmux-501/default> <set-option> <-t> <$0> <@ae_branch_status> < main>
pid=85503 ppid=85500 AE_TMUX_SERVER=<unset> AE_TMUX_SERVER_KIND=<unset> argc=5 <-S> </private/tmp/aelx/T-100/t100-C-blocked/t/tmux-501/default> <list-sessions> <-F> <#{session_id} #{session_name}>
pid=85507 ppid=64340 AE_TMUX_SERVER=<unset> AE_TMUX_SERVER_KIND=<unset> argc=7 <-S> </private/tmp/aelx/T-100/t100-C-blocked/t/tmux-501/default> <set-option> <-t> <$0> <@ae_agents_status> <grok◌>
pid=85513 ppid=85512 AE_TMUX_SERVER=<unset> AE_TMUX_SERVER_KIND=<unset> argc=8 <-S> </private/tmp/aelx/T-100/t100-C-blocked/t/tmux-501/default> <list-panes> <-s> <-t> <t1> <-F> <#{pane_id}|#{window_id}|#{@ae_agent}>
pid=85517 ppid=64340 AE_TMUX_SERVER=<unset> AE_TMUX_SERVER_KIND=<unset> argc=8 <-S> </private/tmp/aelx/T-100/t100-C-blocked/t/tmux-501/default> <set-option> <-w> <-t> <@0> <@ae_window_status> <◌>
pid=85519 ppid=64340 AE_TMUX_SERVER=<unset> AE_TMUX_SERVER_KIND=<unset> argc=8 <-S> </private/tmp/aelx/T-100/t100-C-blocked/t/tmux-501/default> <set-option> <-w> <-t> <@1> <@ae_window_status> <>
pid=86897 ppid=64340 AE_TMUX_SERVER=<unset> AE_TMUX_SERVER_KIND=<unset> argc=5 <-S> </private/tmp/aelx/T-100/t100-C-blocked/t/tmux-501/default> <has-session> <-t> <t1>
pid=86905 ppid=64340 AE_TMUX_SERVER=<unset> AE_TMUX_SERVER_KIND=<unset> argc=8 <-S> </private/tmp/aelx/T-100/t100-C-blocked/t/tmux-501/default> <list-panes> <-s> <-t> <t1> <-F> <#{pane_id}|#{@ae_agent}|#{pane_current_command}|#{pane_pid}>
pid=86909 ppid=86908 AE_TMUX_SERVER=<unset> AE_TMUX_SERVER_KIND=<unset> argc=7 <-S> </private/tmp/aelx/T-100/t100-C-blocked/t/tmux-501/default> <display-message> <-p> <-t> <%0> <#{@ae_slot}>
pid=86913 ppid=86912 AE_TMUX_SERVER=<unset> AE_TMUX_SERVER_KIND=<unset> argc=11 <-S> </private/tmp/aelx/T-100/t100-C-blocked/t/tmux-501/default> <capture-pane> <-p> <-J> <-S> <-40> <-E> <-> <-t> <%0>
pid=86964 ppid=86942 AE_TMUX_SERVER=<unset> AE_TMUX_SERVER_KIND=<unset> argc=8 <-S> </private/tmp/aelx/T-100/t100-C-blocked/t/tmux-501/default> <list-panes> <-s> <-t> <t1> <-F> <#{pane_id}	#{@ae_agent}>
pid=86967 ppid=86966 AE_TMUX_SERVER=<unset> AE_TMUX_SERVER_KIND=<unset> argc=7 <-S> </private/tmp/aelx/T-100/t100-C-blocked/t/tmux-501/default> <display-message> <-p> <-t> <%0> <#{@ae_slot}>
pid=86970 ppid=86969 AE_TMUX_SERVER=<unset> AE_TMUX_SERVER_KIND=<unset> argc=7 <-S> </private/tmp/aelx/T-100/t100-C-blocked/t/tmux-501/default> <display-message> <-p> <-t> <%0> <#S>
pid=86974 ppid=86973 AE_TMUX_SERVER=<unset> AE_TMUX_SERVER_KIND=<unset> argc=7 <-S> </private/tmp/aelx/T-100/t100-C-blocked/t/tmux-501/default> <display-message> <-p> <-t> <%0> <#{pane_current_command}>
pid=86983 ppid=86981 AE_TMUX_SERVER=<unset> AE_TMUX_SERVER_KIND=<unset> argc=6 <-S> </private/tmp/aelx/T-100/t100-C-blocked/t/tmux-501/default> <list-panes> <-a> <-F> <#{pane_id}|#{@ae_agent}|#{pane_current_command}>
pid=86988 ppid=86987 AE_TMUX_SERVER=<unset> AE_TMUX_SERVER_KIND=<unset> argc=5 <-S> </private/tmp/aelx/T-100/t100-C-blocked/t/tmux-501/default> <list-clients> <-F> <#{pane_id}|#{client_activity}>
pid=86990 ppid=86942 AE_TMUX_SERVER=<unset> AE_TMUX_SERVER_KIND=<unset> argc=7 <-S> </private/tmp/aelx/T-100/t100-C-blocked/t/tmux-501/default> <send-keys> <-t> <%0> <-X> <cancel>
pid=86995 ppid=86994 AE_TMUX_SERVER=<unset> AE_TMUX_SERVER_KIND=<unset> argc=6 <-S> </private/tmp/aelx/T-100/t100-C-blocked/t/tmux-501/default> <load-buffer> <-b> <ae-send-86942> <->
pid=86997 ppid=86942 AE_TMUX_SERVER=<unset> AE_TMUX_SERVER_KIND=<unset> argc=8 <-S> </private/tmp/aelx/T-100/t100-C-blocked/t/tmux-501/default> <paste-buffer> <-d> <-b> <ae-send-86942> <-t> <%0>
pid=87037 ppid=86942 AE_TMUX_SERVER=<unset> AE_TMUX_SERVER_KIND=<unset> argc=6 <-S> </private/tmp/aelx/T-100/t100-C-blocked/t/tmux-501/default> <send-keys> <-t> <%0> <Enter>
pid=87127 ppid=87125 AE_TMUX_SERVER=<unset> AE_TMUX_SERVER_KIND=<unset> argc=5 <-S> </private/tmp/aelx/T-100/t100-C-blocked/t/tmux-501/default> <list-sessions> <-F> <#{session_id} #{session_name}>
pid=87129 ppid=64340 AE_TMUX_SERVER=<unset> AE_TMUX_SERVER_KIND=<unset> argc=7 <-S> </private/tmp/aelx/T-100/t100-C-blocked/t/tmux-501/default> <set-option> <-t> <$0> <@ae_watchdog_status> <[watch ⚠ 0/1]>
pid=87147 ppid=87145 AE_TMUX_SERVER=<unset> AE_TMUX_SERVER_KIND=<unset> argc=5 <-S> </private/tmp/aelx/T-100/t100-C-blocked/t/tmux-501/default> <list-sessions> <-F> <#{session_id} #{session_name}>
pid=87149 ppid=87133 AE_TMUX_SERVER=<unset> AE_TMUX_SERVER_KIND=<unset> argc=7 <-S> </private/tmp/aelx/T-100/t100-C-blocked/t/tmux-501/default> <set-option> <-t> <$0> <@ae_branch_name> <main>
pid=87159 ppid=87157 AE_TMUX_SERVER=<unset> AE_TMUX_SERVER_KIND=<unset> argc=5 <-S> </private/tmp/aelx/T-100/t100-C-blocked/t/tmux-501/default> <list-sessions> <-F> <#{session_id} #{session_name}>
pid=87162 ppid=64340 AE_TMUX_SERVER=<unset> AE_TMUX_SERVER_KIND=<unset> argc=7 <-S> </private/tmp/aelx/T-100/t100-C-blocked/t/tmux-501/default> <set-option> <-t> <$0> <@ae_branch_status> < main>
pid=87175 ppid=87173 AE_TMUX_SERVER=<unset> AE_TMUX_SERVER_KIND=<unset> argc=5 <-S> </private/tmp/aelx/T-100/t100-C-blocked/t/tmux-501/default> <list-sessions> <-F> <#{session_id} #{session_name}>
pid=87177 ppid=64340 AE_TMUX_SERVER=<unset> AE_TMUX_SERVER_KIND=<unset> argc=7 <-S> </private/tmp/aelx/T-100/t100-C-blocked/t/tmux-501/default> <set-option> <-t> <$0> <@ae_agents_status> <grok◌>
pid=87184 ppid=87183 AE_TMUX_SERVER=<unset> AE_TMUX_SERVER_KIND=<unset> argc=8 <-S> </private/tmp/aelx/T-100/t100-C-blocked/t/tmux-501/default> <list-panes> <-s> <-t> <t1> <-F> <#{pane_id}|#{window_id}|#{@ae_agent}>
pid=87187 ppid=64340 AE_TMUX_SERVER=<unset> AE_TMUX_SERVER_KIND=<unset> argc=8 <-S> </private/tmp/aelx/T-100/t100-C-blocked/t/tmux-501/default> <set-option> <-w> <-t> <@0> <@ae_window_status> <◌>
pid=87189 ppid=64340 AE_TMUX_SERVER=<unset> AE_TMUX_SERVER_KIND=<unset> argc=8 <-S> </private/tmp/aelx/T-100/t100-C-blocked/t/tmux-501/default> <set-option> <-w> <-t> <@1> <@ae_window_status> <>
pid=88514 ppid=64340 AE_TMUX_SERVER=<unset> AE_TMUX_SERVER_KIND=<unset> argc=5 <-S> </private/tmp/aelx/T-100/t100-C-blocked/t/tmux-501/default> <has-session> <-t> <t1>
pid=88533 ppid=64340 AE_TMUX_SERVER=<unset> AE_TMUX_SERVER_KIND=<unset> argc=8 <-S> </private/tmp/aelx/T-100/t100-C-blocked/t/tmux-501/default> <list-panes> <-s> <-t> <t1> <-F> <#{pane_id}|#{@ae_agent}|#{pane_current_command}|#{pane_pid}>
pid=88542 ppid=88541 AE_TMUX_SERVER=<unset> AE_TMUX_SERVER_KIND=<unset> argc=7 <-S> </private/tmp/aelx/T-100/t100-C-blocked/t/tmux-501/default> <display-message> <-p> <-t> <%0> <#{@ae_slot}>
pid=88552 ppid=88550 AE_TMUX_SERVER=<unset> AE_TMUX_SERVER_KIND=<unset> argc=11 <-S> </private/tmp/aelx/T-100/t100-C-blocked/t/tmux-501/default> <capture-pane> <-p> <-J> <-S> <-40> <-E> <-> <-t> <%0>
pid=88592 ppid=88590 AE_TMUX_SERVER=<unset> AE_TMUX_SERVER_KIND=<unset> argc=7 <-S> </private/tmp/aelx/T-100/t100-C-blocked/t/tmux-501/default> <display-message> <-p> <-t> <%2> <#{@ae_agent}>
pid=88605 ppid=88604 AE_TMUX_SERVER=<unset> AE_TMUX_SERVER_KIND=<unset> argc=7 <-S> </private/tmp/aelx/T-100/t100-C-blocked/t/tmux-501/default> <display-message> <-p> <-t> <%2> <#S>
pid=88622 ppid=64340 AE_TMUX_SERVER=<unset> AE_TMUX_SERVER_KIND=<unset> argc=6 <-S> </private/tmp/aelx/T-100/t100-C-blocked/t/tmux-501/default> <display-message> <-d> <10000> <[ae watchdog] grok:grok may need attention — stale after 2 nudges>
pid=88649 ppid=88647 AE_TMUX_SERVER=<unset> AE_TMUX_SERVER_KIND=<unset> argc=5 <-S> </private/tmp/aelx/T-100/t100-C-blocked/t/tmux-501/default> <list-sessions> <-F> <#{session_id} #{session_name}>
pid=88652 ppid=64340 AE_TMUX_SERVER=<unset> AE_TMUX_SERVER_KIND=<unset> argc=7 <-S> </private/tmp/aelx/T-100/t100-C-blocked/t/tmux-501/default> <set-option> <-t> <$0> <@ae_watchdog_status> <[watch ⚠ 0/1]>
pid=88668 ppid=88666 AE_TMUX_SERVER=<unset> AE_TMUX_SERVER_KIND=<unset> argc=5 <-S> </private/tmp/aelx/T-100/t100-C-blocked/t/tmux-501/default> <list-sessions> <-F> <#{session_id} #{session_name}>
pid=88671 ppid=88654 AE_TMUX_SERVER=<unset> AE_TMUX_SERVER_KIND=<unset> argc=7 <-S> </private/tmp/aelx/T-100/t100-C-blocked/t/tmux-501/default> <set-option> <-t> <$0> <@ae_branch_name> <main>
pid=88681 ppid=88679 AE_TMUX_SERVER=<unset> AE_TMUX_SERVER_KIND=<unset> argc=5 <-S> </private/tmp/aelx/T-100/t100-C-blocked/t/tmux-501/default> <list-sessions> <-F> <#{session_id} #{session_name}>
pid=88684 ppid=64340 AE_TMUX_SERVER=<unset> AE_TMUX_SERVER_KIND=<unset> argc=7 <-S> </private/tmp/aelx/T-100/t100-C-blocked/t/tmux-501/default> <set-option> <-t> <$0> <@ae_branch_status> < main>
pid=88703 ppid=88701 AE_TMUX_SERVER=<unset> AE_TMUX_SERVER_KIND=<unset> argc=5 <-S> </private/tmp/aelx/T-100/t100-C-blocked/t/tmux-501/default> <list-sessions> <-F> <#{session_id} #{session_name}>
pid=88709 ppid=64340 AE_TMUX_SERVER=<unset> AE_TMUX_SERVER_KIND=<unset> argc=7 <-S> </private/tmp/aelx/T-100/t100-C-blocked/t/tmux-501/default> <set-option> <-t> <$0> <@ae_agents_status> <grok◌>
pid=88727 ppid=88725 AE_TMUX_SERVER=<unset> AE_TMUX_SERVER_KIND=<unset> argc=8 <-S> </private/tmp/aelx/T-100/t100-C-blocked/t/tmux-501/default> <list-panes> <-s> <-t> <t1> <-F> <#{pane_id}|#{window_id}|#{@ae_agent}>
pid=88735 ppid=64340 AE_TMUX_SERVER=<unset> AE_TMUX_SERVER_KIND=<unset> argc=8 <-S> </private/tmp/aelx/T-100/t100-C-blocked/t/tmux-501/default> <set-option> <-w> <-t> <@0> <@ae_window_status> <◌>
pid=88746 ppid=64340 AE_TMUX_SERVER=<unset> AE_TMUX_SERVER_KIND=<unset> argc=8 <-S> </private/tmp/aelx/T-100/t100-C-blocked/t/tmux-501/default> <set-option> <-w> <-t> <@1> <@ae_window_status> <>
pid=89870 ppid=64340 AE_TMUX_SERVER=<unset> AE_TMUX_SERVER_KIND=<unset> argc=5 <-S> </private/tmp/aelx/T-100/t100-C-blocked/t/tmux-501/default> <has-session> <-t> <t1>
pid=89878 ppid=64340 AE_TMUX_SERVER=<unset> AE_TMUX_SERVER_KIND=<unset> argc=8 <-S> </private/tmp/aelx/T-100/t100-C-blocked/t/tmux-501/default> <list-panes> <-s> <-t> <t1> <-F> <#{pane_id}|#{@ae_agent}|#{pane_current_command}|#{pane_pid}>
pid=89881 ppid=89880 AE_TMUX_SERVER=<unset> AE_TMUX_SERVER_KIND=<unset> argc=7 <-S> </private/tmp/aelx/T-100/t100-C-blocked/t/tmux-501/default> <display-message> <-p> <-t> <%0> <#{@ae_slot}>
pid=89886 ppid=89885 AE_TMUX_SERVER=<unset> AE_TMUX_SERVER_KIND=<unset> argc=11 <-S> </private/tmp/aelx/T-100/t100-C-blocked/t/tmux-501/default> <capture-pane> <-p> <-J> <-S> <-40> <-E> <-> <-t> <%0>
pid=89951 ppid=89949 AE_TMUX_SERVER=<unset> AE_TMUX_SERVER_KIND=<unset> argc=5 <-S> </private/tmp/aelx/T-100/t100-C-blocked/t/tmux-501/default> <list-sessions> <-F> <#{session_id} #{session_name}>
pid=89965 ppid=64340 AE_TMUX_SERVER=<unset> AE_TMUX_SERVER_KIND=<unset> argc=7 <-S> </private/tmp/aelx/T-100/t100-C-blocked/t/tmux-501/default> <set-option> <-t> <$0> <@ae_watchdog_status> <[watch ⚠ 0/1]>
pid=90018 ppid=90016 AE_TMUX_SERVER=<unset> AE_TMUX_SERVER_KIND=<unset> argc=5 <-S> </private/tmp/aelx/T-100/t100-C-blocked/t/tmux-501/default> <list-sessions> <-F> <#{session_id} #{session_name}>
pid=90080 ppid=89986 AE_TMUX_SERVER=<unset> AE_TMUX_SERVER_KIND=<unset> argc=7 <-S> </private/tmp/aelx/T-100/t100-C-blocked/t/tmux-501/default> <set-option> <-t> <$0> <@ae_branch_name> <main>
pid=90106 ppid=90104 AE_TMUX_SERVER=<unset> AE_TMUX_SERVER_KIND=<unset> argc=5 <-S> </private/tmp/aelx/T-100/t100-C-blocked/t/tmux-501/default> <list-sessions> <-F> <#{session_id} #{session_name}>
pid=90118 ppid=64340 AE_TMUX_SERVER=<unset> AE_TMUX_SERVER_KIND=<unset> argc=7 <-S> </private/tmp/aelx/T-100/t100-C-blocked/t/tmux-501/default> <set-option> <-t> <$0> <@ae_branch_status> < main>
pid=90144 ppid=90142 AE_TMUX_SERVER=<unset> AE_TMUX_SERVER_KIND=<unset> argc=5 <-S> </private/tmp/aelx/T-100/t100-C-blocked/t/tmux-501/default> <list-sessions> <-F> <#{session_id} #{session_name}>
pid=90156 ppid=64340 AE_TMUX_SERVER=<unset> AE_TMUX_SERVER_KIND=<unset> argc=7 <-S> </private/tmp/aelx/T-100/t100-C-blocked/t/tmux-501/default> <set-option> <-t> <$0> <@ae_agents_status> <grok◌>
pid=90172 ppid=90171 AE_TMUX_SERVER=<unset> AE_TMUX_SERVER_KIND=<unset> argc=8 <-S> </private/tmp/aelx/T-100/t100-C-blocked/t/tmux-501/default> <list-panes> <-s> <-t> <t1> <-F> <#{pane_id}|#{window_id}|#{@ae_agent}>
pid=90185 ppid=64340 AE_TMUX_SERVER=<unset> AE_TMUX_SERVER_KIND=<unset> argc=8 <-S> </private/tmp/aelx/T-100/t100-C-blocked/t/tmux-501/default> <set-option> <-w> <-t> <@0> <@ae_window_status> <◌>
pid=90196 ppid=64340 AE_TMUX_SERVER=<unset> AE_TMUX_SERVER_KIND=<unset> argc=8 <-S> </private/tmp/aelx/T-100/t100-C-blocked/t/tmux-501/default> <set-option> <-w> <-t> <@1> <@ae_window_status> <>
pid=91369 ppid=64340 AE_TMUX_SERVER=<unset> AE_TMUX_SERVER_KIND=<unset> argc=5 <-S> </private/tmp/aelx/T-100/t100-C-blocked/t/tmux-501/default> <has-session> <-t> <t1>
pid=91379 ppid=64340 AE_TMUX_SERVER=<unset> AE_TMUX_SERVER_KIND=<unset> argc=8 <-S> </private/tmp/aelx/T-100/t100-C-blocked/t/tmux-501/default> <list-panes> <-s> <-t> <t1> <-F> <#{pane_id}|#{@ae_agent}|#{pane_current_command}|#{pane_pid}>
pid=91382 ppid=91381 AE_TMUX_SERVER=<unset> AE_TMUX_SERVER_KIND=<unset> argc=7 <-S> </private/tmp/aelx/T-100/t100-C-blocked/t/tmux-501/default> <display-message> <-p> <-t> <%0> <#{@ae_slot}>
pid=91386 ppid=91385 AE_TMUX_SERVER=<unset> AE_TMUX_SERVER_KIND=<unset> argc=11 <-S> </private/tmp/aelx/T-100/t100-C-blocked/t/tmux-501/default> <capture-pane> <-p> <-J> <-S> <-40> <-E> <-> <-t> <%0>
pid=91430 ppid=91428 AE_TMUX_SERVER=<unset> AE_TMUX_SERVER_KIND=<unset> argc=5 <-S> </private/tmp/aelx/T-100/t100-C-blocked/t/tmux-501/default> <list-sessions> <-F> <#{session_id} #{session_name}>
pid=91433 ppid=64340 AE_TMUX_SERVER=<unset> AE_TMUX_SERVER_KIND=<unset> argc=7 <-S> </private/tmp/aelx/T-100/t100-C-blocked/t/tmux-501/default> <set-option> <-t> <$0> <@ae_watchdog_status> <[watch ⚠ 0/1]>
pid=91449 ppid=91447 AE_TMUX_SERVER=<unset> AE_TMUX_SERVER_KIND=<unset> argc=5 <-S> </private/tmp/aelx/T-100/t100-C-blocked/t/tmux-501/default> <list-sessions> <-F> <#{session_id} #{session_name}>
pid=91451 ppid=91435 AE_TMUX_SERVER=<unset> AE_TMUX_SERVER_KIND=<unset> argc=7 <-S> </private/tmp/aelx/T-100/t100-C-blocked/t/tmux-501/default> <set-option> <-t> <$0> <@ae_branch_name> <main>
pid=91462 ppid=91460 AE_TMUX_SERVER=<unset> AE_TMUX_SERVER_KIND=<unset> argc=5 <-S> </private/tmp/aelx/T-100/t100-C-blocked/t/tmux-501/default> <list-sessions> <-F> <#{session_id} #{session_name}>
pid=91464 ppid=64340 AE_TMUX_SERVER=<unset> AE_TMUX_SERVER_KIND=<unset> argc=7 <-S> </private/tmp/aelx/T-100/t100-C-blocked/t/tmux-501/default> <set-option> <-t> <$0> <@ae_branch_status> < main>
pid=91477 ppid=91475 AE_TMUX_SERVER=<unset> AE_TMUX_SERVER_KIND=<unset> argc=5 <-S> </private/tmp/aelx/T-100/t100-C-blocked/t/tmux-501/default> <list-sessions> <-F> <#{session_id} #{session_name}>
pid=91480 ppid=64340 AE_TMUX_SERVER=<unset> AE_TMUX_SERVER_KIND=<unset> argc=7 <-S> </private/tmp/aelx/T-100/t100-C-blocked/t/tmux-501/default> <set-option> <-t> <$0> <@ae_agents_status> <grok◌>
pid=91486 ppid=91485 AE_TMUX_SERVER=<unset> AE_TMUX_SERVER_KIND=<unset> argc=8 <-S> </private/tmp/aelx/T-100/t100-C-blocked/t/tmux-501/default> <list-panes> <-s> <-t> <t1> <-F> <#{pane_id}|#{window_id}|#{@ae_agent}>
pid=91490 ppid=64340 AE_TMUX_SERVER=<unset> AE_TMUX_SERVER_KIND=<unset> argc=8 <-S> </private/tmp/aelx/T-100/t100-C-blocked/t/tmux-501/default> <set-option> <-w> <-t> <@0> <@ae_window_status> <◌>
pid=91492 ppid=64340 AE_TMUX_SERVER=<unset> AE_TMUX_SERVER_KIND=<unset> argc=8 <-S> </private/tmp/aelx/T-100/t100-C-blocked/t/tmux-501/default> <set-option> <-w> <-t> <@1> <@ae_window_status> <>
pid=92592 ppid=64340 AE_TMUX_SERVER=<unset> AE_TMUX_SERVER_KIND=<unset> argc=5 <-S> </private/tmp/aelx/T-100/t100-C-blocked/t/tmux-501/default> <has-session> <-t> <t1>
pid=92620 ppid=64340 AE_TMUX_SERVER=<unset> AE_TMUX_SERVER_KIND=<unset> argc=8 <-S> </private/tmp/aelx/T-100/t100-C-blocked/t/tmux-501/default> <list-panes> <-s> <-t> <t1> <-F> <#{pane_id}|#{@ae_agent}|#{pane_current_command}|#{pane_pid}>
pid=92641 ppid=92639 AE_TMUX_SERVER=<unset> AE_TMUX_SERVER_KIND=<unset> argc=7 <-S> </private/tmp/aelx/T-100/t100-C-blocked/t/tmux-501/default> <display-message> <-p> <-t> <%0> <#{@ae_slot}>
pid=92662 ppid=92660 AE_TMUX_SERVER=<unset> AE_TMUX_SERVER_KIND=<unset> argc=11 <-S> </private/tmp/aelx/T-100/t100-C-blocked/t/tmux-501/default> <capture-pane> <-p> <-J> <-S> <-40> <-E> <-> <-t> <%0>
pid=92768 ppid=92766 AE_TMUX_SERVER=<unset> AE_TMUX_SERVER_KIND=<unset> argc=5 <-S> </private/tmp/aelx/T-100/t100-C-blocked/t/tmux-501/default> <list-sessions> <-F> <#{session_id} #{session_name}>
pid=92781 ppid=64340 AE_TMUX_SERVER=<unset> AE_TMUX_SERVER_KIND=<unset> argc=7 <-S> </private/tmp/aelx/T-100/t100-C-blocked/t/tmux-501/default> <set-option> <-t> <$0> <@ae_watchdog_status> <[watch ⚠ 0/1]>
pid=92820 ppid=92818 AE_TMUX_SERVER=<unset> AE_TMUX_SERVER_KIND=<unset> argc=5 <-S> </private/tmp/aelx/T-100/t100-C-blocked/t/tmux-501/default> <list-sessions> <-F> <#{session_id} #{session_name}>
pid=92832 ppid=92794 AE_TMUX_SERVER=<unset> AE_TMUX_SERVER_KIND=<unset> argc=7 <-S> </private/tmp/aelx/T-100/t100-C-blocked/t/tmux-501/default> <set-option> <-t> <$0> <@ae_branch_name> <main>
pid=92863 ppid=92861 AE_TMUX_SERVER=<unset> AE_TMUX_SERVER_KIND=<unset> argc=5 <-S> </private/tmp/aelx/T-100/t100-C-blocked/t/tmux-501/default> <list-sessions> <-F> <#{session_id} #{session_name}>
pid=92876 ppid=64340 AE_TMUX_SERVER=<unset> AE_TMUX_SERVER_KIND=<unset> argc=7 <-S> </private/tmp/aelx/T-100/t100-C-blocked/t/tmux-501/default> <set-option> <-t> <$0> <@ae_branch_status> < main>
pid=92900 ppid=92898 AE_TMUX_SERVER=<unset> AE_TMUX_SERVER_KIND=<unset> argc=5 <-S> </private/tmp/aelx/T-100/t100-C-blocked/t/tmux-501/default> <list-sessions> <-F> <#{session_id} #{session_name}>
pid=92911 ppid=64340 AE_TMUX_SERVER=<unset> AE_TMUX_SERVER_KIND=<unset> argc=7 <-S> </private/tmp/aelx/T-100/t100-C-blocked/t/tmux-501/default> <set-option> <-t> <$0> <@ae_agents_status> <grok◌>
pid=92927 ppid=92926 AE_TMUX_SERVER=<unset> AE_TMUX_SERVER_KIND=<unset> argc=8 <-S> </private/tmp/aelx/T-100/t100-C-blocked/t/tmux-501/default> <list-panes> <-s> <-t> <t1> <-F> <#{pane_id}|#{window_id}|#{@ae_agent}>
pid=92942 ppid=64340 AE_TMUX_SERVER=<unset> AE_TMUX_SERVER_KIND=<unset> argc=8 <-S> </private/tmp/aelx/T-100/t100-C-blocked/t/tmux-501/default> <set-option> <-w> <-t> <@0> <@ae_window_status> <◌>
pid=92954 ppid=64340 AE_TMUX_SERVER=<unset> AE_TMUX_SERVER_KIND=<unset> argc=8 <-S> </private/tmp/aelx/T-100/t100-C-blocked/t/tmux-501/default> <set-option> <-w> <-t> <@1> <@ae_window_status> <>
pid=93996 ppid=64340 AE_TMUX_SERVER=<unset> AE_TMUX_SERVER_KIND=<unset> argc=5 <-S> </private/tmp/aelx/T-100/t100-C-blocked/t/tmux-501/default> <has-session> <-t> <t1>
pid=94007 ppid=64340 AE_TMUX_SERVER=<unset> AE_TMUX_SERVER_KIND=<unset> argc=8 <-S> </private/tmp/aelx/T-100/t100-C-blocked/t/tmux-501/default> <list-panes> <-s> <-t> <t1> <-F> <#{pane_id}|#{@ae_agent}|#{pane_current_command}|#{pane_pid}>
pid=94010 ppid=94009 AE_TMUX_SERVER=<unset> AE_TMUX_SERVER_KIND=<unset> argc=7 <-S> </private/tmp/aelx/T-100/t100-C-blocked/t/tmux-501/default> <display-message> <-p> <-t> <%0> <#{@ae_slot}>
pid=94015 ppid=94014 AE_TMUX_SERVER=<unset> AE_TMUX_SERVER_KIND=<unset> argc=11 <-S> </private/tmp/aelx/T-100/t100-C-blocked/t/tmux-501/default> <capture-pane> <-p> <-J> <-S> <-40> <-E> <-> <-t> <%0>
pid=94058 ppid=94056 AE_TMUX_SERVER=<unset> AE_TMUX_SERVER_KIND=<unset> argc=5 <-S> </private/tmp/aelx/T-100/t100-C-blocked/t/tmux-501/default> <list-sessions> <-F> <#{session_id} #{session_name}>
pid=94061 ppid=64340 AE_TMUX_SERVER=<unset> AE_TMUX_SERVER_KIND=<unset> argc=7 <-S> </private/tmp/aelx/T-100/t100-C-blocked/t/tmux-501/default> <set-option> <-t> <$0> <@ae_watchdog_status> <[watch ⚠ 0/1]>
pid=94077 ppid=94075 AE_TMUX_SERVER=<unset> AE_TMUX_SERVER_KIND=<unset> argc=5 <-S> </private/tmp/aelx/T-100/t100-C-blocked/t/tmux-501/default> <list-sessions> <-F> <#{session_id} #{session_name}>
pid=94080 ppid=94063 AE_TMUX_SERVER=<unset> AE_TMUX_SERVER_KIND=<unset> argc=7 <-S> </private/tmp/aelx/T-100/t100-C-blocked/t/tmux-501/default> <set-option> <-t> <$0> <@ae_branch_name> <main>
pid=94090 ppid=94088 AE_TMUX_SERVER=<unset> AE_TMUX_SERVER_KIND=<unset> argc=5 <-S> </private/tmp/aelx/T-100/t100-C-blocked/t/tmux-501/default> <list-sessions> <-F> <#{session_id} #{session_name}>
pid=94092 ppid=64340 AE_TMUX_SERVER=<unset> AE_TMUX_SERVER_KIND=<unset> argc=7 <-S> </private/tmp/aelx/T-100/t100-C-blocked/t/tmux-501/default> <set-option> <-t> <$0> <@ae_branch_status> < main>
pid=94106 ppid=94103 AE_TMUX_SERVER=<unset> AE_TMUX_SERVER_KIND=<unset> argc=5 <-S> </private/tmp/aelx/T-100/t100-C-blocked/t/tmux-501/default> <list-sessions> <-F> <#{session_id} #{session_name}>
pid=94108 ppid=64340 AE_TMUX_SERVER=<unset> AE_TMUX_SERVER_KIND=<unset> argc=7 <-S> </private/tmp/aelx/T-100/t100-C-blocked/t/tmux-501/default> <set-option> <-t> <$0> <@ae_agents_status> <grok◌>
pid=94114 ppid=94113 AE_TMUX_SERVER=<unset> AE_TMUX_SERVER_KIND=<unset> argc=8 <-S> </private/tmp/aelx/T-100/t100-C-blocked/t/tmux-501/default> <list-panes> <-s> <-t> <t1> <-F> <#{pane_id}|#{window_id}|#{@ae_agent}>
pid=94118 ppid=64340 AE_TMUX_SERVER=<unset> AE_TMUX_SERVER_KIND=<unset> argc=8 <-S> </private/tmp/aelx/T-100/t100-C-blocked/t/tmux-501/default> <set-option> <-w> <-t> <@0> <@ae_window_status> <◌>
pid=94120 ppid=64340 AE_TMUX_SERVER=<unset> AE_TMUX_SERVER_KIND=<unset> argc=8 <-S> </private/tmp/aelx/T-100/t100-C-blocked/t/tmux-501/default> <set-option> <-w> <-t> <@1> <@ae_window_status> <>
pid=95806 ppid=64340 AE_TMUX_SERVER=<unset> AE_TMUX_SERVER_KIND=<unset> argc=5 <-S> </private/tmp/aelx/T-100/t100-C-blocked/t/tmux-501/default> <has-session> <-t> <t1>
pid=95815 ppid=64340 AE_TMUX_SERVER=<unset> AE_TMUX_SERVER_KIND=<unset> argc=8 <-S> </private/tmp/aelx/T-100/t100-C-blocked/t/tmux-501/default> <list-panes> <-s> <-t> <t1> <-F> <#{pane_id}|#{@ae_agent}|#{pane_current_command}|#{pane_pid}>
pid=95818 ppid=95817 AE_TMUX_SERVER=<unset> AE_TMUX_SERVER_KIND=<unset> argc=7 <-S> </private/tmp/aelx/T-100/t100-C-blocked/t/tmux-501/default> <display-message> <-p> <-t> <%0> <#{@ae_slot}>
pid=95823 ppid=95822 AE_TMUX_SERVER=<unset> AE_TMUX_SERVER_KIND=<unset> argc=11 <-S> </private/tmp/aelx/T-100/t100-C-blocked/t/tmux-501/default> <capture-pane> <-p> <-J> <-S> <-40> <-E> <-> <-t> <%0>
pid=95867 ppid=95865 AE_TMUX_SERVER=<unset> AE_TMUX_SERVER_KIND=<unset> argc=5 <-S> </private/tmp/aelx/T-100/t100-C-blocked/t/tmux-501/default> <list-sessions> <-F> <#{session_id} #{session_name}>
pid=95869 ppid=64340 AE_TMUX_SERVER=<unset> AE_TMUX_SERVER_KIND=<unset> argc=7 <-S> </private/tmp/aelx/T-100/t100-C-blocked/t/tmux-501/default> <set-option> <-t> <$0> <@ae_watchdog_status> <[watch ⚠ 0/1]>
pid=95885 ppid=95883 AE_TMUX_SERVER=<unset> AE_TMUX_SERVER_KIND=<unset> argc=5 <-S> </private/tmp/aelx/T-100/t100-C-blocked/t/tmux-501/default> <list-sessions> <-F> <#{session_id} #{session_name}>
pid=95888 ppid=95871 AE_TMUX_SERVER=<unset> AE_TMUX_SERVER_KIND=<unset> argc=7 <-S> </private/tmp/aelx/T-100/t100-C-blocked/t/tmux-501/default> <set-option> <-t> <$0> <@ae_branch_name> <main>
pid=95898 ppid=95896 AE_TMUX_SERVER=<unset> AE_TMUX_SERVER_KIND=<unset> argc=5 <-S> </private/tmp/aelx/T-100/t100-C-blocked/t/tmux-501/default> <list-sessions> <-F> <#{session_id} #{session_name}>
pid=95901 ppid=64340 AE_TMUX_SERVER=<unset> AE_TMUX_SERVER_KIND=<unset> argc=7 <-S> </private/tmp/aelx/T-100/t100-C-blocked/t/tmux-501/default> <set-option> <-t> <$0> <@ae_branch_status> < main>
pid=95914 ppid=95912 AE_TMUX_SERVER=<unset> AE_TMUX_SERVER_KIND=<unset> argc=5 <-S> </private/tmp/aelx/T-100/t100-C-blocked/t/tmux-501/default> <list-sessions> <-F> <#{session_id} #{session_name}>
pid=95916 ppid=64340 AE_TMUX_SERVER=<unset> AE_TMUX_SERVER_KIND=<unset> argc=7 <-S> </private/tmp/aelx/T-100/t100-C-blocked/t/tmux-501/default> <set-option> <-t> <$0> <@ae_agents_status> <grok◌>
pid=95923 ppid=95922 AE_TMUX_SERVER=<unset> AE_TMUX_SERVER_KIND=<unset> argc=8 <-S> </private/tmp/aelx/T-100/t100-C-blocked/t/tmux-501/default> <list-panes> <-s> <-t> <t1> <-F> <#{pane_id}|#{window_id}|#{@ae_agent}>
pid=95926 ppid=64340 AE_TMUX_SERVER=<unset> AE_TMUX_SERVER_KIND=<unset> argc=8 <-S> </private/tmp/aelx/T-100/t100-C-blocked/t/tmux-501/default> <set-option> <-w> <-t> <@0> <@ae_window_status> <◌>
pid=95928 ppid=64340 AE_TMUX_SERVER=<unset> AE_TMUX_SERVER_KIND=<unset> argc=8 <-S> </private/tmp/aelx/T-100/t100-C-blocked/t/tmux-501/default> <set-option> <-w> <-t> <@1> <@ae_window_status> <>
pid=97444 ppid=64340 AE_TMUX_SERVER=<unset> AE_TMUX_SERVER_KIND=<unset> argc=5 <-S> </private/tmp/aelx/T-100/t100-C-blocked/t/tmux-501/default> <has-session> <-t> <t1>
pid=97453 ppid=64340 AE_TMUX_SERVER=<unset> AE_TMUX_SERVER_KIND=<unset> argc=8 <-S> </private/tmp/aelx/T-100/t100-C-blocked/t/tmux-501/default> <list-panes> <-s> <-t> <t1> <-F> <#{pane_id}|#{@ae_agent}|#{pane_current_command}|#{pane_pid}>
pid=97456 ppid=97455 AE_TMUX_SERVER=<unset> AE_TMUX_SERVER_KIND=<unset> argc=7 <-S> </private/tmp/aelx/T-100/t100-C-blocked/t/tmux-501/default> <display-message> <-p> <-t> <%0> <#{@ae_slot}>
pid=97461 ppid=97460 AE_TMUX_SERVER=<unset> AE_TMUX_SERVER_KIND=<unset> argc=11 <-S> </private/tmp/aelx/T-100/t100-C-blocked/t/tmux-501/default> <capture-pane> <-p> <-J> <-S> <-40> <-E> <-> <-t> <%0>
pid=97515 ppid=97513 AE_TMUX_SERVER=<unset> AE_TMUX_SERVER_KIND=<unset> argc=5 <-S> </private/tmp/aelx/T-100/t100-C-blocked/t/tmux-501/default> <list-sessions> <-F> <#{session_id} #{session_name}>
pid=97517 ppid=64340 AE_TMUX_SERVER=<unset> AE_TMUX_SERVER_KIND=<unset> argc=7 <-S> </private/tmp/aelx/T-100/t100-C-blocked/t/tmux-501/default> <set-option> <-t> <$0> <@ae_watchdog_status> <[watch ⚠ 0/1]>
pid=97534 ppid=97532 AE_TMUX_SERVER=<unset> AE_TMUX_SERVER_KIND=<unset> argc=5 <-S> </private/tmp/aelx/T-100/t100-C-blocked/t/tmux-501/default> <list-sessions> <-F> <#{session_id} #{session_name}>
pid=97536 ppid=97520 AE_TMUX_SERVER=<unset> AE_TMUX_SERVER_KIND=<unset> argc=7 <-S> </private/tmp/aelx/T-100/t100-C-blocked/t/tmux-501/default> <set-option> <-t> <$0> <@ae_branch_name> <main>
pid=97547 ppid=97545 AE_TMUX_SERVER=<unset> AE_TMUX_SERVER_KIND=<unset> argc=5 <-S> </private/tmp/aelx/T-100/t100-C-blocked/t/tmux-501/default> <list-sessions> <-F> <#{session_id} #{session_name}>
pid=97549 ppid=64340 AE_TMUX_SERVER=<unset> AE_TMUX_SERVER_KIND=<unset> argc=7 <-S> </private/tmp/aelx/T-100/t100-C-blocked/t/tmux-501/default> <set-option> <-t> <$0> <@ae_branch_status> < main>
pid=97562 ppid=97560 AE_TMUX_SERVER=<unset> AE_TMUX_SERVER_KIND=<unset> argc=5 <-S> </private/tmp/aelx/T-100/t100-C-blocked/t/tmux-501/default> <list-sessions> <-F> <#{session_id} #{session_name}>
pid=97565 ppid=64340 AE_TMUX_SERVER=<unset> AE_TMUX_SERVER_KIND=<unset> argc=7 <-S> </private/tmp/aelx/T-100/t100-C-blocked/t/tmux-501/default> <set-option> <-t> <$0> <@ae_agents_status> <grok◌>
pid=97571 ppid=97570 AE_TMUX_SERVER=<unset> AE_TMUX_SERVER_KIND=<unset> argc=8 <-S> </private/tmp/aelx/T-100/t100-C-blocked/t/tmux-501/default> <list-panes> <-s> <-t> <t1> <-F> <#{pane_id}|#{window_id}|#{@ae_agent}>
pid=97574 ppid=64340 AE_TMUX_SERVER=<unset> AE_TMUX_SERVER_KIND=<unset> argc=8 <-S> </private/tmp/aelx/T-100/t100-C-blocked/t/tmux-501/default> <set-option> <-w> <-t> <@0> <@ae_window_status> <◌>
pid=97577 ppid=64340 AE_TMUX_SERVER=<unset> AE_TMUX_SERVER_KIND=<unset> argc=8 <-S> </private/tmp/aelx/T-100/t100-C-blocked/t/tmux-501/default> <set-option> <-w> <-t> <@1> <@ae_window_status> <>
pid=99463 ppid=64340 AE_TMUX_SERVER=<unset> AE_TMUX_SERVER_KIND=<unset> argc=5 <-S> </private/tmp/aelx/T-100/t100-C-blocked/t/tmux-501/default> <has-session> <-t> <t1>
pid=99471 ppid=64340 AE_TMUX_SERVER=<unset> AE_TMUX_SERVER_KIND=<unset> argc=8 <-S> </private/tmp/aelx/T-100/t100-C-blocked/t/tmux-501/default> <list-panes> <-s> <-t> <t1> <-F> <#{pane_id}|#{@ae_agent}|#{pane_current_command}|#{pane_pid}>
pid=99474 ppid=99473 AE_TMUX_SERVER=<unset> AE_TMUX_SERVER_KIND=<unset> argc=7 <-S> </private/tmp/aelx/T-100/t100-C-blocked/t/tmux-501/default> <display-message> <-p> <-t> <%0> <#{@ae_slot}>
pid=99479 ppid=99478 AE_TMUX_SERVER=<unset> AE_TMUX_SERVER_KIND=<unset> argc=11 <-S> </private/tmp/aelx/T-100/t100-C-blocked/t/tmux-501/default> <capture-pane> <-p> <-J> <-S> <-40> <-E> <-> <-t> <%0>
pid=99523 ppid=99521 AE_TMUX_SERVER=<unset> AE_TMUX_SERVER_KIND=<unset> argc=5 <-S> </private/tmp/aelx/T-100/t100-C-blocked/t/tmux-501/default> <list-sessions> <-F> <#{session_id} #{session_name}>
pid=99525 ppid=64340 AE_TMUX_SERVER=<unset> AE_TMUX_SERVER_KIND=<unset> argc=7 <-S> </private/tmp/aelx/T-100/t100-C-blocked/t/tmux-501/default> <set-option> <-t> <$0> <@ae_watchdog_status> <[watch ⚠ 0/1]>
pid=99541 ppid=99539 AE_TMUX_SERVER=<unset> AE_TMUX_SERVER_KIND=<unset> argc=5 <-S> </private/tmp/aelx/T-100/t100-C-blocked/t/tmux-501/default> <list-sessions> <-F> <#{session_id} #{session_name}>
pid=99544 ppid=99527 AE_TMUX_SERVER=<unset> AE_TMUX_SERVER_KIND=<unset> argc=7 <-S> </private/tmp/aelx/T-100/t100-C-blocked/t/tmux-501/default> <set-option> <-t> <$0> <@ae_branch_name> <main>
pid=99554 ppid=99552 AE_TMUX_SERVER=<unset> AE_TMUX_SERVER_KIND=<unset> argc=5 <-S> </private/tmp/aelx/T-100/t100-C-blocked/t/tmux-501/default> <list-sessions> <-F> <#{session_id} #{session_name}>
pid=99557 ppid=64340 AE_TMUX_SERVER=<unset> AE_TMUX_SERVER_KIND=<unset> argc=7 <-S> </private/tmp/aelx/T-100/t100-C-blocked/t/tmux-501/default> <set-option> <-t> <$0> <@ae_branch_status> < main>
pid=99571 ppid=99569 AE_TMUX_SERVER=<unset> AE_TMUX_SERVER_KIND=<unset> argc=5 <-S> </private/tmp/aelx/T-100/t100-C-blocked/t/tmux-501/default> <list-sessions> <-F> <#{session_id} #{session_name}>
pid=99573 ppid=64340 AE_TMUX_SERVER=<unset> AE_TMUX_SERVER_KIND=<unset> argc=7 <-S> </private/tmp/aelx/T-100/t100-C-blocked/t/tmux-501/default> <set-option> <-t> <$0> <@ae_agents_status> <grok◌>
pid=99580 ppid=99579 AE_TMUX_SERVER=<unset> AE_TMUX_SERVER_KIND=<unset> argc=8 <-S> </private/tmp/aelx/T-100/t100-C-blocked/t/tmux-501/default> <list-panes> <-s> <-t> <t1> <-F> <#{pane_id}|#{window_id}|#{@ae_agent}>
pid=99583 ppid=64340 AE_TMUX_SERVER=<unset> AE_TMUX_SERVER_KIND=<unset> argc=8 <-S> </private/tmp/aelx/T-100/t100-C-blocked/t/tmux-501/default> <set-option> <-w> <-t> <@0> <@ae_window_status> <◌>
pid=99586 ppid=64340 AE_TMUX_SERVER=<unset> AE_TMUX_SERVER_KIND=<unset> argc=8 <-S> </private/tmp/aelx/T-100/t100-C-blocked/t/tmux-501/default> <set-option> <-w> <-t> <@1> <@ae_window_status> <>
pid=873 ppid=64340 AE_TMUX_SERVER=<unset> AE_TMUX_SERVER_KIND=<unset> argc=5 <-S> </private/tmp/aelx/T-100/t100-C-blocked/t/tmux-501/default> <has-session> <-t> <t1>
pid=905 ppid=64340 AE_TMUX_SERVER=<unset> AE_TMUX_SERVER_KIND=<unset> argc=8 <-S> </private/tmp/aelx/T-100/t100-C-blocked/t/tmux-501/default> <list-panes> <-s> <-t> <t1> <-F> <#{pane_id}|#{@ae_agent}|#{pane_current_command}|#{pane_pid}>
pid=927 ppid=926 AE_TMUX_SERVER=<unset> AE_TMUX_SERVER_KIND=<unset> argc=7 <-S> </private/tmp/aelx/T-100/t100-C-blocked/t/tmux-501/default> <display-message> <-p> <-t> <%0> <#{@ae_slot}>
pid=949 ppid=948 AE_TMUX_SERVER=<unset> AE_TMUX_SERVER_KIND=<unset> argc=11 <-S> </private/tmp/aelx/T-100/t100-C-blocked/t/tmux-501/default> <capture-pane> <-p> <-J> <-S> <-40> <-E> <-> <-t> <%0>
pid=1059 ppid=1057 AE_TMUX_SERVER=<unset> AE_TMUX_SERVER_KIND=<unset> argc=5 <-S> </private/tmp/aelx/T-100/t100-C-blocked/t/tmux-501/default> <list-sessions> <-F> <#{session_id} #{session_name}>
pid=1076 ppid=64340 AE_TMUX_SERVER=<unset> AE_TMUX_SERVER_KIND=<unset> argc=7 <-S> </private/tmp/aelx/T-100/t100-C-blocked/t/tmux-501/default> <set-option> <-t> <$0> <@ae_watchdog_status> <[watch ⚠ 0/1]>
pid=1123 ppid=1121 AE_TMUX_SERVER=<unset> AE_TMUX_SERVER_KIND=<unset> argc=5 <-S> </private/tmp/aelx/T-100/t100-C-blocked/t/tmux-501/default> <list-sessions> <-F> <#{session_id} #{session_name}>
pid=1139 ppid=1090 AE_TMUX_SERVER=<unset> AE_TMUX_SERVER_KIND=<unset> argc=7 <-S> </private/tmp/aelx/T-100/t100-C-blocked/t/tmux-501/default> <set-option> <-t> <$0> <@ae_branch_name> <main>
pid=1169 ppid=1166 AE_TMUX_SERVER=<unset> AE_TMUX_SERVER_KIND=<unset> argc=5 <-S> </private/tmp/aelx/T-100/t100-C-blocked/t/tmux-501/default> <list-sessions> <-F> <#{session_id} #{session_name}>
pid=1181 ppid=64340 AE_TMUX_SERVER=<unset> AE_TMUX_SERVER_KIND=<unset> argc=7 <-S> </private/tmp/aelx/T-100/t100-C-blocked/t/tmux-501/default> <set-option> <-t> <$0> <@ae_branch_status> < main>
pid=1210 ppid=1207 AE_TMUX_SERVER=<unset> AE_TMUX_SERVER_KIND=<unset> argc=5 <-S> </private/tmp/aelx/T-100/t100-C-blocked/t/tmux-501/default> <list-sessions> <-F> <#{session_id} #{session_name}>
pid=1224 ppid=64340 AE_TMUX_SERVER=<unset> AE_TMUX_SERVER_KIND=<unset> argc=7 <-S> </private/tmp/aelx/T-100/t100-C-blocked/t/tmux-501/default> <set-option> <-t> <$0> <@ae_agents_status> <grok◌>
pid=1241 ppid=1240 AE_TMUX_SERVER=<unset> AE_TMUX_SERVER_KIND=<unset> argc=8 <-S> </private/tmp/aelx/T-100/t100-C-blocked/t/tmux-501/default> <list-panes> <-s> <-t> <t1> <-F> <#{pane_id}|#{window_id}|#{@ae_agent}>
pid=1256 ppid=64340 AE_TMUX_SERVER=<unset> AE_TMUX_SERVER_KIND=<unset> argc=8 <-S> </private/tmp/aelx/T-100/t100-C-blocked/t/tmux-501/default> <set-option> <-w> <-t> <@0> <@ae_window_status> <◌>
pid=1265 ppid=64340 AE_TMUX_SERVER=<unset> AE_TMUX_SERVER_KIND=<unset> argc=8 <-S> </private/tmp/aelx/T-100/t100-C-blocked/t/tmux-501/default> <set-option> <-w> <-t> <@1> <@ae_window_status> <>
pid=2772 ppid=64340 AE_TMUX_SERVER=<unset> AE_TMUX_SERVER_KIND=<unset> argc=5 <-S> </private/tmp/aelx/T-100/t100-C-blocked/t/tmux-501/default> <has-session> <-t> <t1>
pid=2780 ppid=64340 AE_TMUX_SERVER=<unset> AE_TMUX_SERVER_KIND=<unset> argc=8 <-S> </private/tmp/aelx/T-100/t100-C-blocked/t/tmux-501/default> <list-panes> <-s> <-t> <t1> <-F> <#{pane_id}|#{@ae_agent}|#{pane_current_command}|#{pane_pid}>
pid=2783 ppid=2782 AE_TMUX_SERVER=<unset> AE_TMUX_SERVER_KIND=<unset> argc=7 <-S> </private/tmp/aelx/T-100/t100-C-blocked/t/tmux-501/default> <display-message> <-p> <-t> <%0> <#{@ae_slot}>
pid=2789 ppid=2787 AE_TMUX_SERVER=<unset> AE_TMUX_SERVER_KIND=<unset> argc=11 <-S> </private/tmp/aelx/T-100/t100-C-blocked/t/tmux-501/default> <capture-pane> <-p> <-J> <-S> <-40> <-E> <-> <-t> <%0>
pid=2851 ppid=2848 AE_TMUX_SERVER=<unset> AE_TMUX_SERVER_KIND=<unset> argc=5 <-S> </private/tmp/aelx/T-100/t100-C-blocked/t/tmux-501/default> <list-sessions> <-F> <#{session_id} #{session_name}>
pid=2853 ppid=64340 AE_TMUX_SERVER=<unset> AE_TMUX_SERVER_KIND=<unset> argc=7 <-S> </private/tmp/aelx/T-100/t100-C-blocked/t/tmux-501/default> <set-option> <-t> <$0> <@ae_watchdog_status> <[watch ⚠ 0/1]>
pid=2870 ppid=2868 AE_TMUX_SERVER=<unset> AE_TMUX_SERVER_KIND=<unset> argc=5 <-S> </private/tmp/aelx/T-100/t100-C-blocked/t/tmux-501/default> <list-sessions> <-F> <#{session_id} #{session_name}>
pid=2872 ppid=2856 AE_TMUX_SERVER=<unset> AE_TMUX_SERVER_KIND=<unset> argc=7 <-S> </private/tmp/aelx/T-100/t100-C-blocked/t/tmux-501/default> <set-option> <-t> <$0> <@ae_branch_name> <main>
pid=2883 ppid=2881 AE_TMUX_SERVER=<unset> AE_TMUX_SERVER_KIND=<unset> argc=5 <-S> </private/tmp/aelx/T-100/t100-C-blocked/t/tmux-501/default> <list-sessions> <-F> <#{session_id} #{session_name}>
pid=2885 ppid=64340 AE_TMUX_SERVER=<unset> AE_TMUX_SERVER_KIND=<unset> argc=7 <-S> </private/tmp/aelx/T-100/t100-C-blocked/t/tmux-501/default> <set-option> <-t> <$0> <@ae_branch_status> < main>
pid=2899 ppid=2897 AE_TMUX_SERVER=<unset> AE_TMUX_SERVER_KIND=<unset> argc=5 <-S> </private/tmp/aelx/T-100/t100-C-blocked/t/tmux-501/default> <list-sessions> <-F> <#{session_id} #{session_name}>
pid=2901 ppid=64340 AE_TMUX_SERVER=<unset> AE_TMUX_SERVER_KIND=<unset> argc=7 <-S> </private/tmp/aelx/T-100/t100-C-blocked/t/tmux-501/default> <set-option> <-t> <$0> <@ae_agents_status> <grok◌>
pid=2908 ppid=2907 AE_TMUX_SERVER=<unset> AE_TMUX_SERVER_KIND=<unset> argc=8 <-S> </private/tmp/aelx/T-100/t100-C-blocked/t/tmux-501/default> <list-panes> <-s> <-t> <t1> <-F> <#{pane_id}|#{window_id}|#{@ae_agent}>
pid=2911 ppid=64340 AE_TMUX_SERVER=<unset> AE_TMUX_SERVER_KIND=<unset> argc=8 <-S> </private/tmp/aelx/T-100/t100-C-blocked/t/tmux-501/default> <set-option> <-w> <-t> <@0> <@ae_window_status> <◌>
pid=2913 ppid=64340 AE_TMUX_SERVER=<unset> AE_TMUX_SERVER_KIND=<unset> argc=8 <-S> </private/tmp/aelx/T-100/t100-C-blocked/t/tmux-501/default> <set-option> <-w> <-t> <@1> <@ae_window_status> <>
pid=4035 ppid=64340 AE_TMUX_SERVER=<unset> AE_TMUX_SERVER_KIND=<unset> argc=5 <-S> </private/tmp/aelx/T-100/t100-C-blocked/t/tmux-501/default> <has-session> <-t> <t1>
pid=4043 ppid=64340 AE_TMUX_SERVER=<unset> AE_TMUX_SERVER_KIND=<unset> argc=8 <-S> </private/tmp/aelx/T-100/t100-C-blocked/t/tmux-501/default> <list-panes> <-s> <-t> <t1> <-F> <#{pane_id}|#{@ae_agent}|#{pane_current_command}|#{pane_pid}>
pid=4047 ppid=4046 AE_TMUX_SERVER=<unset> AE_TMUX_SERVER_KIND=<unset> argc=7 <-S> </private/tmp/aelx/T-100/t100-C-blocked/t/tmux-501/default> <display-message> <-p> <-t> <%0> <#{@ae_slot}>
pid=4051 ppid=4050 AE_TMUX_SERVER=<unset> AE_TMUX_SERVER_KIND=<unset> argc=11 <-S> </private/tmp/aelx/T-100/t100-C-blocked/t/tmux-501/default> <capture-pane> <-p> <-J> <-S> <-40> <-E> <-> <-t> <%0>
pid=4096 ppid=4094 AE_TMUX_SERVER=<unset> AE_TMUX_SERVER_KIND=<unset> argc=5 <-S> </private/tmp/aelx/T-100/t100-C-blocked/t/tmux-501/default> <list-sessions> <-F> <#{session_id} #{session_name}>
pid=4099 ppid=64340 AE_TMUX_SERVER=<unset> AE_TMUX_SERVER_KIND=<unset> argc=7 <-S> </private/tmp/aelx/T-100/t100-C-blocked/t/tmux-501/default> <set-option> <-t> <$0> <@ae_watchdog_status> <[watch ⚠ 0/1]>
pid=4115 ppid=4113 AE_TMUX_SERVER=<unset> AE_TMUX_SERVER_KIND=<unset> argc=5 <-S> </private/tmp/aelx/T-100/t100-C-blocked/t/tmux-501/default> <list-sessions> <-F> <#{session_id} #{session_name}>
pid=4119 ppid=4101 AE_TMUX_SERVER=<unset> AE_TMUX_SERVER_KIND=<unset> argc=7 <-S> </private/tmp/aelx/T-100/t100-C-blocked/t/tmux-501/default> <set-option> <-t> <$0> <@ae_branch_name> <main>
pid=4153 ppid=4151 AE_TMUX_SERVER=<unset> AE_TMUX_SERVER_KIND=<unset> argc=5 <-S> </private/tmp/aelx/T-100/t100-C-blocked/t/tmux-501/default> <list-sessions> <-F> <#{session_id} #{session_name}>
pid=4167 ppid=64340 AE_TMUX_SERVER=<unset> AE_TMUX_SERVER_KIND=<unset> argc=7 <-S> </private/tmp/aelx/T-100/t100-C-blocked/t/tmux-501/default> <set-option> <-t> <$0> <@ae_branch_status> < main>
pid=4205 ppid=4203 AE_TMUX_SERVER=<unset> AE_TMUX_SERVER_KIND=<unset> argc=5 <-S> </private/tmp/aelx/T-100/t100-C-blocked/t/tmux-501/default> <list-sessions> <-F> <#{session_id} #{session_name}>
pid=4228 ppid=64340 AE_TMUX_SERVER=<unset> AE_TMUX_SERVER_KIND=<unset> argc=7 <-S> </private/tmp/aelx/T-100/t100-C-blocked/t/tmux-501/default> <set-option> <-t> <$0> <@ae_agents_status> <grok◌>
pid=4277 ppid=4275 AE_TMUX_SERVER=<unset> AE_TMUX_SERVER_KIND=<unset> argc=8 <-S> </private/tmp/aelx/T-100/t100-C-blocked/t/tmux-501/default> <list-panes> <-s> <-t> <t1> <-F> <#{pane_id}|#{window_id}|#{@ae_agent}>
pid=4317 ppid=64340 AE_TMUX_SERVER=<unset> AE_TMUX_SERVER_KIND=<unset> argc=8 <-S> </private/tmp/aelx/T-100/t100-C-blocked/t/tmux-501/default> <set-option> <-w> <-t> <@0> <@ae_window_status> <◌>
pid=4329 ppid=64340 AE_TMUX_SERVER=<unset> AE_TMUX_SERVER_KIND=<unset> argc=8 <-S> </private/tmp/aelx/T-100/t100-C-blocked/t/tmux-501/default> <set-option> <-w> <-t> <@1> <@ae_window_status> <>
pid=5739 ppid=64340 AE_TMUX_SERVER=<unset> AE_TMUX_SERVER_KIND=<unset> argc=5 <-S> </private/tmp/aelx/T-100/t100-C-blocked/t/tmux-501/default> <has-session> <-t> <t1>
pid=5747 ppid=64340 AE_TMUX_SERVER=<unset> AE_TMUX_SERVER_KIND=<unset> argc=8 <-S> </private/tmp/aelx/T-100/t100-C-blocked/t/tmux-501/default> <list-panes> <-s> <-t> <t1> <-F> <#{pane_id}|#{@ae_agent}|#{pane_current_command}|#{pane_pid}>
pid=5751 ppid=5750 AE_TMUX_SERVER=<unset> AE_TMUX_SERVER_KIND=<unset> argc=7 <-S> </private/tmp/aelx/T-100/t100-C-blocked/t/tmux-501/default> <display-message> <-p> <-t> <%0> <#{@ae_slot}>
pid=5755 ppid=5754 AE_TMUX_SERVER=<unset> AE_TMUX_SERVER_KIND=<unset> argc=11 <-S> </private/tmp/aelx/T-100/t100-C-blocked/t/tmux-501/default> <capture-pane> <-p> <-J> <-S> <-40> <-E> <-> <-t> <%0>
pid=5799 ppid=5797 AE_TMUX_SERVER=<unset> AE_TMUX_SERVER_KIND=<unset> argc=5 <-S> </private/tmp/aelx/T-100/t100-C-blocked/t/tmux-501/default> <list-sessions> <-F> <#{session_id} #{session_name}>
pid=5802 ppid=64340 AE_TMUX_SERVER=<unset> AE_TMUX_SERVER_KIND=<unset> argc=7 <-S> </private/tmp/aelx/T-100/t100-C-blocked/t/tmux-501/default> <set-option> <-t> <$0> <@ae_watchdog_status> <[watch ⚠ 0/1]>
pid=5818 ppid=5816 AE_TMUX_SERVER=<unset> AE_TMUX_SERVER_KIND=<unset> argc=5 <-S> </private/tmp/aelx/T-100/t100-C-blocked/t/tmux-501/default> <list-sessions> <-F> <#{session_id} #{session_name}>
pid=5821 ppid=5804 AE_TMUX_SERVER=<unset> AE_TMUX_SERVER_KIND=<unset> argc=7 <-S> </private/tmp/aelx/T-100/t100-C-blocked/t/tmux-501/default> <set-option> <-t> <$0> <@ae_branch_name> <main>
pid=5831 ppid=5829 AE_TMUX_SERVER=<unset> AE_TMUX_SERVER_KIND=<unset> argc=5 <-S> </private/tmp/aelx/T-100/t100-C-blocked/t/tmux-501/default> <list-sessions> <-F> <#{session_id} #{session_name}>
pid=5834 ppid=64340 AE_TMUX_SERVER=<unset> AE_TMUX_SERVER_KIND=<unset> argc=7 <-S> </private/tmp/aelx/T-100/t100-C-blocked/t/tmux-501/default> <set-option> <-t> <$0> <@ae_branch_status> < main>
pid=5847 ppid=5845 AE_TMUX_SERVER=<unset> AE_TMUX_SERVER_KIND=<unset> argc=5 <-S> </private/tmp/aelx/T-100/t100-C-blocked/t/tmux-501/default> <list-sessions> <-F> <#{session_id} #{session_name}>
pid=5849 ppid=64340 AE_TMUX_SERVER=<unset> AE_TMUX_SERVER_KIND=<unset> argc=7 <-S> </private/tmp/aelx/T-100/t100-C-blocked/t/tmux-501/default> <set-option> <-t> <$0> <@ae_agents_status> <grok◌>
pid=5856 ppid=5855 AE_TMUX_SERVER=<unset> AE_TMUX_SERVER_KIND=<unset> argc=8 <-S> </private/tmp/aelx/T-100/t100-C-blocked/t/tmux-501/default> <list-panes> <-s> <-t> <t1> <-F> <#{pane_id}|#{window_id}|#{@ae_agent}>
pid=5859 ppid=64340 AE_TMUX_SERVER=<unset> AE_TMUX_SERVER_KIND=<unset> argc=8 <-S> </private/tmp/aelx/T-100/t100-C-blocked/t/tmux-501/default> <set-option> <-w> <-t> <@0> <@ae_window_status> <◌>
pid=5861 ppid=64340 AE_TMUX_SERVER=<unset> AE_TMUX_SERVER_KIND=<unset> argc=8 <-S> </private/tmp/aelx/T-100/t100-C-blocked/t/tmux-501/default> <set-option> <-w> <-t> <@1> <@ae_window_status> <>
pid=6962 ppid=64340 AE_TMUX_SERVER=<unset> AE_TMUX_SERVER_KIND=<unset> argc=5 <-S> </private/tmp/aelx/T-100/t100-C-blocked/t/tmux-501/default> <has-session> <-t> <t1>
pid=6968 ppid=64340 AE_TMUX_SERVER=<unset> AE_TMUX_SERVER_KIND=<unset> argc=8 <-S> </private/tmp/aelx/T-100/t100-C-blocked/t/tmux-501/default> <list-panes> <-s> <-t> <t1> <-F> <#{pane_id}|#{@ae_agent}|#{pane_current_command}|#{pane_pid}>
pid=6970 ppid=6969 AE_TMUX_SERVER=<unset> AE_TMUX_SERVER_KIND=<unset> argc=7 <-S> </private/tmp/aelx/T-100/t100-C-blocked/t/tmux-501/default> <display-message> <-p> <-t> <%0> <#{@ae_slot}>
pid=6973 ppid=6972 AE_TMUX_SERVER=<unset> AE_TMUX_SERVER_KIND=<unset> argc=11 <-S> </private/tmp/aelx/T-100/t100-C-blocked/t/tmux-501/default> <capture-pane> <-p> <-J> <-S> <-40> <-E> <-> <-t> <%0>
pid=7009 ppid=7007 AE_TMUX_SERVER=<unset> AE_TMUX_SERVER_KIND=<unset> argc=5 <-S> </private/tmp/aelx/T-100/t100-C-blocked/t/tmux-501/default> <list-sessions> <-F> <#{session_id} #{session_name}>
pid=7010 ppid=64340 AE_TMUX_SERVER=<unset> AE_TMUX_SERVER_KIND=<unset> argc=7 <-S> </private/tmp/aelx/T-100/t100-C-blocked/t/tmux-501/default> <set-option> <-t> <$0> <@ae_watchdog_status> <[watch ⚠ 0/1]>
pid=7023 ppid=7021 AE_TMUX_SERVER=<unset> AE_TMUX_SERVER_KIND=<unset> argc=5 <-S> </private/tmp/aelx/T-100/t100-C-blocked/t/tmux-501/default> <list-sessions> <-F> <#{session_id} #{session_name}>
pid=7024 ppid=7011 AE_TMUX_SERVER=<unset> AE_TMUX_SERVER_KIND=<unset> argc=7 <-S> </private/tmp/aelx/T-100/t100-C-blocked/t/tmux-501/default> <set-option> <-t> <$0> <@ae_branch_name> <main>
pid=7032 ppid=7030 AE_TMUX_SERVER=<unset> AE_TMUX_SERVER_KIND=<unset> argc=5 <-S> </private/tmp/aelx/T-100/t100-C-blocked/t/tmux-501/default> <list-sessions> <-F> <#{session_id} #{session_name}>
pid=7033 ppid=64340 AE_TMUX_SERVER=<unset> AE_TMUX_SERVER_KIND=<unset> argc=7 <-S> </private/tmp/aelx/T-100/t100-C-blocked/t/tmux-501/default> <set-option> <-t> <$0> <@ae_branch_status> < main>
pid=7044 ppid=7042 AE_TMUX_SERVER=<unset> AE_TMUX_SERVER_KIND=<unset> argc=5 <-S> </private/tmp/aelx/T-100/t100-C-blocked/t/tmux-501/default> <list-sessions> <-F> <#{session_id} #{session_name}>
pid=7045 ppid=64340 AE_TMUX_SERVER=<unset> AE_TMUX_SERVER_KIND=<unset> argc=7 <-S> </private/tmp/aelx/T-100/t100-C-blocked/t/tmux-501/default> <set-option> <-t> <$0> <@ae_agents_status> <grok◌>
pid=7050 ppid=7049 AE_TMUX_SERVER=<unset> AE_TMUX_SERVER_KIND=<unset> argc=8 <-S> </private/tmp/aelx/T-100/t100-C-blocked/t/tmux-501/default> <list-panes> <-s> <-t> <t1> <-F> <#{pane_id}|#{window_id}|#{@ae_agent}>
pid=7052 ppid=64340 AE_TMUX_SERVER=<unset> AE_TMUX_SERVER_KIND=<unset> argc=8 <-S> </private/tmp/aelx/T-100/t100-C-blocked/t/tmux-501/default> <set-option> <-w> <-t> <@0> <@ae_window_status> <◌>
pid=7053 ppid=64340 AE_TMUX_SERVER=<unset> AE_TMUX_SERVER_KIND=<unset> argc=8 <-S> </private/tmp/aelx/T-100/t100-C-blocked/t/tmux-501/default> <set-option> <-w> <-t> <@1> <@ae_window_status> <>
pid=7755 ppid=64340 AE_TMUX_SERVER=<unset> AE_TMUX_SERVER_KIND=<unset> argc=5 <-S> </private/tmp/aelx/T-100/t100-C-blocked/t/tmux-501/default> <has-session> <-t> <t1>
pid=7761 ppid=64340 AE_TMUX_SERVER=<unset> AE_TMUX_SERVER_KIND=<unset> argc=8 <-S> </private/tmp/aelx/T-100/t100-C-blocked/t/tmux-501/default> <list-panes> <-s> <-t> <t1> <-F> <#{pane_id}|#{@ae_agent}|#{pane_current_command}|#{pane_pid}>
pid=7763 ppid=7762 AE_TMUX_SERVER=<unset> AE_TMUX_SERVER_KIND=<unset> argc=7 <-S> </private/tmp/aelx/T-100/t100-C-blocked/t/tmux-501/default> <display-message> <-p> <-t> <%0> <#{@ae_slot}>
pid=7766 ppid=7765 AE_TMUX_SERVER=<unset> AE_TMUX_SERVER_KIND=<unset> argc=11 <-S> </private/tmp/aelx/T-100/t100-C-blocked/t/tmux-501/default> <capture-pane> <-p> <-J> <-S> <-40> <-E> <-> <-t> <%0>
pid=7802 ppid=7800 AE_TMUX_SERVER=<unset> AE_TMUX_SERVER_KIND=<unset> argc=5 <-S> </private/tmp/aelx/T-100/t100-C-blocked/t/tmux-501/default> <list-sessions> <-F> <#{session_id} #{session_name}>
pid=7803 ppid=64340 AE_TMUX_SERVER=<unset> AE_TMUX_SERVER_KIND=<unset> argc=7 <-S> </private/tmp/aelx/T-100/t100-C-blocked/t/tmux-501/default> <set-option> <-t> <$0> <@ae_watchdog_status> <[watch ⚠ 0/1]>
pid=7816 ppid=7814 AE_TMUX_SERVER=<unset> AE_TMUX_SERVER_KIND=<unset> argc=5 <-S> </private/tmp/aelx/T-100/t100-C-blocked/t/tmux-501/default> <list-sessions> <-F> <#{session_id} #{session_name}>
pid=7817 ppid=7804 AE_TMUX_SERVER=<unset> AE_TMUX_SERVER_KIND=<unset> argc=7 <-S> </private/tmp/aelx/T-100/t100-C-blocked/t/tmux-501/default> <set-option> <-t> <$0> <@ae_branch_name> <main>
pid=7825 ppid=7823 AE_TMUX_SERVER=<unset> AE_TMUX_SERVER_KIND=<unset> argc=5 <-S> </private/tmp/aelx/T-100/t100-C-blocked/t/tmux-501/default> <list-sessions> <-F> <#{session_id} #{session_name}>
pid=7826 ppid=64340 AE_TMUX_SERVER=<unset> AE_TMUX_SERVER_KIND=<unset> argc=7 <-S> </private/tmp/aelx/T-100/t100-C-blocked/t/tmux-501/default> <set-option> <-t> <$0> <@ae_branch_status> < main>
pid=7837 ppid=7835 AE_TMUX_SERVER=<unset> AE_TMUX_SERVER_KIND=<unset> argc=5 <-S> </private/tmp/aelx/T-100/t100-C-blocked/t/tmux-501/default> <list-sessions> <-F> <#{session_id} #{session_name}>
pid=7838 ppid=64340 AE_TMUX_SERVER=<unset> AE_TMUX_SERVER_KIND=<unset> argc=7 <-S> </private/tmp/aelx/T-100/t100-C-blocked/t/tmux-501/default> <set-option> <-t> <$0> <@ae_agents_status> <grok◌>
pid=7843 ppid=7842 AE_TMUX_SERVER=<unset> AE_TMUX_SERVER_KIND=<unset> argc=8 <-S> </private/tmp/aelx/T-100/t100-C-blocked/t/tmux-501/default> <list-panes> <-s> <-t> <t1> <-F> <#{pane_id}|#{window_id}|#{@ae_agent}>
pid=7845 ppid=64340 AE_TMUX_SERVER=<unset> AE_TMUX_SERVER_KIND=<unset> argc=8 <-S> </private/tmp/aelx/T-100/t100-C-blocked/t/tmux-501/default> <set-option> <-w> <-t> <@0> <@ae_window_status> <◌>
pid=7846 ppid=64340 AE_TMUX_SERVER=<unset> AE_TMUX_SERVER_KIND=<unset> argc=8 <-S> </private/tmp/aelx/T-100/t100-C-blocked/t/tmux-501/default> <set-option> <-w> <-t> <@1> <@ae_window_status> <>
pid=8635 ppid=64340 AE_TMUX_SERVER=<unset> AE_TMUX_SERVER_KIND=<unset> argc=5 <-S> </private/tmp/aelx/T-100/t100-C-blocked/t/tmux-501/default> <has-session> <-t> <t1>
pid=8641 ppid=64340 AE_TMUX_SERVER=<unset> AE_TMUX_SERVER_KIND=<unset> argc=8 <-S> </private/tmp/aelx/T-100/t100-C-blocked/t/tmux-501/default> <list-panes> <-s> <-t> <t1> <-F> <#{pane_id}|#{@ae_agent}|#{pane_current_command}|#{pane_pid}>
pid=8643 ppid=8642 AE_TMUX_SERVER=<unset> AE_TMUX_SERVER_KIND=<unset> argc=7 <-S> </private/tmp/aelx/T-100/t100-C-blocked/t/tmux-501/default> <display-message> <-p> <-t> <%0> <#{@ae_slot}>
pid=8646 ppid=8645 AE_TMUX_SERVER=<unset> AE_TMUX_SERVER_KIND=<unset> argc=11 <-S> </private/tmp/aelx/T-100/t100-C-blocked/t/tmux-501/default> <capture-pane> <-p> <-J> <-S> <-40> <-E> <-> <-t> <%0>
pid=8684 ppid=8682 AE_TMUX_SERVER=<unset> AE_TMUX_SERVER_KIND=<unset> argc=5 <-S> </private/tmp/aelx/T-100/t100-C-blocked/t/tmux-501/default> <list-sessions> <-F> <#{session_id} #{session_name}>
pid=8685 ppid=64340 AE_TMUX_SERVER=<unset> AE_TMUX_SERVER_KIND=<unset> argc=7 <-S> </private/tmp/aelx/T-100/t100-C-blocked/t/tmux-501/default> <set-option> <-t> <$0> <@ae_watchdog_status> <[watch ⚠ 0/1]>
pid=8698 ppid=8696 AE_TMUX_SERVER=<unset> AE_TMUX_SERVER_KIND=<unset> argc=5 <-S> </private/tmp/aelx/T-100/t100-C-blocked/t/tmux-501/default> <list-sessions> <-F> <#{session_id} #{session_name}>
pid=8699 ppid=8686 AE_TMUX_SERVER=<unset> AE_TMUX_SERVER_KIND=<unset> argc=7 <-S> </private/tmp/aelx/T-100/t100-C-blocked/t/tmux-501/default> <set-option> <-t> <$0> <@ae_branch_name> <main>
pid=8707 ppid=8705 AE_TMUX_SERVER=<unset> AE_TMUX_SERVER_KIND=<unset> argc=5 <-S> </private/tmp/aelx/T-100/t100-C-blocked/t/tmux-501/default> <list-sessions> <-F> <#{session_id} #{session_name}>
pid=8708 ppid=64340 AE_TMUX_SERVER=<unset> AE_TMUX_SERVER_KIND=<unset> argc=7 <-S> </private/tmp/aelx/T-100/t100-C-blocked/t/tmux-501/default> <set-option> <-t> <$0> <@ae_branch_status> < main>
pid=8719 ppid=8717 AE_TMUX_SERVER=<unset> AE_TMUX_SERVER_KIND=<unset> argc=5 <-S> </private/tmp/aelx/T-100/t100-C-blocked/t/tmux-501/default> <list-sessions> <-F> <#{session_id} #{session_name}>
pid=8720 ppid=64340 AE_TMUX_SERVER=<unset> AE_TMUX_SERVER_KIND=<unset> argc=7 <-S> </private/tmp/aelx/T-100/t100-C-blocked/t/tmux-501/default> <set-option> <-t> <$0> <@ae_agents_status> <grok◌>
pid=8725 ppid=8724 AE_TMUX_SERVER=<unset> AE_TMUX_SERVER_KIND=<unset> argc=8 <-S> </private/tmp/aelx/T-100/t100-C-blocked/t/tmux-501/default> <list-panes> <-s> <-t> <t1> <-F> <#{pane_id}|#{window_id}|#{@ae_agent}>
pid=8732 ppid=64340 AE_TMUX_SERVER=<unset> AE_TMUX_SERVER_KIND=<unset> argc=8 <-S> </private/tmp/aelx/T-100/t100-C-blocked/t/tmux-501/default> <set-option> <-w> <-t> <@0> <@ae_window_status> <◌>
pid=8734 ppid=64340 AE_TMUX_SERVER=<unset> AE_TMUX_SERVER_KIND=<unset> argc=8 <-S> </private/tmp/aelx/T-100/t100-C-blocked/t/tmux-501/default> <set-option> <-w> <-t> <@1> <@ae_window_status> <>
pid=9059 ppid=9057 AE_TMUX_SERVER=<unset> AE_TMUX_SERVER_KIND=<unset> argc=5 <-S> </private/tmp/aelx/T-100/t100-C-blocked/t/tmux-501/default> <list-sessions> <-F> <#{session_id} #{session_name}>
